timestamp,type,value
1770602195.9613187,BIT,0
1770602195.9613187,BIT,1
1770602195.9613187,BIT,1
1770602195.9613187,BIT,0
1770602195.9613187,BIT,0
1770602195.9613187,BIT,1
1770602195.9613187,BIT,1
1770602195.9613187,BIT,1
1770602195.9613187,BIT,0
1770602195.9613187,BIT,0
1770602196.2467477,BIT,0
1770602196.2467477,BIT,0
1770602196.2467477,BIT,0
1770602196.2467477,BIT,1
1770602196.2467477,BIT,1
1770602196.2467477,BIT,0
1770602196.2467477,BIT,1
1770602196.2467477,BIT,1
1770602196.2467477,BIT,0
1770602196.2467477,BIT,1
1770602196.492205,BIT,0
1770602196.492205,BIT,1
1770602196.492205,BIT,0
1770602196.492205,BIT,0
1770602196.492205,BIT,0
1770602196.492205,BIT,1
1770602196.492205,BIT,0
1770602196.492205,BIT,1
1770602196.492205,BIT,1
1770602196.492205,BIT,1
1770602196.7251282,BIT,1
1770602196.7251282,BIT,1
1770602196.7251282,BIT,1
1770602196.7251282,BIT,1
1770602196.7251282,BIT,0
1770602196.7251282,BIT,0
1770602196.7251282,BIT,1
1770602196.7251282,BIT,0
1770602196.7251282,BIT,1
1770602196.7251282,BIT,1
1770602196.9644156,BIT,1
1770602196.9644156,BIT,0
1770602196.9644156,BIT,1
1770602196.9644156,BIT,0
1770602196.9644156,BIT,1
1770602196.9644156,BIT,0
1770602196.9644156,BIT,0
1770602196.9644156,BIT,0
1770602196.9644156,BIT,0
1770602196.9644156,BIT,1
1770602197.254619,BIT,0
1770602197.254619,BIT,0
1770602197.254619,BIT,1
1770602197.254619,BIT,1
1770602197.254619,BIT,0
1770602197.254619,BIT,0
1770602197.254619,BIT,0
1770602197.254619,BIT,1
1770602197.254619,BIT,1
1770602197.254619,BIT,0
1770602197.5465066,BIT,1
1770602197.5465066,BIT,1
1770602197.5465066,BIT,1
1770602197.5465066,BIT,1
1770602197.5465066,BIT,0
1770602197.5465066,BIT,1
1770602197.5465066,BIT,1
1770602197.5465066,BIT,0
1770602197.5465066,BIT,1
1770602197.5465066,BIT,0
1770602197.8464763,BIT,1
1770602197.8464763,BIT,1
1770602197.8464763,BIT,1
1770602197.8464763,BIT,1
1770602197.8464763,BIT,0
1770602197.8464763,BIT,1
1770602197.8464763,BIT,1
1770602197.8464763,BIT,0
1770602197.8464763,BIT,0
1770602197.8464763,BIT,1
1770602198.1342134,BIT,0
1770602198.1342134,BIT,1
1770602198.1342134,BIT,0
1770602198.1342134,BIT,1
1770602198.1342134,BIT,1
1770602198.1342134,BIT,1
1770602198.1342134,BIT,1
1770602198.1342134,BIT,1
1770602198.1342134,BIT,1
1770602198.1342134,BIT,1
1770602198.4010484,BIT,1
1770602198.4010484,BIT,1
1770602198.4010484,BIT,1
1770602198.4010484,BIT,1
1770602198.4010484,BIT,0
1770602198.4010484,BIT,0
1770602198.4010484,BIT,1
1770602198.4010484,BIT,1
1770602198.4010484,BIT,1
1770602198.4010484,BIT,0
1770602198.7069244,BIT,0
1770602198.7069244,BIT,0
1770602198.7069244,BIT,0
1770602198.7069244,BIT,1
1770602198.7069244,BIT,1
1770602198.7069244,BIT,0
1770602198.7069244,BIT,0
1770602198.7069244,BIT,1
1770602198.7069244,BIT,1
1770602198.7069244,BIT,0
1770602198.9845946,BIT,0
1770602198.9845946,BIT,0
1770602198.9845946,BIT,1
1770602198.9845946,BIT,0
1770602198.9845946,BIT,1
1770602198.9845946,BIT,0
1770602198.9845946,BIT,1
1770602198.9845946,BIT,0
1770602198.9845946,BIT,0
1770602198.9845946,BIT,1
1770602199.2093031,BIT,1
1770602199.2093031,BIT,0
1770602199.2093031,BIT,0
1770602199.2093031,BIT,1
1770602199.2093031,BIT,0
1770602199.2093031,BIT,1
1770602199.2093031,BIT,0
1770602199.2093031,BIT,1
1770602199.2093031,BIT,0
1770602199.2093031,BIT,1
1770602199.430988,BIT,1
1770602199.430988,BIT,1
1770602199.430988,BIT,1
1770602199.430988,BIT,1
1770602199.430988,BIT,0
1770602199.430988,BIT,1
1770602199.430988,BIT,1
1770602199.430988,BIT,1
1770602199.430988,BIT,0
1770602199.430988,BIT,1
1770602199.6289437,BIT,0
1770602199.6289437,BIT,1
1770602199.6289437,BIT,1
1770602199.6289437,BIT,1
1770602199.6289437,BIT,1
1770602199.6289437,BIT,0
1770602199.6289437,BIT,0
1770602199.6289437,BIT,0
1770602199.6289437,BIT,0
1770602199.6289437,BIT,1
1770602199.8266022,BIT,0
1770602199.8266022,BIT,1
1770602199.8266022,BIT,1
1770602199.8266022,BIT,1
1770602199.8266022,BIT,0
1770602199.8266022,BIT,0
1770602199.8266022,BIT,0
1770602199.8266022,BIT,1
1770602199.8266022,BIT,1
1770602199.8266022,BIT,1
1770602200.0290215,BIT,0
1770602200.0290215,BIT,1
1770602200.0290215,BIT,1
1770602200.0290215,BIT,1
1770602200.0290215,BIT,0
1770602200.0290215,BIT,1
1770602200.0290215,BIT,0
1770602200.0290215,BIT,0
1770602200.0290215,BIT,0
1770602200.0290215,BIT,0
1770602200.2235765,BIT,1
1770602200.2235765,BIT,0
1770602200.2235765,BIT,1
1770602200.2235765,BIT,1
1770602200.2235765,BIT,1
1770602200.2235765,BIT,0
1770602200.2235765,BIT,0
1770602200.2235765,BIT,0
1770602200.2235765,BIT,1
1770602200.2235765,BIT,1
1770602200.4326832,BIT,0
1770602200.4326832,BIT,1
1770602200.4326832,BIT,1
1770602200.4326832,BIT,0
1770602200.4326832,BIT,1
1770602200.4326832,BIT,0
1770602200.4326832,BIT,1
1770602200.4326832,BIT,1
1770602200.4326832,BIT,1
1770602200.4326832,BIT,0
1770602200.613291,BIT,0
1770602200.613291,BIT,1
1770602200.613291,BIT,1
1770602200.613291,BIT,0
1770602200.613291,BIT,0
1770602200.613291,BIT,1
1770602200.613291,BIT,0
1770602200.613291,BIT,1
1770602200.613291,BIT,0
1770602200.613291,BIT,0
1770602200.8041584,BIT,0
1770602200.8041584,BIT,0
1770602200.8041584,BIT,1
1770602200.8041584,BIT,1
1770602200.8041584,BIT,0
1770602200.8041584,BIT,0
1770602200.8041584,BIT,1
1770602200.8041584,BIT,0
1770602200.8041584,BIT,0
1770602200.8041584,BIT,1
1770602200.9991748,BIT,0
1770602200.9991748,BIT,1
1770602200.9991748,BIT,0
1770602200.9991748,BIT,1
1770602200.9991748,BIT,1
1770602200.9991748,BIT,0
1770602200.9991748,BIT,0
1770602200.9991748,BIT,1
1770602200.9991748,BIT,0
1770602200.9991748,BIT,1
1770602201.189836,BIT,0
1770602201.189836,BIT,1
1770602201.189836,BIT,1
1770602201.189836,BIT,0
1770602201.189836,BIT,0
1770602201.189836,BIT,1
1770602201.189836,BIT,1
1770602201.189836,BIT,0
1770602201.189836,BIT,0
1770602201.189836,BIT,0
1770602201.3789701,BIT,1
1770602201.3789701,BIT,1
1770602201.3789701,BIT,1
1770602201.3789701,BIT,1
1770602201.3789701,BIT,1
1770602201.3789701,BIT,0
1770602201.3789701,BIT,0
1770602201.3789701,BIT,1
1770602201.3789701,BIT,0
1770602201.3789701,BIT,1
1770602201.5900586,BIT,1
1770602201.5900586,BIT,1
1770602201.5900586,BIT,0
1770602201.5900586,BIT,1
1770602201.5900586,BIT,1
1770602201.5900586,BIT,0
1770602201.5900586,BIT,1
1770602201.5900586,BIT,0
1770602201.5900586,BIT,1
1770602201.5900586,BIT,0
1770602201.7856987,BIT,1
1770602201.7856987,BIT,0
1770602201.7856987,BIT,0
1770602201.7856987,BIT,1
1770602201.7856987,BIT,0
1770602201.7856987,BIT,0
1770602201.7856987,BIT,0
1770602201.7856987,BIT,1
1770602201.7856987,BIT,0
1770602201.7856987,BIT,0
1770602201.9937692,BIT,1
1770602201.9937692,BIT,1
1770602201.9937692,BIT,1
1770602201.9937692,BIT,1
1770602201.9937692,BIT,0
1770602201.9937692,BIT,0
1770602201.9937692,BIT,1
1770602201.9937692,BIT,1
1770602201.9937692,BIT,1
1770602201.9937692,BIT,0
1770602202.1748362,BIT,0
1770602202.1748362,BIT,1
1770602202.1748362,BIT,1
1770602202.1748362,BIT,1
1770602202.1748362,BIT,0
1770602202.1748362,BIT,1
1770602202.1748362,BIT,1
1770602202.1748362,BIT,1
1770602202.1748362,BIT,0
1770602202.1748362,BIT,0
1770602202.3656092,BIT,0
1770602202.3656092,BIT,1
1770602202.3656092,BIT,1
1770602202.3656092,BIT,1
1770602202.3656092,BIT,0
1770602202.3656092,BIT,0
1770602202.3656092,BIT,1
1770602202.3656092,BIT,0
1770602202.3656092,BIT,1
1770602202.3656092,BIT,0
1770602202.5725062,BIT,0
1770602202.5725062,BIT,0
1770602202.5725062,BIT,1
1770602202.5725062,BIT,0
1770602202.5725062,BIT,0
1770602202.5725062,BIT,0
1770602202.5725062,BIT,1
1770602202.5725062,BIT,0
1770602202.5725062,BIT,1
1770602202.5725062,BIT,0
1770602202.7797449,BIT,0
1770602202.7797449,BIT,0
1770602202.7797449,BIT,0
1770602202.7797449,BIT,0
1770602202.7797449,BIT,0
1770602202.7797449,BIT,1
1770602202.7797449,BIT,1
1770602202.7797449,BIT,1
1770602202.7797449,BIT,0
1770602202.7797449,BIT,0
1770602202.9914036,BIT,0
1770602202.9914036,BIT,0
1770602202.9914036,BIT,1
1770602202.9914036,BIT,1
1770602202.9914036,BIT,0
1770602202.9914036,BIT,0
1770602202.9914036,BIT,1
1770602202.9914036,BIT,1
1770602202.9914036,BIT,1
1770602202.9914036,BIT,0
1770602203.1848443,BIT,0
1770602203.1848443,BIT,1
1770602203.1848443,BIT,0
1770602203.1848443,BIT,1
1770602203.1848443,BIT,0
1770602203.1848443,BIT,1
1770602203.1848443,BIT,1
1770602203.1848443,BIT,0
1770602203.1848443,BIT,0
1770602203.1848443,BIT,0
1770602203.3941243,BIT,0
1770602203.3941243,BIT,0
1770602203.3941243,BIT,1
1770602203.3941243,BIT,1
1770602203.3941243,BIT,0
1770602203.3941243,BIT,1
1770602203.3941243,BIT,0
1770602203.3941243,BIT,1
1770602203.3941243,BIT,0
1770602203.3941243,BIT,0
1770602203.5863738,BIT,0
1770602203.5863738,BIT,1
1770602203.5863738,BIT,1
1770602203.5863738,BIT,0
1770602203.5863738,BIT,1
1770602203.5863738,BIT,0
1770602203.5863738,BIT,1
1770602203.5863738,BIT,0
1770602203.5863738,BIT,0
1770602203.5863738,BIT,1
1770602203.8248122,BIT,0
1770602203.8248122,BIT,0
1770602203.8248122,BIT,1
1770602203.8248122,BIT,0
1770602203.8248122,BIT,1
1770602203.8248122,BIT,1
1770602203.8248122,BIT,1
1770602203.8248122,BIT,1
1770602203.8248122,BIT,1
1770602203.8248122,BIT,0
1770602204.105323,BIT,1
1770602204.105323,BIT,1
1770602204.105323,BIT,0
1770602204.105323,BIT,1
1770602204.105323,BIT,0
1770602204.105323,BIT,1
1770602204.105323,BIT,0
1770602204.105323,BIT,0
1770602204.105323,BIT,0
1770602204.105323,BIT,1
1770602204.3900244,BIT,1
1770602204.3900244,BIT,1
1770602204.3900244,BIT,1
1770602204.3900244,BIT,1
1770602204.3900244,BIT,0
1770602204.3900244,BIT,0
1770602204.3900244,BIT,0
1770602204.3900244,BIT,1
1770602204.3900244,BIT,1
1770602204.3900244,BIT,0
1770602204.6166437,BIT,1
1770602204.6166437,BIT,1
1770602204.6166437,BIT,1
1770602204.6166437,BIT,0
1770602204.6166437,BIT,0
1770602204.6166437,BIT,1
1770602204.6166437,BIT,1
1770602204.6166437,BIT,1
1770602204.6166437,BIT,0
1770602204.6166437,BIT,0
1770602204.8645039,BIT,0
1770602204.8645039,BIT,1
1770602204.8645039,BIT,0
1770602204.8645039,BIT,0
1770602204.8645039,BIT,0
1770602204.8645039,BIT,1
1770602204.8645039,BIT,0
1770602204.8645039,BIT,0
1770602204.8645039,BIT,1
1770602204.8645039,BIT,0
1770602205.0766382,BIT,0
1770602205.0766382,BIT,1
1770602205.0766382,BIT,0
1770602205.0766382,BIT,0
1770602205.0766382,BIT,0
1770602205.0766382,BIT,1
1770602205.0766382,BIT,0
1770602205.0766382,BIT,0
1770602205.0766382,BIT,0
1770602205.0766382,BIT,0
1770602205.2870314,BIT,0
1770602205.2870314,BIT,1
1770602205.2870314,BIT,0
1770602205.2870314,BIT,1
1770602205.2870314,BIT,0
1770602205.2870314,BIT,0
1770602205.2870314,BIT,0
1770602205.2870314,BIT,0
1770602205.2870314,BIT,1
1770602205.2870314,BIT,1
1770602205.4995708,BIT,1
1770602205.4995708,BIT,0
1770602205.4995708,BIT,0
1770602205.4995708,BIT,1
1770602205.4995708,BIT,1
1770602205.4995708,BIT,1
1770602205.4995708,BIT,1
1770602205.4995708,BIT,0
1770602205.4995708,BIT,0
1770602205.4995708,BIT,0
1770602205.7109485,BIT,0
1770602205.7109485,BIT,1
1770602205.7109485,BIT,0
1770602205.7109485,BIT,0
1770602205.7109485,BIT,1
1770602205.7109485,BIT,1
1770602205.7109485,BIT,1
1770602205.7109485,BIT,1
1770602205.7109485,BIT,0
1770602205.7109485,BIT,1
1770602205.929309,BIT,1
1770602205.929309,BIT,0
1770602205.929309,BIT,0
1770602205.929309,BIT,0
1770602205.929309,BIT,0
1770602205.929309,BIT,1
1770602205.929309,BIT,1
1770602205.929309,BIT,0
1770602205.929309,BIT,1
1770602205.929309,BIT,0
1770602206.1296673,BIT,0
1770602206.1296673,BIT,1
1770602206.1296673,BIT,0
1770602206.1296673,BIT,0
1770602206.1296673,BIT,1
1770602206.1296673,BIT,1
1770602206.1296673,BIT,0
1770602206.1296673,BIT,1
1770602206.1296673,BIT,0
1770602206.1296673,BIT,0
1770602206.3515542,BIT,0
1770602206.3515542,BIT,0
1770602206.3515542,BIT,1
1770602206.3515542,BIT,1
1770602206.3515542,BIT,1
1770602206.3515542,BIT,0
1770602206.3515542,BIT,1
1770602206.3515542,BIT,0
1770602206.3515542,BIT,1
1770602206.3515542,BIT,1
1770602206.588761,BIT,1
1770602206.588761,BIT,1
1770602206.588761,BIT,1
1770602206.588761,BIT,0
1770602206.588761,BIT,0
1770602206.588761,BIT,1
1770602206.588761,BIT,0
1770602206.588761,BIT,1
1770602206.588761,BIT,0
1770602206.588761,BIT,1
1770602206.8197556,BIT,0
1770602206.8197556,BIT,0
1770602206.8197556,BIT,1
1770602206.8197556,BIT,1
1770602206.8197556,BIT,0
1770602206.8197556,BIT,1
1770602206.8197556,BIT,0
1770602206.8197556,BIT,1
1770602206.8197556,BIT,0
1770602206.8197556,BIT,0
1770602207.1612942,BIT,1
1770602207.1612942,BIT,0
1770602207.1612942,BIT,1
1770602207.1612942,BIT,1
1770602207.1612942,BIT,0
1770602207.1612942,BIT,0
1770602207.1612942,BIT,1
1770602207.1612942,BIT,0
1770602207.1612942,BIT,1
1770602207.1612942,BIT,0
1770602207.3568418,BIT,0
1770602207.3568418,BIT,0
1770602207.3568418,BIT,0
1770602207.3568418,BIT,1
1770602207.3568418,BIT,0
1770602207.3568418,BIT,1
1770602207.3568418,BIT,1
1770602207.3568418,BIT,0
1770602207.3568418,BIT,0
1770602207.3568418,BIT,1
1770602207.56768,BIT,0
1770602207.56768,BIT,1
1770602207.56768,BIT,1
1770602207.56768,BIT,1
1770602207.56768,BIT,0
1770602207.56768,BIT,1
1770602207.56768,BIT,0
1770602207.56768,BIT,0
1770602207.56768,BIT,1
1770602207.56768,BIT,0
1770602207.7761014,BIT,0
1770602207.7761014,BIT,0
1770602207.7761014,BIT,1
1770602207.7761014,BIT,0
1770602207.7761014,BIT,1
1770602207.7761014,BIT,0
1770602207.7761014,BIT,1
1770602207.7761014,BIT,1
1770602207.7761014,BIT,1
1770602207.7761014,BIT,1
1770602207.9882693,BIT,0
1770602207.9882693,BIT,1
1770602207.9882693,BIT,1
1770602207.9882693,BIT,0
1770602207.9882693,BIT,1
1770602207.9882693,BIT,0
1770602207.9882693,BIT,0
1770602207.9882693,BIT,1
1770602207.9882693,BIT,0
1770602207.9882693,BIT,0
1770602208.1965086,BIT,0
1770602208.1965086,BIT,0
1770602208.1965086,BIT,1
1770602208.1965086,BIT,1
1770602208.1965086,BIT,1
1770602208.1965086,BIT,1
1770602208.1965086,BIT,1
1770602208.1965086,BIT,0
1770602208.1965086,BIT,1
1770602208.1965086,BIT,0
1770602208.4203935,BIT,1
1770602208.4203935,BIT,0
1770602208.4203935,BIT,0
1770602208.4203935,BIT,1
1770602208.4203935,BIT,1
1770602208.4203935,BIT,1
1770602208.4203935,BIT,1
1770602208.4203935,BIT,0
1770602208.4203935,BIT,1
1770602208.4203935,BIT,1
1770602208.6212387,BIT,1
1770602208.6212387,BIT,1
1770602208.6212387,BIT,0
1770602208.6212387,BIT,1
1770602208.6212387,BIT,1
1770602208.6212387,BIT,0
1770602208.6212387,BIT,1
1770602208.6212387,BIT,0
1770602208.6212387,BIT,0
1770602208.6212387,BIT,1
1770602208.831713,BIT,1
1770602208.831713,BIT,1
1770602208.831713,BIT,0
1770602208.831713,BIT,0
1770602208.831713,BIT,0
1770602208.831713,BIT,0
1770602208.831713,BIT,0
1770602208.831713,BIT,0
1770602208.831713,BIT,1
1770602208.831713,BIT,0
1770602209.0574348,BIT,1
1770602209.0574348,BIT,0
1770602209.0574348,BIT,1
1770602209.0574348,BIT,0
1770602209.0574348,BIT,1
1770602209.0574348,BIT,1
1770602209.0574348,BIT,1
1770602209.0574348,BIT,1
1770602209.0574348,BIT,0
1770602209.0574348,BIT,1
1770602209.269367,BIT,0
1770602209.269367,BIT,0
1770602209.269367,BIT,1
1770602209.269367,BIT,1
1770602209.269367,BIT,1
1770602209.269367,BIT,0
1770602209.269367,BIT,0
1770602209.269367,BIT,0
1770602209.269367,BIT,0
1770602209.269367,BIT,0
1770602209.4863243,BIT,0
1770602209.4863243,BIT,0
1770602209.4863243,BIT,0
1770602209.4863243,BIT,0
1770602209.4863243,BIT,1
1770602209.4863243,BIT,1
1770602209.4863243,BIT,0
1770602209.4863243,BIT,1
1770602209.4863243,BIT,0
1770602209.4863243,BIT,1
1770602209.7062197,BIT,0
1770602209.7062197,BIT,1
1770602209.7062197,BIT,1
1770602209.7062197,BIT,1
1770602209.7062197,BIT,1
1770602209.7062197,BIT,0
1770602209.7062197,BIT,1
1770602209.7062197,BIT,1
1770602209.7062197,BIT,1
1770602209.7062197,BIT,1
1770602209.9368193,BIT,1
1770602209.9368193,BIT,0
1770602209.9368193,BIT,0
1770602209.9368193,BIT,1
1770602209.9368193,BIT,1
1770602209.9368193,BIT,1
1770602209.9368193,BIT,0
1770602209.9368193,BIT,1
1770602209.9368193,BIT,1
1770602209.9368193,BIT,1
1770602210.1414418,BIT,0
1770602210.1414418,BIT,1
1770602210.1414418,BIT,0
1770602210.1414418,BIT,0
1770602210.1414418,BIT,0
1770602210.1414418,BIT,1
1770602210.1414418,BIT,1
1770602210.1414418,BIT,1
1770602210.1414418,BIT,1
1770602210.1414418,BIT,1
1770602210.3574214,BIT,1
1770602210.3574214,BIT,0
1770602210.3574214,BIT,1
1770602210.3574214,BIT,0
1770602210.3574214,BIT,0
1770602210.3574214,BIT,0
1770602210.3574214,BIT,1
1770602210.3574214,BIT,1
1770602210.3574214,BIT,0
1770602210.3574214,BIT,1
1770602210.6290033,BIT,0
1770602210.6290033,BIT,0
1770602210.6290033,BIT,1
1770602210.6290033,BIT,0
1770602210.6290033,BIT,0
1770602210.6290033,BIT,0
1770602210.6290033,BIT,0
1770602210.6290033,BIT,0
1770602210.6290033,BIT,0
1770602210.6290033,BIT,1
1770602210.8591034,BIT,0
1770602210.8591034,BIT,0
1770602210.8591034,BIT,1
1770602210.8591034,BIT,1
1770602210.8591034,BIT,1
1770602210.8591034,BIT,0
1770602210.8591034,BIT,0
1770602210.8591034,BIT,1
1770602210.8591034,BIT,0
1770602210.8591034,BIT,1
1770602211.0769064,BIT,1
1770602211.0769064,BIT,1
1770602211.0769064,BIT,1
1770602211.0769064,BIT,0
1770602211.0769064,BIT,0
1770602211.0769064,BIT,0
1770602211.0769064,BIT,0
1770602211.0769064,BIT,0
1770602211.0769064,BIT,0
1770602211.0769064,BIT,0
1770602211.3194203,BIT,0
1770602211.3194203,BIT,0
1770602211.3194203,BIT,0
1770602211.3194203,BIT,1
1770602211.3194203,BIT,1
1770602211.3194203,BIT,1
1770602211.3194203,BIT,0
1770602211.3194203,BIT,1
1770602211.3194203,BIT,1
1770602211.3194203,BIT,0
1770602211.5414236,BIT,0
1770602211.5414236,BIT,1
1770602211.5414236,BIT,1
1770602211.5414236,BIT,1
1770602211.5414236,BIT,1
1770602211.5414236,BIT,0
1770602211.5414236,BIT,1
1770602211.5414236,BIT,1
1770602211.5414236,BIT,0
1770602211.5414236,BIT,0
1770602211.752074,BIT,1
1770602211.752074,BIT,1
1770602211.752074,BIT,0
1770602211.752074,BIT,1
1770602211.752074,BIT,0
1770602211.752074,BIT,1
1770602211.752074,BIT,0
1770602211.752074,BIT,0
1770602211.752074,BIT,0
1770602211.752074,BIT,1
1770602211.9361637,BIT,0
1770602211.9361637,BIT,1
1770602211.9361637,BIT,0
1770602211.9361637,BIT,1
1770602211.9361637,BIT,0
1770602211.9361637,BIT,1
1770602211.9361637,BIT,1
1770602211.9361637,BIT,0
1770602211.9361637,BIT,0
1770602211.9361637,BIT,0
1770602212.1027405,BIT,1
1770602212.1027405,BIT,1
1770602212.1027405,BIT,1
1770602212.1027405,BIT,0
1770602212.1027405,BIT,1
1770602212.1027405,BIT,0
1770602212.1027405,BIT,1
1770602212.1027405,BIT,1
1770602212.1027405,BIT,1
1770602212.1027405,BIT,1
1770602212.356305,BIT,1
1770602212.356305,BIT,0
1770602212.356305,BIT,1
1770602212.356305,BIT,0
1770602212.356305,BIT,1
1770602212.356305,BIT,0
1770602212.356305,BIT,1
1770602212.356305,BIT,0
1770602212.356305,BIT,0
1770602212.356305,BIT,0
1770602212.6149123,BIT,1
1770602212.6149123,BIT,1
1770602212.6149123,BIT,0
1770602212.6149123,BIT,1
1770602212.6149123,BIT,0
1770602212.6149123,BIT,1
1770602212.6149123,BIT,0
1770602212.6149123,BIT,1
1770602212.6149123,BIT,1
1770602212.6149123,BIT,0
1770602212.8796968,BIT,0
1770602212.8796968,BIT,0
1770602212.8796968,BIT,1
1770602212.8796968,BIT,0
1770602212.8796968,BIT,1
1770602212.8796968,BIT,0
1770602212.8796968,BIT,1
1770602212.8796968,BIT,1
1770602212.8796968,BIT,0
1770602212.8796968,BIT,0
1770602213.0566778,BIT,1
1770602213.0566778,BIT,1
1770602213.0566778,BIT,1
1770602213.0566778,BIT,0
1770602213.0566778,BIT,1
1770602213.0566778,BIT,0
1770602213.0566778,BIT,0
1770602213.0566778,BIT,1
1770602213.0566778,BIT,1
1770602213.0566778,BIT,0
1770602213.2372847,BIT,0
1770602213.2372847,BIT,0
1770602213.2372847,BIT,0
1770602213.2372847,BIT,0
1770602213.2372847,BIT,0
1770602213.2372847,BIT,1
1770602213.2372847,BIT,1
1770602213.2372847,BIT,1
1770602213.2372847,BIT,0
1770602213.2372847,BIT,1
1770602213.4166,BIT,0
1770602213.4166,BIT,1
1770602213.4166,BIT,0
1770602213.4166,BIT,0
1770602213.4166,BIT,1
1770602213.4166,BIT,1
1770602213.4166,BIT,1
1770602213.4166,BIT,1
1770602213.4166,BIT,0
1770602213.4166,BIT,1
1770602213.5738194,BIT,0
1770602213.5738194,BIT,1
1770602213.5738194,BIT,1
1770602213.5738194,BIT,0
1770602213.5738194,BIT,1
1770602213.5738194,BIT,1
1770602213.5738194,BIT,1
1770602213.5738194,BIT,1
1770602213.5738194,BIT,0
1770602213.5738194,BIT,1
1770602213.7478056,BIT,1
1770602213.7478056,BIT,0
1770602213.7478056,BIT,0
1770602213.7478056,BIT,0
1770602213.7478056,BIT,0
1770602213.7478056,BIT,1
1770602213.7478056,BIT,1
1770602213.7478056,BIT,1
1770602213.7478056,BIT,1
1770602213.7478056,BIT,0
1770602214.0090177,BIT,0
1770602214.0090177,BIT,1
1770602214.0090177,BIT,1
1770602214.0090177,BIT,0
1770602214.0090177,BIT,1
1770602214.0090177,BIT,0
1770602214.0090177,BIT,0
1770602214.0090177,BIT,0
1770602214.0090177,BIT,1
1770602214.0090177,BIT,1
1770602214.2617245,BIT,1
1770602214.2617245,BIT,0
1770602214.2617245,BIT,1
1770602214.2617245,BIT,0
1770602214.2617245,BIT,0
1770602214.2617245,BIT,1
1770602214.2617245,BIT,0
1770602214.2617245,BIT,1
1770602214.2617245,BIT,1
1770602214.2617245,BIT,0
1770602214.551078,BIT,1
1770602214.551078,BIT,1
1770602214.551078,BIT,0
1770602214.551078,BIT,1
1770602214.551078,BIT,0
1770602214.551078,BIT,0
1770602214.551078,BIT,1
1770602214.551078,BIT,0
1770602214.551078,BIT,1
1770602214.551078,BIT,1
1770602214.7307868,BIT,1
1770602214.7307868,BIT,1
1770602214.7307868,BIT,0
1770602214.7307868,BIT,0
1770602214.7307868,BIT,0
1770602214.7307868,BIT,1
1770602214.7307868,BIT,0
1770602214.7307868,BIT,0
1770602214.7307868,BIT,1
1770602214.7307868,BIT,1
1770602214.8999135,BIT,1
1770602214.8999135,BIT,1
1770602214.8999135,BIT,1
1770602214.8999135,BIT,0
1770602214.8999135,BIT,1
1770602214.8999135,BIT,0
1770602214.8999135,BIT,0
1770602214.8999135,BIT,1
1770602214.8999135,BIT,0
1770602214.8999135,BIT,0
1770602215.0765269,BIT,1
1770602215.0765269,BIT,1
1770602215.0765269,BIT,0
1770602215.0765269,BIT,1
1770602215.0765269,BIT,0
1770602215.0765269,BIT,1
1770602215.0765269,BIT,0
1770602215.0765269,BIT,0
1770602215.0765269,BIT,1
1770602215.0765269,BIT,0
1770602215.239806,BIT,1
1770602215.239806,BIT,1
1770602215.239806,BIT,1
1770602215.239806,BIT,0
1770602215.239806,BIT,1
1770602215.239806,BIT,0
1770602215.239806,BIT,0
1770602215.239806,BIT,1
1770602215.239806,BIT,0
1770602215.239806,BIT,1
1770602215.4064033,BIT,1
1770602215.4064033,BIT,0
1770602215.4064033,BIT,1
1770602215.4064033,BIT,0
1770602215.4064033,BIT,0
1770602215.4064033,BIT,0
1770602215.4064033,BIT,1
1770602215.4064033,BIT,0
1770602215.4064033,BIT,0
1770602215.4064033,BIT,1
1770602215.5707088,BIT,1
1770602215.5707088,BIT,1
1770602215.5707088,BIT,1
1770602215.5707088,BIT,1
1770602215.5707088,BIT,0
1770602215.5707088,BIT,0
1770602215.5707088,BIT,0
1770602215.5707088,BIT,1
1770602215.5707088,BIT,1
1770602215.5707088,BIT,1
1770602215.7496083,BIT,0
1770602215.7496083,BIT,1
1770602215.7496083,BIT,0
1770602215.7496083,BIT,1
1770602215.7496083,BIT,1
1770602215.7496083,BIT,0
1770602215.7496083,BIT,1
1770602215.7496083,BIT,1
1770602215.7496083,BIT,1
1770602215.7496083,BIT,0
1770602215.9301324,BIT,1
1770602215.9301324,BIT,1
1770602215.9301324,BIT,0
1770602215.9301324,BIT,0
1770602215.9301324,BIT,1
1770602215.9301324,BIT,1
1770602215.9301324,BIT,1
1770602215.9301324,BIT,0
1770602215.9301324,BIT,0
1770602215.9301324,BIT,1
1770602216.0954504,BIT,1
1770602216.0954504,BIT,0
1770602216.0954504,BIT,1
1770602216.0954504,BIT,1
1770602216.0954504,BIT,1
1770602216.0954504,BIT,0
1770602216.0954504,BIT,0
1770602216.0954504,BIT,1
1770602216.0954504,BIT,0
1770602216.0954504,BIT,0
1770602216.2733226,BIT,0
1770602216.2733226,BIT,1
1770602216.2733226,BIT,1
1770602216.2733226,BIT,1
1770602216.2733226,BIT,0
1770602216.2733226,BIT,0
1770602216.2733226,BIT,1
1770602216.2733226,BIT,0
1770602216.2733226,BIT,1
1770602216.2733226,BIT,1
1770602216.4479449,BIT,1
1770602216.4479449,BIT,0
1770602216.4479449,BIT,0
1770602216.4479449,BIT,0
1770602216.4479449,BIT,1
1770602216.4479449,BIT,0
1770602216.4479449,BIT,1
1770602216.4479449,BIT,0
1770602216.4479449,BIT,1
1770602216.4479449,BIT,1
1770602216.6110368,BIT,0
1770602216.6110368,BIT,1
1770602216.6110368,BIT,1
1770602216.6110368,BIT,1
1770602216.6110368,BIT,1
1770602216.6110368,BIT,0
1770602216.6110368,BIT,0
1770602216.6110368,BIT,1
1770602216.6110368,BIT,1
1770602216.6110368,BIT,0
1770602216.7745216,BIT,0
1770602216.7745216,BIT,0
1770602216.7745216,BIT,0
1770602216.7745216,BIT,0
1770602216.7745216,BIT,1
1770602216.7745216,BIT,0
1770602216.7745216,BIT,0
1770602216.7745216,BIT,0
1770602216.7745216,BIT,0
1770602216.7745216,BIT,1
1770602216.9451947,BIT,1
1770602216.9451947,BIT,1
1770602216.9451947,BIT,1
1770602216.9451947,BIT,0
1770602216.9451947,BIT,0
1770602216.9451947,BIT,0
1770602216.9451947,BIT,1
1770602216.9451947,BIT,1
1770602216.9451947,BIT,1
1770602216.9451947,BIT,0
1770602217.1149116,BIT,0
1770602217.1149116,BIT,1
1770602217.1149116,BIT,1
1770602217.1149116,BIT,0
1770602217.1149116,BIT,0
1770602217.1149116,BIT,0
1770602217.1149116,BIT,0
1770602217.1149116,BIT,0
1770602217.1149116,BIT,1
1770602217.1149116,BIT,0
1770602217.2835062,BIT,0
1770602217.2835062,BIT,1
1770602217.2835062,BIT,1
1770602217.2835062,BIT,0
1770602217.2835062,BIT,1
1770602217.2835062,BIT,0
1770602217.2835062,BIT,1
1770602217.2835062,BIT,0
1770602217.2835062,BIT,1
1770602217.2835062,BIT,0
1770602217.4554424,BIT,0
1770602217.4554424,BIT,0
1770602217.4554424,BIT,1
1770602217.4554424,BIT,0
1770602217.4554424,BIT,0
1770602217.4554424,BIT,1
1770602217.4554424,BIT,1
1770602217.4554424,BIT,0
1770602217.4554424,BIT,0
1770602217.4554424,BIT,0
1770602217.625379,BIT,1
1770602217.625379,BIT,0
1770602217.625379,BIT,1
1770602217.625379,BIT,0
1770602217.625379,BIT,1
1770602217.625379,BIT,0
1770602217.625379,BIT,1
1770602217.625379,BIT,0
1770602217.625379,BIT,1
1770602217.625379,BIT,0
1770602217.8331757,BIT,0
1770602217.8331757,BIT,0
1770602217.8331757,BIT,0
1770602217.8331757,BIT,1
1770602217.8331757,BIT,1
1770602217.8331757,BIT,1
1770602217.8331757,BIT,1
1770602217.8331757,BIT,1
1770602217.8331757,BIT,1
1770602217.8331757,BIT,1
1770602218.0230978,BIT,1
1770602218.0230978,BIT,0
1770602218.0230978,BIT,0
1770602218.0230978,BIT,1
1770602218.0230978,BIT,0
1770602218.0230978,BIT,0
1770602218.0230978,BIT,1
1770602218.0230978,BIT,1
1770602218.0230978,BIT,1
1770602218.0230978,BIT,1
1770602218.205633,BIT,0
1770602218.205633,BIT,1
1770602218.205633,BIT,0
1770602218.205633,BIT,0
1770602218.205633,BIT,0
1770602218.205633,BIT,1
1770602218.205633,BIT,1
1770602218.205633,BIT,0
1770602218.205633,BIT,0
1770602218.205633,BIT,1
1770602218.3819795,BIT,0
1770602218.3819795,BIT,0
1770602218.3819795,BIT,0
1770602218.3819795,BIT,0
1770602218.3819795,BIT,0
1770602218.3819795,BIT,1
1770602218.3819795,BIT,1
1770602218.3819795,BIT,0
1770602218.3819795,BIT,0
1770602218.3819795,BIT,1
1770602218.5633836,BIT,1
1770602218.5633836,BIT,1
1770602218.5633836,BIT,0
1770602218.5633836,BIT,0
1770602218.5633836,BIT,1
1770602218.5633836,BIT,1
1770602218.5633836,BIT,0
1770602218.5633836,BIT,0
1770602218.5633836,BIT,1
1770602218.5633836,BIT,1
1770602218.7575407,BIT,0
1770602218.7575407,BIT,0
1770602218.7575407,BIT,0
1770602218.7575407,BIT,0
1770602218.7575407,BIT,1
1770602218.7575407,BIT,0
1770602218.7575407,BIT,1
1770602218.7575407,BIT,0
1770602218.7575407,BIT,1
1770602218.7575407,BIT,0
1770602218.942394,BIT,0
1770602218.942394,BIT,1
1770602218.942394,BIT,1
1770602218.942394,BIT,1
1770602218.942394,BIT,1
1770602218.942394,BIT,1
1770602218.942394,BIT,0
1770602218.942394,BIT,1
1770602218.942394,BIT,1
1770602218.942394,BIT,0
1770602219.1130006,BIT,1
1770602219.1130006,BIT,0
1770602219.1130006,BIT,1
1770602219.1130006,BIT,0
1770602219.1130006,BIT,1
1770602219.1130006,BIT,0
1770602219.1130006,BIT,0
1770602219.1130006,BIT,1
1770602219.1130006,BIT,0
1770602219.1130006,BIT,0
1770602219.3080983,BIT,1
1770602219.3080983,BIT,1
1770602219.3080983,BIT,1
1770602219.3080983,BIT,1
1770602219.3080983,BIT,1
1770602219.3080983,BIT,1
1770602219.3080983,BIT,1
1770602219.3080983,BIT,0
1770602219.3080983,BIT,0
1770602219.3080983,BIT,1
1770602219.480013,BIT,1
1770602219.480013,BIT,0
1770602219.480013,BIT,0
1770602219.480013,BIT,0
1770602219.480013,BIT,0
1770602219.480013,BIT,0
1770602219.480013,BIT,0
1770602219.480013,BIT,0
1770602219.480013,BIT,1
1770602219.480013,BIT,0
1770602219.6513882,BIT,1
1770602219.6513882,BIT,0
1770602219.6513882,BIT,0
1770602219.6513882,BIT,1
1770602219.6513882,BIT,0
1770602219.6513882,BIT,1
1770602219.6513882,BIT,1
1770602219.6513882,BIT,1
1770602219.6513882,BIT,0
1770602219.6513882,BIT,0
1770602219.8287554,BIT,0
1770602219.8287554,BIT,1
1770602219.8287554,BIT,0
1770602219.8287554,BIT,1
1770602219.8287554,BIT,0
1770602219.8287554,BIT,0
1770602219.8287554,BIT,1
1770602219.8287554,BIT,1
1770602219.8287554,BIT,1
1770602219.8287554,BIT,1
1770602219.9957201,BIT,1
1770602219.9957201,BIT,0
1770602219.9957201,BIT,0
1770602219.9957201,BIT,0
1770602219.9957201,BIT,1
1770602219.9957201,BIT,1
1770602219.9957201,BIT,1
1770602219.9957201,BIT,1
1770602219.9957201,BIT,1
1770602219.9957201,BIT,0
1770602220.165987,BIT,1
1770602220.165987,BIT,1
1770602220.165987,BIT,1
1770602220.165987,BIT,0
1770602220.165987,BIT,0
1770602220.165987,BIT,0
1770602220.165987,BIT,1
1770602220.165987,BIT,0
1770602220.165987,BIT,1
1770602220.165987,BIT,1
1770602220.3470461,BIT,1
1770602220.3470461,BIT,1
1770602220.3470461,BIT,1
1770602220.3470461,BIT,0
1770602220.3470461,BIT,0
1770602220.3470461,BIT,0
1770602220.3470461,BIT,1
1770602220.3470461,BIT,1
1770602220.3470461,BIT,0
1770602220.3470461,BIT,0
1770602220.5191216,BIT,0
1770602220.5191216,BIT,0
1770602220.5191216,BIT,1
1770602220.5191216,BIT,1
1770602220.5191216,BIT,1
1770602220.5191216,BIT,0
1770602220.5191216,BIT,0
1770602220.5191216,BIT,1
1770602220.5191216,BIT,0
1770602220.5191216,BIT,0
1770602220.7170248,BIT,0
1770602220.7170248,BIT,1
1770602220.7170248,BIT,0
1770602220.7170248,BIT,0
1770602220.7170248,BIT,0
1770602220.7170248,BIT,0
1770602220.7170248,BIT,0
1770602220.7170248,BIT,0
1770602220.7170248,BIT,0
1770602220.7170248,BIT,0
1770602220.8962078,BIT,0
1770602220.8962078,BIT,1
1770602220.8962078,BIT,0
1770602220.8962078,BIT,0
1770602220.8962078,BIT,0
1770602220.8962078,BIT,1
1770602220.8962078,BIT,1
1770602220.8962078,BIT,0
1770602220.8962078,BIT,1
1770602220.8962078,BIT,0
1770602221.0688686,BIT,0
1770602221.0688686,BIT,0
1770602221.0688686,BIT,1
1770602221.0688686,BIT,0
1770602221.0688686,BIT,0
1770602221.0688686,BIT,0
1770602221.0688686,BIT,0
1770602221.0688686,BIT,1
1770602221.0688686,BIT,0
1770602221.0688686,BIT,0
1770602221.2414901,BIT,0
1770602221.2414901,BIT,1
1770602221.2414901,BIT,1
1770602221.2414901,BIT,0
1770602221.2414901,BIT,0
1770602221.2414901,BIT,1
1770602221.2414901,BIT,0
1770602221.2414901,BIT,1
1770602221.2414901,BIT,1
1770602221.2414901,BIT,0
1770602221.4000797,BIT,1
1770602221.4000797,BIT,1
1770602221.4000797,BIT,1
1770602221.4000797,BIT,0
1770602221.4000797,BIT,1
1770602221.4000797,BIT,0
1770602221.4000797,BIT,0
1770602221.4000797,BIT,1
1770602221.4000797,BIT,1
1770602221.4000797,BIT,1
1770602221.5587864,BIT,0
1770602221.5587864,BIT,1
1770602221.5587864,BIT,1
1770602221.5587864,BIT,0
1770602221.5587864,BIT,1
1770602221.5587864,BIT,0
1770602221.5587864,BIT,1
1770602221.5587864,BIT,0
1770602221.5587864,BIT,0
1770602221.5587864,BIT,1
1770602221.7222219,BIT,0
1770602221.7222219,BIT,0
1770602221.7222219,BIT,1
1770602221.7222219,BIT,0
1770602221.7222219,BIT,1
1770602221.7222219,BIT,0
1770602221.7222219,BIT,1
1770602221.7222219,BIT,0
1770602221.7222219,BIT,1
1770602221.7222219,BIT,0
1770602221.9038727,BIT,1
1770602221.9038727,BIT,0
1770602221.9038727,BIT,1
1770602221.9038727,BIT,0
1770602221.9038727,BIT,1
1770602221.9038727,BIT,0
1770602221.9038727,BIT,1
1770602221.9038727,BIT,0
1770602221.9038727,BIT,1
1770602221.9038727,BIT,0
1770602222.0715513,BIT,1
1770602222.0715513,BIT,1
1770602222.0715513,BIT,1
1770602222.0715513,BIT,0
1770602222.0715513,BIT,0
1770602222.0715513,BIT,0
1770602222.0715513,BIT,1
1770602222.0715513,BIT,0
1770602222.0715513,BIT,1
1770602222.0715513,BIT,1
1770602222.2406273,BIT,0
1770602222.2406273,BIT,0
1770602222.2406273,BIT,1
1770602222.2406273,BIT,0
1770602222.2406273,BIT,0
1770602222.2406273,BIT,1
1770602222.2406273,BIT,1
1770602222.2406273,BIT,0
1770602222.2406273,BIT,0
1770602222.2406273,BIT,1
1770602222.4081368,BIT,1
1770602222.4081368,BIT,0
1770602222.4081368,BIT,0
1770602222.4081368,BIT,1
1770602222.4081368,BIT,1
1770602222.4081368,BIT,1
1770602222.4081368,BIT,1
1770602222.4081368,BIT,1
1770602222.4081368,BIT,0
1770602222.4081368,BIT,1
1770602222.5713727,BIT,0
1770602222.5713727,BIT,0
1770602222.5713727,BIT,0
1770602222.5713727,BIT,0
1770602222.5713727,BIT,1
1770602222.5713727,BIT,1
1770602222.5713727,BIT,1
1770602222.5713727,BIT,0
1770602222.5713727,BIT,0
1770602222.5713727,BIT,1
1770602222.748091,BIT,0
1770602222.748091,BIT,0
1770602222.748091,BIT,1
1770602222.748091,BIT,1
1770602222.748091,BIT,1
1770602222.748091,BIT,1
1770602222.748091,BIT,0
1770602222.748091,BIT,0
1770602222.748091,BIT,0
1770602222.748091,BIT,1
1770602222.9133399,BIT,1
1770602222.9133399,BIT,1
1770602222.9133399,BIT,1
1770602222.9133399,BIT,0
1770602222.9133399,BIT,1
1770602222.9133399,BIT,0
1770602222.9133399,BIT,0
1770602222.9133399,BIT,0
1770602222.9133399,BIT,1
1770602222.9133399,BIT,0
1770602223.0828605,BIT,1
1770602223.0828605,BIT,1
1770602223.0828605,BIT,1
1770602223.0828605,BIT,0
1770602223.0828605,BIT,1
1770602223.0828605,BIT,1
1770602223.0828605,BIT,1
1770602223.0828605,BIT,0
1770602223.0828605,BIT,1
1770602223.0828605,BIT,1
1770602223.2466278,BIT,1
1770602223.2466278,BIT,1
1770602223.2466278,BIT,1
1770602223.2466278,BIT,0
1770602223.2466278,BIT,0
1770602223.2466278,BIT,0
1770602223.2466278,BIT,0
1770602223.2466278,BIT,0
1770602223.2466278,BIT,0
1770602223.2466278,BIT,1
1770602223.4159331,BIT,1
1770602223.4159331,BIT,0
1770602223.4159331,BIT,1
1770602223.4159331,BIT,0
1770602223.4159331,BIT,1
1770602223.4159331,BIT,1
1770602223.4159331,BIT,1
1770602223.4159331,BIT,0
1770602223.4159331,BIT,1
1770602223.4159331,BIT,1
1770602223.5820088,BIT,1
1770602223.5820088,BIT,0
1770602223.5820088,BIT,0
1770602223.5820088,BIT,0
1770602223.5820088,BIT,1
1770602223.5820088,BIT,0
1770602223.5820088,BIT,1
1770602223.5820088,BIT,1
1770602223.5820088,BIT,1
1770602223.5820088,BIT,1
1770602223.7523763,BIT,0
1770602223.7523763,BIT,1
1770602223.7523763,BIT,1
1770602223.7523763,BIT,0
1770602223.7523763,BIT,1
1770602223.7523763,BIT,1
1770602223.7523763,BIT,0
1770602223.7523763,BIT,0
1770602223.7523763,BIT,1
1770602223.7523763,BIT,0
1770602223.9263704,BIT,0
1770602223.9263704,BIT,1
1770602223.9263704,BIT,0
1770602223.9263704,BIT,0
1770602223.9263704,BIT,1
1770602223.9263704,BIT,1
1770602223.9263704,BIT,1
1770602223.9263704,BIT,1
1770602223.9263704,BIT,0
1770602223.9263704,BIT,1
1770602224.09445,BIT,0
1770602224.09445,BIT,1
1770602224.09445,BIT,1
1770602224.09445,BIT,0
1770602224.09445,BIT,1
1770602224.09445,BIT,1
1770602224.09445,BIT,0
1770602224.09445,BIT,0
1770602224.09445,BIT,1
1770602224.09445,BIT,0
1770602224.2553961,BIT,0
1770602224.2553961,BIT,1
1770602224.2553961,BIT,0
1770602224.2553961,BIT,0
1770602224.2553961,BIT,1
1770602224.2553961,BIT,1
1770602224.2553961,BIT,0
1770602224.2553961,BIT,0
1770602224.2553961,BIT,0
1770602224.2553961,BIT,0
1770602224.4166813,BIT,1
1770602224.4166813,BIT,0
1770602224.4166813,BIT,1
1770602224.4166813,BIT,0
1770602224.4166813,BIT,1
1770602224.4166813,BIT,1
1770602224.4166813,BIT,1
1770602224.4166813,BIT,0
1770602224.4166813,BIT,1
1770602224.4166813,BIT,0
1770602224.5753582,BIT,1
1770602224.5753582,BIT,0
1770602224.5753582,BIT,1
1770602224.5753582,BIT,1
1770602224.5753582,BIT,0
1770602224.5753582,BIT,1
1770602224.5753582,BIT,1
1770602224.5753582,BIT,1
1770602224.5753582,BIT,1
1770602224.5753582,BIT,0
1770602224.7473342,BIT,1
1770602224.7473342,BIT,0
1770602224.7473342,BIT,1
1770602224.7473342,BIT,0
1770602224.7473342,BIT,1
1770602224.7473342,BIT,0
1770602224.7473342,BIT,1
1770602224.7473342,BIT,0
1770602224.7473342,BIT,1
1770602224.7473342,BIT,1
1770602224.9153817,BIT,0
1770602224.9153817,BIT,1
1770602224.9153817,BIT,1
1770602224.9153817,BIT,1
1770602224.9153817,BIT,1
1770602224.9153817,BIT,0
1770602224.9153817,BIT,0
1770602224.9153817,BIT,0
1770602224.9153817,BIT,0
1770602224.9153817,BIT,0
1770602225.0824964,BIT,1
1770602225.0824964,BIT,1
1770602225.0824964,BIT,0
1770602225.0824964,BIT,0
1770602225.0824964,BIT,1
1770602225.0824964,BIT,1
1770602225.0824964,BIT,0
1770602225.0824964,BIT,0
1770602225.0824964,BIT,1
1770602225.0824964,BIT,1
1770602225.2546506,BIT,1
1770602225.2546506,BIT,0
1770602225.2546506,BIT,0
1770602225.2546506,BIT,0
1770602225.2546506,BIT,0
1770602225.2546506,BIT,1
1770602225.2546506,BIT,1
1770602225.2546506,BIT,1
1770602225.2546506,BIT,1
1770602225.2546506,BIT,0
1770602225.4155436,BIT,0
1770602225.4155436,BIT,0
1770602225.4155436,BIT,1
1770602225.4155436,BIT,0
1770602225.4155436,BIT,1
1770602225.4155436,BIT,1
1770602225.4155436,BIT,0
1770602225.4155436,BIT,1
1770602225.4155436,BIT,1
1770602225.4155436,BIT,0
1770602225.571876,BIT,0
1770602225.571876,BIT,0
1770602225.571876,BIT,1
1770602225.571876,BIT,1
1770602225.571876,BIT,1
1770602225.571876,BIT,1
1770602225.571876,BIT,1
1770602225.571876,BIT,1
1770602225.571876,BIT,1
1770602225.571876,BIT,1
1770602225.7348523,BIT,1
1770602225.7348523,BIT,0
1770602225.7348523,BIT,1
1770602225.7348523,BIT,1
1770602225.7348523,BIT,0
1770602225.7348523,BIT,1
1770602225.7348523,BIT,0
1770602225.7348523,BIT,1
1770602225.7348523,BIT,0
1770602225.7348523,BIT,1
1770602225.9235134,BIT,0
1770602225.9235134,BIT,0
1770602225.9235134,BIT,1
1770602225.9235134,BIT,1
1770602225.9235134,BIT,0
1770602225.9235134,BIT,0
1770602225.9235134,BIT,1
1770602225.9235134,BIT,0
1770602225.9235134,BIT,1
1770602225.9235134,BIT,1
1770602226.1007261,BIT,0
1770602226.1007261,BIT,1
1770602226.1007261,BIT,1
1770602226.1007261,BIT,1
1770602226.1007261,BIT,0
1770602226.1007261,BIT,0
1770602226.1007261,BIT,1
1770602226.1007261,BIT,0
1770602226.1007261,BIT,0
1770602226.1007261,BIT,1
1770602226.2714546,BIT,0
1770602226.2714546,BIT,0
1770602226.2714546,BIT,0
1770602226.2714546,BIT,1
1770602226.2714546,BIT,0
1770602226.2714546,BIT,0
1770602226.2714546,BIT,1
1770602226.2714546,BIT,0
1770602226.2714546,BIT,1
1770602226.2714546,BIT,1
1770602226.4356194,BIT,0
1770602226.4356194,BIT,1
1770602226.4356194,BIT,1
1770602226.4356194,BIT,0
1770602226.4356194,BIT,0
1770602226.4356194,BIT,0
1770602226.4356194,BIT,1
1770602226.4356194,BIT,0
1770602226.4356194,BIT,0
1770602226.4356194,BIT,0
1770602226.6084197,BIT,1
1770602226.6084197,BIT,0
1770602226.6084197,BIT,0
1770602226.6084197,BIT,1
1770602226.6084197,BIT,1
1770602226.6084197,BIT,1
1770602226.6084197,BIT,1
1770602226.6084197,BIT,1
1770602226.6084197,BIT,0
1770602226.6084197,BIT,1
1770602226.7830987,BIT,1
1770602226.7830987,BIT,1
1770602226.7830987,BIT,1
1770602226.7830987,BIT,1
1770602226.7830987,BIT,0
1770602226.7830987,BIT,0
1770602226.7830987,BIT,0
1770602226.7830987,BIT,1
1770602226.7830987,BIT,0
1770602226.7830987,BIT,0
1770602226.9574015,BIT,0
1770602226.9574015,BIT,0
1770602226.9574015,BIT,0
1770602226.9574015,BIT,0
1770602226.9574015,BIT,0
1770602226.9574015,BIT,0
1770602226.9574015,BIT,0
1770602226.9574015,BIT,0
1770602226.9574015,BIT,1
1770602226.9574015,BIT,0
1770602227.1210642,BIT,1
1770602227.1210642,BIT,1
1770602227.1210642,BIT,1
1770602227.1210642,BIT,1
1770602227.1210642,BIT,0
1770602227.1210642,BIT,0
1770602227.1210642,BIT,1
1770602227.1210642,BIT,1
1770602227.1210642,BIT,1
1770602227.1210642,BIT,0
1770602227.3043823,BIT,1
1770602227.3043823,BIT,0
1770602227.3043823,BIT,1
1770602227.3043823,BIT,0
1770602227.3043823,BIT,1
1770602227.3043823,BIT,0
1770602227.3043823,BIT,1
1770602227.3043823,BIT,0
1770602227.3043823,BIT,1
1770602227.3043823,BIT,0
1770602227.47301,BIT,1
1770602227.47301,BIT,0
1770602227.47301,BIT,0
1770602227.47301,BIT,0
1770602227.47301,BIT,0
1770602227.47301,BIT,0
1770602227.47301,BIT,1
1770602227.47301,BIT,1
1770602227.47301,BIT,1
1770602227.47301,BIT,1
1770602227.631133,BIT,0
1770602227.631133,BIT,1
1770602227.631133,BIT,0
1770602227.631133,BIT,1
1770602227.631133,BIT,0
1770602227.631133,BIT,0
1770602227.631133,BIT,0
1770602227.631133,BIT,1
1770602227.631133,BIT,0
1770602227.631133,BIT,0
1770602227.804634,BIT,0
1770602227.804634,BIT,0
1770602227.804634,BIT,1
1770602227.804634,BIT,1
1770602227.804634,BIT,1
1770602227.804634,BIT,0
1770602227.804634,BIT,1
1770602227.804634,BIT,0
1770602227.804634,BIT,1
1770602227.804634,BIT,0
1770602227.9740992,BIT,1
1770602227.9740992,BIT,0
1770602227.9740992,BIT,0
1770602227.9740992,BIT,0
1770602227.9740992,BIT,1
1770602227.9740992,BIT,0
1770602227.9740992,BIT,0
1770602227.9740992,BIT,1
1770602227.9740992,BIT,0
1770602227.9740992,BIT,1
1770602228.140003,BIT,1
1770602228.140003,BIT,1
1770602228.140003,BIT,0
1770602228.140003,BIT,1
1770602228.140003,BIT,1
1770602228.140003,BIT,1
1770602228.140003,BIT,0
1770602228.140003,BIT,1
1770602228.140003,BIT,1
1770602228.140003,BIT,1
1770602228.3120854,BIT,1
1770602228.3120854,BIT,0
1770602228.3120854,BIT,1
1770602228.3120854,BIT,0
1770602228.3120854,BIT,0
1770602228.3120854,BIT,0
1770602228.3120854,BIT,1
1770602228.3120854,BIT,0
1770602228.3120854,BIT,1
1770602228.3120854,BIT,0
1770602228.4777558,BIT,1
1770602228.4777558,BIT,1
1770602228.4777558,BIT,1
1770602228.4777558,BIT,0
1770602228.4777558,BIT,0
1770602228.4777558,BIT,1
1770602228.4777558,BIT,1
1770602228.4777558,BIT,1
1770602228.4777558,BIT,0
1770602228.4777558,BIT,1
1770602228.641631,BIT,0
1770602228.641631,BIT,0
1770602228.641631,BIT,0
1770602228.641631,BIT,1
1770602228.641631,BIT,0
1770602228.641631,BIT,0
1770602228.641631,BIT,1
1770602228.641631,BIT,1
1770602228.641631,BIT,1
1770602228.641631,BIT,0
1770602228.8243003,BIT,0
1770602228.8243003,BIT,0
1770602228.8243003,BIT,0
1770602228.8243003,BIT,1
1770602228.8243003,BIT,0
1770602228.8243003,BIT,1
1770602228.8243003,BIT,0
1770602228.8243003,BIT,1
1770602228.8243003,BIT,1
1770602228.8243003,BIT,0
1770602228.9998927,BIT,1
1770602228.9998927,BIT,1
1770602228.9998927,BIT,1
1770602228.9998927,BIT,1
1770602228.9998927,BIT,1
1770602228.9998927,BIT,1
1770602228.9998927,BIT,1
1770602228.9998927,BIT,0
1770602228.9998927,BIT,1
1770602228.9998927,BIT,1
1770602229.1655602,BIT,0
1770602229.1655602,BIT,1
1770602229.1655602,BIT,1
1770602229.1655602,BIT,1
1770602229.1655602,BIT,1
1770602229.1655602,BIT,0
1770602229.1655602,BIT,1
1770602229.1655602,BIT,1
1770602229.1655602,BIT,0
1770602229.1655602,BIT,1
1770602229.3438015,BIT,1
1770602229.3438015,BIT,1
1770602229.3438015,BIT,0
1770602229.3438015,BIT,0
1770602229.3438015,BIT,0
1770602229.3438015,BIT,1
1770602229.3438015,BIT,1
1770602229.3438015,BIT,1
1770602229.3438015,BIT,0
1770602229.3438015,BIT,1
1770602229.5131595,BIT,0
1770602229.5131595,BIT,1
1770602229.5131595,BIT,1
1770602229.5131595,BIT,0
1770602229.5131595,BIT,1
1770602229.5131595,BIT,1
1770602229.5131595,BIT,1
1770602229.5131595,BIT,0
1770602229.5131595,BIT,1
1770602229.5131595,BIT,0
1770602229.6835654,BIT,0
1770602229.6835654,BIT,0
1770602229.6835654,BIT,1
1770602229.6835654,BIT,1
1770602229.6835654,BIT,0
1770602229.6835654,BIT,0
1770602229.6835654,BIT,0
1770602229.6835654,BIT,1
1770602229.6835654,BIT,0
1770602229.6835654,BIT,1
1770602229.8671043,BIT,0
1770602229.8671043,BIT,0
1770602229.8671043,BIT,0
1770602229.8671043,BIT,0
1770602229.8671043,BIT,0
1770602229.8671043,BIT,0
1770602229.8671043,BIT,0
1770602229.8671043,BIT,0
1770602229.8671043,BIT,0
1770602229.8671043,BIT,0
1770602230.0492277,BIT,0
1770602230.0492277,BIT,0
1770602230.0492277,BIT,1
1770602230.0492277,BIT,1
1770602230.0492277,BIT,0
1770602230.0492277,BIT,0
1770602230.0492277,BIT,0
1770602230.0492277,BIT,1
1770602230.0492277,BIT,0
1770602230.0492277,BIT,0
1770602230.2194152,BIT,1
1770602230.2194152,BIT,1
1770602230.2194152,BIT,1
1770602230.2194152,BIT,1
1770602230.2194152,BIT,0
1770602230.2194152,BIT,0
1770602230.2194152,BIT,1
1770602230.2194152,BIT,0
1770602230.2194152,BIT,0
1770602230.2194152,BIT,0
1770602230.3921847,BIT,1
1770602230.3921847,BIT,0
1770602230.3921847,BIT,0
1770602230.3921847,BIT,1
1770602230.3921847,BIT,1
1770602230.3921847,BIT,0
1770602230.3921847,BIT,0
1770602230.3921847,BIT,1
1770602230.3921847,BIT,1
1770602230.3921847,BIT,1
1770602230.5611546,BIT,1
1770602230.5611546,BIT,1
1770602230.5611546,BIT,1
1770602230.5611546,BIT,0
1770602230.5611546,BIT,0
1770602230.5611546,BIT,1
1770602230.5611546,BIT,0
1770602230.5611546,BIT,0
1770602230.5611546,BIT,1
1770602230.5611546,BIT,0
1770602230.7399302,BIT,0
1770602230.7399302,BIT,0
1770602230.7399302,BIT,1
1770602230.7399302,BIT,0
1770602230.7399302,BIT,0
1770602230.7399302,BIT,0
1770602230.7399302,BIT,0
1770602230.7399302,BIT,1
1770602230.7399302,BIT,0
1770602230.7399302,BIT,1
1770602230.92229,BIT,1
1770602230.92229,BIT,0
1770602230.92229,BIT,0
1770602230.92229,BIT,1
1770602230.92229,BIT,1
1770602230.92229,BIT,0
1770602230.92229,BIT,0
1770602230.92229,BIT,1
1770602230.92229,BIT,0
1770602230.92229,BIT,0
1770602231.101968,BIT,0
1770602231.101968,BIT,0
1770602231.101968,BIT,0
1770602231.101968,BIT,1
1770602231.101968,BIT,1
1770602231.101968,BIT,0
1770602231.101968,BIT,0
1770602231.101968,BIT,0
1770602231.101968,BIT,1
1770602231.101968,BIT,1
1770602231.2816637,BIT,1
1770602231.2816637,BIT,1
1770602231.2816637,BIT,1
1770602231.2816637,BIT,0
1770602231.2816637,BIT,0
1770602231.2816637,BIT,0
1770602231.2816637,BIT,1
1770602231.2816637,BIT,1
1770602231.2816637,BIT,0
1770602231.2816637,BIT,1
1770602231.4467154,BIT,1
1770602231.4467154,BIT,1
1770602231.4467154,BIT,0
1770602231.4467154,BIT,0
1770602231.4467154,BIT,1
1770602231.4467154,BIT,1
1770602231.4467154,BIT,0
1770602231.4467154,BIT,1
1770602231.4467154,BIT,0
1770602231.4467154,BIT,1
1770602231.614678,BIT,1
1770602231.614678,BIT,1
1770602231.614678,BIT,1
1770602231.614678,BIT,1
1770602231.614678,BIT,0
1770602231.614678,BIT,0
1770602231.614678,BIT,1
1770602231.614678,BIT,0
1770602231.614678,BIT,1
1770602231.614678,BIT,0
1770602231.7947628,BIT,1
1770602231.7947628,BIT,1
1770602231.7947628,BIT,0
1770602231.7947628,BIT,1
1770602231.7947628,BIT,0
1770602231.7947628,BIT,1
1770602231.7947628,BIT,1
1770602231.7947628,BIT,0
1770602231.7947628,BIT,1
1770602231.7947628,BIT,1
1770602231.9666584,BIT,1
1770602231.9666584,BIT,1
1770602231.9666584,BIT,0
1770602231.9666584,BIT,1
1770602231.9666584,BIT,0
1770602231.9666584,BIT,1
1770602231.9666584,BIT,0
1770602231.9666584,BIT,1
1770602231.9666584,BIT,0
1770602231.9666584,BIT,0
1770602232.1313336,BIT,0
1770602232.1313336,BIT,0
1770602232.1313336,BIT,0
1770602232.1313336,BIT,1
1770602232.1313336,BIT,1
1770602232.1313336,BIT,1
1770602232.1313336,BIT,0
1770602232.1313336,BIT,1
1770602232.1313336,BIT,0
1770602232.1313336,BIT,0
1770602232.2950284,BIT,1
1770602232.2950284,BIT,0
1770602232.2950284,BIT,1
1770602232.2950284,BIT,0
1770602232.2950284,BIT,1
1770602232.2950284,BIT,0
1770602232.2950284,BIT,0
1770602232.2950284,BIT,0
1770602232.2950284,BIT,1
1770602232.2950284,BIT,0
1770602232.4641593,BIT,0
1770602232.4641593,BIT,0
1770602232.4641593,BIT,1
1770602232.4641593,BIT,0
1770602232.4641593,BIT,0
1770602232.4641593,BIT,1
1770602232.4641593,BIT,0
1770602232.4641593,BIT,1
1770602232.4641593,BIT,0
1770602232.4641593,BIT,0
1770602232.62578,BIT,0
1770602232.62578,BIT,0
1770602232.62578,BIT,0
1770602232.62578,BIT,0
1770602232.62578,BIT,0
1770602232.62578,BIT,1
1770602232.62578,BIT,1
1770602232.62578,BIT,0
1770602232.62578,BIT,1
1770602232.62578,BIT,0
1770602232.7981393,BIT,1
1770602232.7981393,BIT,0
1770602232.7981393,BIT,1
1770602232.7981393,BIT,1
1770602232.7981393,BIT,0
1770602232.7981393,BIT,0
1770602232.7981393,BIT,0
1770602232.7981393,BIT,1
1770602232.7981393,BIT,0
1770602232.7981393,BIT,0
1770602232.9848332,BIT,1
1770602232.9848332,BIT,0
1770602232.9848332,BIT,1
1770602232.9848332,BIT,0
1770602232.9848332,BIT,0
1770602232.9848332,BIT,1
1770602232.9848332,BIT,0
1770602232.9848332,BIT,0
1770602232.9848332,BIT,1
1770602232.9848332,BIT,1
1770602233.1660538,BIT,1
1770602233.1660538,BIT,1
1770602233.1660538,BIT,1
1770602233.1660538,BIT,1
1770602233.1660538,BIT,1
1770602233.1660538,BIT,1
1770602233.1660538,BIT,0
1770602233.1660538,BIT,0
1770602233.1660538,BIT,0
1770602233.1660538,BIT,0
1770602233.3446229,BIT,0
1770602233.3446229,BIT,0
1770602233.3446229,BIT,0
1770602233.3446229,BIT,1
1770602233.3446229,BIT,1
1770602233.3446229,BIT,0
1770602233.3446229,BIT,1
1770602233.3446229,BIT,1
1770602233.3446229,BIT,0
1770602233.3446229,BIT,0
1770602233.5157325,BIT,1
1770602233.5157325,BIT,1
1770602233.5157325,BIT,1
1770602233.5157325,BIT,0
1770602233.5157325,BIT,0
1770602233.5157325,BIT,1
1770602233.5157325,BIT,1
1770602233.5157325,BIT,1
1770602233.5157325,BIT,0
1770602233.5157325,BIT,0
1770602233.6751587,BIT,1
1770602233.6751587,BIT,0
1770602233.6751587,BIT,0
1770602233.6751587,BIT,1
1770602233.6751587,BIT,0
1770602233.6751587,BIT,0
1770602233.6751587,BIT,1
1770602233.6751587,BIT,1
1770602233.6751587,BIT,1
1770602233.6751587,BIT,0
1770602233.8714657,BIT,0
1770602233.8714657,BIT,1
1770602233.8714657,BIT,1
1770602233.8714657,BIT,0
1770602233.8714657,BIT,0
1770602233.8714657,BIT,1
1770602233.8714657,BIT,0
1770602233.8714657,BIT,1
1770602233.8714657,BIT,1
1770602233.8714657,BIT,1
1770602234.0343568,BIT,1
1770602234.0343568,BIT,1
1770602234.0343568,BIT,0
1770602234.0343568,BIT,0
1770602234.0343568,BIT,1
1770602234.0343568,BIT,1
1770602234.0343568,BIT,0
1770602234.0343568,BIT,0
1770602234.0343568,BIT,1
1770602234.0343568,BIT,0
1770602234.2418206,BIT,0
1770602234.2418206,BIT,1
1770602234.2418206,BIT,1
1770602234.2418206,BIT,1
1770602234.2418206,BIT,1
1770602234.2418206,BIT,1
1770602234.2418206,BIT,0
1770602234.2418206,BIT,0
1770602234.2418206,BIT,0
1770602234.2418206,BIT,1
1770602234.427692,BIT,1
1770602234.427692,BIT,1
1770602234.427692,BIT,1
1770602234.427692,BIT,0
1770602234.427692,BIT,1
1770602234.427692,BIT,0
1770602234.427692,BIT,1
1770602234.427692,BIT,0
1770602234.427692,BIT,0
1770602234.427692,BIT,0
1770602234.6003804,BIT,0
1770602234.6003804,BIT,1
1770602234.6003804,BIT,1
1770602234.6003804,BIT,1
1770602234.6003804,BIT,0
1770602234.6003804,BIT,0
1770602234.6003804,BIT,1
1770602234.6003804,BIT,1
1770602234.6003804,BIT,1
1770602234.6003804,BIT,1
1770602234.7825682,BIT,0
1770602234.7825682,BIT,0
1770602234.7825682,BIT,0
1770602234.7825682,BIT,1
1770602234.7825682,BIT,1
1770602234.7825682,BIT,1
1770602234.7825682,BIT,0
1770602234.7825682,BIT,0
1770602234.7825682,BIT,0
1770602234.7825682,BIT,1
1770602234.9708388,BIT,0
1770602234.9708388,BIT,0
1770602234.9708388,BIT,0
1770602234.9708388,BIT,0
1770602234.9708388,BIT,0
1770602234.9708388,BIT,1
1770602234.9708388,BIT,0
1770602234.9708388,BIT,0
1770602234.9708388,BIT,0
1770602234.9708388,BIT,0
1770602235.228453,BIT,1
1770602235.228453,BIT,1
1770602235.228453,BIT,1
1770602235.228453,BIT,1
1770602235.228453,BIT,1
1770602235.228453,BIT,0
1770602235.228453,BIT,1
1770602235.228453,BIT,1
1770602235.228453,BIT,0
1770602235.228453,BIT,0
1770602235.6067488,BIT,1
1770602235.6067488,BIT,1
1770602235.6067488,BIT,1
1770602235.6067488,BIT,1
1770602235.6067488,BIT,1
1770602235.6067488,BIT,1
1770602235.6067488,BIT,0
1770602235.6067488,BIT,0
1770602235.6067488,BIT,0
1770602235.6067488,BIT,1
1770602235.8744357,BIT,1
1770602235.8744357,BIT,0
1770602235.8744357,BIT,1
1770602235.8744357,BIT,1
1770602235.8744357,BIT,0
1770602235.8744357,BIT,0
1770602235.8744357,BIT,1
1770602235.8744357,BIT,1
1770602235.8744357,BIT,0
1770602235.8744357,BIT,0
1770602236.17671,BIT,1
1770602236.17671,BIT,1
1770602236.17671,BIT,1
1770602236.17671,BIT,1
1770602236.17671,BIT,0
1770602236.17671,BIT,0
1770602236.17671,BIT,0
1770602236.17671,BIT,0
1770602236.17671,BIT,0
1770602236.17671,BIT,0
1770602236.457193,BIT,0
1770602236.457193,BIT,0
1770602236.457193,BIT,0
1770602236.457193,BIT,1
1770602236.457193,BIT,0
1770602236.457193,BIT,0
1770602236.457193,BIT,1
1770602236.457193,BIT,1
1770602236.457193,BIT,0
1770602236.457193,BIT,0
1770602236.7443235,BIT,1
1770602236.7443235,BIT,0
1770602236.7443235,BIT,0
1770602236.7443235,BIT,1
1770602236.7443235,BIT,0
1770602236.7443235,BIT,1
1770602236.7443235,BIT,1
1770602236.7443235,BIT,0
1770602236.7443235,BIT,1
1770602236.7443235,BIT,1
1770602237.0573497,BIT,1
1770602237.0573497,BIT,1
1770602237.0573497,BIT,1
1770602237.0573497,BIT,0
1770602237.0573497,BIT,0
1770602237.0573497,BIT,1
1770602237.0573497,BIT,1
1770602237.0573497,BIT,1
1770602237.0573497,BIT,0
1770602237.0573497,BIT,1
1770602237.3671148,BIT,0
1770602237.3671148,BIT,0
1770602237.3671148,BIT,1
1770602237.3671148,BIT,0
1770602237.3671148,BIT,1
1770602237.3671148,BIT,1
1770602237.3671148,BIT,0
1770602237.3671148,BIT,0
1770602237.3671148,BIT,1
1770602237.3671148,BIT,1
1770602237.6575317,BIT,0
1770602237.6575317,BIT,1
1770602237.6575317,BIT,1
1770602237.6575317,BIT,0
1770602237.6575317,BIT,0
1770602237.6575317,BIT,1
1770602237.6575317,BIT,0
1770602237.6575317,BIT,0
1770602237.6575317,BIT,0
1770602237.6575317,BIT,1
1770602237.950871,BIT,1
1770602237.950871,BIT,1
1770602237.950871,BIT,1
1770602237.950871,BIT,0
1770602237.950871,BIT,1
1770602237.950871,BIT,1
1770602237.950871,BIT,1
1770602237.950871,BIT,0
1770602237.950871,BIT,0
1770602237.950871,BIT,1
1770602238.2473996,BIT,1
1770602238.2473996,BIT,1
1770602238.2473996,BIT,1
1770602238.2473996,BIT,0
1770602238.2473996,BIT,1
1770602238.2473996,BIT,0
1770602238.2473996,BIT,0
1770602238.2473996,BIT,1
1770602238.2473996,BIT,0
1770602238.2473996,BIT,0
1770602238.524579,BIT,1
1770602238.524579,BIT,0
1770602238.524579,BIT,1
1770602238.524579,BIT,0
1770602238.524579,BIT,0
1770602238.524579,BIT,1
1770602238.524579,BIT,0
1770602238.524579,BIT,0
1770602238.524579,BIT,0
1770602238.524579,BIT,0
1770602238.8206775,BIT,0
1770602238.8206775,BIT,0
1770602238.8206775,BIT,1
1770602238.8206775,BIT,1
1770602238.8206775,BIT,0
1770602238.8206775,BIT,1
1770602238.8206775,BIT,0
1770602238.8206775,BIT,1
1770602238.8206775,BIT,1
1770602238.8206775,BIT,0
1770602239.1266222,BIT,0
1770602239.1266222,BIT,1
1770602239.1266222,BIT,0
1770602239.1266222,BIT,1
1770602239.1266222,BIT,1
1770602239.1266222,BIT,1
1770602239.1266222,BIT,1
1770602239.1266222,BIT,0
1770602239.1266222,BIT,1
1770602239.1266222,BIT,0
1770602239.3961089,BIT,0
1770602239.3961089,BIT,1
1770602239.3961089,BIT,1
1770602239.3961089,BIT,0
1770602239.3961089,BIT,0
1770602239.3961089,BIT,1
1770602239.3961089,BIT,1
1770602239.3961089,BIT,0
1770602239.3961089,BIT,1
1770602239.3961089,BIT,0
1770602239.6862657,BIT,1
1770602239.6862657,BIT,0
1770602239.6862657,BIT,1
1770602239.6862657,BIT,0
1770602239.6862657,BIT,1
1770602239.6862657,BIT,0
1770602239.6862657,BIT,0
1770602239.6862657,BIT,0
1770602239.6862657,BIT,1
1770602239.6862657,BIT,0
1770602239.9635236,BIT,0
1770602239.9635236,BIT,1
1770602239.9635236,BIT,0
1770602239.9635236,BIT,1
1770602239.9635236,BIT,1
1770602239.9635236,BIT,1
1770602239.9635236,BIT,1
1770602239.9635236,BIT,0
1770602239.9635236,BIT,0
1770602239.9635236,BIT,0
1770602240.2523274,BIT,1
1770602240.2523274,BIT,0
1770602240.2523274,BIT,1
1770602240.2523274,BIT,0
1770602240.2523274,BIT,1
1770602240.2523274,BIT,0
1770602240.2523274,BIT,1
1770602240.2523274,BIT,1
1770602240.2523274,BIT,0
1770602240.2523274,BIT,0
1770602240.5211456,BIT,0
1770602240.5211456,BIT,1
1770602240.5211456,BIT,1
1770602240.5211456,BIT,1
1770602240.5211456,BIT,1
1770602240.5211456,BIT,1
1770602240.5211456,BIT,0
1770602240.5211456,BIT,0
1770602240.5211456,BIT,0
1770602240.5211456,BIT,1
1770602240.8135397,BIT,0
1770602240.8135397,BIT,1
1770602240.8135397,BIT,0
1770602240.8135397,BIT,1
1770602240.8135397,BIT,0
1770602240.8135397,BIT,0
1770602240.8135397,BIT,0
1770602240.8135397,BIT,1
1770602240.8135397,BIT,1
1770602240.8135397,BIT,1
1770602241.094174,BIT,1
1770602241.094174,BIT,0
1770602241.094174,BIT,0
1770602241.094174,BIT,0
1770602241.094174,BIT,1
1770602241.094174,BIT,1
1770602241.094174,BIT,0
1770602241.094174,BIT,0
1770602241.094174,BIT,0
1770602241.094174,BIT,1
1770602241.3625047,BIT,1
1770602241.3625047,BIT,0
1770602241.3625047,BIT,0
1770602241.3625047,BIT,1
1770602241.3625047,BIT,0
1770602241.3625047,BIT,0
1770602241.3625047,BIT,0
1770602241.3625047,BIT,0
1770602241.3625047,BIT,0
1770602241.3625047,BIT,1
1770602241.6288183,BIT,0
1770602241.6288183,BIT,1
1770602241.6288183,BIT,1
1770602241.6288183,BIT,1
1770602241.6288183,BIT,1
1770602241.6288183,BIT,1
1770602241.6288183,BIT,0
1770602241.6288183,BIT,0
1770602241.6288183,BIT,1
1770602241.6288183,BIT,1
1770602241.9022725,BIT,0
1770602241.9022725,BIT,1
1770602241.9022725,BIT,1
1770602241.9022725,BIT,1
1770602241.9022725,BIT,1
1770602241.9022725,BIT,1
1770602241.9022725,BIT,0
1770602241.9022725,BIT,1
1770602241.9022725,BIT,0
1770602241.9022725,BIT,1
1770602242.1844194,BIT,0
1770602242.1844194,BIT,0
1770602242.1844194,BIT,0
1770602242.1844194,BIT,0
1770602242.1844194,BIT,1
1770602242.1844194,BIT,1
1770602242.1844194,BIT,1
1770602242.1844194,BIT,0
1770602242.1844194,BIT,0
1770602242.1844194,BIT,1
1770602242.4606698,BIT,0
1770602242.4606698,BIT,1
1770602242.4606698,BIT,0
1770602242.4606698,BIT,1
1770602242.4606698,BIT,0
1770602242.4606698,BIT,1
1770602242.4606698,BIT,0
1770602242.4606698,BIT,1
1770602242.4606698,BIT,0
1770602242.4606698,BIT,1
1770602242.7361112,BIT,0
1770602242.7361112,BIT,0
1770602242.7361112,BIT,1
1770602242.7361112,BIT,1
1770602242.7361112,BIT,0
1770602242.7361112,BIT,0
1770602242.7361112,BIT,1
1770602242.7361112,BIT,0
1770602242.7361112,BIT,1
1770602242.7361112,BIT,0
1770602243.0059168,BIT,0
1770602243.0059168,BIT,1
1770602243.0059168,BIT,0
1770602243.0059168,BIT,1
1770602243.0059168,BIT,0
1770602243.0059168,BIT,0
1770602243.0059168,BIT,1
1770602243.0059168,BIT,0
1770602243.0059168,BIT,0
1770602243.0059168,BIT,1
1770602243.287452,BIT,1
1770602243.287452,BIT,0
1770602243.287452,BIT,1
1770602243.287452,BIT,0
1770602243.287452,BIT,0
1770602243.287452,BIT,0
1770602243.287452,BIT,1
1770602243.287452,BIT,1
1770602243.287452,BIT,0
1770602243.287452,BIT,0
1770602243.5574646,BIT,1
1770602243.5574646,BIT,1
1770602243.5574646,BIT,0
1770602243.5574646,BIT,0
1770602243.5574646,BIT,0
1770602243.5574646,BIT,0
1770602243.5574646,BIT,0
1770602243.5574646,BIT,0
1770602243.5574646,BIT,1
1770602243.5574646,BIT,1
1770602243.8712873,BIT,1
1770602243.8712873,BIT,0
1770602243.8712873,BIT,1
1770602243.8712873,BIT,0
1770602243.8712873,BIT,0
1770602243.8712873,BIT,0
1770602243.8712873,BIT,0
1770602243.8712873,BIT,1
1770602243.8712873,BIT,0
1770602243.8712873,BIT,1
1770602244.2143948,BIT,1
1770602244.2143948,BIT,0
1770602244.2143948,BIT,0
1770602244.2143948,BIT,1
1770602244.2143948,BIT,0
1770602244.2143948,BIT,1
1770602244.2143948,BIT,1
1770602244.2143948,BIT,1
1770602244.2143948,BIT,0
1770602244.2143948,BIT,1
1770602244.5650032,BIT,0
1770602244.5650032,BIT,1
1770602244.5650032,BIT,0
1770602244.5650032,BIT,1
1770602244.5650032,BIT,1
1770602244.5650032,BIT,0
1770602244.5650032,BIT,1
1770602244.5650032,BIT,0
1770602244.5650032,BIT,0
1770602244.5650032,BIT,0
1770602244.9357722,BIT,1
1770602244.9357722,BIT,1
1770602244.9357722,BIT,1
1770602244.9357722,BIT,0
1770602244.9357722,BIT,1
1770602244.9357722,BIT,1
1770602244.9357722,BIT,1
1770602244.9357722,BIT,0
1770602244.9357722,BIT,1
1770602244.9357722,BIT,0
1770602245.289572,BIT,0
1770602245.289572,BIT,0
1770602245.289572,BIT,0
1770602245.289572,BIT,1
1770602245.289572,BIT,0
1770602245.289572,BIT,0
1770602245.289572,BIT,1
1770602245.289572,BIT,1
1770602245.289572,BIT,0
1770602245.289572,BIT,0
1770602245.6524284,BIT,0
1770602245.6524284,BIT,1
1770602245.6524284,BIT,0
1770602245.6524284,BIT,0
1770602245.6524284,BIT,1
1770602245.6524284,BIT,1
1770602245.6524284,BIT,1
1770602245.6524284,BIT,1
1770602245.6524284,BIT,1
1770602245.6524284,BIT,1
1770602246.0074158,BIT,1
1770602246.0074158,BIT,0
1770602246.0074158,BIT,0
1770602246.0074158,BIT,0
1770602246.0074158,BIT,0
1770602246.0074158,BIT,1
1770602246.0074158,BIT,0
1770602246.0074158,BIT,1
1770602246.0074158,BIT,0
1770602246.0074158,BIT,0
1770602246.3635457,BIT,0
1770602246.3635457,BIT,0
1770602246.3635457,BIT,1
1770602246.3635457,BIT,1
1770602246.3635457,BIT,0
1770602246.3635457,BIT,1
1770602246.3635457,BIT,1
1770602246.3635457,BIT,1
1770602246.3635457,BIT,1
1770602246.3635457,BIT,0
1770602246.701322,BIT,1
1770602246.701322,BIT,0
1770602246.701322,BIT,0
1770602246.701322,BIT,1
1770602246.701322,BIT,1
1770602246.701322,BIT,0
1770602246.701322,BIT,1
1770602246.701322,BIT,0
1770602246.701322,BIT,0
1770602246.701322,BIT,1
1770602247.0722573,BIT,1
1770602247.0722573,BIT,1
1770602247.0722573,BIT,1
1770602247.0722573,BIT,1
1770602247.0722573,BIT,1
1770602247.0722573,BIT,0
1770602247.0722573,BIT,0
1770602247.0722573,BIT,1
1770602247.0722573,BIT,0
1770602247.0722573,BIT,0
1770602247.4191217,BIT,0
1770602247.4191217,BIT,0
1770602247.4191217,BIT,1
1770602247.4191217,BIT,1
1770602247.4191217,BIT,0
1770602247.4191217,BIT,1
1770602247.4191217,BIT,1
1770602247.4191217,BIT,1
1770602247.4191217,BIT,1
1770602247.4191217,BIT,0
1770602247.6226687,BIT,1
1770602247.6226687,BIT,1
1770602247.6226687,BIT,1
1770602247.6226687,BIT,1
1770602247.6226687,BIT,0
1770602247.6226687,BIT,1
1770602247.6226687,BIT,0
1770602247.6226687,BIT,0
1770602247.6226687,BIT,0
1770602247.6226687,BIT,1
1770602247.821376,BIT,1
1770602247.821376,BIT,0
1770602247.821376,BIT,0
1770602247.821376,BIT,0
1770602247.821376,BIT,1
1770602247.821376,BIT,0
1770602247.821376,BIT,0
1770602247.821376,BIT,1
1770602247.821376,BIT,1
1770602247.821376,BIT,1
1770602248.021014,BIT,0
1770602248.021014,BIT,0
1770602248.021014,BIT,0
1770602248.021014,BIT,0
1770602248.021014,BIT,0
1770602248.021014,BIT,0
1770602248.021014,BIT,0
1770602248.021014,BIT,1
1770602248.021014,BIT,0
1770602248.021014,BIT,0
1770602248.2145824,BIT,1
1770602248.2145824,BIT,1
1770602248.2145824,BIT,0
1770602248.2145824,BIT,1
1770602248.2145824,BIT,0
1770602248.2145824,BIT,1
1770602248.2145824,BIT,0
1770602248.2145824,BIT,1
1770602248.2145824,BIT,0
1770602248.2145824,BIT,1
1770602248.420802,BIT,0
1770602248.420802,BIT,0
1770602248.420802,BIT,1
1770602248.420802,BIT,1
1770602248.420802,BIT,1
1770602248.420802,BIT,1
1770602248.420802,BIT,0
1770602248.420802,BIT,0
1770602248.420802,BIT,0
1770602248.420802,BIT,0
1770602248.6155884,BIT,0
1770602248.6155884,BIT,1
1770602248.6155884,BIT,0
1770602248.6155884,BIT,0
1770602248.6155884,BIT,1
1770602248.6155884,BIT,1
1770602248.6155884,BIT,0
1770602248.6155884,BIT,1
1770602248.6155884,BIT,0
1770602248.6155884,BIT,1
1770602248.8249767,BIT,0
1770602248.8249767,BIT,1
1770602248.8249767,BIT,1
1770602248.8249767,BIT,0
1770602248.8249767,BIT,0
1770602248.8249767,BIT,0
1770602248.8249767,BIT,1
1770602248.8249767,BIT,1
1770602248.8249767,BIT,0
1770602248.8249767,BIT,0
1770602249.0335066,BIT,1
1770602249.0335066,BIT,0
1770602249.0335066,BIT,0
1770602249.0335066,BIT,1
1770602249.0335066,BIT,0
1770602249.0335066,BIT,0
1770602249.0335066,BIT,0
1770602249.0335066,BIT,0
1770602249.0335066,BIT,0
1770602249.0335066,BIT,1
1770602249.238857,BIT,1
1770602249.238857,BIT,1
1770602249.238857,BIT,0
1770602249.238857,BIT,0
1770602249.238857,BIT,0
1770602249.238857,BIT,1
1770602249.238857,BIT,1
1770602249.238857,BIT,0
1770602249.238857,BIT,0
1770602249.238857,BIT,0
1770602249.4450507,BIT,0
1770602249.4450507,BIT,0
1770602249.4450507,BIT,0
1770602249.4450507,BIT,1
1770602249.4450507,BIT,0
1770602249.4450507,BIT,0
1770602249.4450507,BIT,0
1770602249.4450507,BIT,0
1770602249.4450507,BIT,0
1770602249.4450507,BIT,0
1770602249.6581638,BIT,0
1770602249.6581638,BIT,0
1770602249.6581638,BIT,0
1770602249.6581638,BIT,0
1770602249.6581638,BIT,1
1770602249.6581638,BIT,0
1770602249.6581638,BIT,0
1770602249.6581638,BIT,1
1770602249.6581638,BIT,0
1770602249.6581638,BIT,0
1770602249.870949,BIT,0
1770602249.870949,BIT,1
1770602249.870949,BIT,0
1770602249.870949,BIT,1
1770602249.870949,BIT,0
1770602249.870949,BIT,0
1770602249.870949,BIT,1
1770602249.870949,BIT,0
1770602249.870949,BIT,1
1770602249.870949,BIT,0
1770602250.0782866,BIT,0
1770602250.0782866,BIT,0
1770602250.0782866,BIT,0
1770602250.0782866,BIT,0
1770602250.0782866,BIT,1
1770602250.0782866,BIT,1
1770602250.0782866,BIT,1
1770602250.0782866,BIT,1
1770602250.0782866,BIT,1
1770602250.0782866,BIT,0
1770602250.2681174,BIT,0
1770602250.2681174,BIT,1
1770602250.2681174,BIT,0
1770602250.2681174,BIT,1
1770602250.2681174,BIT,0
1770602250.2681174,BIT,1
1770602250.2681174,BIT,1
1770602250.2681174,BIT,1
1770602250.2681174,BIT,0
1770602250.2681174,BIT,1
1770602250.452214,BIT,0
1770602250.452214,BIT,1
1770602250.452214,BIT,1
1770602250.452214,BIT,1
1770602250.452214,BIT,0
1770602250.452214,BIT,0
1770602250.452214,BIT,1
1770602250.452214,BIT,1
1770602250.452214,BIT,1
1770602250.452214,BIT,0
1770602250.6479685,BIT,1
1770602250.6479685,BIT,0
1770602250.6479685,BIT,0
1770602250.6479685,BIT,1
1770602250.6479685,BIT,1
1770602250.6479685,BIT,1
1770602250.6479685,BIT,1
1770602250.6479685,BIT,1
1770602250.6479685,BIT,0
1770602250.6479685,BIT,1
1770602250.8703468,BIT,0
1770602250.8703468,BIT,1
1770602250.8703468,BIT,0
1770602250.8703468,BIT,1
1770602250.8703468,BIT,1
1770602250.8703468,BIT,1
1770602250.8703468,BIT,0
1770602250.8703468,BIT,0
1770602250.8703468,BIT,0
1770602250.8703468,BIT,1
1770602251.1345837,BIT,0
1770602251.1345837,BIT,0
1770602251.1345837,BIT,1
1770602251.1345837,BIT,0
1770602251.1345837,BIT,0
1770602251.1345837,BIT,1
1770602251.1345837,BIT,1
1770602251.1345837,BIT,0
1770602251.1345837,BIT,0
1770602251.1345837,BIT,1
1770602251.345697,BIT,0
1770602251.345697,BIT,0
1770602251.345697,BIT,0
1770602251.345697,BIT,1
1770602251.345697,BIT,1
1770602251.345697,BIT,1
1770602251.345697,BIT,1
1770602251.345697,BIT,1
1770602251.345697,BIT,1
1770602251.345697,BIT,0
1770602251.5554821,BIT,0
1770602251.5554821,BIT,0
1770602251.5554821,BIT,0
1770602251.5554821,BIT,1
1770602251.5554821,BIT,1
1770602251.5554821,BIT,0
1770602251.5554821,BIT,0
1770602251.5554821,BIT,1
1770602251.5554821,BIT,1
1770602251.5554821,BIT,0
1770602251.7545586,BIT,0
1770602251.7545586,BIT,1
1770602251.7545586,BIT,1
1770602251.7545586,BIT,0
1770602251.7545586,BIT,1
1770602251.7545586,BIT,1
1770602251.7545586,BIT,0
1770602251.7545586,BIT,0
1770602251.7545586,BIT,0
1770602251.7545586,BIT,0
1770602251.9667006,BIT,0
1770602251.9667006,BIT,1
1770602251.9667006,BIT,0
1770602251.9667006,BIT,0
1770602251.9667006,BIT,0
1770602251.9667006,BIT,0
1770602251.9667006,BIT,1
1770602251.9667006,BIT,1
1770602251.9667006,BIT,1
1770602251.9667006,BIT,0
1770602252.1718135,BIT,1
1770602252.1718135,BIT,1
1770602252.1718135,BIT,1
1770602252.1718135,BIT,0
1770602252.1718135,BIT,1
1770602252.1718135,BIT,0
1770602252.1718135,BIT,0
1770602252.1718135,BIT,0
1770602252.1718135,BIT,0
1770602252.1718135,BIT,1
1770602252.368326,BIT,1
1770602252.368326,BIT,0
1770602252.368326,BIT,0
1770602252.368326,BIT,1
1770602252.368326,BIT,0
1770602252.368326,BIT,0
1770602252.368326,BIT,0
1770602252.368326,BIT,1
1770602252.368326,BIT,0
1770602252.368326,BIT,1
1770602252.5552533,BIT,0
1770602252.5552533,BIT,1
1770602252.5552533,BIT,0
1770602252.5552533,BIT,0
1770602252.5552533,BIT,0
1770602252.5552533,BIT,0
1770602252.5552533,BIT,0
1770602252.5552533,BIT,1
1770602252.5552533,BIT,0
1770602252.5552533,BIT,1
1770602252.739407,BIT,0
1770602252.739407,BIT,1
1770602252.739407,BIT,0
1770602252.739407,BIT,0
1770602252.739407,BIT,1
1770602252.739407,BIT,1
1770602252.739407,BIT,0
1770602252.739407,BIT,1
1770602252.739407,BIT,1
1770602252.739407,BIT,1
1770602252.941713,BIT,1
1770602252.941713,BIT,0
1770602252.941713,BIT,0
1770602252.941713,BIT,1
1770602252.941713,BIT,1
1770602252.941713,BIT,1
1770602252.941713,BIT,1
1770602252.941713,BIT,1
1770602252.941713,BIT,1
1770602252.941713,BIT,1
1770602253.1542878,BIT,1
1770602253.1542878,BIT,0
1770602253.1542878,BIT,1
1770602253.1542878,BIT,1
1770602253.1542878,BIT,1
1770602253.1542878,BIT,1
1770602253.1542878,BIT,1
1770602253.1542878,BIT,1
1770602253.1542878,BIT,0
1770602253.1542878,BIT,1
1770602253.3733618,BIT,1
1770602253.3733618,BIT,0
1770602253.3733618,BIT,0
1770602253.3733618,BIT,0
1770602253.3733618,BIT,1
1770602253.3733618,BIT,1
1770602253.3733618,BIT,0
1770602253.3733618,BIT,1
1770602253.3733618,BIT,1
1770602253.3733618,BIT,1
1770602253.5685666,BIT,1
1770602253.5685666,BIT,1
1770602253.5685666,BIT,1
1770602253.5685666,BIT,1
1770602253.5685666,BIT,0
1770602253.5685666,BIT,0
1770602253.5685666,BIT,0
1770602253.5685666,BIT,1
1770602253.5685666,BIT,0
1770602253.5685666,BIT,1
1770602253.8106573,BIT,0
1770602253.8106573,BIT,1
1770602253.8106573,BIT,0
1770602253.8106573,BIT,1
1770602253.8106573,BIT,0
1770602253.8106573,BIT,0
1770602253.8106573,BIT,0
1770602253.8106573,BIT,1
1770602253.8106573,BIT,1
1770602253.8106573,BIT,0
1770602254.0622203,BIT,0
1770602254.0622203,BIT,0
1770602254.0622203,BIT,0
1770602254.0622203,BIT,0
1770602254.0622203,BIT,0
1770602254.0622203,BIT,0
1770602254.0622203,BIT,1
1770602254.0622203,BIT,1
1770602254.0622203,BIT,1
1770602254.0622203,BIT,0
1770602254.2695158,BIT,0
1770602254.2695158,BIT,1
1770602254.2695158,BIT,1
1770602254.2695158,BIT,0
1770602254.2695158,BIT,1
1770602254.2695158,BIT,1
1770602254.2695158,BIT,1
1770602254.2695158,BIT,0
1770602254.2695158,BIT,1
1770602254.2695158,BIT,0
1770602254.4763258,BIT,0
1770602254.4763258,BIT,1
1770602254.4763258,BIT,0
1770602254.4763258,BIT,1
1770602254.4763258,BIT,1
1770602254.4763258,BIT,0
1770602254.4763258,BIT,1
1770602254.4763258,BIT,0
1770602254.4763258,BIT,1
1770602254.4763258,BIT,0
1770602254.6985147,BIT,1
1770602254.6985147,BIT,0
1770602254.6985147,BIT,0
1770602254.6985147,BIT,1
1770602254.6985147,BIT,0
1770602254.6985147,BIT,0
1770602254.6985147,BIT,1
1770602254.6985147,BIT,1
1770602254.6985147,BIT,1
1770602254.6985147,BIT,1
1770602254.925482,BIT,1
1770602254.925482,BIT,0
1770602254.925482,BIT,0
1770602254.925482,BIT,0
1770602254.925482,BIT,0
1770602254.925482,BIT,1
1770602254.925482,BIT,1
1770602254.925482,BIT,0
1770602254.925482,BIT,1
1770602254.925482,BIT,1
1770602255.1326544,BIT,1
1770602255.1326544,BIT,1
1770602255.1326544,BIT,0
1770602255.1326544,BIT,1
1770602255.1326544,BIT,1
1770602255.1326544,BIT,0
1770602255.1326544,BIT,1
1770602255.1326544,BIT,0
1770602255.1326544,BIT,0
1770602255.1326544,BIT,1
1770602255.3439429,BIT,0
1770602255.3439429,BIT,1
1770602255.3439429,BIT,0
1770602255.3439429,BIT,1
1770602255.3439429,BIT,0
1770602255.3439429,BIT,1
1770602255.3439429,BIT,1
1770602255.3439429,BIT,0
1770602255.3439429,BIT,0
1770602255.3439429,BIT,0
1770602255.5530946,BIT,0
1770602255.5530946,BIT,1
1770602255.5530946,BIT,1
1770602255.5530946,BIT,1
1770602255.5530946,BIT,1
1770602255.5530946,BIT,1
1770602255.5530946,BIT,0
1770602255.5530946,BIT,0
1770602255.5530946,BIT,1
1770602255.5530946,BIT,1
1770602255.7933023,BIT,1
1770602255.7933023,BIT,1
1770602255.7933023,BIT,1
1770602255.7933023,BIT,0
1770602255.7933023,BIT,1
1770602255.7933023,BIT,0
1770602255.7933023,BIT,1
1770602255.7933023,BIT,1
1770602255.7933023,BIT,1
1770602255.7933023,BIT,1
1770602255.9851973,BIT,1
1770602255.9851973,BIT,0
1770602255.9851973,BIT,1
1770602255.9851973,BIT,0
1770602255.9851973,BIT,1
1770602255.9851973,BIT,0
1770602255.9851973,BIT,0
1770602255.9851973,BIT,0
1770602255.9851973,BIT,1
1770602255.9851973,BIT,0
1770602256.217834,BIT,1
1770602256.217834,BIT,1
1770602256.217834,BIT,0
1770602256.217834,BIT,1
1770602256.217834,BIT,0
1770602256.217834,BIT,1
1770602256.217834,BIT,0
1770602256.217834,BIT,0
1770602256.217834,BIT,1
1770602256.217834,BIT,0
1770602256.4197056,BIT,1
1770602256.4197056,BIT,1
1770602256.4197056,BIT,1
1770602256.4197056,BIT,1
1770602256.4197056,BIT,1
1770602256.4197056,BIT,1
1770602256.4197056,BIT,0
1770602256.4197056,BIT,1
1770602256.4197056,BIT,1
1770602256.4197056,BIT,1
1770602256.6285813,BIT,1
1770602256.6285813,BIT,0
1770602256.6285813,BIT,1
1770602256.6285813,BIT,1
1770602256.6285813,BIT,1
1770602256.6285813,BIT,1
1770602256.6285813,BIT,1
1770602256.6285813,BIT,0
1770602256.6285813,BIT,0
1770602256.6285813,BIT,1
1770602256.8446724,BIT,1
1770602256.8446724,BIT,0
1770602256.8446724,BIT,1
1770602256.8446724,BIT,1
1770602256.8446724,BIT,0
1770602256.8446724,BIT,1
1770602256.8446724,BIT,0
1770602256.8446724,BIT,0
1770602256.8446724,BIT,1
1770602256.8446724,BIT,1
1770602257.1031344,BIT,0
1770602257.1031344,BIT,0
1770602257.1031344,BIT,0
1770602257.1031344,BIT,1
1770602257.1031344,BIT,1
1770602257.1031344,BIT,1
1770602257.1031344,BIT,0
1770602257.1031344,BIT,0
1770602257.1031344,BIT,0
1770602257.1031344,BIT,1
1770602257.3250694,BIT,0
1770602257.3250694,BIT,0
1770602257.3250694,BIT,0
1770602257.3250694,BIT,1
1770602257.3250694,BIT,0
1770602257.3250694,BIT,0
1770602257.3250694,BIT,1
1770602257.3250694,BIT,0
1770602257.3250694,BIT,0
1770602257.3250694,BIT,0
1770602257.5357733,BIT,1
1770602257.5357733,BIT,0
1770602257.5357733,BIT,1
1770602257.5357733,BIT,0
1770602257.5357733,BIT,0
1770602257.5357733,BIT,0
1770602257.5357733,BIT,0
1770602257.5357733,BIT,0
1770602257.5357733,BIT,1
1770602257.5357733,BIT,0
1770602257.7493296,BIT,1
1770602257.7493296,BIT,1
1770602257.7493296,BIT,1
1770602257.7493296,BIT,1
1770602257.7493296,BIT,1
1770602257.7493296,BIT,0
1770602257.7493296,BIT,1
1770602257.7493296,BIT,0
1770602257.7493296,BIT,0
1770602257.7493296,BIT,1
1770602257.966778,BIT,1
1770602257.966778,BIT,0
1770602257.966778,BIT,0
1770602257.966778,BIT,1
1770602257.966778,BIT,1
1770602257.966778,BIT,1
1770602257.966778,BIT,0
1770602257.966778,BIT,0
1770602257.966778,BIT,0
1770602257.966778,BIT,1
1770602258.167274,BIT,0
1770602258.167274,BIT,1
1770602258.167274,BIT,0
1770602258.167274,BIT,1
1770602258.167274,BIT,0
1770602258.167274,BIT,0
1770602258.167274,BIT,0
1770602258.167274,BIT,1
1770602258.167274,BIT,0
1770602258.167274,BIT,0
1770602258.3507648,BIT,1
1770602258.3507648,BIT,0
1770602258.3507648,BIT,1
1770602258.3507648,BIT,0
1770602258.3507648,BIT,1
1770602258.3507648,BIT,0
1770602258.3507648,BIT,1
1770602258.3507648,BIT,0
1770602258.3507648,BIT,0
1770602258.3507648,BIT,1
1770602258.5186584,BIT,1
1770602258.5186584,BIT,0
1770602258.5186584,BIT,0
1770602258.5186584,BIT,1
1770602258.5186584,BIT,0
1770602258.5186584,BIT,0
1770602258.5186584,BIT,1
1770602258.5186584,BIT,1
1770602258.5186584,BIT,0
1770602258.5186584,BIT,1
1770602258.6895308,BIT,0
1770602258.6895308,BIT,1
1770602258.6895308,BIT,1
1770602258.6895308,BIT,1
1770602258.6895308,BIT,1
1770602258.6895308,BIT,0
1770602258.6895308,BIT,1
1770602258.6895308,BIT,0
1770602258.6895308,BIT,1
1770602258.6895308,BIT,1
1770602258.8731196,BIT,1
1770602258.8731196,BIT,1
1770602258.8731196,BIT,0
1770602258.8731196,BIT,1
1770602258.8731196,BIT,0
1770602258.8731196,BIT,1
1770602258.8731196,BIT,1
1770602258.8731196,BIT,0
1770602258.8731196,BIT,1
1770602258.8731196,BIT,0
1770602259.0484912,BIT,1
1770602259.0484912,BIT,0
1770602259.0484912,BIT,1
1770602259.0484912,BIT,0
1770602259.0484912,BIT,0
1770602259.0484912,BIT,1
1770602259.0484912,BIT,0
1770602259.0484912,BIT,1
1770602259.0484912,BIT,0
1770602259.0484912,BIT,1
1770602259.2205825,BIT,1
1770602259.2205825,BIT,1
1770602259.2205825,BIT,1
1770602259.2205825,BIT,1
1770602259.2205825,BIT,0
1770602259.2205825,BIT,1
1770602259.2205825,BIT,0
1770602259.2205825,BIT,1
1770602259.2205825,BIT,0
1770602259.2205825,BIT,1
1770602259.3919442,BIT,1
1770602259.3919442,BIT,1
1770602259.3919442,BIT,0
1770602259.3919442,BIT,1
1770602259.3919442,BIT,1
1770602259.3919442,BIT,0
1770602259.3919442,BIT,1
1770602259.3919442,BIT,1
1770602259.3919442,BIT,0
1770602259.3919442,BIT,1
1770602259.563191,BIT,1
1770602259.563191,BIT,1
1770602259.563191,BIT,1
1770602259.563191,BIT,0
1770602259.563191,BIT,1
1770602259.563191,BIT,1
1770602259.563191,BIT,1
1770602259.563191,BIT,1
1770602259.563191,BIT,0
1770602259.563191,BIT,0
1770602259.727155,BIT,1
1770602259.727155,BIT,0
1770602259.727155,BIT,0
1770602259.727155,BIT,0
1770602259.727155,BIT,1
1770602259.727155,BIT,0
1770602259.727155,BIT,1
1770602259.727155,BIT,1
1770602259.727155,BIT,1
1770602259.727155,BIT,0
1770602259.8964708,BIT,0
1770602259.8964708,BIT,1
1770602259.8964708,BIT,1
1770602259.8964708,BIT,1
1770602259.8964708,BIT,1
1770602259.8964708,BIT,1
1770602259.8964708,BIT,1
1770602259.8964708,BIT,0
1770602259.8964708,BIT,0
1770602259.8964708,BIT,1
1770602260.0593207,BIT,1
1770602260.0593207,BIT,1
1770602260.0593207,BIT,1
1770602260.0593207,BIT,0
1770602260.0593207,BIT,0
1770602260.0593207,BIT,1
1770602260.0593207,BIT,0
1770602260.0593207,BIT,1
1770602260.0593207,BIT,0
1770602260.0593207,BIT,0
1770602260.2290916,BIT,0
1770602260.2290916,BIT,1
1770602260.2290916,BIT,0
1770602260.2290916,BIT,1
1770602260.2290916,BIT,1
1770602260.2290916,BIT,1
1770602260.2290916,BIT,0
1770602260.2290916,BIT,1
1770602260.2290916,BIT,1
1770602260.2290916,BIT,1
1770602260.396304,BIT,0
1770602260.396304,BIT,1
1770602260.396304,BIT,0
1770602260.396304,BIT,1
1770602260.396304,BIT,1
1770602260.396304,BIT,0
1770602260.396304,BIT,0
1770602260.396304,BIT,0
1770602260.396304,BIT,0
1770602260.396304,BIT,0
1770602260.5549579,BIT,1
1770602260.5549579,BIT,1
1770602260.5549579,BIT,0
1770602260.5549579,BIT,1
1770602260.5549579,BIT,0
1770602260.5549579,BIT,1
1770602260.5549579,BIT,0
1770602260.5549579,BIT,0
1770602260.5549579,BIT,0
1770602260.5549579,BIT,0
1770602260.7230005,BIT,0
1770602260.7230005,BIT,1
1770602260.7230005,BIT,0
1770602260.7230005,BIT,1
1770602260.7230005,BIT,1
1770602260.7230005,BIT,0
1770602260.7230005,BIT,0
1770602260.7230005,BIT,0
1770602260.7230005,BIT,1
1770602260.7230005,BIT,1
1770602260.8893044,BIT,0
1770602260.8893044,BIT,0
1770602260.8893044,BIT,1
1770602260.8893044,BIT,0
1770602260.8893044,BIT,1
1770602260.8893044,BIT,1
1770602260.8893044,BIT,1
1770602260.8893044,BIT,0
1770602260.8893044,BIT,0
1770602260.8893044,BIT,1
1770602261.0552156,BIT,0
1770602261.0552156,BIT,0
1770602261.0552156,BIT,0
1770602261.0552156,BIT,1
1770602261.0552156,BIT,0
1770602261.0552156,BIT,1
1770602261.0552156,BIT,1
1770602261.0552156,BIT,0
1770602261.0552156,BIT,0
1770602261.0552156,BIT,1
1770602261.228697,BIT,0
1770602261.228697,BIT,0
1770602261.228697,BIT,1
1770602261.228697,BIT,1
1770602261.228697,BIT,0
1770602261.228697,BIT,0
1770602261.228697,BIT,1
1770602261.228697,BIT,1
1770602261.228697,BIT,1
1770602261.228697,BIT,0
1770602261.3960245,BIT,0
1770602261.3960245,BIT,0
1770602261.3960245,BIT,0
1770602261.3960245,BIT,1
1770602261.3960245,BIT,1
1770602261.3960245,BIT,0
1770602261.3960245,BIT,1
1770602261.3960245,BIT,1
1770602261.3960245,BIT,1
1770602261.3960245,BIT,1
1770602261.5550132,BIT,0
1770602261.5550132,BIT,0
1770602261.5550132,BIT,1
1770602261.5550132,BIT,1
1770602261.5550132,BIT,0
1770602261.5550132,BIT,1
1770602261.5550132,BIT,0
1770602261.5550132,BIT,1
1770602261.5550132,BIT,0
1770602261.5550132,BIT,0
1770602261.7311933,BIT,0
1770602261.7311933,BIT,0
1770602261.7311933,BIT,1
1770602261.7311933,BIT,0
1770602261.7311933,BIT,1
1770602261.7311933,BIT,1
1770602261.7311933,BIT,0
1770602261.7311933,BIT,1
1770602261.7311933,BIT,1
1770602261.7311933,BIT,0
1770602261.8979137,BIT,0
1770602261.8979137,BIT,1
1770602261.8979137,BIT,1
1770602261.8979137,BIT,0
1770602261.8979137,BIT,1
1770602261.8979137,BIT,1
1770602261.8979137,BIT,1
1770602261.8979137,BIT,0
1770602261.8979137,BIT,1
1770602261.8979137,BIT,1
1770602262.0620823,BIT,0
1770602262.0620823,BIT,1
1770602262.0620823,BIT,0
1770602262.0620823,BIT,0
1770602262.0620823,BIT,0
1770602262.0620823,BIT,0
1770602262.0620823,BIT,1
1770602262.0620823,BIT,0
1770602262.0620823,BIT,1
1770602262.0620823,BIT,0
1770602262.2348435,BIT,0
1770602262.2348435,BIT,1
1770602262.2348435,BIT,1
1770602262.2348435,BIT,0
1770602262.2348435,BIT,0
1770602262.2348435,BIT,0
1770602262.2348435,BIT,1
1770602262.2348435,BIT,0
1770602262.2348435,BIT,1
1770602262.2348435,BIT,0
1770602262.407567,BIT,0
1770602262.407567,BIT,0
1770602262.407567,BIT,1
1770602262.407567,BIT,0
1770602262.407567,BIT,1
1770602262.407567,BIT,1
1770602262.407567,BIT,1
1770602262.407567,BIT,0
1770602262.407567,BIT,1
1770602262.407567,BIT,0
1770602262.566969,BIT,0
1770602262.566969,BIT,0
1770602262.566969,BIT,1
1770602262.566969,BIT,1
1770602262.566969,BIT,0
1770602262.566969,BIT,1
1770602262.566969,BIT,1
1770602262.566969,BIT,0
1770602262.566969,BIT,1
1770602262.566969,BIT,1
1770602262.7349505,BIT,1
1770602262.7349505,BIT,1
1770602262.7349505,BIT,0
1770602262.7349505,BIT,0
1770602262.7349505,BIT,1
1770602262.7349505,BIT,1
1770602262.7349505,BIT,0
1770602262.7349505,BIT,0
1770602262.7349505,BIT,1
1770602262.7349505,BIT,0
1770602262.909887,BIT,0
1770602262.909887,BIT,1
1770602262.909887,BIT,0
1770602262.909887,BIT,0
1770602262.909887,BIT,0
1770602262.909887,BIT,1
1770602262.909887,BIT,1
1770602262.909887,BIT,0
1770602262.909887,BIT,1
1770602262.909887,BIT,0
1770602263.0842252,BIT,1
1770602263.0842252,BIT,0
1770602263.0842252,BIT,1
1770602263.0842252,BIT,0
1770602263.0842252,BIT,0
1770602263.0842252,BIT,0
1770602263.0842252,BIT,0
1770602263.0842252,BIT,0
1770602263.0842252,BIT,1
1770602263.0842252,BIT,1
1770602263.270356,BIT,1
1770602263.270356,BIT,0
1770602263.270356,BIT,1
1770602263.270356,BIT,0
1770602263.270356,BIT,0
1770602263.270356,BIT,1
1770602263.270356,BIT,1
1770602263.270356,BIT,0
1770602263.270356,BIT,1
1770602263.270356,BIT,0
1770602263.4504452,BIT,1
1770602263.4504452,BIT,0
1770602263.4504452,BIT,1
1770602263.4504452,BIT,0
1770602263.4504452,BIT,0
1770602263.4504452,BIT,0
1770602263.4504452,BIT,1
1770602263.4504452,BIT,1
1770602263.4504452,BIT,0
1770602263.4504452,BIT,0
1770602263.6256301,BIT,1
1770602263.6256301,BIT,0
1770602263.6256301,BIT,0
1770602263.6256301,BIT,1
1770602263.6256301,BIT,1
1770602263.6256301,BIT,0
1770602263.6256301,BIT,1
1770602263.6256301,BIT,1
1770602263.6256301,BIT,0
1770602263.6256301,BIT,0
1770602263.7936435,BIT,1
1770602263.7936435,BIT,1
1770602263.7936435,BIT,1
1770602263.7936435,BIT,1
1770602263.7936435,BIT,0
1770602263.7936435,BIT,0
1770602263.7936435,BIT,0
1770602263.7936435,BIT,1
1770602263.7936435,BIT,0
1770602263.7936435,BIT,1
1770602263.9729953,BIT,1
1770602263.9729953,BIT,0
1770602263.9729953,BIT,1
1770602263.9729953,BIT,1
1770602263.9729953,BIT,1
1770602263.9729953,BIT,0
1770602263.9729953,BIT,1
1770602263.9729953,BIT,0
1770602263.9729953,BIT,1
1770602263.9729953,BIT,1
1770602264.141334,BIT,0
1770602264.141334,BIT,0
1770602264.141334,BIT,1
1770602264.141334,BIT,0
1770602264.141334,BIT,0
1770602264.141334,BIT,0
1770602264.141334,BIT,1
1770602264.141334,BIT,0
1770602264.141334,BIT,1
1770602264.141334,BIT,0
1770602264.3163567,BIT,1
1770602264.3163567,BIT,1
1770602264.3163567,BIT,0
1770602264.3163567,BIT,1
1770602264.3163567,BIT,1
1770602264.3163567,BIT,1
1770602264.3163567,BIT,0
1770602264.3163567,BIT,1
1770602264.3163567,BIT,0
1770602264.3163567,BIT,0
1770602264.4788163,BIT,0
1770602264.4788163,BIT,0
1770602264.4788163,BIT,0
1770602264.4788163,BIT,0
1770602264.4788163,BIT,1
1770602264.4788163,BIT,0
1770602264.4788163,BIT,1
1770602264.4788163,BIT,0
1770602264.4788163,BIT,1
1770602264.4788163,BIT,1
1770602264.6386204,BIT,1
1770602264.6386204,BIT,0
1770602264.6386204,BIT,0
1770602264.6386204,BIT,0
1770602264.6386204,BIT,0
1770602264.6386204,BIT,0
1770602264.6386204,BIT,1
1770602264.6386204,BIT,0
1770602264.6386204,BIT,0
1770602264.6386204,BIT,1
1770602264.7990222,BIT,0
1770602264.7990222,BIT,1
1770602264.7990222,BIT,1
1770602264.7990222,BIT,1
1770602264.7990222,BIT,0
1770602264.7990222,BIT,0
1770602264.7990222,BIT,0
1770602264.7990222,BIT,0
1770602264.7990222,BIT,0
1770602264.7990222,BIT,0
1770602265.0441658,BIT,0
1770602265.0441658,BIT,0
1770602265.0441658,BIT,0
1770602265.0441658,BIT,1
1770602265.0441658,BIT,0
1770602265.0441658,BIT,0
1770602265.0441658,BIT,0
1770602265.0441658,BIT,1
1770602265.0441658,BIT,1
1770602265.0441658,BIT,1
1770602265.1020236,BIT,1
1770602265.1020236,BIT,1
1770602265.1020236,BIT,1
1770602265.1020236,BIT,1
1770602265.1020236,BIT,0
1770602265.1020236,BIT,1
1770602265.1020236,BIT,1
1770602265.1020236,BIT,1
1770602265.1020236,BIT,1
1770602265.1020236,BIT,1
1770602265.1575162,BIT,0
1770602265.1575162,BIT,1
1770602265.1575162,BIT,0
1770602265.1575162,BIT,1
1770602265.1575162,BIT,1
1770602265.1575162,BIT,0
1770602265.1575162,BIT,1
1770602265.1575162,BIT,1
1770602265.1575162,BIT,0
1770602265.1575162,BIT,1
1770602265.207825,BIT,1
1770602265.207825,BIT,1
1770602265.207825,BIT,1
1770602265.207825,BIT,1
1770602265.207825,BIT,1
1770602265.207825,BIT,1
1770602265.207825,BIT,1
1770602265.207825,BIT,1
1770602265.207825,BIT,0
1770602265.207825,BIT,0
1770602265.2641711,BIT,1
1770602265.2641711,BIT,1
1770602265.2641711,BIT,1
1770602265.2641711,BIT,1
1770602265.2641711,BIT,1
1770602265.2641711,BIT,1
1770602265.2641711,BIT,0
1770602265.2641711,BIT,0
1770602265.2641711,BIT,0
1770602265.2641711,BIT,0
1770602265.3226364,BIT,0
1770602265.3226364,BIT,0
1770602265.3226364,BIT,1
1770602265.3226364,BIT,0
1770602265.3226364,BIT,1
1770602265.3226364,BIT,0
1770602265.3226364,BIT,1
1770602265.3226364,BIT,1
1770602265.3226364,BIT,0
1770602265.3226364,BIT,0
1770602265.379208,BIT,1
1770602265.379208,BIT,0
1770602265.379208,BIT,0
1770602265.379208,BIT,1
1770602265.379208,BIT,0
1770602265.379208,BIT,1
1770602265.379208,BIT,1
1770602265.379208,BIT,0
1770602265.379208,BIT,0
1770602265.379208,BIT,1
1770602265.4395728,BIT,1
1770602265.4395728,BIT,1
1770602265.4395728,BIT,0
1770602265.4395728,BIT,1
1770602265.4395728,BIT,1
1770602265.4395728,BIT,0
1770602265.4395728,BIT,1
1770602265.4395728,BIT,0
1770602265.4395728,BIT,1
1770602265.4395728,BIT,1
1770602265.4942975,BIT,1
1770602265.4942975,BIT,1
1770602265.4942975,BIT,1
1770602265.4942975,BIT,1
1770602265.4942975,BIT,1
1770602265.4942975,BIT,0
1770602265.4942975,BIT,1
1770602265.4942975,BIT,0
1770602265.4942975,BIT,1
1770602265.4942975,BIT,0
1770602265.5449889,BIT,1
1770602265.5449889,BIT,0
1770602265.5449889,BIT,0
1770602265.5449889,BIT,1
1770602265.5449889,BIT,0
1770602265.5449889,BIT,0
1770602265.5449889,BIT,0
1770602265.5449889,BIT,1
1770602265.5449889,BIT,0
1770602265.5449889,BIT,1
1770602265.5993528,BIT,0
1770602265.5993528,BIT,1
1770602265.5993528,BIT,0
1770602265.5993528,BIT,0
1770602265.5993528,BIT,0
1770602265.5993528,BIT,1
1770602265.5993528,BIT,1
1770602265.5993528,BIT,0
1770602265.5993528,BIT,0
1770602265.5993528,BIT,0
1770602265.6502442,BIT,0
1770602265.6502442,BIT,0
1770602265.6502442,BIT,0
1770602265.6502442,BIT,0
1770602265.6502442,BIT,0
1770602265.6502442,BIT,1
1770602265.6502442,BIT,0
1770602265.6502442,BIT,0
1770602265.6502442,BIT,0
1770602265.6502442,BIT,0
1770602265.7072065,BIT,1
1770602265.7072065,BIT,0
1770602265.7072065,BIT,1
1770602265.7072065,BIT,1
1770602265.7072065,BIT,0
1770602265.7072065,BIT,1
1770602265.7072065,BIT,0
1770602265.7072065,BIT,0
1770602265.7072065,BIT,0
1770602265.7072065,BIT,0
1770602265.7634811,BIT,1
1770602265.7634811,BIT,1
1770602265.7634811,BIT,0
1770602265.7634811,BIT,0
1770602265.7634811,BIT,1
1770602265.7634811,BIT,0
1770602265.7634811,BIT,0
1770602265.7634811,BIT,0
1770602265.7634811,BIT,1
1770602265.7634811,BIT,0
1770602265.8214731,BIT,1
1770602265.8214731,BIT,0
1770602265.8214731,BIT,1
1770602265.8214731,BIT,1
1770602265.8214731,BIT,0
1770602265.8214731,BIT,1
1770602265.8214731,BIT,0
1770602265.8214731,BIT,1
1770602265.8214731,BIT,1
1770602265.8214731,BIT,1
1770602265.872853,BIT,0
1770602265.872853,BIT,0
1770602265.872853,BIT,0
1770602265.872853,BIT,0
1770602265.872853,BIT,0
1770602265.872853,BIT,0
1770602265.872853,BIT,1
1770602265.872853,BIT,0
1770602265.872853,BIT,0
1770602265.872853,BIT,1
1770602265.9253361,BIT,0
1770602265.9253361,BIT,1
1770602265.9253361,BIT,0
1770602265.9253361,BIT,0
1770602265.9253361,BIT,1
1770602265.9253361,BIT,0
1770602265.9253361,BIT,0
1770602265.9253361,BIT,1
1770602265.9253361,BIT,1
1770602265.9253361,BIT,0
1770602265.9819949,BIT,0
1770602265.9819949,BIT,1
1770602265.9819949,BIT,1
1770602265.9819949,BIT,0
1770602265.9819949,BIT,0
1770602265.9819949,BIT,1
1770602265.9819949,BIT,0
1770602265.9819949,BIT,0
1770602265.9819949,BIT,0
1770602265.9819949,BIT,1
1770602266.041503,BIT,1
1770602266.041503,BIT,1
1770602266.041503,BIT,0
1770602266.041503,BIT,1
1770602266.041503,BIT,0
1770602266.041503,BIT,0
1770602266.041503,BIT,1
1770602266.041503,BIT,1
1770602266.041503,BIT,0
1770602266.041503,BIT,1
1770602266.0962756,BIT,0
1770602266.0962756,BIT,0
1770602266.0962756,BIT,0
1770602266.0962756,BIT,1
1770602266.0962756,BIT,0
1770602266.0962756,BIT,1
1770602266.0962756,BIT,0
1770602266.0962756,BIT,1
1770602266.0962756,BIT,1
1770602266.0962756,BIT,0
1770602266.1497078,BIT,1
1770602266.1497078,BIT,1
1770602266.1497078,BIT,0
1770602266.1497078,BIT,0
1770602266.1497078,BIT,1
1770602266.1497078,BIT,0
1770602266.1497078,BIT,0
1770602266.1497078,BIT,1
1770602266.1497078,BIT,0
1770602266.1497078,BIT,0
1770602266.2036936,BIT,1
1770602266.2036936,BIT,0
1770602266.2036936,BIT,0
1770602266.2036936,BIT,0
1770602266.2036936,BIT,1
1770602266.2036936,BIT,1
1770602266.2036936,BIT,0
1770602266.2036936,BIT,1
1770602266.2036936,BIT,1
1770602266.2036936,BIT,1
1770602266.2602425,BIT,1
1770602266.2602425,BIT,0
1770602266.2602425,BIT,0
1770602266.2602425,BIT,1
1770602266.2602425,BIT,1
1770602266.2602425,BIT,1
1770602266.2602425,BIT,0
1770602266.2602425,BIT,1
1770602266.2602425,BIT,0
1770602266.2602425,BIT,1
1770602266.316605,BIT,1
1770602266.316605,BIT,0
1770602266.316605,BIT,1
1770602266.316605,BIT,1
1770602266.316605,BIT,0
1770602266.316605,BIT,1
1770602266.316605,BIT,1
1770602266.316605,BIT,0
1770602266.316605,BIT,0
1770602266.316605,BIT,1
1770602266.367342,BIT,1
1770602266.367342,BIT,0
1770602266.367342,BIT,1
1770602266.367342,BIT,1
1770602266.367342,BIT,1
1770602266.367342,BIT,0
1770602266.367342,BIT,1
1770602266.367342,BIT,1
1770602266.367342,BIT,1
1770602266.367342,BIT,1
1770602266.4186883,BIT,0
1770602266.4186883,BIT,1
1770602266.4186883,BIT,0
1770602266.4186883,BIT,0
1770602266.4186883,BIT,0
1770602266.4186883,BIT,0
1770602266.4186883,BIT,0
1770602266.4186883,BIT,1
1770602266.4186883,BIT,0
1770602266.4186883,BIT,1
1770602266.4797025,BIT,1
1770602266.4797025,BIT,1
1770602266.4797025,BIT,1
1770602266.4797025,BIT,0
1770602266.4797025,BIT,0
1770602266.4797025,BIT,1
1770602266.4797025,BIT,0
1770602266.4797025,BIT,0
1770602266.4797025,BIT,0
1770602266.4797025,BIT,0
1770602266.5385516,BIT,1
1770602266.5385516,BIT,1
1770602266.5385516,BIT,0
1770602266.5385516,BIT,0
1770602266.5385516,BIT,1
1770602266.5385516,BIT,1
1770602266.5385516,BIT,0
1770602266.5385516,BIT,1
1770602266.5385516,BIT,0
1770602266.5385516,BIT,1
1770602266.5887113,BIT,1
1770602266.5887113,BIT,0
1770602266.5887113,BIT,1
1770602266.5887113,BIT,0
1770602266.5887113,BIT,0
1770602266.5887113,BIT,1
1770602266.5887113,BIT,0
1770602266.5887113,BIT,1
1770602266.5887113,BIT,0
1770602266.5887113,BIT,0
1770602266.6436741,BIT,1
1770602266.6436741,BIT,1
1770602266.6436741,BIT,1
1770602266.6436741,BIT,1
1770602266.6436741,BIT,1
1770602266.6436741,BIT,1
1770602266.6436741,BIT,1
1770602266.6436741,BIT,0
1770602266.6436741,BIT,0
1770602266.6436741,BIT,1
1770602266.6960783,BIT,0
1770602266.6960783,BIT,1
1770602266.6960783,BIT,0
1770602266.6960783,BIT,1
1770602266.6960783,BIT,0
1770602266.6960783,BIT,0
1770602266.6960783,BIT,0
1770602266.6960783,BIT,1
1770602266.6960783,BIT,1
1770602266.6960783,BIT,0
1770602266.7542105,BIT,1
1770602266.7542105,BIT,1
1770602266.7542105,BIT,0
1770602266.7542105,BIT,1
1770602266.7542105,BIT,1
1770602266.7542105,BIT,1
1770602266.7542105,BIT,0
1770602266.7542105,BIT,0
1770602266.7542105,BIT,0
1770602266.7542105,BIT,1
1770602266.8082318,BIT,0
1770602266.8082318,BIT,1
1770602266.8082318,BIT,1
1770602266.8082318,BIT,1
1770602266.8082318,BIT,1
1770602266.8082318,BIT,1
1770602266.8082318,BIT,0
1770602266.8082318,BIT,1
1770602266.8082318,BIT,1
1770602266.8082318,BIT,1
1770602266.8593776,BIT,0
1770602266.8593776,BIT,0
1770602266.8593776,BIT,0
1770602266.8593776,BIT,0
1770602266.8593776,BIT,0
1770602266.8593776,BIT,1
1770602266.8593776,BIT,0
1770602266.8593776,BIT,0
1770602266.8593776,BIT,0
1770602266.8593776,BIT,1
1770602266.9117742,BIT,1
1770602266.9117742,BIT,1
1770602266.9117742,BIT,0
1770602266.9117742,BIT,1
1770602266.9117742,BIT,1
1770602266.9117742,BIT,1
1770602266.9117742,BIT,1
1770602266.9117742,BIT,1
1770602266.9117742,BIT,0
1770602266.9117742,BIT,0
1770602266.9709735,BIT,0
1770602266.9709735,BIT,1
1770602266.9709735,BIT,1
1770602266.9709735,BIT,1
1770602266.9709735,BIT,0
1770602266.9709735,BIT,1
1770602266.9709735,BIT,0
1770602266.9709735,BIT,0
1770602266.9709735,BIT,1
1770602266.9709735,BIT,0
1770602267.027999,BIT,1
1770602267.027999,BIT,0
1770602267.027999,BIT,1
1770602267.027999,BIT,0
1770602267.027999,BIT,0
1770602267.027999,BIT,0
1770602267.027999,BIT,1
1770602267.027999,BIT,0
1770602267.027999,BIT,1
1770602267.027999,BIT,1
1770602267.0833035,BIT,0
1770602267.0833035,BIT,1
1770602267.0833035,BIT,1
1770602267.0833035,BIT,0
1770602267.0833035,BIT,0
1770602267.0833035,BIT,1
1770602267.0833035,BIT,0
1770602267.0833035,BIT,0
1770602267.0833035,BIT,1
1770602267.0833035,BIT,1
1770602267.1438293,BIT,1
1770602267.1438293,BIT,1
1770602267.1438293,BIT,1
1770602267.1438293,BIT,1
1770602267.1438293,BIT,1
1770602267.1438293,BIT,0
1770602267.1438293,BIT,1
1770602267.1438293,BIT,0
1770602267.1438293,BIT,1
1770602267.1438293,BIT,1
1770602267.1992993,BIT,1
1770602267.1992993,BIT,1
1770602267.1992993,BIT,0
1770602267.1992993,BIT,1
1770602267.1992993,BIT,0
1770602267.1992993,BIT,1
1770602267.1992993,BIT,1
1770602267.1992993,BIT,0
1770602267.1992993,BIT,0
1770602267.1992993,BIT,0
1770602267.2558246,BIT,1
1770602267.2558246,BIT,1
1770602267.2558246,BIT,0
1770602267.2558246,BIT,0
1770602267.2558246,BIT,1
1770602267.2558246,BIT,0
1770602267.2558246,BIT,0
1770602267.2558246,BIT,0
1770602267.2558246,BIT,0
1770602267.2558246,BIT,1
1770602267.3117926,BIT,0
1770602267.3117926,BIT,1
1770602267.3117926,BIT,0
1770602267.3117926,BIT,1
1770602267.3117926,BIT,0
1770602267.3117926,BIT,1
1770602267.3117926,BIT,1
1770602267.3117926,BIT,0
1770602267.3117926,BIT,1
1770602267.3117926,BIT,0
1770602267.3713846,BIT,1
1770602267.3713846,BIT,1
1770602267.3713846,BIT,1
1770602267.3713846,BIT,1
1770602267.3713846,BIT,0
1770602267.3713846,BIT,0
1770602267.3713846,BIT,1
1770602267.3713846,BIT,1
1770602267.3713846,BIT,1
1770602267.3713846,BIT,0
1770602267.4221249,BIT,0
1770602267.4221249,BIT,0
1770602267.4221249,BIT,1
1770602267.4221249,BIT,0
1770602267.4221249,BIT,1
1770602267.4221249,BIT,1
1770602267.4221249,BIT,1
1770602267.4221249,BIT,1
1770602267.4221249,BIT,0
1770602267.4221249,BIT,1
1770602267.4740334,BIT,1
1770602267.4740334,BIT,0
1770602267.4740334,BIT,1
1770602267.4740334,BIT,1
1770602267.4740334,BIT,1
1770602267.4740334,BIT,0
1770602267.4740334,BIT,1
1770602267.4740334,BIT,1
1770602267.4740334,BIT,0
1770602267.4740334,BIT,0
1770602267.5250158,BIT,1
1770602267.5250158,BIT,1
1770602267.5250158,BIT,0
1770602267.5250158,BIT,1
1770602267.5250158,BIT,0
1770602267.5250158,BIT,0
1770602267.5250158,BIT,0
1770602267.5250158,BIT,0
1770602267.5250158,BIT,0
1770602267.5250158,BIT,0
1770602267.5752587,BIT,1
1770602267.5752587,BIT,0
1770602267.5752587,BIT,0
1770602267.5752587,BIT,1
1770602267.5752587,BIT,0
1770602267.5752587,BIT,0
1770602267.5752587,BIT,1
1770602267.5752587,BIT,0
1770602267.5752587,BIT,0
1770602267.5752587,BIT,1
1770602267.6301978,BIT,1
1770602267.6301978,BIT,1
1770602267.6301978,BIT,1
1770602267.6301978,BIT,1
1770602267.6301978,BIT,1
1770602267.6301978,BIT,0
1770602267.6301978,BIT,0
1770602267.6301978,BIT,0
1770602267.6301978,BIT,1
1770602267.6301978,BIT,0
1770602267.6806455,BIT,0
1770602267.6806455,BIT,1
1770602267.6806455,BIT,0
1770602267.6806455,BIT,1
1770602267.6806455,BIT,1
1770602267.6806455,BIT,1
1770602267.6806455,BIT,1
1770602267.6806455,BIT,0
1770602267.6806455,BIT,0
1770602267.6806455,BIT,1
1770602267.738539,BIT,1
1770602267.738539,BIT,0
1770602267.738539,BIT,1
1770602267.738539,BIT,0
1770602267.738539,BIT,0
1770602267.738539,BIT,1
1770602267.738539,BIT,0
1770602267.738539,BIT,0
1770602267.738539,BIT,1
1770602267.738539,BIT,0
1770602267.7923136,BIT,1
1770602267.7923136,BIT,0
1770602267.7923136,BIT,1
1770602267.7923136,BIT,0
1770602267.7923136,BIT,1
1770602267.7923136,BIT,1
1770602267.7923136,BIT,0
1770602267.7923136,BIT,1
1770602267.7923136,BIT,0
1770602267.7923136,BIT,0
1770602267.844245,BIT,0
1770602267.844245,BIT,1
1770602267.844245,BIT,0
1770602267.844245,BIT,0
1770602267.844245,BIT,0
1770602267.844245,BIT,0
1770602267.844245,BIT,0
1770602267.844245,BIT,0
1770602267.844245,BIT,1
1770602267.844245,BIT,1
1770602267.8968124,BIT,1
1770602267.8968124,BIT,1
1770602267.8968124,BIT,1
1770602267.8968124,BIT,0
1770602267.8968124,BIT,1
1770602267.8968124,BIT,0
1770602267.8968124,BIT,1
1770602267.8968124,BIT,0
1770602267.8968124,BIT,1
1770602267.8968124,BIT,0
1770602267.9499412,BIT,1
1770602267.9499412,BIT,1
1770602267.9499412,BIT,1
1770602267.9499412,BIT,1
1770602267.9499412,BIT,0
1770602267.9499412,BIT,1
1770602267.9499412,BIT,0
1770602267.9499412,BIT,0
1770602267.9499412,BIT,0
1770602267.9499412,BIT,0
1770602268.004999,BIT,1
1770602268.004999,BIT,1
1770602268.004999,BIT,1
1770602268.004999,BIT,0
1770602268.004999,BIT,0
1770602268.004999,BIT,1
1770602268.004999,BIT,0
1770602268.004999,BIT,0
1770602268.004999,BIT,0
1770602268.004999,BIT,0
1770602268.058319,BIT,1
1770602268.058319,BIT,0
1770602268.058319,BIT,1
1770602268.058319,BIT,1
1770602268.058319,BIT,0
1770602268.058319,BIT,1
1770602268.058319,BIT,1
1770602268.058319,BIT,0
1770602268.058319,BIT,0
1770602268.058319,BIT,0
1770602268.1166387,BIT,1
1770602268.1166387,BIT,1
1770602268.1166387,BIT,1
1770602268.1166387,BIT,0
1770602268.1166387,BIT,1
1770602268.1166387,BIT,0
1770602268.1166387,BIT,1
1770602268.1166387,BIT,0
1770602268.1166387,BIT,1
1770602268.1166387,BIT,1
1770602268.1684833,BIT,0
1770602268.1684833,BIT,1
1770602268.1684833,BIT,0
1770602268.1684833,BIT,1
1770602268.1684833,BIT,0
1770602268.1684833,BIT,0
1770602268.1684833,BIT,0
1770602268.1684833,BIT,0
1770602268.1684833,BIT,1
1770602268.1684833,BIT,0
1770602268.2196922,BIT,0
1770602268.2196922,BIT,1
1770602268.2196922,BIT,0
1770602268.2196922,BIT,1
1770602268.2196922,BIT,0
1770602268.2196922,BIT,0
1770602268.2196922,BIT,1
1770602268.2196922,BIT,0
1770602268.2196922,BIT,0
1770602268.2196922,BIT,1
1770602268.2723408,BIT,1
1770602268.2723408,BIT,1
1770602268.2723408,BIT,0
1770602268.2723408,BIT,1
1770602268.2723408,BIT,0
1770602268.2723408,BIT,1
1770602268.2723408,BIT,1
1770602268.2723408,BIT,1
1770602268.2723408,BIT,1
1770602268.2723408,BIT,0
1770602268.3243384,BIT,0
1770602268.3243384,BIT,1
1770602268.3243384,BIT,0
1770602268.3243384,BIT,1
1770602268.3243384,BIT,0
1770602268.3243384,BIT,0
1770602268.3243384,BIT,0
1770602268.3243384,BIT,0
1770602268.3243384,BIT,0
1770602268.3243384,BIT,1
1770602268.3825624,BIT,1
1770602268.3825624,BIT,0
1770602268.3825624,BIT,0
1770602268.3825624,BIT,1
1770602268.3825624,BIT,1
1770602268.3825624,BIT,1
1770602268.3825624,BIT,1
1770602268.3825624,BIT,1
1770602268.3825624,BIT,0
1770602268.3825624,BIT,0
1770602268.4355662,BIT,1
1770602268.4355662,BIT,0
1770602268.4355662,BIT,1
1770602268.4355662,BIT,1
1770602268.4355662,BIT,0
1770602268.4355662,BIT,0
1770602268.4355662,BIT,1
1770602268.4355662,BIT,1
1770602268.4355662,BIT,1
1770602268.4355662,BIT,0
1770602268.488409,BIT,1
1770602268.488409,BIT,1
1770602268.488409,BIT,0
1770602268.488409,BIT,1
1770602268.488409,BIT,1
1770602268.488409,BIT,0
1770602268.488409,BIT,0
1770602268.488409,BIT,1
1770602268.488409,BIT,1
1770602268.488409,BIT,1
1770602268.541524,BIT,1
1770602268.541524,BIT,0
1770602268.541524,BIT,0
1770602268.541524,BIT,0
1770602268.541524,BIT,0
1770602268.541524,BIT,1
1770602268.541524,BIT,0
1770602268.541524,BIT,1
1770602268.541524,BIT,0
1770602268.541524,BIT,1
1770602268.5983195,BIT,1
1770602268.5983195,BIT,1
1770602268.5983195,BIT,0
1770602268.5983195,BIT,0
1770602268.5983195,BIT,0
1770602268.5983195,BIT,0
1770602268.5983195,BIT,0
1770602268.5983195,BIT,1
1770602268.5983195,BIT,1
1770602268.5983195,BIT,1
1770602268.6570327,BIT,1
1770602268.6570327,BIT,0
1770602268.6570327,BIT,0
1770602268.6570327,BIT,0
1770602268.6570327,BIT,0
1770602268.6570327,BIT,0
1770602268.6570327,BIT,1
1770602268.6570327,BIT,0
1770602268.6570327,BIT,1
1770602268.6570327,BIT,1
1770602268.7104826,BIT,0
1770602268.7104826,BIT,1
1770602268.7104826,BIT,0
1770602268.7104826,BIT,1
1770602268.7104826,BIT,1
1770602268.7104826,BIT,1
1770602268.7104826,BIT,1
1770602268.7104826,BIT,1
1770602268.7104826,BIT,1
1770602268.7104826,BIT,1
1770602268.765836,BIT,1
1770602268.765836,BIT,0
1770602268.765836,BIT,0
1770602268.765836,BIT,0
1770602268.765836,BIT,1
1770602268.765836,BIT,0
1770602268.765836,BIT,0
1770602268.765836,BIT,0
1770602268.765836,BIT,0
1770602268.765836,BIT,0
1770602268.8210025,BIT,1
1770602268.8210025,BIT,1
1770602268.8210025,BIT,1
1770602268.8210025,BIT,1
1770602268.8210025,BIT,1
1770602268.8210025,BIT,1
1770602268.8210025,BIT,0
1770602268.8210025,BIT,1
1770602268.8210025,BIT,0
1770602268.8210025,BIT,0
1770602268.8773212,BIT,1
1770602268.8773212,BIT,1
1770602268.8773212,BIT,1
1770602268.8773212,BIT,0
1770602268.8773212,BIT,1
1770602268.8773212,BIT,0
1770602268.8773212,BIT,1
1770602268.8773212,BIT,0
1770602268.8773212,BIT,1
1770602268.8773212,BIT,0
1770602268.9283757,BIT,0
1770602268.9283757,BIT,0
1770602268.9283757,BIT,0
1770602268.9283757,BIT,0
1770602268.9283757,BIT,0
1770602268.9283757,BIT,1
1770602268.9283757,BIT,1
1770602268.9283757,BIT,0
1770602268.9283757,BIT,1
1770602268.9283757,BIT,1
1770602268.9842265,BIT,1
1770602268.9842265,BIT,1
1770602268.9842265,BIT,0
1770602268.9842265,BIT,1
1770602268.9842265,BIT,0
1770602268.9842265,BIT,1
1770602268.9842265,BIT,0
1770602268.9842265,BIT,0
1770602268.9842265,BIT,0
1770602268.9842265,BIT,0
1770602269.0374415,BIT,0
1770602269.0374415,BIT,1
1770602269.0374415,BIT,0
1770602269.0374415,BIT,0
1770602269.0374415,BIT,0
1770602269.0374415,BIT,0
1770602269.0374415,BIT,0
1770602269.0374415,BIT,0
1770602269.0374415,BIT,1
1770602269.0374415,BIT,0
1770602269.0906353,BIT,0
1770602269.0906353,BIT,1
1770602269.0906353,BIT,1
1770602269.0906353,BIT,0
1770602269.0906353,BIT,0
1770602269.0906353,BIT,0
1770602269.0906353,BIT,1
1770602269.0906353,BIT,0
1770602269.0906353,BIT,1
1770602269.0906353,BIT,1
1770602269.1435301,BIT,0
1770602269.1435301,BIT,1
1770602269.1435301,BIT,1
1770602269.1435301,BIT,0
1770602269.1435301,BIT,1
1770602269.1435301,BIT,1
1770602269.1435301,BIT,0
1770602269.1435301,BIT,0
1770602269.1435301,BIT,1
1770602269.1435301,BIT,1
1770602269.2014232,BIT,1
1770602269.2014232,BIT,1
1770602269.2014232,BIT,0
1770602269.2014232,BIT,1
1770602269.2014232,BIT,1
1770602269.2014232,BIT,1
1770602269.2014232,BIT,1
1770602269.2014232,BIT,1
1770602269.2014232,BIT,1
1770602269.2014232,BIT,0
1770602269.2540698,BIT,1
1770602269.2540698,BIT,1
1770602269.2540698,BIT,1
1770602269.2540698,BIT,0
1770602269.2540698,BIT,1
1770602269.2540698,BIT,0
1770602269.2540698,BIT,0
1770602269.2540698,BIT,0
1770602269.2540698,BIT,0
1770602269.2540698,BIT,0
1770602269.3064952,BIT,1
1770602269.3064952,BIT,1
1770602269.3064952,BIT,0
1770602269.3064952,BIT,0
1770602269.3064952,BIT,1
1770602269.3064952,BIT,0
1770602269.3064952,BIT,0
1770602269.3064952,BIT,1
1770602269.3064952,BIT,1
1770602269.3064952,BIT,0
1770602269.3615117,BIT,1
1770602269.3615117,BIT,1
1770602269.3615117,BIT,1
1770602269.3615117,BIT,1
1770602269.3615117,BIT,1
1770602269.3615117,BIT,0
1770602269.3615117,BIT,0
1770602269.3615117,BIT,1
1770602269.3615117,BIT,1
1770602269.3615117,BIT,0
1770602269.4174244,BIT,1
1770602269.4174244,BIT,0
1770602269.4174244,BIT,1
1770602269.4174244,BIT,0
1770602269.4174244,BIT,1
1770602269.4174244,BIT,0
1770602269.4174244,BIT,1
1770602269.4174244,BIT,1
1770602269.4174244,BIT,1
1770602269.4174244,BIT,0
1770602269.4676776,BIT,0
1770602269.4676776,BIT,1
1770602269.4676776,BIT,1
1770602269.4676776,BIT,1
1770602269.4676776,BIT,0
1770602269.4676776,BIT,1
1770602269.4676776,BIT,1
1770602269.4676776,BIT,1
1770602269.4676776,BIT,1
1770602269.4676776,BIT,0
1770602269.5243163,BIT,0
1770602269.5243163,BIT,1
1770602269.5243163,BIT,1
1770602269.5243163,BIT,0
1770602269.5243163,BIT,1
1770602269.5243163,BIT,0
1770602269.5243163,BIT,1
1770602269.5243163,BIT,1
1770602269.5243163,BIT,0
1770602269.5243163,BIT,0
1770602269.5778809,BIT,1
1770602269.5778809,BIT,1
1770602269.5778809,BIT,0
1770602269.5778809,BIT,1
1770602269.5778809,BIT,1
1770602269.5778809,BIT,1
1770602269.5778809,BIT,1
1770602269.5778809,BIT,1
1770602269.5778809,BIT,0
1770602269.5778809,BIT,1
1770602269.629599,BIT,0
1770602269.629599,BIT,1
1770602269.629599,BIT,1
1770602269.629599,BIT,0
1770602269.629599,BIT,0
1770602269.629599,BIT,1
1770602269.629599,BIT,0
1770602269.629599,BIT,1
1770602269.629599,BIT,1
1770602269.629599,BIT,1
1770602269.6851346,BIT,0
1770602269.6851346,BIT,1
1770602269.6851346,BIT,1
1770602269.6851346,BIT,0
1770602269.6851346,BIT,1
1770602269.6851346,BIT,1
1770602269.6851346,BIT,1
1770602269.6851346,BIT,0
1770602269.6851346,BIT,1
1770602269.6851346,BIT,0
1770602269.7397828,BIT,1
1770602269.7397828,BIT,0
1770602269.7397828,BIT,0
1770602269.7397828,BIT,1
1770602269.7397828,BIT,0
1770602269.7397828,BIT,0
1770602269.7397828,BIT,0
1770602269.7397828,BIT,1
1770602269.7397828,BIT,0
1770602269.7397828,BIT,1
1770602269.7993867,BIT,1
1770602269.7993867,BIT,1
1770602269.7993867,BIT,0
1770602269.7993867,BIT,1
1770602269.7993867,BIT,0
1770602269.7993867,BIT,0
1770602269.7993867,BIT,0
1770602269.7993867,BIT,1
1770602269.7993867,BIT,0
1770602269.7993867,BIT,1
1770602269.8560314,BIT,1
1770602269.8560314,BIT,0
1770602269.8560314,BIT,1
1770602269.8560314,BIT,0
1770602269.8560314,BIT,1
1770602269.8560314,BIT,1
1770602269.8560314,BIT,1
1770602269.8560314,BIT,0
1770602269.8560314,BIT,0
1770602269.8560314,BIT,0
1770602269.9119322,BIT,1
1770602269.9119322,BIT,1
1770602269.9119322,BIT,1
1770602269.9119322,BIT,0
1770602269.9119322,BIT,1
1770602269.9119322,BIT,1
1770602269.9119322,BIT,0
1770602269.9119322,BIT,1
1770602269.9119322,BIT,1
1770602269.9119322,BIT,1
1770602269.9659343,BIT,0
1770602269.9659343,BIT,0
1770602269.9659343,BIT,1
1770602269.9659343,BIT,0
1770602269.9659343,BIT,0
1770602269.9659343,BIT,1
1770602269.9659343,BIT,1
1770602269.9659343,BIT,1
1770602269.9659343,BIT,1
1770602269.9659343,BIT,1
1770602270.0245674,BIT,0
1770602270.0245674,BIT,1
1770602270.0245674,BIT,0
1770602270.0245674,BIT,0
1770602270.0245674,BIT,0
1770602270.0245674,BIT,0
1770602270.0245674,BIT,0
1770602270.0245674,BIT,1
1770602270.0245674,BIT,1
1770602270.0245674,BIT,0
1770602270.0790234,BIT,1
1770602270.0790234,BIT,1
1770602270.0790234,BIT,0
1770602270.0790234,BIT,0
1770602270.0790234,BIT,1
1770602270.0790234,BIT,1
1770602270.0790234,BIT,1
1770602270.0790234,BIT,1
1770602270.0790234,BIT,0
1770602270.0790234,BIT,0
1770602270.1372,BIT,0
1770602270.1372,BIT,1
1770602270.1372,BIT,1
1770602270.1372,BIT,1
1770602270.1372,BIT,0
1770602270.1372,BIT,1
1770602270.1372,BIT,0
1770602270.1372,BIT,1
1770602270.1372,BIT,1
1770602270.1372,BIT,0
1770602270.193072,BIT,0
1770602270.193072,BIT,0
1770602270.193072,BIT,1
1770602270.193072,BIT,1
1770602270.193072,BIT,1
1770602270.193072,BIT,1
1770602270.193072,BIT,1
1770602270.193072,BIT,1
1770602270.193072,BIT,1
1770602270.193072,BIT,0
1770602270.2459197,BIT,0
1770602270.2459197,BIT,0
1770602270.2459197,BIT,0
1770602270.2459197,BIT,1
1770602270.2459197,BIT,0
1770602270.2459197,BIT,1
1770602270.2459197,BIT,0
1770602270.2459197,BIT,1
1770602270.2459197,BIT,1
1770602270.2459197,BIT,0
1770602270.3065543,BIT,0
1770602270.3065543,BIT,0
1770602270.3065543,BIT,1
1770602270.3065543,BIT,1
1770602270.3065543,BIT,1
1770602270.3065543,BIT,1
1770602270.3065543,BIT,1
1770602270.3065543,BIT,0
1770602270.3065543,BIT,0
1770602270.3065543,BIT,0
1770602270.3569958,BIT,1
1770602270.3569958,BIT,0
1770602270.3569958,BIT,1
1770602270.3569958,BIT,0
1770602270.3569958,BIT,0
1770602270.3569958,BIT,0
1770602270.3569958,BIT,0
1770602270.3569958,BIT,0
1770602270.3569958,BIT,1
1770602270.3569958,BIT,0
1770602270.4122493,BIT,1
1770602270.4122493,BIT,0
1770602270.4122493,BIT,1
1770602270.4122493,BIT,1
1770602270.4122493,BIT,1
1770602270.4122493,BIT,1
1770602270.4122493,BIT,1
1770602270.4122493,BIT,1
1770602270.4122493,BIT,1
1770602270.4122493,BIT,0
1770602270.4708538,BIT,1
1770602270.4708538,BIT,1
1770602270.4708538,BIT,0
1770602270.4708538,BIT,1
1770602270.4708538,BIT,0
1770602270.4708538,BIT,0
1770602270.4708538,BIT,1
1770602270.4708538,BIT,0
1770602270.4708538,BIT,1
1770602270.4708538,BIT,0
1770602270.612716,BIT,0
1770602270.612716,BIT,1
1770602270.612716,BIT,1
1770602270.612716,BIT,1
1770602270.612716,BIT,1
1770602270.612716,BIT,1
1770602270.612716,BIT,1
1770602270.612716,BIT,1
1770602270.612716,BIT,1
1770602270.612716,BIT,1
1770602270.7773113,BIT,0
1770602270.7773113,BIT,1
1770602270.7773113,BIT,1
1770602270.7773113,BIT,1
1770602270.7773113,BIT,1
1770602270.7773113,BIT,0
1770602270.7773113,BIT,1
1770602270.7773113,BIT,0
1770602270.7773113,BIT,0
1770602270.7773113,BIT,0
1770602270.9397001,BIT,0
1770602270.9397001,BIT,1
1770602270.9397001,BIT,1
1770602270.9397001,BIT,0
1770602270.9397001,BIT,1
1770602270.9397001,BIT,0
1770602270.9397001,BIT,0
1770602270.9397001,BIT,1
1770602270.9397001,BIT,0
1770602270.9397001,BIT,0
1770602271.0910733,BIT,1
1770602271.0910733,BIT,0
1770602271.0910733,BIT,1
1770602271.0910733,BIT,1
1770602271.0910733,BIT,0
1770602271.0910733,BIT,1
1770602271.0910733,BIT,1
1770602271.0910733,BIT,0
1770602271.0910733,BIT,0
1770602271.0910733,BIT,1
1770602271.2519145,BIT,0
1770602271.2519145,BIT,1
1770602271.2519145,BIT,0
1770602271.2519145,BIT,0
1770602271.2519145,BIT,1
1770602271.2519145,BIT,1
1770602271.2519145,BIT,0
1770602271.2519145,BIT,0
1770602271.2519145,BIT,1
1770602271.2519145,BIT,1
1770602271.4284823,BIT,1
1770602271.4284823,BIT,1
1770602271.4284823,BIT,1
1770602271.4284823,BIT,1
1770602271.4284823,BIT,0
1770602271.4284823,BIT,1
1770602271.4284823,BIT,0
1770602271.4284823,BIT,0
1770602271.4284823,BIT,1
1770602271.4284823,BIT,0
1770602271.5764072,BIT,1
1770602271.5764072,BIT,0
1770602271.5764072,BIT,1
1770602271.5764072,BIT,1
1770602271.5764072,BIT,0
1770602271.5764072,BIT,1
1770602271.5764072,BIT,1
1770602271.5764072,BIT,1
1770602271.5764072,BIT,0
1770602271.5764072,BIT,1
1770602271.7296193,BIT,1
1770602271.7296193,BIT,0
1770602271.7296193,BIT,0
1770602271.7296193,BIT,1
1770602271.7296193,BIT,1
1770602271.7296193,BIT,1
1770602271.7296193,BIT,0
1770602271.7296193,BIT,0
1770602271.7296193,BIT,1
1770602271.7296193,BIT,1
1770602271.8915858,BIT,1
1770602271.8915858,BIT,0
1770602271.8915858,BIT,0
1770602271.8915858,BIT,1
1770602271.8915858,BIT,1
1770602271.8915858,BIT,1
1770602271.8915858,BIT,0
1770602271.8915858,BIT,1
1770602271.8915858,BIT,0
1770602271.8915858,BIT,0
1770602272.0459685,BIT,0
1770602272.0459685,BIT,1
1770602272.0459685,BIT,1
1770602272.0459685,BIT,0
1770602272.0459685,BIT,0
1770602272.0459685,BIT,0
1770602272.0459685,BIT,0
1770602272.0459685,BIT,0
1770602272.0459685,BIT,0
1770602272.0459685,BIT,1
1770602272.2092395,BIT,1
1770602272.2092395,BIT,0
1770602272.2092395,BIT,0
1770602272.2092395,BIT,1
1770602272.2092395,BIT,1
1770602272.2092395,BIT,1
1770602272.2092395,BIT,1
1770602272.2092395,BIT,0
1770602272.2092395,BIT,0
1770602272.2092395,BIT,0
1770602272.3924863,BIT,0
1770602272.3924863,BIT,1
1770602272.3924863,BIT,0
1770602272.3924863,BIT,0
1770602272.3924863,BIT,1
1770602272.3924863,BIT,1
1770602272.3924863,BIT,0
1770602272.3924863,BIT,1
1770602272.3924863,BIT,1
1770602272.3924863,BIT,1
1770602272.5624263,BIT,0
1770602272.5624263,BIT,1
1770602272.5624263,BIT,0
1770602272.5624263,BIT,0
1770602272.5624263,BIT,1
1770602272.5624263,BIT,1
1770602272.5624263,BIT,0
1770602272.5624263,BIT,1
1770602272.5624263,BIT,1
1770602272.5624263,BIT,0
1770602272.7284577,BIT,1
1770602272.7284577,BIT,1
1770602272.7284577,BIT,0
1770602272.7284577,BIT,1
1770602272.7284577,BIT,0
1770602272.7284577,BIT,0
1770602272.7284577,BIT,0
1770602272.7284577,BIT,1
1770602272.7284577,BIT,0
1770602272.7284577,BIT,1
1770602272.8960462,BIT,0
1770602272.8960462,BIT,0
1770602272.8960462,BIT,0
1770602272.8960462,BIT,0
1770602272.8960462,BIT,0
1770602272.8960462,BIT,1
1770602272.8960462,BIT,1
1770602272.8960462,BIT,0
1770602272.8960462,BIT,1
1770602272.8960462,BIT,0
1770602273.0570927,BIT,1
1770602273.0570927,BIT,0
1770602273.0570927,BIT,1
1770602273.0570927,BIT,0
1770602273.0570927,BIT,1
1770602273.0570927,BIT,1
1770602273.0570927,BIT,1
1770602273.0570927,BIT,0
1770602273.0570927,BIT,0
1770602273.0570927,BIT,0
1770602273.2239318,BIT,0
1770602273.2239318,BIT,0
1770602273.2239318,BIT,1
1770602273.2239318,BIT,0
1770602273.2239318,BIT,0
1770602273.2239318,BIT,0
1770602273.2239318,BIT,1
1770602273.2239318,BIT,1
1770602273.2239318,BIT,0
1770602273.2239318,BIT,1
1770602273.3878825,BIT,1
1770602273.3878825,BIT,0
1770602273.3878825,BIT,1
1770602273.3878825,BIT,1
1770602273.3878825,BIT,0
1770602273.3878825,BIT,0
1770602273.3878825,BIT,0
1770602273.3878825,BIT,1
1770602273.3878825,BIT,0
1770602273.3878825,BIT,0
1770602273.559349,BIT,1
1770602273.559349,BIT,0
1770602273.559349,BIT,0
1770602273.559349,BIT,1
1770602273.559349,BIT,1
1770602273.559349,BIT,1
1770602273.559349,BIT,1
1770602273.559349,BIT,0
1770602273.559349,BIT,0
1770602273.559349,BIT,0
1770602273.7295716,BIT,0
1770602273.7295716,BIT,1
1770602273.7295716,BIT,0
1770602273.7295716,BIT,0
1770602273.7295716,BIT,0
1770602273.7295716,BIT,0
1770602273.7295716,BIT,1
1770602273.7295716,BIT,1
1770602273.7295716,BIT,1
1770602273.7295716,BIT,1
1770602273.9067578,BIT,0
1770602273.9067578,BIT,0
1770602273.9067578,BIT,1
1770602273.9067578,BIT,0
1770602273.9067578,BIT,1
1770602273.9067578,BIT,0
1770602273.9067578,BIT,1
1770602273.9067578,BIT,0
1770602273.9067578,BIT,1
1770602273.9067578,BIT,1
1770602274.074649,BIT,0
1770602274.074649,BIT,0
1770602274.074649,BIT,1
1770602274.074649,BIT,0
1770602274.074649,BIT,0
1770602274.074649,BIT,0
1770602274.074649,BIT,0
1770602274.074649,BIT,1
1770602274.074649,BIT,0
1770602274.074649,BIT,1
1770602274.2393851,BIT,1
1770602274.2393851,BIT,1
1770602274.2393851,BIT,1
1770602274.2393851,BIT,1
1770602274.2393851,BIT,0
1770602274.2393851,BIT,0
1770602274.2393851,BIT,1
1770602274.2393851,BIT,0
1770602274.2393851,BIT,0
1770602274.2393851,BIT,1
1770602274.427075,BIT,1
1770602274.427075,BIT,1
1770602274.427075,BIT,1
1770602274.427075,BIT,0
1770602274.427075,BIT,0
1770602274.427075,BIT,0
1770602274.427075,BIT,1
1770602274.427075,BIT,0
1770602274.427075,BIT,1
1770602274.427075,BIT,1
1770602274.5974076,BIT,1
1770602274.5974076,BIT,0
1770602274.5974076,BIT,0
1770602274.5974076,BIT,0
1770602274.5974076,BIT,0
1770602274.5974076,BIT,0
1770602274.5974076,BIT,0
1770602274.5974076,BIT,1
1770602274.5974076,BIT,0
1770602274.5974076,BIT,0
1770602274.7738593,BIT,0
1770602274.7738593,BIT,0
1770602274.7738593,BIT,1
1770602274.7738593,BIT,0
1770602274.7738593,BIT,1
1770602274.7738593,BIT,1
1770602274.7738593,BIT,1
1770602274.7738593,BIT,0
1770602274.7738593,BIT,1
1770602274.7738593,BIT,1
1770602275.182688,BIT,0
1770602275.182688,BIT,1
1770602275.182688,BIT,1
1770602275.182688,BIT,0
1770602275.182688,BIT,0
1770602275.182688,BIT,0
1770602275.182688,BIT,0
1770602275.182688,BIT,0
1770602275.182688,BIT,0
1770602275.182688,BIT,1
1770602275.3577778,BIT,1
1770602275.3577778,BIT,0
1770602275.3577778,BIT,0
1770602275.3577778,BIT,1
1770602275.3577778,BIT,0
1770602275.3577778,BIT,0
1770602275.3577778,BIT,0
1770602275.3577778,BIT,0
1770602275.3577778,BIT,0
1770602275.3577778,BIT,1
1770602275.5274675,BIT,0
1770602275.5274675,BIT,0
1770602275.5274675,BIT,0
1770602275.5274675,BIT,1
1770602275.5274675,BIT,1
1770602275.5274675,BIT,1
1770602275.5274675,BIT,0
1770602275.5274675,BIT,1
1770602275.5274675,BIT,0
1770602275.5274675,BIT,0
1770602275.6936445,BIT,0
1770602275.6936445,BIT,0
1770602275.6936445,BIT,1
1770602275.6936445,BIT,0
1770602275.6936445,BIT,1
1770602275.6936445,BIT,0
1770602275.6936445,BIT,0
1770602275.6936445,BIT,1
1770602275.6936445,BIT,0
1770602275.6936445,BIT,1
1770602275.8783598,BIT,1
1770602275.8783598,BIT,0
1770602275.8783598,BIT,1
1770602275.8783598,BIT,1
1770602275.8783598,BIT,0
1770602275.8783598,BIT,1
1770602275.8783598,BIT,0
1770602275.8783598,BIT,1
1770602275.8783598,BIT,1
1770602275.8783598,BIT,1
1770602276.039384,BIT,0
1770602276.039384,BIT,1
1770602276.039384,BIT,0
1770602276.039384,BIT,1
1770602276.039384,BIT,0
1770602276.039384,BIT,0
1770602276.039384,BIT,1
1770602276.039384,BIT,1
1770602276.039384,BIT,1
1770602276.039384,BIT,1
1770602276.2002404,BIT,0
1770602276.2002404,BIT,0
1770602276.2002404,BIT,1
1770602276.2002404,BIT,0
1770602276.2002404,BIT,0
1770602276.2002404,BIT,0
1770602276.2002404,BIT,0
1770602276.2002404,BIT,1
1770602276.2002404,BIT,1
1770602276.2002404,BIT,0
1770602276.3775237,BIT,0
1770602276.3775237,BIT,1
1770602276.3775237,BIT,0
1770602276.3775237,BIT,1
1770602276.3775237,BIT,0
1770602276.3775237,BIT,0
1770602276.3775237,BIT,0
1770602276.3775237,BIT,1
1770602276.3775237,BIT,1
1770602276.3775237,BIT,1
1770602276.538737,BIT,0
1770602276.538737,BIT,0
1770602276.538737,BIT,1
1770602276.538737,BIT,0
1770602276.538737,BIT,1
1770602276.538737,BIT,1
1770602276.538737,BIT,1
1770602276.538737,BIT,1
1770602276.538737,BIT,0
1770602276.538737,BIT,0
1770602276.7012208,BIT,1
1770602276.7012208,BIT,1
1770602276.7012208,BIT,1
1770602276.7012208,BIT,0
1770602276.7012208,BIT,1
1770602276.7012208,BIT,0
1770602276.7012208,BIT,1
1770602276.7012208,BIT,1
1770602276.7012208,BIT,1
1770602276.7012208,BIT,0
1770602276.872578,BIT,0
1770602276.872578,BIT,0
1770602276.872578,BIT,1
1770602276.872578,BIT,0
1770602276.872578,BIT,1
1770602276.872578,BIT,1
1770602276.872578,BIT,0
1770602276.872578,BIT,1
1770602276.872578,BIT,0
1770602276.872578,BIT,0
1770602277.0332255,BIT,1
1770602277.0332255,BIT,1
1770602277.0332255,BIT,1
1770602277.0332255,BIT,1
1770602277.0332255,BIT,1
1770602277.0332255,BIT,1
1770602277.0332255,BIT,1
1770602277.0332255,BIT,0
1770602277.0332255,BIT,1
1770602277.0332255,BIT,1
1770602277.204261,BIT,0
1770602277.204261,BIT,1
1770602277.204261,BIT,1
1770602277.204261,BIT,1
1770602277.204261,BIT,0
1770602277.204261,BIT,0
1770602277.204261,BIT,0
1770602277.204261,BIT,0
1770602277.204261,BIT,1
1770602277.204261,BIT,0
1770602277.3696587,BIT,0
1770602277.3696587,BIT,0
1770602277.3696587,BIT,1
1770602277.3696587,BIT,0
1770602277.3696587,BIT,0
1770602277.3696587,BIT,1
1770602277.3696587,BIT,1
1770602277.3696587,BIT,0
1770602277.3696587,BIT,1
1770602277.3696587,BIT,0
1770602277.5422552,BIT,1
1770602277.5422552,BIT,1
1770602277.5422552,BIT,1
1770602277.5422552,BIT,0
1770602277.5422552,BIT,0
1770602277.5422552,BIT,1
1770602277.5422552,BIT,1
1770602277.5422552,BIT,0
1770602277.5422552,BIT,1
1770602277.5422552,BIT,0
1770602277.7149942,BIT,1
1770602277.7149942,BIT,0
1770602277.7149942,BIT,0
1770602277.7149942,BIT,1
1770602277.7149942,BIT,0
1770602277.7149942,BIT,0
1770602277.7149942,BIT,0
1770602277.7149942,BIT,0
1770602277.7149942,BIT,0
1770602277.7149942,BIT,1
1770602277.9251835,BIT,0
1770602277.9251835,BIT,0
1770602277.9251835,BIT,0
1770602277.9251835,BIT,0
1770602277.9251835,BIT,0
1770602277.9251835,BIT,1
1770602277.9251835,BIT,0
1770602277.9251835,BIT,0
1770602277.9251835,BIT,1
1770602277.9251835,BIT,0
1770602278.1127558,BIT,0
1770602278.1127558,BIT,0
1770602278.1127558,BIT,1
1770602278.1127558,BIT,0
1770602278.1127558,BIT,1
1770602278.1127558,BIT,1
1770602278.1127558,BIT,0
1770602278.1127558,BIT,0
1770602278.1127558,BIT,0
1770602278.1127558,BIT,0
1770602278.3026206,BIT,1
1770602278.3026206,BIT,1
1770602278.3026206,BIT,1
1770602278.3026206,BIT,1
1770602278.3026206,BIT,0
1770602278.3026206,BIT,0
1770602278.3026206,BIT,0
1770602278.3026206,BIT,1
1770602278.3026206,BIT,0
1770602278.3026206,BIT,1
1770602278.4979572,BIT,1
1770602278.4979572,BIT,1
1770602278.4979572,BIT,0
1770602278.4979572,BIT,0
1770602278.4979572,BIT,1
1770602278.4979572,BIT,0
1770602278.4979572,BIT,0
1770602278.4979572,BIT,1
1770602278.4979572,BIT,0
1770602278.4979572,BIT,1
1770602278.679703,BIT,1
1770602278.679703,BIT,1
1770602278.679703,BIT,0
1770602278.679703,BIT,1
1770602278.679703,BIT,1
1770602278.679703,BIT,0
1770602278.679703,BIT,1
1770602278.679703,BIT,1
1770602278.679703,BIT,1
1770602278.679703,BIT,1
1770602278.8702493,BIT,1
1770602278.8702493,BIT,1
1770602278.8702493,BIT,1
1770602278.8702493,BIT,1
1770602278.8702493,BIT,1
1770602278.8702493,BIT,1
1770602278.8702493,BIT,0
1770602278.8702493,BIT,1
1770602278.8702493,BIT,0
1770602278.8702493,BIT,1
1770602279.0662088,BIT,1
1770602279.0662088,BIT,1
1770602279.0662088,BIT,1
1770602279.0662088,BIT,0
1770602279.0662088,BIT,1
1770602279.0662088,BIT,1
1770602279.0662088,BIT,0
1770602279.0662088,BIT,0
1770602279.0662088,BIT,1
1770602279.0662088,BIT,0
1770602279.2503428,BIT,1
1770602279.2503428,BIT,0
1770602279.2503428,BIT,1
1770602279.2503428,BIT,0
1770602279.2503428,BIT,0
1770602279.2503428,BIT,1
1770602279.2503428,BIT,1
1770602279.2503428,BIT,1
1770602279.2503428,BIT,1
1770602279.2503428,BIT,1
1770602279.4409034,BIT,0
1770602279.4409034,BIT,0
1770602279.4409034,BIT,0
1770602279.4409034,BIT,1
1770602279.4409034,BIT,0
1770602279.4409034,BIT,0
1770602279.4409034,BIT,0
1770602279.4409034,BIT,1
1770602279.4409034,BIT,1
1770602279.4409034,BIT,1
1770602279.617441,BIT,0
1770602279.617441,BIT,1
1770602279.617441,BIT,0
1770602279.617441,BIT,0
1770602279.617441,BIT,0
1770602279.617441,BIT,0
1770602279.617441,BIT,1
1770602279.617441,BIT,1
1770602279.617441,BIT,0
1770602279.617441,BIT,1
1770602279.7879946,BIT,1
1770602279.7879946,BIT,0
1770602279.7879946,BIT,0
1770602279.7879946,BIT,0
1770602279.7879946,BIT,1
1770602279.7879946,BIT,0
1770602279.7879946,BIT,0
1770602279.7879946,BIT,1
1770602279.7879946,BIT,0
1770602279.7879946,BIT,1
1770602280.0419672,BIT,1
1770602280.0419672,BIT,0
1770602280.0419672,BIT,1
1770602280.0419672,BIT,1
1770602280.0419672,BIT,1
1770602280.0419672,BIT,1
1770602280.0419672,BIT,1
1770602280.0419672,BIT,1
1770602280.0419672,BIT,1
1770602280.0419672,BIT,0
1770602280.251094,BIT,1
1770602280.251094,BIT,1
1770602280.251094,BIT,1
1770602280.251094,BIT,1
1770602280.251094,BIT,1
1770602280.251094,BIT,1
1770602280.251094,BIT,0
1770602280.251094,BIT,0
1770602280.251094,BIT,0
1770602280.251094,BIT,1
1770602280.4457881,BIT,1
1770602280.4457881,BIT,0
1770602280.4457881,BIT,1
1770602280.4457881,BIT,0
1770602280.4457881,BIT,0
1770602280.4457881,BIT,0
1770602280.4457881,BIT,0
1770602280.4457881,BIT,0
1770602280.4457881,BIT,1
1770602280.4457881,BIT,1
1770602280.6761003,BIT,0
1770602280.6761003,BIT,0
1770602280.6761003,BIT,0
1770602280.6761003,BIT,1
1770602280.6761003,BIT,0
1770602280.6761003,BIT,1
1770602280.6761003,BIT,0
1770602280.6761003,BIT,0
1770602280.6761003,BIT,0
1770602280.6761003,BIT,1
1770602280.8737311,BIT,1
1770602280.8737311,BIT,0
1770602280.8737311,BIT,1
1770602280.8737311,BIT,1
1770602280.8737311,BIT,1
1770602280.8737311,BIT,0
1770602280.8737311,BIT,1
1770602280.8737311,BIT,0
1770602280.8737311,BIT,0
1770602280.8737311,BIT,0
1770602281.047612,BIT,0
1770602281.047612,BIT,0
1770602281.047612,BIT,1
1770602281.047612,BIT,0
1770602281.047612,BIT,0
1770602281.047612,BIT,1
1770602281.047612,BIT,1
1770602281.047612,BIT,1
1770602281.047612,BIT,0
1770602281.047612,BIT,0
1770602281.2492192,BIT,1
1770602281.2492192,BIT,1
1770602281.2492192,BIT,1
1770602281.2492192,BIT,1
1770602281.2492192,BIT,1
1770602281.2492192,BIT,1
1770602281.2492192,BIT,1
1770602281.2492192,BIT,0
1770602281.2492192,BIT,1
1770602281.2492192,BIT,0
1770602281.4713058,BIT,0
1770602281.4713058,BIT,0
1770602281.4713058,BIT,0
1770602281.4713058,BIT,1
1770602281.4713058,BIT,0
1770602281.4713058,BIT,1
1770602281.4713058,BIT,1
1770602281.4713058,BIT,1
1770602281.4713058,BIT,1
1770602281.4713058,BIT,0
1770602281.6793644,BIT,0
1770602281.6793644,BIT,0
1770602281.6793644,BIT,1
1770602281.6793644,BIT,1
1770602281.6793644,BIT,0
1770602281.6793644,BIT,1
1770602281.6793644,BIT,0
1770602281.6793644,BIT,0
1770602281.6793644,BIT,0
1770602281.6793644,BIT,0
1770602281.9232728,BIT,1
1770602281.9232728,BIT,0
1770602281.9232728,BIT,0
1770602281.9232728,BIT,1
1770602281.9232728,BIT,1
1770602281.9232728,BIT,1
1770602281.9232728,BIT,1
1770602281.9232728,BIT,1
1770602281.9232728,BIT,0
1770602281.9232728,BIT,0
1770602282.1345398,BIT,0
1770602282.1345398,BIT,1
1770602282.1345398,BIT,0
1770602282.1345398,BIT,0
1770602282.1345398,BIT,0
1770602282.1345398,BIT,0
1770602282.1345398,BIT,0
1770602282.1345398,BIT,1
1770602282.1345398,BIT,0
1770602282.1345398,BIT,1
1770602282.3570802,BIT,0
1770602282.3570802,BIT,0
1770602282.3570802,BIT,1
1770602282.3570802,BIT,1
1770602282.3570802,BIT,1
1770602282.3570802,BIT,1
1770602282.3570802,BIT,1
1770602282.3570802,BIT,1
1770602282.3570802,BIT,1
1770602282.3570802,BIT,1
1770602282.591634,BIT,1
1770602282.591634,BIT,0
1770602282.591634,BIT,0
1770602282.591634,BIT,1
1770602282.591634,BIT,0
1770602282.591634,BIT,1
1770602282.591634,BIT,1
1770602282.591634,BIT,0
1770602282.591634,BIT,0
1770602282.591634,BIT,0
1770602282.802102,BIT,1
1770602282.802102,BIT,0
1770602282.802102,BIT,1
1770602282.802102,BIT,0
1770602282.802102,BIT,1
1770602282.802102,BIT,0
1770602282.802102,BIT,0
1770602282.802102,BIT,0
1770602282.802102,BIT,1
1770602282.802102,BIT,1
1770602282.994877,BIT,0
1770602282.994877,BIT,1
1770602282.994877,BIT,1
1770602282.994877,BIT,1
1770602282.994877,BIT,1
1770602282.994877,BIT,0
1770602282.994877,BIT,1
1770602282.994877,BIT,1
1770602282.994877,BIT,1
1770602282.994877,BIT,1
1770602283.1579716,BIT,1
1770602283.1579716,BIT,0
1770602283.1579716,BIT,0
1770602283.1579716,BIT,1
1770602283.1579716,BIT,0
1770602283.1579716,BIT,0
1770602283.1579716,BIT,0
1770602283.1579716,BIT,1
1770602283.1579716,BIT,0
1770602283.1579716,BIT,0
1770602283.3311894,BIT,1
1770602283.3311894,BIT,1
1770602283.3311894,BIT,0
1770602283.3311894,BIT,0
1770602283.3311894,BIT,0
1770602283.3311894,BIT,1
1770602283.3311894,BIT,0
1770602283.3311894,BIT,0
1770602283.3311894,BIT,1
1770602283.3311894,BIT,0
1770602283.5018897,BIT,1
1770602283.5018897,BIT,1
1770602283.5018897,BIT,1
1770602283.5018897,BIT,0
1770602283.5018897,BIT,0
1770602283.5018897,BIT,1
1770602283.5018897,BIT,1
1770602283.5018897,BIT,1
1770602283.5018897,BIT,0
1770602283.5018897,BIT,1
1770602283.6726024,BIT,0
1770602283.6726024,BIT,0
1770602283.6726024,BIT,1
1770602283.6726024,BIT,1
1770602283.6726024,BIT,0
1770602283.6726024,BIT,1
1770602283.6726024,BIT,0
1770602283.6726024,BIT,1
1770602283.6726024,BIT,1
1770602283.6726024,BIT,1
1770602283.8427684,BIT,1
1770602283.8427684,BIT,1
1770602283.8427684,BIT,0
1770602283.8427684,BIT,0
1770602283.8427684,BIT,1
1770602283.8427684,BIT,1
1770602283.8427684,BIT,1
1770602283.8427684,BIT,0
1770602283.8427684,BIT,1
1770602283.8427684,BIT,0
1770602284.0073016,BIT,0
1770602284.0073016,BIT,1
1770602284.0073016,BIT,1
1770602284.0073016,BIT,0
1770602284.0073016,BIT,1
1770602284.0073016,BIT,1
1770602284.0073016,BIT,1
1770602284.0073016,BIT,0
1770602284.0073016,BIT,1
1770602284.0073016,BIT,1
1770602284.1657047,BIT,1
1770602284.1657047,BIT,0
1770602284.1657047,BIT,0
1770602284.1657047,BIT,1
1770602284.1657047,BIT,1
1770602284.1657047,BIT,1
1770602284.1657047,BIT,1
1770602284.1657047,BIT,1
1770602284.1657047,BIT,1
1770602284.1657047,BIT,0
1770602284.3476794,BIT,0
1770602284.3476794,BIT,1
1770602284.3476794,BIT,0
1770602284.3476794,BIT,1
1770602284.3476794,BIT,0
1770602284.3476794,BIT,1
1770602284.3476794,BIT,0
1770602284.3476794,BIT,1
1770602284.3476794,BIT,0
1770602284.3476794,BIT,0
1770602284.5262647,BIT,0
1770602284.5262647,BIT,1
1770602284.5262647,BIT,1
1770602284.5262647,BIT,1
1770602284.5262647,BIT,0
1770602284.5262647,BIT,1
1770602284.5262647,BIT,1
1770602284.5262647,BIT,0
1770602284.5262647,BIT,0
1770602284.5262647,BIT,1
1770602284.690018,BIT,0
1770602284.690018,BIT,0
1770602284.690018,BIT,1
1770602284.690018,BIT,1
1770602284.690018,BIT,0
1770602284.690018,BIT,1
1770602284.690018,BIT,1
1770602284.690018,BIT,0
1770602284.690018,BIT,0
1770602284.690018,BIT,1
1770602284.875432,BIT,1
1770602284.875432,BIT,0
1770602284.875432,BIT,0
1770602284.875432,BIT,0
1770602284.875432,BIT,0
1770602284.875432,BIT,0
1770602284.875432,BIT,0
1770602284.875432,BIT,0
1770602284.875432,BIT,0
1770602284.875432,BIT,1
1770602285.044008,BIT,0
1770602285.044008,BIT,0
1770602285.044008,BIT,0
1770602285.044008,BIT,0
1770602285.044008,BIT,0
1770602285.044008,BIT,1
1770602285.044008,BIT,0
1770602285.044008,BIT,0
1770602285.044008,BIT,1
1770602285.044008,BIT,0
1770602285.2186456,BIT,1
1770602285.2186456,BIT,1
1770602285.2186456,BIT,1
1770602285.2186456,BIT,1
1770602285.2186456,BIT,1
1770602285.2186456,BIT,1
1770602285.2186456,BIT,0
1770602285.2186456,BIT,0
1770602285.2186456,BIT,1
1770602285.2186456,BIT,1
1770602285.3955216,BIT,1
1770602285.3955216,BIT,0
1770602285.3955216,BIT,1
1770602285.3955216,BIT,1
1770602285.3955216,BIT,1
1770602285.3955216,BIT,0
1770602285.3955216,BIT,0
1770602285.3955216,BIT,1
1770602285.3955216,BIT,0
1770602285.3955216,BIT,1
1770602285.581982,BIT,0
1770602285.581982,BIT,1
1770602285.581982,BIT,0
1770602285.581982,BIT,1
1770602285.581982,BIT,0
1770602285.581982,BIT,0
1770602285.581982,BIT,0
1770602285.581982,BIT,1
1770602285.581982,BIT,1
1770602285.581982,BIT,1
1770602285.7592332,BIT,0
1770602285.7592332,BIT,1
1770602285.7592332,BIT,1
1770602285.7592332,BIT,1
1770602285.7592332,BIT,1
1770602285.7592332,BIT,0
1770602285.7592332,BIT,1
1770602285.7592332,BIT,1
1770602285.7592332,BIT,1
1770602285.7592332,BIT,0
1770602285.9345753,BIT,0
1770602285.9345753,BIT,1
1770602285.9345753,BIT,0
1770602285.9345753,BIT,1
1770602285.9345753,BIT,0
1770602285.9345753,BIT,1
1770602285.9345753,BIT,1
1770602285.9345753,BIT,0
1770602285.9345753,BIT,0
1770602285.9345753,BIT,0
1770602286.1074064,BIT,0
1770602286.1074064,BIT,1
1770602286.1074064,BIT,1
1770602286.1074064,BIT,0
1770602286.1074064,BIT,1
1770602286.1074064,BIT,1
1770602286.1074064,BIT,0
1770602286.1074064,BIT,0
1770602286.1074064,BIT,0
1770602286.1074064,BIT,1
1770602286.2775686,BIT,1
1770602286.2775686,BIT,1
1770602286.2775686,BIT,0
1770602286.2775686,BIT,1
1770602286.2775686,BIT,0
1770602286.2775686,BIT,0
1770602286.2775686,BIT,1
1770602286.2775686,BIT,1
1770602286.2775686,BIT,1
1770602286.2775686,BIT,1
1770602286.4462402,BIT,0
1770602286.4462402,BIT,1
1770602286.4462402,BIT,0
1770602286.4462402,BIT,0
1770602286.4462402,BIT,0
1770602286.4462402,BIT,0
1770602286.4462402,BIT,1
1770602286.4462402,BIT,0
1770602286.4462402,BIT,1
1770602286.4462402,BIT,0
1770602286.6258607,BIT,1
1770602286.6258607,BIT,1
1770602286.6258607,BIT,0
1770602286.6258607,BIT,1
1770602286.6258607,BIT,0
1770602286.6258607,BIT,0
1770602286.6258607,BIT,1
1770602286.6258607,BIT,1
1770602286.6258607,BIT,0
1770602286.6258607,BIT,0
1770602286.8033595,BIT,1
1770602286.8033595,BIT,0
1770602286.8033595,BIT,0
1770602286.8033595,BIT,0
1770602286.8033595,BIT,1
1770602286.8033595,BIT,0
1770602286.8033595,BIT,0
1770602286.8033595,BIT,0
1770602286.8033595,BIT,1
1770602286.8033595,BIT,1
1770602286.9759724,BIT,1
1770602286.9759724,BIT,1
1770602286.9759724,BIT,1
1770602286.9759724,BIT,0
1770602286.9759724,BIT,0
1770602286.9759724,BIT,1
1770602286.9759724,BIT,0
1770602286.9759724,BIT,0
1770602286.9759724,BIT,0
1770602286.9759724,BIT,1
1770602287.1452086,BIT,1
1770602287.1452086,BIT,1
1770602287.1452086,BIT,0
1770602287.1452086,BIT,0
1770602287.1452086,BIT,0
1770602287.1452086,BIT,1
1770602287.1452086,BIT,0
1770602287.1452086,BIT,1
1770602287.1452086,BIT,0
1770602287.1452086,BIT,0
