timestamp,type,value
1770601708.1223593,BIT,0
1770601708.1223593,BIT,1
1770601708.1223593,BIT,0
1770601708.1223593,BIT,0
1770601708.1223593,BIT,0
1770601708.1223593,BIT,1
1770601708.1223593,BIT,1
1770601708.1223593,BIT,1
1770601708.1223593,BIT,0
1770601708.1223593,BIT,0
1770601708.4890168,BIT,0
1770601708.4890168,BIT,1
1770601708.4890168,BIT,1
1770601708.4890168,BIT,1
1770601708.4890168,BIT,1
1770601708.4890168,BIT,0
1770601708.4890168,BIT,1
1770601708.4890168,BIT,1
1770601708.4890168,BIT,0
1770601708.4890168,BIT,0
1770601708.694112,BIT,1
1770601708.694112,BIT,0
1770601708.694112,BIT,0
1770601708.694112,BIT,1
1770601708.694112,BIT,1
1770601708.694112,BIT,0
1770601708.694112,BIT,1
1770601708.694112,BIT,0
1770601708.694112,BIT,0
1770601708.694112,BIT,1
1770601708.9052944,BIT,0
1770601708.9052944,BIT,0
1770601708.9052944,BIT,1
1770601708.9052944,BIT,0
1770601708.9052944,BIT,1
1770601708.9052944,BIT,0
1770601708.9052944,BIT,0
1770601708.9052944,BIT,0
1770601708.9052944,BIT,0
1770601708.9052944,BIT,0
1770601709.086717,BIT,1
1770601709.086717,BIT,1
1770601709.086717,BIT,1
1770601709.086717,BIT,0
1770601709.086717,BIT,1
1770601709.086717,BIT,1
1770601709.086717,BIT,0
1770601709.086717,BIT,1
1770601709.086717,BIT,0
1770601709.086717,BIT,0
1770601709.2921479,BIT,1
1770601709.2921479,BIT,0
1770601709.2921479,BIT,1
1770601709.2921479,BIT,0
1770601709.2921479,BIT,0
1770601709.2921479,BIT,1
1770601709.2921479,BIT,0
1770601709.2921479,BIT,1
1770601709.2921479,BIT,1
1770601709.2921479,BIT,1
1770601709.4789226,BIT,0
1770601709.4789226,BIT,1
1770601709.4789226,BIT,1
1770601709.4789226,BIT,0
1770601709.4789226,BIT,1
1770601709.4789226,BIT,0
1770601709.4789226,BIT,1
1770601709.4789226,BIT,0
1770601709.4789226,BIT,0
1770601709.4789226,BIT,0
1770601709.6760862,BIT,0
1770601709.6760862,BIT,0
1770601709.6760862,BIT,0
1770601709.6760862,BIT,1
1770601709.6760862,BIT,1
1770601709.6760862,BIT,1
1770601709.6760862,BIT,1
1770601709.6760862,BIT,0
1770601709.6760862,BIT,1
1770601709.6760862,BIT,1
1770601709.899832,BIT,1
1770601709.899832,BIT,1
1770601709.899832,BIT,0
1770601709.899832,BIT,1
1770601709.899832,BIT,1
1770601709.899832,BIT,1
1770601709.899832,BIT,1
1770601709.899832,BIT,0
1770601709.899832,BIT,0
1770601709.899832,BIT,0
1770601710.114316,BIT,0
1770601710.114316,BIT,0
1770601710.114316,BIT,1
1770601710.114316,BIT,0
1770601710.114316,BIT,0
1770601710.114316,BIT,0
1770601710.114316,BIT,0
1770601710.114316,BIT,1
1770601710.114316,BIT,1
1770601710.114316,BIT,0
1770601710.3441505,BIT,0
1770601710.3441505,BIT,0
1770601710.3441505,BIT,1
1770601710.3441505,BIT,1
1770601710.3441505,BIT,0
1770601710.3441505,BIT,0
1770601710.3441505,BIT,1
1770601710.3441505,BIT,1
1770601710.3441505,BIT,1
1770601710.3441505,BIT,1
1770601710.5568552,BIT,1
1770601710.5568552,BIT,1
1770601710.5568552,BIT,1
1770601710.5568552,BIT,1
1770601710.5568552,BIT,0
1770601710.5568552,BIT,0
1770601710.5568552,BIT,0
1770601710.5568552,BIT,1
1770601710.5568552,BIT,0
1770601710.5568552,BIT,1
1770601710.7670774,BIT,0
1770601710.7670774,BIT,1
1770601710.7670774,BIT,0
1770601710.7670774,BIT,0
1770601710.7670774,BIT,0
1770601710.7670774,BIT,0
1770601710.7670774,BIT,1
1770601710.7670774,BIT,0
1770601710.7670774,BIT,1
1770601710.7670774,BIT,1
1770601710.9566483,BIT,0
1770601710.9566483,BIT,1
1770601710.9566483,BIT,1
1770601710.9566483,BIT,0
1770601710.9566483,BIT,1
1770601710.9566483,BIT,0
1770601710.9566483,BIT,0
1770601710.9566483,BIT,1
1770601710.9566483,BIT,1
1770601710.9566483,BIT,0
1770601711.142016,BIT,0
1770601711.142016,BIT,1
1770601711.142016,BIT,0
1770601711.142016,BIT,0
1770601711.142016,BIT,0
1770601711.142016,BIT,0
1770601711.142016,BIT,1
1770601711.142016,BIT,1
1770601711.142016,BIT,1
1770601711.142016,BIT,0
1770601711.340955,BIT,0
1770601711.340955,BIT,0
1770601711.340955,BIT,0
1770601711.340955,BIT,0
1770601711.340955,BIT,0
1770601711.340955,BIT,1
1770601711.340955,BIT,1
1770601711.340955,BIT,1
1770601711.340955,BIT,1
1770601711.340955,BIT,1
1770601711.5521853,BIT,1
1770601711.5521853,BIT,1
1770601711.5521853,BIT,1
1770601711.5521853,BIT,1
1770601711.5521853,BIT,0
1770601711.5521853,BIT,0
1770601711.5521853,BIT,0
1770601711.5521853,BIT,0
1770601711.5521853,BIT,1
1770601711.5521853,BIT,0
1770601711.764395,BIT,1
1770601711.764395,BIT,0
1770601711.764395,BIT,0
1770601711.764395,BIT,0
1770601711.764395,BIT,0
1770601711.764395,BIT,0
1770601711.764395,BIT,1
1770601711.764395,BIT,0
1770601711.764395,BIT,1
1770601711.764395,BIT,0
1770601712.0020456,BIT,0
1770601712.0020456,BIT,0
1770601712.0020456,BIT,1
1770601712.0020456,BIT,0
1770601712.0020456,BIT,0
1770601712.0020456,BIT,1
1770601712.0020456,BIT,0
1770601712.0020456,BIT,1
1770601712.0020456,BIT,1
1770601712.0020456,BIT,0
1770601712.2422872,BIT,1
1770601712.2422872,BIT,0
1770601712.2422872,BIT,0
1770601712.2422872,BIT,0
1770601712.2422872,BIT,1
1770601712.2422872,BIT,0
1770601712.2422872,BIT,1
1770601712.2422872,BIT,0
1770601712.2422872,BIT,1
1770601712.2422872,BIT,1
1770601712.4396348,BIT,1
1770601712.4396348,BIT,1
1770601712.4396348,BIT,0
1770601712.4396348,BIT,0
1770601712.4396348,BIT,0
1770601712.4396348,BIT,0
1770601712.4396348,BIT,1
1770601712.4396348,BIT,0
1770601712.4396348,BIT,0
1770601712.4396348,BIT,1
1770601712.6421793,BIT,1
1770601712.6421793,BIT,0
1770601712.6421793,BIT,0
1770601712.6421793,BIT,1
1770601712.6421793,BIT,1
1770601712.6421793,BIT,0
1770601712.6421793,BIT,1
1770601712.6421793,BIT,1
1770601712.6421793,BIT,1
1770601712.6421793,BIT,1
1770601712.8579845,BIT,1
1770601712.8579845,BIT,1
1770601712.8579845,BIT,0
1770601712.8579845,BIT,1
1770601712.8579845,BIT,0
1770601712.8579845,BIT,1
1770601712.8579845,BIT,0
1770601712.8579845,BIT,0
1770601712.8579845,BIT,0
1770601712.8579845,BIT,0
1770601713.0477266,BIT,0
1770601713.0477266,BIT,0
1770601713.0477266,BIT,1
1770601713.0477266,BIT,0
1770601713.0477266,BIT,1
1770601713.0477266,BIT,1
1770601713.0477266,BIT,0
1770601713.0477266,BIT,0
1770601713.0477266,BIT,1
1770601713.0477266,BIT,1
1770601713.233013,BIT,1
1770601713.233013,BIT,0
1770601713.233013,BIT,1
1770601713.233013,BIT,0
1770601713.233013,BIT,0
1770601713.233013,BIT,1
1770601713.233013,BIT,0
1770601713.233013,BIT,1
1770601713.233013,BIT,1
1770601713.233013,BIT,1
1770601713.4366407,BIT,0
1770601713.4366407,BIT,1
1770601713.4366407,BIT,0
1770601713.4366407,BIT,1
1770601713.4366407,BIT,0
1770601713.4366407,BIT,0
1770601713.4366407,BIT,1
1770601713.4366407,BIT,0
1770601713.4366407,BIT,0
1770601713.4366407,BIT,1
1770601713.616904,BIT,1
1770601713.616904,BIT,1
1770601713.616904,BIT,0
1770601713.616904,BIT,1
1770601713.616904,BIT,1
1770601713.616904,BIT,0
1770601713.616904,BIT,0
1770601713.616904,BIT,1
1770601713.616904,BIT,1
1770601713.616904,BIT,1
1770601713.8101566,BIT,0
1770601713.8101566,BIT,0
1770601713.8101566,BIT,1
1770601713.8101566,BIT,1
1770601713.8101566,BIT,0
1770601713.8101566,BIT,0
1770601713.8101566,BIT,1
1770601713.8101566,BIT,1
1770601713.8101566,BIT,0
1770601713.8101566,BIT,0
1770601714.0114427,BIT,1
1770601714.0114427,BIT,1
1770601714.0114427,BIT,0
1770601714.0114427,BIT,1
1770601714.0114427,BIT,1
1770601714.0114427,BIT,1
1770601714.0114427,BIT,0
1770601714.0114427,BIT,1
1770601714.0114427,BIT,1
1770601714.0114427,BIT,1
1770601714.2138016,BIT,1
1770601714.2138016,BIT,1
1770601714.2138016,BIT,0
1770601714.2138016,BIT,0
1770601714.2138016,BIT,0
1770601714.2138016,BIT,1
1770601714.2138016,BIT,0
1770601714.2138016,BIT,0
1770601714.2138016,BIT,1
1770601714.2138016,BIT,1
1770601714.4289331,BIT,0
1770601714.4289331,BIT,1
1770601714.4289331,BIT,0
1770601714.4289331,BIT,1
1770601714.4289331,BIT,0
1770601714.4289331,BIT,0
1770601714.4289331,BIT,1
1770601714.4289331,BIT,0
1770601714.4289331,BIT,1
1770601714.4289331,BIT,1
1770601714.623632,BIT,0
1770601714.623632,BIT,0
1770601714.623632,BIT,1
1770601714.623632,BIT,1
1770601714.623632,BIT,0
1770601714.623632,BIT,1
1770601714.623632,BIT,0
1770601714.623632,BIT,1
1770601714.623632,BIT,1
1770601714.623632,BIT,0
1770601714.8199828,BIT,1
1770601714.8199828,BIT,1
1770601714.8199828,BIT,0
1770601714.8199828,BIT,0
1770601714.8199828,BIT,1
1770601714.8199828,BIT,0
1770601714.8199828,BIT,0
1770601714.8199828,BIT,1
1770601714.8199828,BIT,0
1770601714.8199828,BIT,1
1770601715.043049,BIT,1
1770601715.043049,BIT,0
1770601715.043049,BIT,0
1770601715.043049,BIT,0
1770601715.043049,BIT,1
1770601715.043049,BIT,0
1770601715.043049,BIT,1
1770601715.043049,BIT,1
1770601715.043049,BIT,0
1770601715.043049,BIT,1
1770601715.2544546,BIT,0
1770601715.2544546,BIT,0
1770601715.2544546,BIT,1
1770601715.2544546,BIT,1
1770601715.2544546,BIT,0
1770601715.2544546,BIT,0
1770601715.2544546,BIT,0
1770601715.2544546,BIT,1
1770601715.2544546,BIT,1
1770601715.2544546,BIT,1
1770601715.4595659,BIT,0
1770601715.4595659,BIT,0
1770601715.4595659,BIT,0
1770601715.4595659,BIT,1
1770601715.4595659,BIT,1
1770601715.4595659,BIT,0
1770601715.4595659,BIT,1
1770601715.4595659,BIT,0
1770601715.4595659,BIT,0
1770601715.4595659,BIT,0
1770601715.654314,BIT,1
1770601715.654314,BIT,0
1770601715.654314,BIT,1
1770601715.654314,BIT,0
1770601715.654314,BIT,0
1770601715.654314,BIT,0
1770601715.654314,BIT,1
1770601715.654314,BIT,0
1770601715.654314,BIT,0
1770601715.654314,BIT,0
1770601715.8706799,BIT,0
1770601715.8706799,BIT,0
1770601715.8706799,BIT,0
1770601715.8706799,BIT,0
1770601715.8706799,BIT,0
1770601715.8706799,BIT,0
1770601715.8706799,BIT,1
1770601715.8706799,BIT,1
1770601715.8706799,BIT,0
1770601715.8706799,BIT,0
1770601716.075407,BIT,1
1770601716.075407,BIT,0
1770601716.075407,BIT,1
1770601716.075407,BIT,1
1770601716.075407,BIT,1
1770601716.075407,BIT,0
1770601716.075407,BIT,0
1770601716.075407,BIT,1
1770601716.075407,BIT,1
1770601716.075407,BIT,1
1770601716.255953,BIT,1
1770601716.255953,BIT,0
1770601716.255953,BIT,1
1770601716.255953,BIT,0
1770601716.255953,BIT,0
1770601716.255953,BIT,0
1770601716.255953,BIT,1
1770601716.255953,BIT,0
1770601716.255953,BIT,0
1770601716.255953,BIT,0
1770601716.431728,BIT,0
1770601716.431728,BIT,1
1770601716.431728,BIT,0
1770601716.431728,BIT,0
1770601716.431728,BIT,0
1770601716.431728,BIT,1
1770601716.431728,BIT,0
1770601716.431728,BIT,1
1770601716.431728,BIT,1
1770601716.431728,BIT,0
1770601716.5892096,BIT,1
1770601716.5892096,BIT,1
1770601716.5892096,BIT,0
1770601716.5892096,BIT,0
1770601716.5892096,BIT,0
1770601716.5892096,BIT,1
1770601716.5892096,BIT,0
1770601716.5892096,BIT,1
1770601716.5892096,BIT,0
1770601716.5892096,BIT,1
1770601716.7471247,BIT,1
1770601716.7471247,BIT,0
1770601716.7471247,BIT,0
1770601716.7471247,BIT,1
1770601716.7471247,BIT,1
1770601716.7471247,BIT,0
1770601716.7471247,BIT,0
1770601716.7471247,BIT,0
1770601716.7471247,BIT,0
1770601716.7471247,BIT,1
1770601716.9129117,BIT,1
1770601716.9129117,BIT,1
1770601716.9129117,BIT,0
1770601716.9129117,BIT,0
1770601716.9129117,BIT,0
1770601716.9129117,BIT,0
1770601716.9129117,BIT,0
1770601716.9129117,BIT,1
1770601716.9129117,BIT,1
1770601716.9129117,BIT,1
1770601717.08,BIT,1
1770601717.08,BIT,1
1770601717.08,BIT,0
1770601717.08,BIT,1
1770601717.08,BIT,1
1770601717.08,BIT,1
1770601717.08,BIT,0
1770601717.08,BIT,1
1770601717.08,BIT,1
1770601717.08,BIT,0
1770601717.2415173,BIT,1
1770601717.2415173,BIT,1
1770601717.2415173,BIT,1
1770601717.2415173,BIT,1
1770601717.2415173,BIT,1
1770601717.2415173,BIT,0
1770601717.2415173,BIT,1
1770601717.2415173,BIT,1
1770601717.2415173,BIT,0
1770601717.2415173,BIT,0
1770601717.3872757,BIT,0
1770601717.3872757,BIT,1
1770601717.3872757,BIT,0
1770601717.3872757,BIT,0
1770601717.3872757,BIT,1
1770601717.3872757,BIT,0
1770601717.3872757,BIT,0
1770601717.3872757,BIT,0
1770601717.3872757,BIT,0
1770601717.3872757,BIT,1
1770601717.5301359,BIT,0
1770601717.5301359,BIT,1
1770601717.5301359,BIT,1
1770601717.5301359,BIT,1
1770601717.5301359,BIT,0
1770601717.5301359,BIT,0
1770601717.5301359,BIT,1
1770601717.5301359,BIT,1
1770601717.5301359,BIT,1
1770601717.5301359,BIT,1
1770601717.6746433,BIT,0
1770601717.6746433,BIT,0
1770601717.6746433,BIT,1
1770601717.6746433,BIT,0
1770601717.6746433,BIT,1
1770601717.6746433,BIT,0
1770601717.6746433,BIT,0
1770601717.6746433,BIT,0
1770601717.6746433,BIT,0
1770601717.6746433,BIT,0
1770601717.830865,BIT,0
1770601717.830865,BIT,0
1770601717.830865,BIT,0
1770601717.830865,BIT,0
1770601717.830865,BIT,1
1770601717.830865,BIT,1
1770601717.830865,BIT,1
1770601717.830865,BIT,0
1770601717.830865,BIT,1
1770601717.830865,BIT,0
1770601717.9780867,BIT,0
1770601717.9780867,BIT,1
1770601717.9780867,BIT,1
1770601717.9780867,BIT,0
1770601717.9780867,BIT,1
1770601717.9780867,BIT,1
1770601717.9780867,BIT,0
1770601717.9780867,BIT,1
1770601717.9780867,BIT,1
1770601717.9780867,BIT,0
1770601718.1374907,BIT,0
1770601718.1374907,BIT,1
1770601718.1374907,BIT,0
1770601718.1374907,BIT,1
1770601718.1374907,BIT,1
1770601718.1374907,BIT,0
1770601718.1374907,BIT,1
1770601718.1374907,BIT,0
1770601718.1374907,BIT,1
1770601718.1374907,BIT,1
1770601718.3103929,BIT,0
1770601718.3103929,BIT,0
1770601718.3103929,BIT,1
1770601718.3103929,BIT,0
1770601718.3103929,BIT,0
1770601718.3103929,BIT,0
1770601718.3103929,BIT,1
1770601718.3103929,BIT,0
1770601718.3103929,BIT,1
1770601718.3103929,BIT,0
1770601718.4608164,BIT,0
1770601718.4608164,BIT,1
1770601718.4608164,BIT,1
1770601718.4608164,BIT,1
1770601718.4608164,BIT,1
1770601718.4608164,BIT,0
1770601718.4608164,BIT,0
1770601718.4608164,BIT,1
1770601718.4608164,BIT,0
1770601718.4608164,BIT,1
1770601718.6172144,BIT,1
1770601718.6172144,BIT,0
1770601718.6172144,BIT,1
1770601718.6172144,BIT,0
1770601718.6172144,BIT,1
1770601718.6172144,BIT,1
1770601718.6172144,BIT,0
1770601718.6172144,BIT,1
1770601718.6172144,BIT,0
1770601718.6172144,BIT,0
1770601718.7769763,BIT,1
1770601718.7769763,BIT,1
1770601718.7769763,BIT,1
1770601718.7769763,BIT,0
1770601718.7769763,BIT,1
1770601718.7769763,BIT,1
1770601718.7769763,BIT,0
1770601718.7769763,BIT,0
1770601718.7769763,BIT,1
1770601718.7769763,BIT,0
1770601718.9396322,BIT,1
1770601718.9396322,BIT,0
1770601718.9396322,BIT,1
1770601718.9396322,BIT,1
1770601718.9396322,BIT,0
1770601718.9396322,BIT,1
1770601718.9396322,BIT,0
1770601718.9396322,BIT,1
1770601718.9396322,BIT,0
1770601718.9396322,BIT,1
1770601719.0976179,BIT,0
1770601719.0976179,BIT,0
1770601719.0976179,BIT,1
1770601719.0976179,BIT,1
1770601719.0976179,BIT,0
1770601719.0976179,BIT,0
1770601719.0976179,BIT,1
1770601719.0976179,BIT,1
1770601719.0976179,BIT,0
1770601719.0976179,BIT,0
1770601719.2479339,BIT,1
1770601719.2479339,BIT,0
1770601719.2479339,BIT,0
1770601719.2479339,BIT,0
1770601719.2479339,BIT,1
1770601719.2479339,BIT,0
1770601719.2479339,BIT,0
1770601719.2479339,BIT,0
1770601719.2479339,BIT,1
1770601719.2479339,BIT,0
1770601719.404451,BIT,0
1770601719.404451,BIT,1
1770601719.404451,BIT,0
1770601719.404451,BIT,0
1770601719.404451,BIT,0
1770601719.404451,BIT,1
1770601719.404451,BIT,1
1770601719.404451,BIT,1
1770601719.404451,BIT,1
1770601719.404451,BIT,0
1770601719.5636337,BIT,0
1770601719.5636337,BIT,1
1770601719.5636337,BIT,0
1770601719.5636337,BIT,1
1770601719.5636337,BIT,1
1770601719.5636337,BIT,1
1770601719.5636337,BIT,1
1770601719.5636337,BIT,0
1770601719.5636337,BIT,1
1770601719.5636337,BIT,0
1770601719.7229056,BIT,0
1770601719.7229056,BIT,1
1770601719.7229056,BIT,0
1770601719.7229056,BIT,0
1770601719.7229056,BIT,1
1770601719.7229056,BIT,0
1770601719.7229056,BIT,1
1770601719.7229056,BIT,1
1770601719.7229056,BIT,0
1770601719.7229056,BIT,0
1770601719.8774228,BIT,1
1770601719.8774228,BIT,1
1770601719.8774228,BIT,0
1770601719.8774228,BIT,1
1770601719.8774228,BIT,1
1770601719.8774228,BIT,0
1770601719.8774228,BIT,1
1770601719.8774228,BIT,0
1770601719.8774228,BIT,0
1770601719.8774228,BIT,1
1770601720.0444543,BIT,0
1770601720.0444543,BIT,1
1770601720.0444543,BIT,1
1770601720.0444543,BIT,0
1770601720.0444543,BIT,1
1770601720.0444543,BIT,1
1770601720.0444543,BIT,1
1770601720.0444543,BIT,1
1770601720.0444543,BIT,1
1770601720.0444543,BIT,1
1770601720.201205,BIT,1
1770601720.201205,BIT,1
1770601720.201205,BIT,1
1770601720.201205,BIT,0
1770601720.201205,BIT,1
1770601720.201205,BIT,0
1770601720.201205,BIT,1
1770601720.201205,BIT,1
1770601720.201205,BIT,0
1770601720.201205,BIT,0
1770601720.3610954,BIT,1
1770601720.3610954,BIT,1
1770601720.3610954,BIT,0
1770601720.3610954,BIT,1
1770601720.3610954,BIT,1
1770601720.3610954,BIT,1
1770601720.3610954,BIT,0
1770601720.3610954,BIT,0
1770601720.3610954,BIT,0
1770601720.3610954,BIT,1
1770601720.515831,BIT,1
1770601720.515831,BIT,1
1770601720.515831,BIT,0
1770601720.515831,BIT,0
1770601720.515831,BIT,0
1770601720.515831,BIT,1
1770601720.515831,BIT,1
1770601720.515831,BIT,1
1770601720.515831,BIT,0
1770601720.515831,BIT,1
1770601720.6817589,BIT,0
1770601720.6817589,BIT,0
1770601720.6817589,BIT,1
1770601720.6817589,BIT,1
1770601720.6817589,BIT,0
1770601720.6817589,BIT,1
1770601720.6817589,BIT,0
1770601720.6817589,BIT,0
1770601720.6817589,BIT,0
1770601720.6817589,BIT,1
1770601720.8445818,BIT,1
1770601720.8445818,BIT,1
1770601720.8445818,BIT,1
1770601720.8445818,BIT,1
1770601720.8445818,BIT,0
1770601720.8445818,BIT,0
1770601720.8445818,BIT,1
1770601720.8445818,BIT,0
1770601720.8445818,BIT,1
1770601720.8445818,BIT,1
1770601720.9953043,BIT,1
1770601720.9953043,BIT,0
1770601720.9953043,BIT,0
1770601720.9953043,BIT,1
1770601720.9953043,BIT,1
1770601720.9953043,BIT,0
1770601720.9953043,BIT,1
1770601720.9953043,BIT,0
1770601720.9953043,BIT,1
1770601720.9953043,BIT,0
1770601721.1569147,BIT,0
1770601721.1569147,BIT,1
1770601721.1569147,BIT,0
1770601721.1569147,BIT,1
1770601721.1569147,BIT,1
1770601721.1569147,BIT,1
1770601721.1569147,BIT,1
1770601721.1569147,BIT,0
1770601721.1569147,BIT,0
1770601721.1569147,BIT,0
1770601721.3152626,BIT,0
1770601721.3152626,BIT,0
1770601721.3152626,BIT,1
1770601721.3152626,BIT,1
1770601721.3152626,BIT,1
1770601721.3152626,BIT,1
1770601721.3152626,BIT,1
1770601721.3152626,BIT,1
1770601721.3152626,BIT,0
1770601721.3152626,BIT,1
1770601721.4781165,BIT,1
1770601721.4781165,BIT,1
1770601721.4781165,BIT,0
1770601721.4781165,BIT,1
1770601721.4781165,BIT,0
1770601721.4781165,BIT,0
1770601721.4781165,BIT,0
1770601721.4781165,BIT,1
1770601721.4781165,BIT,1
1770601721.4781165,BIT,0
1770601721.6342103,BIT,0
1770601721.6342103,BIT,1
1770601721.6342103,BIT,0
1770601721.6342103,BIT,1
1770601721.6342103,BIT,1
1770601721.6342103,BIT,1
1770601721.6342103,BIT,1
1770601721.6342103,BIT,0
1770601721.6342103,BIT,1
1770601721.6342103,BIT,0
1770601721.7951875,BIT,1
1770601721.7951875,BIT,0
1770601721.7951875,BIT,0
1770601721.7951875,BIT,1
1770601721.7951875,BIT,1
1770601721.7951875,BIT,1
1770601721.7951875,BIT,1
1770601721.7951875,BIT,1
1770601721.7951875,BIT,1
1770601721.7951875,BIT,1
1770601721.954188,BIT,1
1770601721.954188,BIT,1
1770601721.954188,BIT,1
1770601721.954188,BIT,1
1770601721.954188,BIT,0
1770601721.954188,BIT,1
1770601721.954188,BIT,0
1770601721.954188,BIT,0
1770601721.954188,BIT,0
1770601721.954188,BIT,1
1770601722.1129904,BIT,1
1770601722.1129904,BIT,0
1770601722.1129904,BIT,1
1770601722.1129904,BIT,0
1770601722.1129904,BIT,1
1770601722.1129904,BIT,1
1770601722.1129904,BIT,0
1770601722.1129904,BIT,1
1770601722.1129904,BIT,0
1770601722.1129904,BIT,0
1770601722.277266,BIT,1
1770601722.277266,BIT,0
1770601722.277266,BIT,0
1770601722.277266,BIT,0
1770601722.277266,BIT,0
1770601722.277266,BIT,0
1770601722.277266,BIT,0
1770601722.277266,BIT,1
1770601722.277266,BIT,1
1770601722.277266,BIT,0
1770601722.4558222,BIT,1
1770601722.4558222,BIT,0
1770601722.4558222,BIT,1
1770601722.4558222,BIT,0
1770601722.4558222,BIT,0
1770601722.4558222,BIT,0
1770601722.4558222,BIT,0
1770601722.4558222,BIT,1
1770601722.4558222,BIT,0
1770601722.4558222,BIT,1
1770601722.6226332,BIT,1
1770601722.6226332,BIT,1
1770601722.6226332,BIT,0
1770601722.6226332,BIT,0
1770601722.6226332,BIT,1
1770601722.6226332,BIT,1
1770601722.6226332,BIT,0
1770601722.6226332,BIT,0
1770601722.6226332,BIT,0
1770601722.6226332,BIT,1
1770601722.7913163,BIT,1
1770601722.7913163,BIT,0
1770601722.7913163,BIT,1
1770601722.7913163,BIT,0
1770601722.7913163,BIT,0
1770601722.7913163,BIT,1
1770601722.7913163,BIT,1
1770601722.7913163,BIT,1
1770601722.7913163,BIT,0
1770601722.7913163,BIT,1
1770601722.9675076,BIT,0
1770601722.9675076,BIT,1
1770601722.9675076,BIT,0
1770601722.9675076,BIT,1
1770601722.9675076,BIT,0
1770601722.9675076,BIT,0
1770601722.9675076,BIT,1
1770601722.9675076,BIT,1
1770601722.9675076,BIT,0
1770601722.9675076,BIT,0
1770601723.1249125,BIT,0
1770601723.1249125,BIT,0
1770601723.1249125,BIT,1
1770601723.1249125,BIT,1
1770601723.1249125,BIT,1
1770601723.1249125,BIT,0
1770601723.1249125,BIT,1
1770601723.1249125,BIT,1
1770601723.1249125,BIT,0
1770601723.1249125,BIT,1
1770601723.3020124,BIT,1
1770601723.3020124,BIT,0
1770601723.3020124,BIT,0
1770601723.3020124,BIT,0
1770601723.3020124,BIT,1
1770601723.3020124,BIT,1
1770601723.3020124,BIT,0
1770601723.3020124,BIT,0
1770601723.3020124,BIT,1
1770601723.3020124,BIT,0
1770601723.4791226,BIT,1
1770601723.4791226,BIT,0
1770601723.4791226,BIT,0
1770601723.4791226,BIT,0
1770601723.4791226,BIT,1
1770601723.4791226,BIT,1
1770601723.4791226,BIT,0
1770601723.4791226,BIT,1
1770601723.4791226,BIT,0
1770601723.4791226,BIT,0
1770601723.6435292,BIT,1
1770601723.6435292,BIT,1
1770601723.6435292,BIT,0
1770601723.6435292,BIT,1
1770601723.6435292,BIT,1
1770601723.6435292,BIT,1
1770601723.6435292,BIT,0
1770601723.6435292,BIT,1
1770601723.6435292,BIT,1
1770601723.6435292,BIT,0
1770601723.8075018,BIT,0
1770601723.8075018,BIT,0
1770601723.8075018,BIT,1
1770601723.8075018,BIT,1
1770601723.8075018,BIT,1
1770601723.8075018,BIT,0
1770601723.8075018,BIT,0
1770601723.8075018,BIT,1
1770601723.8075018,BIT,1
1770601723.8075018,BIT,0
1770601723.9716172,BIT,1
1770601723.9716172,BIT,0
1770601723.9716172,BIT,1
1770601723.9716172,BIT,0
1770601723.9716172,BIT,1
1770601723.9716172,BIT,0
1770601723.9716172,BIT,1
1770601723.9716172,BIT,1
1770601723.9716172,BIT,1
1770601723.9716172,BIT,1
1770601724.1392095,BIT,1
1770601724.1392095,BIT,1
1770601724.1392095,BIT,0
1770601724.1392095,BIT,0
1770601724.1392095,BIT,1
1770601724.1392095,BIT,0
1770601724.1392095,BIT,0
1770601724.1392095,BIT,1
1770601724.1392095,BIT,0
1770601724.1392095,BIT,0
1770601724.3093734,BIT,1
1770601724.3093734,BIT,0
1770601724.3093734,BIT,0
1770601724.3093734,BIT,1
1770601724.3093734,BIT,0
1770601724.3093734,BIT,0
1770601724.3093734,BIT,0
1770601724.3093734,BIT,0
1770601724.3093734,BIT,0
1770601724.3093734,BIT,1
1770601724.473069,BIT,1
1770601724.473069,BIT,1
1770601724.473069,BIT,0
1770601724.473069,BIT,0
1770601724.473069,BIT,0
1770601724.473069,BIT,1
1770601724.473069,BIT,0
1770601724.473069,BIT,0
1770601724.473069,BIT,1
1770601724.473069,BIT,0
1770601724.6412013,BIT,1
1770601724.6412013,BIT,0
1770601724.6412013,BIT,1
1770601724.6412013,BIT,0
1770601724.6412013,BIT,1
1770601724.6412013,BIT,1
1770601724.6412013,BIT,0
1770601724.6412013,BIT,1
1770601724.6412013,BIT,0
1770601724.6412013,BIT,0
1770601724.804842,BIT,0
1770601724.804842,BIT,0
1770601724.804842,BIT,0
1770601724.804842,BIT,0
1770601724.804842,BIT,0
1770601724.804842,BIT,0
1770601724.804842,BIT,1
1770601724.804842,BIT,1
1770601724.804842,BIT,0
1770601724.804842,BIT,0
1770601724.9701667,BIT,0
1770601724.9701667,BIT,0
1770601724.9701667,BIT,1
1770601724.9701667,BIT,0
1770601724.9701667,BIT,1
1770601724.9701667,BIT,0
1770601724.9701667,BIT,1
1770601724.9701667,BIT,1
1770601724.9701667,BIT,1
1770601724.9701667,BIT,1
1770601725.1353362,BIT,0
1770601725.1353362,BIT,0
1770601725.1353362,BIT,1
1770601725.1353362,BIT,0
1770601725.1353362,BIT,1
1770601725.1353362,BIT,1
1770601725.1353362,BIT,0
1770601725.1353362,BIT,0
1770601725.1353362,BIT,0
1770601725.1353362,BIT,1
1770601725.297934,BIT,0
1770601725.297934,BIT,0
1770601725.297934,BIT,1
1770601725.297934,BIT,1
1770601725.297934,BIT,0
1770601725.297934,BIT,1
1770601725.297934,BIT,1
1770601725.297934,BIT,0
1770601725.297934,BIT,0
1770601725.297934,BIT,0
1770601725.4585652,BIT,0
1770601725.4585652,BIT,0
1770601725.4585652,BIT,0
1770601725.4585652,BIT,1
1770601725.4585652,BIT,0
1770601725.4585652,BIT,1
1770601725.4585652,BIT,0
1770601725.4585652,BIT,1
1770601725.4585652,BIT,1
1770601725.4585652,BIT,1
1770601725.6264646,BIT,0
1770601725.6264646,BIT,0
1770601725.6264646,BIT,1
1770601725.6264646,BIT,0
1770601725.6264646,BIT,1
1770601725.6264646,BIT,1
1770601725.6264646,BIT,1
1770601725.6264646,BIT,0
1770601725.6264646,BIT,0
1770601725.6264646,BIT,1
1770601725.7949755,BIT,1
1770601725.7949755,BIT,0
1770601725.7949755,BIT,0
1770601725.7949755,BIT,1
1770601725.7949755,BIT,1
1770601725.7949755,BIT,0
1770601725.7949755,BIT,0
1770601725.7949755,BIT,1
1770601725.7949755,BIT,1
1770601725.7949755,BIT,0
1770601725.9731507,BIT,0
1770601725.9731507,BIT,0
1770601725.9731507,BIT,0
1770601725.9731507,BIT,1
1770601725.9731507,BIT,0
1770601725.9731507,BIT,1
1770601725.9731507,BIT,1
1770601725.9731507,BIT,0
1770601725.9731507,BIT,0
1770601725.9731507,BIT,0
1770601726.1377623,BIT,0
1770601726.1377623,BIT,0
1770601726.1377623,BIT,1
1770601726.1377623,BIT,0
1770601726.1377623,BIT,0
1770601726.1377623,BIT,0
1770601726.1377623,BIT,0
1770601726.1377623,BIT,0
1770601726.1377623,BIT,0
1770601726.1377623,BIT,0
1770601726.3188758,BIT,0
1770601726.3188758,BIT,1
1770601726.3188758,BIT,1
1770601726.3188758,BIT,1
1770601726.3188758,BIT,1
1770601726.3188758,BIT,0
1770601726.3188758,BIT,1
1770601726.3188758,BIT,0
1770601726.3188758,BIT,1
1770601726.3188758,BIT,1
1770601726.4763827,BIT,1
1770601726.4763827,BIT,0
1770601726.4763827,BIT,1
1770601726.4763827,BIT,1
1770601726.4763827,BIT,0
1770601726.4763827,BIT,0
1770601726.4763827,BIT,1
1770601726.4763827,BIT,0
1770601726.4763827,BIT,1
1770601726.4763827,BIT,0
1770601726.6467128,BIT,0
1770601726.6467128,BIT,1
1770601726.6467128,BIT,0
1770601726.6467128,BIT,0
1770601726.6467128,BIT,0
1770601726.6467128,BIT,1
1770601726.6467128,BIT,0
1770601726.6467128,BIT,0
1770601726.6467128,BIT,0
1770601726.6467128,BIT,1
1770601726.8018284,BIT,1
1770601726.8018284,BIT,0
1770601726.8018284,BIT,0
1770601726.8018284,BIT,0
1770601726.8018284,BIT,0
1770601726.8018284,BIT,1
1770601726.8018284,BIT,1
1770601726.8018284,BIT,1
1770601726.8018284,BIT,0
1770601726.8018284,BIT,0
1770601726.9715414,BIT,1
1770601726.9715414,BIT,1
1770601726.9715414,BIT,0
1770601726.9715414,BIT,0
1770601726.9715414,BIT,1
1770601726.9715414,BIT,1
1770601726.9715414,BIT,0
1770601726.9715414,BIT,0
1770601726.9715414,BIT,0
1770601726.9715414,BIT,1
1770601727.1314642,BIT,1
1770601727.1314642,BIT,0
1770601727.1314642,BIT,1
1770601727.1314642,BIT,0
1770601727.1314642,BIT,0
1770601727.1314642,BIT,1
1770601727.1314642,BIT,0
1770601727.1314642,BIT,1
1770601727.1314642,BIT,0
1770601727.1314642,BIT,0
1770601727.308203,BIT,0
1770601727.308203,BIT,1
1770601727.308203,BIT,0
1770601727.308203,BIT,0
1770601727.308203,BIT,1
1770601727.308203,BIT,1
1770601727.308203,BIT,0
1770601727.308203,BIT,1
1770601727.308203,BIT,0
1770601727.308203,BIT,0
1770601727.4661846,BIT,0
1770601727.4661846,BIT,0
1770601727.4661846,BIT,0
1770601727.4661846,BIT,0
1770601727.4661846,BIT,0
1770601727.4661846,BIT,1
1770601727.4661846,BIT,1
1770601727.4661846,BIT,1
1770601727.4661846,BIT,1
1770601727.4661846,BIT,1
1770601727.6290896,BIT,1
1770601727.6290896,BIT,1
1770601727.6290896,BIT,1
1770601727.6290896,BIT,1
1770601727.6290896,BIT,1
1770601727.6290896,BIT,0
1770601727.6290896,BIT,0
1770601727.6290896,BIT,0
1770601727.6290896,BIT,0
1770601727.6290896,BIT,1
1770601727.790453,BIT,0
1770601727.790453,BIT,0
1770601727.790453,BIT,1
1770601727.790453,BIT,0
1770601727.790453,BIT,0
1770601727.790453,BIT,0
1770601727.790453,BIT,0
1770601727.790453,BIT,0
1770601727.790453,BIT,1
1770601727.790453,BIT,1
1770601727.9706588,BIT,0
1770601727.9706588,BIT,1
1770601727.9706588,BIT,1
1770601727.9706588,BIT,1
1770601727.9706588,BIT,0
1770601727.9706588,BIT,0
1770601727.9706588,BIT,0
1770601727.9706588,BIT,1
1770601727.9706588,BIT,1
1770601727.9706588,BIT,0
1770601728.127702,BIT,0
1770601728.127702,BIT,1
1770601728.127702,BIT,1
1770601728.127702,BIT,1
1770601728.127702,BIT,1
1770601728.127702,BIT,0
1770601728.127702,BIT,0
1770601728.127702,BIT,0
1770601728.127702,BIT,1
1770601728.127702,BIT,0
1770601728.295956,BIT,1
1770601728.295956,BIT,1
1770601728.295956,BIT,1
1770601728.295956,BIT,1
1770601728.295956,BIT,1
1770601728.295956,BIT,0
1770601728.295956,BIT,0
1770601728.295956,BIT,0
1770601728.295956,BIT,0
1770601728.295956,BIT,0
1770601728.5155985,BIT,0
1770601728.5155985,BIT,0
1770601728.5155985,BIT,1
1770601728.5155985,BIT,0
1770601728.5155985,BIT,1
1770601728.5155985,BIT,1
1770601728.5155985,BIT,0
1770601728.5155985,BIT,0
1770601728.5155985,BIT,0
1770601728.5155985,BIT,1
1770601728.7017872,BIT,1
1770601728.7017872,BIT,1
1770601728.7017872,BIT,0
1770601728.7017872,BIT,1
1770601728.7017872,BIT,1
1770601728.7017872,BIT,1
1770601728.7017872,BIT,1
1770601728.7017872,BIT,1
1770601728.7017872,BIT,1
1770601728.7017872,BIT,1
1770601728.8747468,BIT,1
1770601728.8747468,BIT,0
1770601728.8747468,BIT,1
1770601728.8747468,BIT,1
1770601728.8747468,BIT,1
1770601728.8747468,BIT,1
1770601728.8747468,BIT,0
1770601728.8747468,BIT,0
1770601728.8747468,BIT,0
1770601728.8747468,BIT,0
1770601729.0446284,BIT,1
1770601729.0446284,BIT,0
1770601729.0446284,BIT,0
1770601729.0446284,BIT,0
1770601729.0446284,BIT,0
1770601729.0446284,BIT,0
1770601729.0446284,BIT,0
1770601729.0446284,BIT,0
1770601729.0446284,BIT,1
1770601729.0446284,BIT,0
1770601729.240017,BIT,0
1770601729.240017,BIT,1
1770601729.240017,BIT,0
1770601729.240017,BIT,1
1770601729.240017,BIT,1
1770601729.240017,BIT,1
1770601729.240017,BIT,0
1770601729.240017,BIT,0
1770601729.240017,BIT,1
1770601729.240017,BIT,1
1770601729.4088454,BIT,0
1770601729.4088454,BIT,1
1770601729.4088454,BIT,1
1770601729.4088454,BIT,1
1770601729.4088454,BIT,0
1770601729.4088454,BIT,1
1770601729.4088454,BIT,1
1770601729.4088454,BIT,0
1770601729.4088454,BIT,1
1770601729.4088454,BIT,0
1770601729.581095,BIT,1
1770601729.581095,BIT,1
1770601729.581095,BIT,1
1770601729.581095,BIT,1
1770601729.581095,BIT,1
1770601729.581095,BIT,0
1770601729.581095,BIT,1
1770601729.581095,BIT,1
1770601729.581095,BIT,1
1770601729.581095,BIT,1
1770601729.7481956,BIT,1
1770601729.7481956,BIT,0
1770601729.7481956,BIT,0
1770601729.7481956,BIT,0
1770601729.7481956,BIT,1
1770601729.7481956,BIT,1
1770601729.7481956,BIT,0
1770601729.7481956,BIT,0
1770601729.7481956,BIT,1
1770601729.7481956,BIT,0
1770601729.9206705,BIT,1
1770601729.9206705,BIT,0
1770601729.9206705,BIT,0
1770601729.9206705,BIT,1
1770601729.9206705,BIT,1
1770601729.9206705,BIT,1
1770601729.9206705,BIT,0
1770601729.9206705,BIT,0
1770601729.9206705,BIT,1
1770601729.9206705,BIT,1
1770601730.083412,BIT,1
1770601730.083412,BIT,0
1770601730.083412,BIT,1
1770601730.083412,BIT,1
1770601730.083412,BIT,1
1770601730.083412,BIT,1
1770601730.083412,BIT,0
1770601730.083412,BIT,1
1770601730.083412,BIT,0
1770601730.083412,BIT,1
1770601730.2649992,BIT,1
1770601730.2649992,BIT,1
1770601730.2649992,BIT,0
1770601730.2649992,BIT,0
1770601730.2649992,BIT,1
1770601730.2649992,BIT,0
1770601730.2649992,BIT,1
1770601730.2649992,BIT,0
1770601730.2649992,BIT,1
1770601730.2649992,BIT,0
1770601730.4415429,BIT,0
1770601730.4415429,BIT,1
1770601730.4415429,BIT,1
1770601730.4415429,BIT,0
1770601730.4415429,BIT,0
1770601730.4415429,BIT,0
1770601730.4415429,BIT,0
1770601730.4415429,BIT,1
1770601730.4415429,BIT,1
1770601730.4415429,BIT,1
1770601730.6061566,BIT,1
1770601730.6061566,BIT,1
1770601730.6061566,BIT,0
1770601730.6061566,BIT,1
1770601730.6061566,BIT,1
1770601730.6061566,BIT,1
1770601730.6061566,BIT,0
1770601730.6061566,BIT,1
1770601730.6061566,BIT,1
1770601730.6061566,BIT,1
1770601730.7671454,BIT,1
1770601730.7671454,BIT,1
1770601730.7671454,BIT,1
1770601730.7671454,BIT,1
1770601730.7671454,BIT,0
1770601730.7671454,BIT,1
1770601730.7671454,BIT,1
1770601730.7671454,BIT,1
1770601730.7671454,BIT,0
1770601730.7671454,BIT,1
1770601730.9204936,BIT,1
1770601730.9204936,BIT,1
1770601730.9204936,BIT,0
1770601730.9204936,BIT,0
1770601730.9204936,BIT,0
1770601730.9204936,BIT,0
1770601730.9204936,BIT,1
1770601730.9204936,BIT,0
1770601730.9204936,BIT,1
1770601730.9204936,BIT,0
1770601731.0902157,BIT,1
1770601731.0902157,BIT,1
1770601731.0902157,BIT,1
1770601731.0902157,BIT,0
1770601731.0902157,BIT,0
1770601731.0902157,BIT,1
1770601731.0902157,BIT,0
1770601731.0902157,BIT,0
1770601731.0902157,BIT,1
1770601731.0902157,BIT,1
1770601731.238718,BIT,1
1770601731.238718,BIT,0
1770601731.238718,BIT,0
1770601731.238718,BIT,1
1770601731.238718,BIT,0
1770601731.238718,BIT,1
1770601731.238718,BIT,1
1770601731.238718,BIT,0
1770601731.238718,BIT,1
1770601731.238718,BIT,1
1770601731.3868861,BIT,0
1770601731.3868861,BIT,1
1770601731.3868861,BIT,0
1770601731.3868861,BIT,0
1770601731.3868861,BIT,1
1770601731.3868861,BIT,1
1770601731.3868861,BIT,1
1770601731.3868861,BIT,0
1770601731.3868861,BIT,1
1770601731.3868861,BIT,1
1770601731.5259507,BIT,0
1770601731.5259507,BIT,1
1770601731.5259507,BIT,1
1770601731.5259507,BIT,1
1770601731.5259507,BIT,1
1770601731.5259507,BIT,0
1770601731.5259507,BIT,0
1770601731.5259507,BIT,1
1770601731.5259507,BIT,0
1770601731.5259507,BIT,1
1770601731.6795642,BIT,0
1770601731.6795642,BIT,0
1770601731.6795642,BIT,0
1770601731.6795642,BIT,0
1770601731.6795642,BIT,1
1770601731.6795642,BIT,0
1770601731.6795642,BIT,1
1770601731.6795642,BIT,1
1770601731.6795642,BIT,1
1770601731.6795642,BIT,0
1770601731.8227937,BIT,0
1770601731.8227937,BIT,0
1770601731.8227937,BIT,0
1770601731.8227937,BIT,1
1770601731.8227937,BIT,1
1770601731.8227937,BIT,1
1770601731.8227937,BIT,1
1770601731.8227937,BIT,1
1770601731.8227937,BIT,0
1770601731.8227937,BIT,1
1770601731.966354,BIT,0
1770601731.966354,BIT,0
1770601731.966354,BIT,0
1770601731.966354,BIT,0
1770601731.966354,BIT,0
1770601731.966354,BIT,1
1770601731.966354,BIT,0
1770601731.966354,BIT,0
1770601731.966354,BIT,1
1770601731.966354,BIT,1
1770601732.12339,BIT,1
1770601732.12339,BIT,1
1770601732.12339,BIT,1
1770601732.12339,BIT,0
1770601732.12339,BIT,1
1770601732.12339,BIT,0
1770601732.12339,BIT,0
1770601732.12339,BIT,1
1770601732.12339,BIT,0
1770601732.12339,BIT,1
1770601732.2758675,BIT,1
1770601732.2758675,BIT,1
1770601732.2758675,BIT,1
1770601732.2758675,BIT,0
1770601732.2758675,BIT,1
1770601732.2758675,BIT,0
1770601732.2758675,BIT,0
1770601732.2758675,BIT,0
1770601732.2758675,BIT,0
1770601732.2758675,BIT,1
1770601732.4203515,BIT,0
1770601732.4203515,BIT,1
1770601732.4203515,BIT,1
1770601732.4203515,BIT,0
1770601732.4203515,BIT,0
1770601732.4203515,BIT,1
1770601732.4203515,BIT,0
1770601732.4203515,BIT,1
1770601732.4203515,BIT,1
1770601732.4203515,BIT,0
1770601732.5600328,BIT,1
1770601732.5600328,BIT,1
1770601732.5600328,BIT,1
1770601732.5600328,BIT,0
1770601732.5600328,BIT,1
1770601732.5600328,BIT,1
1770601732.5600328,BIT,1
1770601732.5600328,BIT,1
1770601732.5600328,BIT,0
1770601732.5600328,BIT,1
1770601732.7147725,BIT,1
1770601732.7147725,BIT,1
1770601732.7147725,BIT,1
1770601732.7147725,BIT,1
1770601732.7147725,BIT,1
1770601732.7147725,BIT,0
1770601732.7147725,BIT,0
1770601732.7147725,BIT,1
1770601732.7147725,BIT,1
1770601732.7147725,BIT,1
1770601732.860643,BIT,1
1770601732.860643,BIT,0
1770601732.860643,BIT,1
1770601732.860643,BIT,0
1770601732.860643,BIT,1
1770601732.860643,BIT,1
1770601732.860643,BIT,1
1770601732.860643,BIT,1
1770601732.860643,BIT,0
1770601732.860643,BIT,0
1770601733.0150874,BIT,0
1770601733.0150874,BIT,0
1770601733.0150874,BIT,0
1770601733.0150874,BIT,1
1770601733.0150874,BIT,1
1770601733.0150874,BIT,1
1770601733.0150874,BIT,1
1770601733.0150874,BIT,0
1770601733.0150874,BIT,0
1770601733.0150874,BIT,1
1770601733.166932,BIT,1
1770601733.166932,BIT,1
1770601733.166932,BIT,1
1770601733.166932,BIT,0
1770601733.166932,BIT,1
1770601733.166932,BIT,0
1770601733.166932,BIT,0
1770601733.166932,BIT,1
1770601733.166932,BIT,1
1770601733.166932,BIT,0
1770601733.333063,BIT,1
1770601733.333063,BIT,0
1770601733.333063,BIT,0
1770601733.333063,BIT,0
1770601733.333063,BIT,1
1770601733.333063,BIT,1
1770601733.333063,BIT,1
1770601733.333063,BIT,0
1770601733.333063,BIT,0
1770601733.333063,BIT,0
1770601733.489902,BIT,0
1770601733.489902,BIT,0
1770601733.489902,BIT,0
1770601733.489902,BIT,1
1770601733.489902,BIT,0
1770601733.489902,BIT,1
1770601733.489902,BIT,1
1770601733.489902,BIT,0
1770601733.489902,BIT,1
1770601733.489902,BIT,1
1770601733.6442277,BIT,0
1770601733.6442277,BIT,1
1770601733.6442277,BIT,1
1770601733.6442277,BIT,0
1770601733.6442277,BIT,1
1770601733.6442277,BIT,0
1770601733.6442277,BIT,0
1770601733.6442277,BIT,1
1770601733.6442277,BIT,1
1770601733.6442277,BIT,1
1770601733.8015578,BIT,0
1770601733.8015578,BIT,1
1770601733.8015578,BIT,1
1770601733.8015578,BIT,0
1770601733.8015578,BIT,1
1770601733.8015578,BIT,0
1770601733.8015578,BIT,0
1770601733.8015578,BIT,1
1770601733.8015578,BIT,0
1770601733.8015578,BIT,1
1770601733.9491007,BIT,0
1770601733.9491007,BIT,1
1770601733.9491007,BIT,0
1770601733.9491007,BIT,0
1770601733.9491007,BIT,0
1770601733.9491007,BIT,0
1770601733.9491007,BIT,1
1770601733.9491007,BIT,0
1770601733.9491007,BIT,1
1770601733.9491007,BIT,1
1770601734.1027539,BIT,1
1770601734.1027539,BIT,0
1770601734.1027539,BIT,0
1770601734.1027539,BIT,1
1770601734.1027539,BIT,0
1770601734.1027539,BIT,1
1770601734.1027539,BIT,1
1770601734.1027539,BIT,1
1770601734.1027539,BIT,1
1770601734.1027539,BIT,0
1770601734.2640686,BIT,0
1770601734.2640686,BIT,0
1770601734.2640686,BIT,1
1770601734.2640686,BIT,0
1770601734.2640686,BIT,1
1770601734.2640686,BIT,0
1770601734.2640686,BIT,1
1770601734.2640686,BIT,1
1770601734.2640686,BIT,1
1770601734.2640686,BIT,0
1770601734.4171512,BIT,1
1770601734.4171512,BIT,0
1770601734.4171512,BIT,1
1770601734.4171512,BIT,0
1770601734.4171512,BIT,0
1770601734.4171512,BIT,0
1770601734.4171512,BIT,1
1770601734.4171512,BIT,1
1770601734.4171512,BIT,1
1770601734.4171512,BIT,1
1770601734.5850816,BIT,0
1770601734.5850816,BIT,0
1770601734.5850816,BIT,0
1770601734.5850816,BIT,1
1770601734.5850816,BIT,0
1770601734.5850816,BIT,0
1770601734.5850816,BIT,1
1770601734.5850816,BIT,1
1770601734.5850816,BIT,1
1770601734.5850816,BIT,0
1770601734.7440138,BIT,0
1770601734.7440138,BIT,1
1770601734.7440138,BIT,1
1770601734.7440138,BIT,0
1770601734.7440138,BIT,0
1770601734.7440138,BIT,1
1770601734.7440138,BIT,1
1770601734.7440138,BIT,1
1770601734.7440138,BIT,0
1770601734.7440138,BIT,1
1770601734.9080892,BIT,0
1770601734.9080892,BIT,1
1770601734.9080892,BIT,0
1770601734.9080892,BIT,1
1770601734.9080892,BIT,1
1770601734.9080892,BIT,0
1770601734.9080892,BIT,1
1770601734.9080892,BIT,1
1770601734.9080892,BIT,0
1770601734.9080892,BIT,1
1770601735.0599704,BIT,1
1770601735.0599704,BIT,0
1770601735.0599704,BIT,0
1770601735.0599704,BIT,1
1770601735.0599704,BIT,1
1770601735.0599704,BIT,0
1770601735.0599704,BIT,0
1770601735.0599704,BIT,1
1770601735.0599704,BIT,0
1770601735.0599704,BIT,1
1770601735.2214208,BIT,1
1770601735.2214208,BIT,1
1770601735.2214208,BIT,0
1770601735.2214208,BIT,1
1770601735.2214208,BIT,1
1770601735.2214208,BIT,0
1770601735.2214208,BIT,1
1770601735.2214208,BIT,1
1770601735.2214208,BIT,1
1770601735.2214208,BIT,0
1770601735.3745866,BIT,0
1770601735.3745866,BIT,0
1770601735.3745866,BIT,1
1770601735.3745866,BIT,0
1770601735.3745866,BIT,0
1770601735.3745866,BIT,1
1770601735.3745866,BIT,1
1770601735.3745866,BIT,0
1770601735.3745866,BIT,0
1770601735.3745866,BIT,1
1770601735.5619957,BIT,1
1770601735.5619957,BIT,0
1770601735.5619957,BIT,1
1770601735.5619957,BIT,1
1770601735.5619957,BIT,1
1770601735.5619957,BIT,0
1770601735.5619957,BIT,1
1770601735.5619957,BIT,0
1770601735.5619957,BIT,0
1770601735.5619957,BIT,0
1770601735.7404513,BIT,1
1770601735.7404513,BIT,0
1770601735.7404513,BIT,0
1770601735.7404513,BIT,1
1770601735.7404513,BIT,1
1770601735.7404513,BIT,1
1770601735.7404513,BIT,1
1770601735.7404513,BIT,0
1770601735.7404513,BIT,1
1770601735.7404513,BIT,0
1770601735.9141893,BIT,1
1770601735.9141893,BIT,1
1770601735.9141893,BIT,1
1770601735.9141893,BIT,0
1770601735.9141893,BIT,0
1770601735.9141893,BIT,1
1770601735.9141893,BIT,1
1770601735.9141893,BIT,1
1770601735.9141893,BIT,1
1770601735.9141893,BIT,0
1770601736.0699587,BIT,1
1770601736.0699587,BIT,0
1770601736.0699587,BIT,1
1770601736.0699587,BIT,0
1770601736.0699587,BIT,1
1770601736.0699587,BIT,1
1770601736.0699587,BIT,0
1770601736.0699587,BIT,1
1770601736.0699587,BIT,0
1770601736.0699587,BIT,0
1770601736.2360206,BIT,0
1770601736.2360206,BIT,1
1770601736.2360206,BIT,0
1770601736.2360206,BIT,1
1770601736.2360206,BIT,0
1770601736.2360206,BIT,1
1770601736.2360206,BIT,1
1770601736.2360206,BIT,0
1770601736.2360206,BIT,0
1770601736.2360206,BIT,1
1770601736.3931696,BIT,1
1770601736.3931696,BIT,1
1770601736.3931696,BIT,0
1770601736.3931696,BIT,0
1770601736.3931696,BIT,1
1770601736.3931696,BIT,0
1770601736.3931696,BIT,1
1770601736.3931696,BIT,0
1770601736.3931696,BIT,0
1770601736.3931696,BIT,1
1770601736.5476406,BIT,0
1770601736.5476406,BIT,0
1770601736.5476406,BIT,1
1770601736.5476406,BIT,0
1770601736.5476406,BIT,1
1770601736.5476406,BIT,0
1770601736.5476406,BIT,0
1770601736.5476406,BIT,0
1770601736.5476406,BIT,1
1770601736.5476406,BIT,0
1770601736.7216609,BIT,1
1770601736.7216609,BIT,0
1770601736.7216609,BIT,0
1770601736.7216609,BIT,1
1770601736.7216609,BIT,1
1770601736.7216609,BIT,0
1770601736.7216609,BIT,1
1770601736.7216609,BIT,1
1770601736.7216609,BIT,1
1770601736.7216609,BIT,0
1770601736.8953328,BIT,0
1770601736.8953328,BIT,1
1770601736.8953328,BIT,1
1770601736.8953328,BIT,0
1770601736.8953328,BIT,1
1770601736.8953328,BIT,1
1770601736.8953328,BIT,0
1770601736.8953328,BIT,1
1770601736.8953328,BIT,1
1770601736.8953328,BIT,0
1770601737.0602734,BIT,1
1770601737.0602734,BIT,0
1770601737.0602734,BIT,0
1770601737.0602734,BIT,1
1770601737.0602734,BIT,1
1770601737.0602734,BIT,1
1770601737.0602734,BIT,0
1770601737.0602734,BIT,0
1770601737.0602734,BIT,1
1770601737.0602734,BIT,1
1770601737.239151,BIT,1
1770601737.239151,BIT,1
1770601737.239151,BIT,0
1770601737.239151,BIT,1
1770601737.239151,BIT,0
1770601737.239151,BIT,1
1770601737.239151,BIT,0
1770601737.239151,BIT,1
1770601737.239151,BIT,0
1770601737.239151,BIT,1
1770601737.4269989,BIT,0
1770601737.4269989,BIT,0
1770601737.4269989,BIT,0
1770601737.4269989,BIT,1
1770601737.4269989,BIT,1
1770601737.4269989,BIT,1
1770601737.4269989,BIT,1
1770601737.4269989,BIT,1
1770601737.4269989,BIT,1
1770601737.4269989,BIT,1
1770601737.602498,BIT,1
1770601737.602498,BIT,1
1770601737.602498,BIT,1
1770601737.602498,BIT,1
1770601737.602498,BIT,1
1770601737.602498,BIT,0
1770601737.602498,BIT,0
1770601737.602498,BIT,0
1770601737.602498,BIT,1
1770601737.602498,BIT,1
1770601737.7721162,BIT,1
1770601737.7721162,BIT,1
1770601737.7721162,BIT,1
1770601737.7721162,BIT,1
1770601737.7721162,BIT,0
1770601737.7721162,BIT,0
1770601737.7721162,BIT,1
1770601737.7721162,BIT,0
1770601737.7721162,BIT,1
1770601737.7721162,BIT,1
1770601737.9381518,BIT,0
1770601737.9381518,BIT,1
1770601737.9381518,BIT,1
1770601737.9381518,BIT,1
1770601737.9381518,BIT,1
1770601737.9381518,BIT,0
1770601737.9381518,BIT,0
1770601737.9381518,BIT,0
1770601737.9381518,BIT,1
1770601737.9381518,BIT,1
1770601738.1100314,BIT,1
1770601738.1100314,BIT,1
1770601738.1100314,BIT,0
1770601738.1100314,BIT,0
1770601738.1100314,BIT,1
1770601738.1100314,BIT,1
1770601738.1100314,BIT,1
1770601738.1100314,BIT,1
1770601738.1100314,BIT,0
1770601738.1100314,BIT,0
1770601738.269751,BIT,1
1770601738.269751,BIT,0
1770601738.269751,BIT,0
1770601738.269751,BIT,1
1770601738.269751,BIT,0
1770601738.269751,BIT,0
1770601738.269751,BIT,1
1770601738.269751,BIT,1
1770601738.269751,BIT,0
1770601738.269751,BIT,1
1770601738.4324114,BIT,0
1770601738.4324114,BIT,0
1770601738.4324114,BIT,0
1770601738.4324114,BIT,0
1770601738.4324114,BIT,0
1770601738.4324114,BIT,0
1770601738.4324114,BIT,1
1770601738.4324114,BIT,0
1770601738.4324114,BIT,1
1770601738.4324114,BIT,0
1770601738.591649,BIT,1
1770601738.591649,BIT,1
1770601738.591649,BIT,1
1770601738.591649,BIT,1
1770601738.591649,BIT,0
1770601738.591649,BIT,0
1770601738.591649,BIT,0
1770601738.591649,BIT,0
1770601738.591649,BIT,1
1770601738.591649,BIT,0
1770601738.757146,BIT,1
1770601738.757146,BIT,1
1770601738.757146,BIT,0
1770601738.757146,BIT,0
1770601738.757146,BIT,1
1770601738.757146,BIT,1
1770601738.757146,BIT,0
1770601738.757146,BIT,1
1770601738.757146,BIT,0
1770601738.757146,BIT,0
1770601738.91691,BIT,1
1770601738.91691,BIT,1
1770601738.91691,BIT,1
1770601738.91691,BIT,0
1770601738.91691,BIT,1
1770601738.91691,BIT,0
1770601738.91691,BIT,1
1770601738.91691,BIT,1
1770601738.91691,BIT,1
1770601738.91691,BIT,1
1770601739.0706208,BIT,0
1770601739.0706208,BIT,1
1770601739.0706208,BIT,0
1770601739.0706208,BIT,0
1770601739.0706208,BIT,0
1770601739.0706208,BIT,1
1770601739.0706208,BIT,0
1770601739.0706208,BIT,0
1770601739.0706208,BIT,1
1770601739.0706208,BIT,1
1770601739.2349277,BIT,0
1770601739.2349277,BIT,0
1770601739.2349277,BIT,0
1770601739.2349277,BIT,1
1770601739.2349277,BIT,1
1770601739.2349277,BIT,1
1770601739.2349277,BIT,0
1770601739.2349277,BIT,0
1770601739.2349277,BIT,1
1770601739.2349277,BIT,0
1770601739.3955956,BIT,0
1770601739.3955956,BIT,0
1770601739.3955956,BIT,0
1770601739.3955956,BIT,1
1770601739.3955956,BIT,0
1770601739.3955956,BIT,0
1770601739.3955956,BIT,1
1770601739.3955956,BIT,1
1770601739.3955956,BIT,0
1770601739.3955956,BIT,1
1770601739.5515606,BIT,0
1770601739.5515606,BIT,1
1770601739.5515606,BIT,1
1770601739.5515606,BIT,0
1770601739.5515606,BIT,0
1770601739.5515606,BIT,0
1770601739.5515606,BIT,0
1770601739.5515606,BIT,0
1770601739.5515606,BIT,1
1770601739.5515606,BIT,1
1770601739.7156873,BIT,1
1770601739.7156873,BIT,1
1770601739.7156873,BIT,0
1770601739.7156873,BIT,0
1770601739.7156873,BIT,0
1770601739.7156873,BIT,0
1770601739.7156873,BIT,0
1770601739.7156873,BIT,1
1770601739.7156873,BIT,1
1770601739.7156873,BIT,0
1770601739.873023,BIT,0
1770601739.873023,BIT,0
1770601739.873023,BIT,0
1770601739.873023,BIT,0
1770601739.873023,BIT,1
1770601739.873023,BIT,0
1770601739.873023,BIT,1
1770601739.873023,BIT,0
1770601739.873023,BIT,0
1770601739.873023,BIT,1
1770601740.037179,BIT,0
1770601740.037179,BIT,1
1770601740.037179,BIT,1
1770601740.037179,BIT,1
1770601740.037179,BIT,0
1770601740.037179,BIT,0
1770601740.037179,BIT,1
1770601740.037179,BIT,0
1770601740.037179,BIT,0
1770601740.037179,BIT,1
1770601740.197329,BIT,1
1770601740.197329,BIT,1
1770601740.197329,BIT,1
1770601740.197329,BIT,1
1770601740.197329,BIT,0
1770601740.197329,BIT,1
1770601740.197329,BIT,1
1770601740.197329,BIT,0
1770601740.197329,BIT,0
1770601740.197329,BIT,1
1770601740.3580594,BIT,0
1770601740.3580594,BIT,1
1770601740.3580594,BIT,1
1770601740.3580594,BIT,0
1770601740.3580594,BIT,1
1770601740.3580594,BIT,0
1770601740.3580594,BIT,0
1770601740.3580594,BIT,1
1770601740.3580594,BIT,1
1770601740.3580594,BIT,1
1770601740.5747993,BIT,1
1770601740.5747993,BIT,1
1770601740.5747993,BIT,0
1770601740.5747993,BIT,1
1770601740.5747993,BIT,1
1770601740.5747993,BIT,0
1770601740.5747993,BIT,0
1770601740.5747993,BIT,1
1770601740.5747993,BIT,1
1770601740.5747993,BIT,0
1770601740.7610502,BIT,0
1770601740.7610502,BIT,1
1770601740.7610502,BIT,1
1770601740.7610502,BIT,0
1770601740.7610502,BIT,1
1770601740.7610502,BIT,1
1770601740.7610502,BIT,1
1770601740.7610502,BIT,1
1770601740.7610502,BIT,1
1770601740.7610502,BIT,0
1770601740.923569,BIT,1
1770601740.923569,BIT,0
1770601740.923569,BIT,0
1770601740.923569,BIT,0
1770601740.923569,BIT,1
1770601740.923569,BIT,1
1770601740.923569,BIT,0
1770601740.923569,BIT,0
1770601740.923569,BIT,0
1770601740.923569,BIT,1
1770601741.0863461,BIT,0
1770601741.0863461,BIT,1
1770601741.0863461,BIT,0
1770601741.0863461,BIT,0
1770601741.0863461,BIT,0
1770601741.0863461,BIT,1
1770601741.0863461,BIT,1
1770601741.0863461,BIT,1
1770601741.0863461,BIT,1
1770601741.0863461,BIT,0
1770601741.2553287,BIT,0
1770601741.2553287,BIT,1
1770601741.2553287,BIT,0
1770601741.2553287,BIT,1
1770601741.2553287,BIT,1
1770601741.2553287,BIT,0
1770601741.2553287,BIT,1
1770601741.2553287,BIT,1
1770601741.2553287,BIT,0
1770601741.2553287,BIT,1
1770601741.4201882,BIT,1
1770601741.4201882,BIT,1
1770601741.4201882,BIT,1
1770601741.4201882,BIT,0
1770601741.4201882,BIT,0
1770601741.4201882,BIT,0
1770601741.4201882,BIT,0
1770601741.4201882,BIT,0
1770601741.4201882,BIT,0
1770601741.4201882,BIT,0
1770601741.5801368,BIT,0
1770601741.5801368,BIT,0
1770601741.5801368,BIT,0
1770601741.5801368,BIT,0
1770601741.5801368,BIT,1
1770601741.5801368,BIT,1
1770601741.5801368,BIT,0
1770601741.5801368,BIT,1
1770601741.5801368,BIT,1
1770601741.5801368,BIT,1
1770601741.7390344,BIT,0
1770601741.7390344,BIT,1
1770601741.7390344,BIT,0
1770601741.7390344,BIT,0
1770601741.7390344,BIT,0
1770601741.7390344,BIT,0
1770601741.7390344,BIT,0
1770601741.7390344,BIT,0
1770601741.7390344,BIT,1
1770601741.7390344,BIT,0
1770601741.8927896,BIT,1
1770601741.8927896,BIT,1
1770601741.8927896,BIT,1
1770601741.8927896,BIT,0
1770601741.8927896,BIT,0
1770601741.8927896,BIT,1
1770601741.8927896,BIT,1
1770601741.8927896,BIT,1
1770601741.8927896,BIT,1
1770601741.8927896,BIT,1
1770601742.0488806,BIT,0
1770601742.0488806,BIT,0
1770601742.0488806,BIT,0
1770601742.0488806,BIT,0
1770601742.0488806,BIT,0
1770601742.0488806,BIT,0
1770601742.0488806,BIT,0
1770601742.0488806,BIT,0
1770601742.0488806,BIT,0
1770601742.0488806,BIT,0
1770601742.215339,BIT,1
1770601742.215339,BIT,1
1770601742.215339,BIT,1
1770601742.215339,BIT,0
1770601742.215339,BIT,1
1770601742.215339,BIT,0
1770601742.215339,BIT,1
1770601742.215339,BIT,0
1770601742.215339,BIT,0
1770601742.215339,BIT,0
1770601742.3784935,BIT,1
1770601742.3784935,BIT,1
1770601742.3784935,BIT,0
1770601742.3784935,BIT,0
1770601742.3784935,BIT,0
1770601742.3784935,BIT,0
1770601742.3784935,BIT,1
1770601742.3784935,BIT,0
1770601742.3784935,BIT,0
1770601742.3784935,BIT,0
1770601742.5259604,BIT,1
1770601742.5259604,BIT,1
1770601742.5259604,BIT,1
1770601742.5259604,BIT,0
1770601742.5259604,BIT,0
1770601742.5259604,BIT,0
1770601742.5259604,BIT,0
1770601742.5259604,BIT,1
1770601742.5259604,BIT,1
1770601742.5259604,BIT,0
1770601742.6816454,BIT,1
1770601742.6816454,BIT,0
1770601742.6816454,BIT,1
1770601742.6816454,BIT,0
1770601742.6816454,BIT,1
1770601742.6816454,BIT,0
1770601742.6816454,BIT,1
1770601742.6816454,BIT,0
1770601742.6816454,BIT,1
1770601742.6816454,BIT,1
1770601742.8518286,BIT,0
1770601742.8518286,BIT,0
1770601742.8518286,BIT,0
1770601742.8518286,BIT,0
1770601742.8518286,BIT,0
1770601742.8518286,BIT,0
1770601742.8518286,BIT,1
1770601742.8518286,BIT,0
1770601742.8518286,BIT,0
1770601742.8518286,BIT,1
1770601743.0057871,BIT,1
1770601743.0057871,BIT,0
1770601743.0057871,BIT,0
1770601743.0057871,BIT,1
1770601743.0057871,BIT,0
1770601743.0057871,BIT,0
1770601743.0057871,BIT,1
1770601743.0057871,BIT,1
1770601743.0057871,BIT,0
1770601743.0057871,BIT,0
1770601743.1747382,BIT,0
1770601743.1747382,BIT,0
1770601743.1747382,BIT,0
1770601743.1747382,BIT,1
1770601743.1747382,BIT,1
1770601743.1747382,BIT,1
1770601743.1747382,BIT,0
1770601743.1747382,BIT,0
1770601743.1747382,BIT,1
1770601743.1747382,BIT,0
1770601743.3344302,BIT,0
1770601743.3344302,BIT,0
1770601743.3344302,BIT,1
1770601743.3344302,BIT,0
1770601743.3344302,BIT,0
1770601743.3344302,BIT,0
1770601743.3344302,BIT,1
1770601743.3344302,BIT,0
1770601743.3344302,BIT,1
1770601743.3344302,BIT,1
1770601743.4869704,BIT,0
1770601743.4869704,BIT,1
1770601743.4869704,BIT,1
1770601743.4869704,BIT,1
1770601743.4869704,BIT,0
1770601743.4869704,BIT,1
1770601743.4869704,BIT,0
1770601743.4869704,BIT,0
1770601743.4869704,BIT,1
1770601743.4869704,BIT,1
1770601743.65171,BIT,1
1770601743.65171,BIT,1
1770601743.65171,BIT,0
1770601743.65171,BIT,1
1770601743.65171,BIT,0
1770601743.65171,BIT,0
1770601743.65171,BIT,0
1770601743.65171,BIT,1
1770601743.65171,BIT,1
1770601743.65171,BIT,0
1770601743.8102574,BIT,0
1770601743.8102574,BIT,0
1770601743.8102574,BIT,1
1770601743.8102574,BIT,1
1770601743.8102574,BIT,0
1770601743.8102574,BIT,0
1770601743.8102574,BIT,0
1770601743.8102574,BIT,1
1770601743.8102574,BIT,0
1770601743.8102574,BIT,0
1770601743.9691281,BIT,1
1770601743.9691281,BIT,0
1770601743.9691281,BIT,0
1770601743.9691281,BIT,0
1770601743.9691281,BIT,0
1770601743.9691281,BIT,0
1770601743.9691281,BIT,1
1770601743.9691281,BIT,0
1770601743.9691281,BIT,0
1770601743.9691281,BIT,0
1770601744.1233268,BIT,1
1770601744.1233268,BIT,1
1770601744.1233268,BIT,1
1770601744.1233268,BIT,0
1770601744.1233268,BIT,1
1770601744.1233268,BIT,0
1770601744.1233268,BIT,1
1770601744.1233268,BIT,1
1770601744.1233268,BIT,0
1770601744.1233268,BIT,1
1770601744.2892609,BIT,0
1770601744.2892609,BIT,0
1770601744.2892609,BIT,0
1770601744.2892609,BIT,1
1770601744.2892609,BIT,1
1770601744.2892609,BIT,0
1770601744.2892609,BIT,1
1770601744.2892609,BIT,1
1770601744.2892609,BIT,1
1770601744.2892609,BIT,1
1770601744.4578075,BIT,0
1770601744.4578075,BIT,0
1770601744.4578075,BIT,1
1770601744.4578075,BIT,0
1770601744.4578075,BIT,1
1770601744.4578075,BIT,1
1770601744.4578075,BIT,0
1770601744.4578075,BIT,1
1770601744.4578075,BIT,1
1770601744.4578075,BIT,1
1770601744.6187415,BIT,0
1770601744.6187415,BIT,0
1770601744.6187415,BIT,1
1770601744.6187415,BIT,0
1770601744.6187415,BIT,0
1770601744.6187415,BIT,1
1770601744.6187415,BIT,1
1770601744.6187415,BIT,0
1770601744.6187415,BIT,1
1770601744.6187415,BIT,0
1770601744.7860513,BIT,1
1770601744.7860513,BIT,1
1770601744.7860513,BIT,0
1770601744.7860513,BIT,1
1770601744.7860513,BIT,0
1770601744.7860513,BIT,1
1770601744.7860513,BIT,0
1770601744.7860513,BIT,0
1770601744.7860513,BIT,0
1770601744.7860513,BIT,1
1770601744.9443858,BIT,0
1770601744.9443858,BIT,1
1770601744.9443858,BIT,1
1770601744.9443858,BIT,1
1770601744.9443858,BIT,0
1770601744.9443858,BIT,0
1770601744.9443858,BIT,0
1770601744.9443858,BIT,0
1770601744.9443858,BIT,0
1770601744.9443858,BIT,1
1770601745.1007924,BIT,1
1770601745.1007924,BIT,1
1770601745.1007924,BIT,1
1770601745.1007924,BIT,0
1770601745.1007924,BIT,0
1770601745.1007924,BIT,1
1770601745.1007924,BIT,1
1770601745.1007924,BIT,1
1770601745.1007924,BIT,0
1770601745.1007924,BIT,0
1770601745.2689266,BIT,1
1770601745.2689266,BIT,1
1770601745.2689266,BIT,0
1770601745.2689266,BIT,1
1770601745.2689266,BIT,1
1770601745.2689266,BIT,1
1770601745.2689266,BIT,1
1770601745.2689266,BIT,0
1770601745.2689266,BIT,0
1770601745.2689266,BIT,1
1770601745.4290085,BIT,1
1770601745.4290085,BIT,1
1770601745.4290085,BIT,0
1770601745.4290085,BIT,0
1770601745.4290085,BIT,1
1770601745.4290085,BIT,0
1770601745.4290085,BIT,1
1770601745.4290085,BIT,1
1770601745.4290085,BIT,0
1770601745.4290085,BIT,0
1770601745.5774066,BIT,0
1770601745.5774066,BIT,1
1770601745.5774066,BIT,1
1770601745.5774066,BIT,0
1770601745.5774066,BIT,1
1770601745.5774066,BIT,1
1770601745.5774066,BIT,0
1770601745.5774066,BIT,1
1770601745.5774066,BIT,1
1770601745.5774066,BIT,1
1770601745.73816,BIT,1
1770601745.73816,BIT,0
1770601745.73816,BIT,0
1770601745.73816,BIT,1
1770601745.73816,BIT,0
1770601745.73816,BIT,1
1770601745.73816,BIT,0
1770601745.73816,BIT,0
1770601745.73816,BIT,1
1770601745.73816,BIT,0
1770601745.8941598,BIT,0
1770601745.8941598,BIT,1
1770601745.8941598,BIT,0
1770601745.8941598,BIT,1
1770601745.8941598,BIT,0
1770601745.8941598,BIT,1
1770601745.8941598,BIT,1
1770601745.8941598,BIT,0
1770601745.8941598,BIT,0
1770601745.8941598,BIT,1
1770601746.0493207,BIT,0
1770601746.0493207,BIT,0
1770601746.0493207,BIT,1
1770601746.0493207,BIT,1
1770601746.0493207,BIT,1
1770601746.0493207,BIT,0
1770601746.0493207,BIT,0
1770601746.0493207,BIT,0
1770601746.0493207,BIT,0
1770601746.0493207,BIT,1
1770601746.2193372,BIT,1
1770601746.2193372,BIT,1
1770601746.2193372,BIT,1
1770601746.2193372,BIT,1
1770601746.2193372,BIT,1
1770601746.2193372,BIT,0
1770601746.2193372,BIT,1
1770601746.2193372,BIT,0
1770601746.2193372,BIT,0
1770601746.2193372,BIT,1
1770601746.3775764,BIT,1
1770601746.3775764,BIT,1
1770601746.3775764,BIT,1
1770601746.3775764,BIT,1
1770601746.3775764,BIT,1
1770601746.3775764,BIT,1
1770601746.3775764,BIT,0
1770601746.3775764,BIT,1
1770601746.3775764,BIT,1
1770601746.3775764,BIT,1
1770601746.5372064,BIT,1
1770601746.5372064,BIT,1
1770601746.5372064,BIT,1
1770601746.5372064,BIT,1
1770601746.5372064,BIT,1
1770601746.5372064,BIT,1
1770601746.5372064,BIT,0
1770601746.5372064,BIT,0
1770601746.5372064,BIT,1
1770601746.5372064,BIT,0
1770601746.7031245,BIT,0
1770601746.7031245,BIT,1
1770601746.7031245,BIT,0
1770601746.7031245,BIT,1
1770601746.7031245,BIT,0
1770601746.7031245,BIT,1
1770601746.7031245,BIT,0
1770601746.7031245,BIT,1
1770601746.7031245,BIT,0
1770601746.7031245,BIT,0
1770601746.8707643,BIT,1
1770601746.8707643,BIT,1
1770601746.8707643,BIT,1
1770601746.8707643,BIT,0
1770601746.8707643,BIT,0
1770601746.8707643,BIT,0
1770601746.8707643,BIT,1
1770601746.8707643,BIT,0
1770601746.8707643,BIT,1
1770601746.8707643,BIT,1
1770601747.0258317,BIT,1
1770601747.0258317,BIT,1
1770601747.0258317,BIT,0
1770601747.0258317,BIT,0
1770601747.0258317,BIT,1
1770601747.0258317,BIT,0
1770601747.0258317,BIT,0
1770601747.0258317,BIT,1
1770601747.0258317,BIT,0
1770601747.0258317,BIT,1
1770601747.1852765,BIT,0
1770601747.1852765,BIT,1
1770601747.1852765,BIT,0
1770601747.1852765,BIT,0
1770601747.1852765,BIT,1
1770601747.1852765,BIT,1
1770601747.1852765,BIT,1
1770601747.1852765,BIT,0
1770601747.1852765,BIT,0
1770601747.1852765,BIT,1
1770601747.3506317,BIT,1
1770601747.3506317,BIT,0
1770601747.3506317,BIT,1
1770601747.3506317,BIT,0
1770601747.3506317,BIT,0
1770601747.3506317,BIT,1
1770601747.3506317,BIT,1
1770601747.3506317,BIT,0
1770601747.3506317,BIT,1
1770601747.3506317,BIT,1
1770601747.5034695,BIT,0
1770601747.5034695,BIT,0
1770601747.5034695,BIT,1
1770601747.5034695,BIT,0
1770601747.5034695,BIT,0
1770601747.5034695,BIT,0
1770601747.5034695,BIT,0
1770601747.5034695,BIT,1
1770601747.5034695,BIT,1
1770601747.5034695,BIT,1
1770601747.6555712,BIT,0
1770601747.6555712,BIT,1
1770601747.6555712,BIT,1
1770601747.6555712,BIT,0
1770601747.6555712,BIT,1
1770601747.6555712,BIT,1
1770601747.6555712,BIT,1
1770601747.6555712,BIT,0
1770601747.6555712,BIT,0
1770601747.6555712,BIT,0
1770601747.8167222,BIT,0
1770601747.8167222,BIT,0
1770601747.8167222,BIT,0
1770601747.8167222,BIT,1
1770601747.8167222,BIT,1
1770601747.8167222,BIT,1
1770601747.8167222,BIT,0
1770601747.8167222,BIT,1
1770601747.8167222,BIT,1
1770601747.8167222,BIT,1
1770601747.9698596,BIT,0
1770601747.9698596,BIT,1
1770601747.9698596,BIT,1
1770601747.9698596,BIT,1
1770601747.9698596,BIT,1
1770601747.9698596,BIT,1
1770601747.9698596,BIT,1
1770601747.9698596,BIT,1
1770601747.9698596,BIT,1
1770601747.9698596,BIT,1
1770601748.1313057,BIT,0
1770601748.1313057,BIT,1
1770601748.1313057,BIT,0
1770601748.1313057,BIT,0
1770601748.1313057,BIT,0
1770601748.1313057,BIT,0
1770601748.1313057,BIT,0
1770601748.1313057,BIT,1
1770601748.1313057,BIT,1
1770601748.1313057,BIT,0
1770601748.3014147,BIT,0
1770601748.3014147,BIT,1
1770601748.3014147,BIT,1
1770601748.3014147,BIT,0
1770601748.3014147,BIT,1
1770601748.3014147,BIT,1
1770601748.3014147,BIT,1
1770601748.3014147,BIT,1
1770601748.3014147,BIT,0
1770601748.3014147,BIT,0
1770601748.4687555,BIT,0
1770601748.4687555,BIT,0
1770601748.4687555,BIT,1
1770601748.4687555,BIT,1
1770601748.4687555,BIT,1
1770601748.4687555,BIT,0
1770601748.4687555,BIT,0
1770601748.4687555,BIT,0
1770601748.4687555,BIT,0
1770601748.4687555,BIT,1
1770601748.630923,BIT,1
1770601748.630923,BIT,1
1770601748.630923,BIT,0
1770601748.630923,BIT,1
1770601748.630923,BIT,1
1770601748.630923,BIT,0
1770601748.630923,BIT,0
1770601748.630923,BIT,1
1770601748.630923,BIT,1
1770601748.630923,BIT,0
1770601748.803587,BIT,1
1770601748.803587,BIT,1
1770601748.803587,BIT,1
1770601748.803587,BIT,1
1770601748.803587,BIT,1
1770601748.803587,BIT,1
1770601748.803587,BIT,0
1770601748.803587,BIT,0
1770601748.803587,BIT,1
1770601748.803587,BIT,0
1770601748.970557,BIT,1
1770601748.970557,BIT,1
1770601748.970557,BIT,1
1770601748.970557,BIT,0
1770601748.970557,BIT,1
1770601748.970557,BIT,0
1770601748.970557,BIT,1
1770601748.970557,BIT,1
1770601748.970557,BIT,1
1770601748.970557,BIT,0
1770601749.1291924,BIT,0
1770601749.1291924,BIT,0
1770601749.1291924,BIT,0
1770601749.1291924,BIT,1
1770601749.1291924,BIT,1
1770601749.1291924,BIT,0
1770601749.1291924,BIT,0
1770601749.1291924,BIT,1
1770601749.1291924,BIT,1
1770601749.1291924,BIT,1
1770601749.3077755,BIT,0
1770601749.3077755,BIT,1
1770601749.3077755,BIT,0
1770601749.3077755,BIT,1
1770601749.3077755,BIT,0
1770601749.3077755,BIT,1
1770601749.3077755,BIT,1
1770601749.3077755,BIT,1
1770601749.3077755,BIT,0
1770601749.3077755,BIT,1
1770601749.4696727,BIT,1
1770601749.4696727,BIT,1
1770601749.4696727,BIT,0
1770601749.4696727,BIT,1
1770601749.4696727,BIT,0
1770601749.4696727,BIT,1
1770601749.4696727,BIT,0
1770601749.4696727,BIT,1
1770601749.4696727,BIT,0
1770601749.4696727,BIT,0
1770601749.6398902,BIT,0
1770601749.6398902,BIT,1
1770601749.6398902,BIT,1
1770601749.6398902,BIT,0
1770601749.6398902,BIT,1
1770601749.6398902,BIT,1
1770601749.6398902,BIT,1
1770601749.6398902,BIT,0
1770601749.6398902,BIT,1
1770601749.6398902,BIT,0
1770601749.8166254,BIT,0
1770601749.8166254,BIT,1
1770601749.8166254,BIT,0
1770601749.8166254,BIT,1
1770601749.8166254,BIT,1
1770601749.8166254,BIT,0
1770601749.8166254,BIT,1
1770601749.8166254,BIT,0
1770601749.8166254,BIT,1
1770601749.8166254,BIT,1
1770601749.980242,BIT,0
1770601749.980242,BIT,0
1770601749.980242,BIT,0
1770601749.980242,BIT,0
1770601749.980242,BIT,1
1770601749.980242,BIT,1
1770601749.980242,BIT,0
1770601749.980242,BIT,0
1770601749.980242,BIT,1
1770601749.980242,BIT,0
1770601750.1641452,BIT,0
1770601750.1641452,BIT,1
1770601750.1641452,BIT,1
1770601750.1641452,BIT,1
1770601750.1641452,BIT,1
1770601750.1641452,BIT,1
1770601750.1641452,BIT,0
1770601750.1641452,BIT,1
1770601750.1641452,BIT,1
1770601750.1641452,BIT,0
1770601750.3718567,BIT,0
1770601750.3718567,BIT,0
1770601750.3718567,BIT,0
1770601750.3718567,BIT,0
1770601750.3718567,BIT,0
1770601750.3718567,BIT,1
1770601750.3718567,BIT,0
1770601750.3718567,BIT,0
1770601750.3718567,BIT,1
1770601750.3718567,BIT,1
1770601750.5603957,BIT,0
1770601750.5603957,BIT,0
1770601750.5603957,BIT,1
1770601750.5603957,BIT,0
1770601750.5603957,BIT,1
1770601750.5603957,BIT,1
1770601750.5603957,BIT,1
1770601750.5603957,BIT,0
1770601750.5603957,BIT,0
1770601750.5603957,BIT,1
1770601750.7462883,BIT,1
1770601750.7462883,BIT,0
1770601750.7462883,BIT,1
1770601750.7462883,BIT,1
1770601750.7462883,BIT,0
1770601750.7462883,BIT,1
1770601750.7462883,BIT,1
1770601750.7462883,BIT,1
1770601750.7462883,BIT,1
1770601750.7462883,BIT,1
1770601750.9380448,BIT,1
1770601750.9380448,BIT,1
1770601750.9380448,BIT,0
1770601750.9380448,BIT,1
1770601750.9380448,BIT,1
1770601750.9380448,BIT,0
1770601750.9380448,BIT,0
1770601750.9380448,BIT,0
1770601750.9380448,BIT,0
1770601750.9380448,BIT,1
1770601751.1071365,BIT,0
1770601751.1071365,BIT,1
1770601751.1071365,BIT,0
1770601751.1071365,BIT,0
1770601751.1071365,BIT,0
1770601751.1071365,BIT,1
1770601751.1071365,BIT,1
1770601751.1071365,BIT,0
1770601751.1071365,BIT,1
1770601751.1071365,BIT,0
1770601751.3112493,BIT,1
1770601751.3112493,BIT,0
1770601751.3112493,BIT,0
1770601751.3112493,BIT,1
1770601751.3112493,BIT,1
1770601751.3112493,BIT,0
1770601751.3112493,BIT,1
1770601751.3112493,BIT,1
1770601751.3112493,BIT,1
1770601751.3112493,BIT,0
1770601751.4801204,BIT,0
1770601751.4801204,BIT,0
1770601751.4801204,BIT,0
1770601751.4801204,BIT,1
1770601751.4801204,BIT,1
1770601751.4801204,BIT,0
1770601751.4801204,BIT,0
1770601751.4801204,BIT,0
1770601751.4801204,BIT,1
1770601751.4801204,BIT,1
1770601751.6546006,BIT,1
1770601751.6546006,BIT,0
1770601751.6546006,BIT,1
1770601751.6546006,BIT,1
1770601751.6546006,BIT,0
1770601751.6546006,BIT,0
1770601751.6546006,BIT,1
1770601751.6546006,BIT,1
1770601751.6546006,BIT,0
1770601751.6546006,BIT,0
1770601751.8317707,BIT,0
1770601751.8317707,BIT,1
1770601751.8317707,BIT,0
1770601751.8317707,BIT,0
1770601751.8317707,BIT,1
1770601751.8317707,BIT,1
1770601751.8317707,BIT,1
1770601751.8317707,BIT,1
1770601751.8317707,BIT,1
1770601751.8317707,BIT,1
1770601752.0039983,BIT,1
1770601752.0039983,BIT,0
1770601752.0039983,BIT,0
1770601752.0039983,BIT,0
1770601752.0039983,BIT,0
1770601752.0039983,BIT,0
1770601752.0039983,BIT,1
1770601752.0039983,BIT,0
1770601752.0039983,BIT,1
1770601752.0039983,BIT,1
1770601752.1742685,BIT,1
1770601752.1742685,BIT,0
1770601752.1742685,BIT,0
1770601752.1742685,BIT,0
1770601752.1742685,BIT,1
1770601752.1742685,BIT,1
1770601752.1742685,BIT,1
1770601752.1742685,BIT,1
1770601752.1742685,BIT,1
1770601752.1742685,BIT,0
1770601752.3586287,BIT,0
1770601752.3586287,BIT,1
1770601752.3586287,BIT,0
1770601752.3586287,BIT,0
1770601752.3586287,BIT,1
1770601752.3586287,BIT,1
1770601752.3586287,BIT,1
1770601752.3586287,BIT,1
1770601752.3586287,BIT,0
1770601752.3586287,BIT,1
1770601752.5266142,BIT,1
1770601752.5266142,BIT,1
1770601752.5266142,BIT,1
1770601752.5266142,BIT,1
1770601752.5266142,BIT,0
1770601752.5266142,BIT,0
1770601752.5266142,BIT,0
1770601752.5266142,BIT,1
1770601752.5266142,BIT,1
1770601752.5266142,BIT,1
1770601752.7037034,BIT,0
1770601752.7037034,BIT,0
1770601752.7037034,BIT,0
1770601752.7037034,BIT,1
1770601752.7037034,BIT,1
1770601752.7037034,BIT,1
1770601752.7037034,BIT,1
1770601752.7037034,BIT,1
1770601752.7037034,BIT,1
1770601752.7037034,BIT,0
1770601752.8688147,BIT,1
1770601752.8688147,BIT,0
1770601752.8688147,BIT,1
1770601752.8688147,BIT,1
1770601752.8688147,BIT,1
1770601752.8688147,BIT,0
1770601752.8688147,BIT,0
1770601752.8688147,BIT,0
1770601752.8688147,BIT,1
1770601752.8688147,BIT,1
1770601753.0310507,BIT,0
1770601753.0310507,BIT,0
1770601753.0310507,BIT,0
1770601753.0310507,BIT,0
1770601753.0310507,BIT,1
1770601753.0310507,BIT,0
1770601753.0310507,BIT,0
1770601753.0310507,BIT,1
1770601753.0310507,BIT,1
1770601753.0310507,BIT,0
1770601753.2020216,BIT,0
1770601753.2020216,BIT,1
1770601753.2020216,BIT,0
1770601753.2020216,BIT,1
1770601753.2020216,BIT,1
1770601753.2020216,BIT,0
1770601753.2020216,BIT,0
1770601753.2020216,BIT,0
1770601753.2020216,BIT,1
1770601753.2020216,BIT,1
1770601753.3657851,BIT,1
1770601753.3657851,BIT,0
1770601753.3657851,BIT,0
1770601753.3657851,BIT,1
1770601753.3657851,BIT,0
1770601753.3657851,BIT,0
1770601753.3657851,BIT,0
1770601753.3657851,BIT,1
1770601753.3657851,BIT,0
1770601753.3657851,BIT,1
1770601753.5153522,BIT,0
1770601753.5153522,BIT,1
1770601753.5153522,BIT,0
1770601753.5153522,BIT,0
1770601753.5153522,BIT,0
1770601753.5153522,BIT,1
1770601753.5153522,BIT,0
1770601753.5153522,BIT,0
1770601753.5153522,BIT,0
1770601753.5153522,BIT,0
1770601753.6727717,BIT,0
1770601753.6727717,BIT,0
1770601753.6727717,BIT,1
1770601753.6727717,BIT,0
1770601753.6727717,BIT,1
1770601753.6727717,BIT,1
1770601753.6727717,BIT,0
1770601753.6727717,BIT,1
1770601753.6727717,BIT,0
1770601753.6727717,BIT,1
1770601753.8394992,BIT,1
1770601753.8394992,BIT,0
1770601753.8394992,BIT,1
1770601753.8394992,BIT,1
1770601753.8394992,BIT,0
1770601753.8394992,BIT,1
1770601753.8394992,BIT,0
1770601753.8394992,BIT,1
1770601753.8394992,BIT,0
1770601753.8394992,BIT,1
1770601753.9934006,BIT,0
1770601753.9934006,BIT,1
1770601753.9934006,BIT,0
1770601753.9934006,BIT,1
1770601753.9934006,BIT,0
1770601753.9934006,BIT,0
1770601753.9934006,BIT,1
1770601753.9934006,BIT,0
1770601753.9934006,BIT,0
1770601753.9934006,BIT,1
1770601754.1557672,BIT,0
1770601754.1557672,BIT,1
1770601754.1557672,BIT,0
1770601754.1557672,BIT,0
1770601754.1557672,BIT,0
1770601754.1557672,BIT,1
1770601754.1557672,BIT,0
1770601754.1557672,BIT,0
1770601754.1557672,BIT,0
1770601754.1557672,BIT,1
1770601754.3321624,BIT,0
1770601754.3321624,BIT,1
1770601754.3321624,BIT,1
1770601754.3321624,BIT,0
1770601754.3321624,BIT,0
1770601754.3321624,BIT,0
1770601754.3321624,BIT,0
1770601754.3321624,BIT,0
1770601754.3321624,BIT,1
1770601754.3321624,BIT,1
1770601754.4903905,BIT,1
1770601754.4903905,BIT,0
1770601754.4903905,BIT,0
1770601754.4903905,BIT,1
1770601754.4903905,BIT,1
1770601754.4903905,BIT,1
1770601754.4903905,BIT,1
1770601754.4903905,BIT,1
1770601754.4903905,BIT,0
1770601754.4903905,BIT,0
1770601754.6493688,BIT,0
1770601754.6493688,BIT,0
1770601754.6493688,BIT,0
1770601754.6493688,BIT,1
1770601754.6493688,BIT,1
1770601754.6493688,BIT,0
1770601754.6493688,BIT,0
1770601754.6493688,BIT,1
1770601754.6493688,BIT,0
1770601754.6493688,BIT,0
1770601754.81275,BIT,0
1770601754.81275,BIT,0
1770601754.81275,BIT,1
1770601754.81275,BIT,1
1770601754.81275,BIT,0
1770601754.81275,BIT,0
1770601754.81275,BIT,1
1770601754.81275,BIT,0
1770601754.81275,BIT,0
1770601754.81275,BIT,1
1770601754.9685094,BIT,1
1770601754.9685094,BIT,0
1770601754.9685094,BIT,0
1770601754.9685094,BIT,0
1770601754.9685094,BIT,0
1770601754.9685094,BIT,1
1770601754.9685094,BIT,0
1770601754.9685094,BIT,1
1770601754.9685094,BIT,0
1770601754.9685094,BIT,1
1770601755.1279323,BIT,0
1770601755.1279323,BIT,1
1770601755.1279323,BIT,1
1770601755.1279323,BIT,0
1770601755.1279323,BIT,0
1770601755.1279323,BIT,0
1770601755.1279323,BIT,1
1770601755.1279323,BIT,0
1770601755.1279323,BIT,0
1770601755.1279323,BIT,1
1770601755.2913103,BIT,0
1770601755.2913103,BIT,0
1770601755.2913103,BIT,0
1770601755.2913103,BIT,0
1770601755.2913103,BIT,0
1770601755.2913103,BIT,1
1770601755.2913103,BIT,1
1770601755.2913103,BIT,1
1770601755.2913103,BIT,0
1770601755.2913103,BIT,0
1770601755.4543457,BIT,0
1770601755.4543457,BIT,0
1770601755.4543457,BIT,1
1770601755.4543457,BIT,0
1770601755.4543457,BIT,1
1770601755.4543457,BIT,1
1770601755.4543457,BIT,1
1770601755.4543457,BIT,0
1770601755.4543457,BIT,1
1770601755.4543457,BIT,1
1770601755.6107838,BIT,0
1770601755.6107838,BIT,1
1770601755.6107838,BIT,1
1770601755.6107838,BIT,0
1770601755.6107838,BIT,1
1770601755.6107838,BIT,1
1770601755.6107838,BIT,0
1770601755.6107838,BIT,1
1770601755.6107838,BIT,1
1770601755.6107838,BIT,1
1770601755.7682116,BIT,1
1770601755.7682116,BIT,1
1770601755.7682116,BIT,1
1770601755.7682116,BIT,0
1770601755.7682116,BIT,1
1770601755.7682116,BIT,0
1770601755.7682116,BIT,1
1770601755.7682116,BIT,0
1770601755.7682116,BIT,1
1770601755.7682116,BIT,0
1770601755.9265454,BIT,1
1770601755.9265454,BIT,0
1770601755.9265454,BIT,1
1770601755.9265454,BIT,1
1770601755.9265454,BIT,0
1770601755.9265454,BIT,1
1770601755.9265454,BIT,1
1770601755.9265454,BIT,0
1770601755.9265454,BIT,0
1770601755.9265454,BIT,0
1770601756.0751443,BIT,1
1770601756.0751443,BIT,1
1770601756.0751443,BIT,0
1770601756.0751443,BIT,0
1770601756.0751443,BIT,1
1770601756.0751443,BIT,1
1770601756.0751443,BIT,1
1770601756.0751443,BIT,1
1770601756.0751443,BIT,0
1770601756.0751443,BIT,0
1770601756.2371547,BIT,0
1770601756.2371547,BIT,0
1770601756.2371547,BIT,0
1770601756.2371547,BIT,0
1770601756.2371547,BIT,1
1770601756.2371547,BIT,1
1770601756.2371547,BIT,0
1770601756.2371547,BIT,0
1770601756.2371547,BIT,0
1770601756.2371547,BIT,1
1770601756.3928616,BIT,1
1770601756.3928616,BIT,0
1770601756.3928616,BIT,1
1770601756.3928616,BIT,1
1770601756.3928616,BIT,1
1770601756.3928616,BIT,0
1770601756.3928616,BIT,0
1770601756.3928616,BIT,0
1770601756.3928616,BIT,1
1770601756.3928616,BIT,0
1770601756.545704,BIT,1
1770601756.545704,BIT,1
1770601756.545704,BIT,0
1770601756.545704,BIT,1
1770601756.545704,BIT,1
1770601756.545704,BIT,0
1770601756.545704,BIT,1
1770601756.545704,BIT,0
1770601756.545704,BIT,1
1770601756.545704,BIT,0
1770601756.699864,BIT,1
1770601756.699864,BIT,0
1770601756.699864,BIT,0
1770601756.699864,BIT,1
1770601756.699864,BIT,0
1770601756.699864,BIT,1
1770601756.699864,BIT,1
1770601756.699864,BIT,1
1770601756.699864,BIT,1
1770601756.699864,BIT,0
1770601756.859341,BIT,1
1770601756.859341,BIT,0
1770601756.859341,BIT,1
1770601756.859341,BIT,0
1770601756.859341,BIT,0
1770601756.859341,BIT,0
1770601756.859341,BIT,1
1770601756.859341,BIT,1
1770601756.859341,BIT,0
1770601756.859341,BIT,1
1770601757.0249925,BIT,1
1770601757.0249925,BIT,0
1770601757.0249925,BIT,0
1770601757.0249925,BIT,0
1770601757.0249925,BIT,1
1770601757.0249925,BIT,0
1770601757.0249925,BIT,0
1770601757.0249925,BIT,0
1770601757.0249925,BIT,0
1770601757.0249925,BIT,1
1770601757.180406,BIT,1
1770601757.180406,BIT,1
1770601757.180406,BIT,1
1770601757.180406,BIT,0
1770601757.180406,BIT,1
1770601757.180406,BIT,1
1770601757.180406,BIT,0
1770601757.180406,BIT,1
1770601757.180406,BIT,1
1770601757.180406,BIT,1
1770601757.3607683,BIT,0
1770601757.3607683,BIT,0
1770601757.3607683,BIT,0
1770601757.3607683,BIT,0
1770601757.3607683,BIT,0
1770601757.3607683,BIT,0
1770601757.3607683,BIT,0
1770601757.3607683,BIT,1
1770601757.3607683,BIT,1
1770601757.3607683,BIT,0
1770601757.5229268,BIT,0
1770601757.5229268,BIT,0
1770601757.5229268,BIT,1
1770601757.5229268,BIT,1
1770601757.5229268,BIT,0
1770601757.5229268,BIT,0
1770601757.5229268,BIT,0
1770601757.5229268,BIT,1
1770601757.5229268,BIT,1
1770601757.5229268,BIT,0
1770601757.6773987,BIT,1
1770601757.6773987,BIT,0
1770601757.6773987,BIT,0
1770601757.6773987,BIT,1
1770601757.6773987,BIT,0
1770601757.6773987,BIT,0
1770601757.6773987,BIT,0
1770601757.6773987,BIT,1
1770601757.6773987,BIT,0
1770601757.6773987,BIT,0
1770601757.8322222,BIT,1
1770601757.8322222,BIT,1
1770601757.8322222,BIT,0
1770601757.8322222,BIT,1
1770601757.8322222,BIT,0
1770601757.8322222,BIT,1
1770601757.8322222,BIT,0
1770601757.8322222,BIT,0
1770601757.8322222,BIT,1
1770601757.8322222,BIT,0
1770601757.993697,BIT,1
1770601757.993697,BIT,0
1770601757.993697,BIT,0
1770601757.993697,BIT,0
1770601757.993697,BIT,0
1770601757.993697,BIT,1
1770601757.993697,BIT,1
1770601757.993697,BIT,0
1770601757.993697,BIT,1
1770601757.993697,BIT,1
1770601758.1539018,BIT,1
1770601758.1539018,BIT,0
1770601758.1539018,BIT,1
1770601758.1539018,BIT,1
1770601758.1539018,BIT,1
1770601758.1539018,BIT,1
1770601758.1539018,BIT,1
1770601758.1539018,BIT,0
1770601758.1539018,BIT,0
1770601758.1539018,BIT,0
1770601758.310393,BIT,0
1770601758.310393,BIT,0
1770601758.310393,BIT,1
1770601758.310393,BIT,1
1770601758.310393,BIT,1
1770601758.310393,BIT,1
1770601758.310393,BIT,0
1770601758.310393,BIT,0
1770601758.310393,BIT,1
1770601758.310393,BIT,1
1770601758.4740462,BIT,1
1770601758.4740462,BIT,0
1770601758.4740462,BIT,0
1770601758.4740462,BIT,0
1770601758.4740462,BIT,1
1770601758.4740462,BIT,1
1770601758.4740462,BIT,1
1770601758.4740462,BIT,1
1770601758.4740462,BIT,1
1770601758.4740462,BIT,1
1770601758.6260755,BIT,1
1770601758.6260755,BIT,0
1770601758.6260755,BIT,0
1770601758.6260755,BIT,1
1770601758.6260755,BIT,0
1770601758.6260755,BIT,0
1770601758.6260755,BIT,1
1770601758.6260755,BIT,0
1770601758.6260755,BIT,0
1770601758.6260755,BIT,1
1770601758.7889888,BIT,0
1770601758.7889888,BIT,0
1770601758.7889888,BIT,1
1770601758.7889888,BIT,1
1770601758.7889888,BIT,1
1770601758.7889888,BIT,1
1770601758.7889888,BIT,0
1770601758.7889888,BIT,1
1770601758.7889888,BIT,1
1770601758.7889888,BIT,0
1770601758.9534423,BIT,0
1770601758.9534423,BIT,1
1770601758.9534423,BIT,1
1770601758.9534423,BIT,0
1770601758.9534423,BIT,1
1770601758.9534423,BIT,1
1770601758.9534423,BIT,0
1770601758.9534423,BIT,1
1770601758.9534423,BIT,1
1770601758.9534423,BIT,1
1770601759.1137934,BIT,0
1770601759.1137934,BIT,0
1770601759.1137934,BIT,0
1770601759.1137934,BIT,0
1770601759.1137934,BIT,0
1770601759.1137934,BIT,1
1770601759.1137934,BIT,1
1770601759.1137934,BIT,0
1770601759.1137934,BIT,0
1770601759.1137934,BIT,0
1770601759.2904065,BIT,1
1770601759.2904065,BIT,0
1770601759.2904065,BIT,1
1770601759.2904065,BIT,0
1770601759.2904065,BIT,0
1770601759.2904065,BIT,0
1770601759.2904065,BIT,1
1770601759.2904065,BIT,0
1770601759.2904065,BIT,1
1770601759.2904065,BIT,1
1770601759.453129,BIT,0
1770601759.453129,BIT,1
1770601759.453129,BIT,0
1770601759.453129,BIT,0
1770601759.453129,BIT,1
1770601759.453129,BIT,0
1770601759.453129,BIT,0
1770601759.453129,BIT,1
1770601759.453129,BIT,1
1770601759.453129,BIT,1
1770601759.620182,BIT,0
1770601759.620182,BIT,1
1770601759.620182,BIT,1
1770601759.620182,BIT,1
1770601759.620182,BIT,0
1770601759.620182,BIT,1
1770601759.620182,BIT,1
1770601759.620182,BIT,1
1770601759.620182,BIT,0
1770601759.620182,BIT,0
1770601759.8003137,BIT,1
1770601759.8003137,BIT,1
1770601759.8003137,BIT,0
1770601759.8003137,BIT,0
1770601759.8003137,BIT,1
1770601759.8003137,BIT,0
1770601759.8003137,BIT,0
1770601759.8003137,BIT,1
1770601759.8003137,BIT,0
1770601759.8003137,BIT,1
1770601759.9806485,BIT,1
1770601759.9806485,BIT,0
1770601759.9806485,BIT,0
1770601759.9806485,BIT,1
1770601759.9806485,BIT,1
1770601759.9806485,BIT,0
1770601759.9806485,BIT,0
1770601759.9806485,BIT,0
1770601759.9806485,BIT,1
1770601759.9806485,BIT,0
1770601760.1449625,BIT,1
1770601760.1449625,BIT,0
1770601760.1449625,BIT,1
1770601760.1449625,BIT,1
1770601760.1449625,BIT,0
1770601760.1449625,BIT,1
1770601760.1449625,BIT,1
1770601760.1449625,BIT,1
1770601760.1449625,BIT,0
1770601760.1449625,BIT,0
1770601760.3262138,BIT,1
1770601760.3262138,BIT,1
1770601760.3262138,BIT,1
1770601760.3262138,BIT,0
1770601760.3262138,BIT,1
1770601760.3262138,BIT,0
1770601760.3262138,BIT,0
1770601760.3262138,BIT,1
1770601760.3262138,BIT,0
1770601760.3262138,BIT,1
1770601760.4882843,BIT,1
1770601760.4882843,BIT,1
1770601760.4882843,BIT,0
1770601760.4882843,BIT,0
1770601760.4882843,BIT,1
1770601760.4882843,BIT,0
1770601760.4882843,BIT,1
1770601760.4882843,BIT,0
1770601760.4882843,BIT,1
1770601760.4882843,BIT,1
1770601760.659083,BIT,0
1770601760.659083,BIT,1
1770601760.659083,BIT,1
1770601760.659083,BIT,1
1770601760.659083,BIT,0
1770601760.659083,BIT,0
1770601760.659083,BIT,0
1770601760.659083,BIT,0
1770601760.659083,BIT,0
1770601760.659083,BIT,1
1770601760.83426,BIT,1
1770601760.83426,BIT,0
1770601760.83426,BIT,0
1770601760.83426,BIT,1
1770601760.83426,BIT,1
1770601760.83426,BIT,1
1770601760.83426,BIT,0
1770601760.83426,BIT,0
1770601760.83426,BIT,1
1770601760.83426,BIT,1
1770601761.0137038,BIT,1
1770601761.0137038,BIT,1
1770601761.0137038,BIT,1
1770601761.0137038,BIT,0
1770601761.0137038,BIT,1
1770601761.0137038,BIT,0
1770601761.0137038,BIT,1
1770601761.0137038,BIT,1
1770601761.0137038,BIT,0
1770601761.0137038,BIT,0
1770601761.2023478,BIT,0
1770601761.2023478,BIT,0
1770601761.2023478,BIT,1
1770601761.2023478,BIT,0
1770601761.2023478,BIT,1
1770601761.2023478,BIT,1
1770601761.2023478,BIT,0
1770601761.2023478,BIT,0
1770601761.2023478,BIT,1
1770601761.2023478,BIT,1
1770601761.393177,BIT,1
1770601761.393177,BIT,0
1770601761.393177,BIT,1
1770601761.393177,BIT,0
1770601761.393177,BIT,0
1770601761.393177,BIT,0
1770601761.393177,BIT,0
1770601761.393177,BIT,0
1770601761.393177,BIT,1
1770601761.393177,BIT,1
1770601761.567898,BIT,1
1770601761.567898,BIT,0
1770601761.567898,BIT,1
1770601761.567898,BIT,0
1770601761.567898,BIT,1
1770601761.567898,BIT,0
1770601761.567898,BIT,0
1770601761.567898,BIT,1
1770601761.567898,BIT,1
1770601761.567898,BIT,0
1770601761.7506688,BIT,1
1770601761.7506688,BIT,1
1770601761.7506688,BIT,1
1770601761.7506688,BIT,0
1770601761.7506688,BIT,0
1770601761.7506688,BIT,0
1770601761.7506688,BIT,0
1770601761.7506688,BIT,0
1770601761.7506688,BIT,1
1770601761.7506688,BIT,0
1770601761.9254062,BIT,0
1770601761.9254062,BIT,0
1770601761.9254062,BIT,0
1770601761.9254062,BIT,0
1770601761.9254062,BIT,0
1770601761.9254062,BIT,0
1770601761.9254062,BIT,1
1770601761.9254062,BIT,1
1770601761.9254062,BIT,0
1770601761.9254062,BIT,0
1770601762.0828128,BIT,0
1770601762.0828128,BIT,1
1770601762.0828128,BIT,0
1770601762.0828128,BIT,0
1770601762.0828128,BIT,0
1770601762.0828128,BIT,0
1770601762.0828128,BIT,0
1770601762.0828128,BIT,1
1770601762.0828128,BIT,1
1770601762.0828128,BIT,1
1770601762.241942,BIT,0
1770601762.241942,BIT,0
1770601762.241942,BIT,1
1770601762.241942,BIT,1
1770601762.241942,BIT,0
1770601762.241942,BIT,1
1770601762.241942,BIT,0
1770601762.241942,BIT,1
1770601762.241942,BIT,0
1770601762.241942,BIT,1
1770601762.4081826,BIT,0
1770601762.4081826,BIT,0
1770601762.4081826,BIT,0
1770601762.4081826,BIT,1
1770601762.4081826,BIT,1
1770601762.4081826,BIT,1
1770601762.4081826,BIT,1
1770601762.4081826,BIT,0
1770601762.4081826,BIT,0
1770601762.4081826,BIT,1
1770601762.553969,BIT,1
1770601762.553969,BIT,1
1770601762.553969,BIT,1
1770601762.553969,BIT,0
1770601762.553969,BIT,1
1770601762.553969,BIT,0
1770601762.553969,BIT,1
1770601762.553969,BIT,0
1770601762.553969,BIT,1
1770601762.553969,BIT,1
1770601762.7375333,BIT,0
1770601762.7375333,BIT,1
1770601762.7375333,BIT,1
1770601762.7375333,BIT,1
1770601762.7375333,BIT,1
1770601762.7375333,BIT,0
1770601762.7375333,BIT,0
1770601762.7375333,BIT,1
1770601762.7375333,BIT,0
1770601762.7375333,BIT,1
1770601763.0085652,BIT,1
1770601763.0085652,BIT,1
1770601763.0085652,BIT,1
1770601763.0085652,BIT,0
1770601763.0085652,BIT,0
1770601763.0085652,BIT,1
1770601763.0085652,BIT,0
1770601763.0085652,BIT,0
1770601763.0085652,BIT,0
1770601763.0085652,BIT,0
1770601763.200393,BIT,0
1770601763.200393,BIT,1
1770601763.200393,BIT,0
1770601763.200393,BIT,0
1770601763.200393,BIT,0
1770601763.200393,BIT,1
1770601763.200393,BIT,0
1770601763.200393,BIT,0
1770601763.200393,BIT,0
1770601763.200393,BIT,0
1770601763.396592,BIT,1
1770601763.396592,BIT,0
1770601763.396592,BIT,1
1770601763.396592,BIT,1
1770601763.396592,BIT,0
1770601763.396592,BIT,1
1770601763.396592,BIT,0
1770601763.396592,BIT,0
1770601763.396592,BIT,1
1770601763.396592,BIT,1
1770601763.5618355,BIT,1
1770601763.5618355,BIT,1
1770601763.5618355,BIT,0
1770601763.5618355,BIT,0
1770601763.5618355,BIT,1
1770601763.5618355,BIT,0
1770601763.5618355,BIT,0
1770601763.5618355,BIT,0
1770601763.5618355,BIT,0
1770601763.5618355,BIT,0
1770601763.7972438,BIT,0
1770601763.7972438,BIT,1
1770601763.7972438,BIT,1
1770601763.7972438,BIT,1
1770601763.7972438,BIT,0
1770601763.7972438,BIT,0
1770601763.7972438,BIT,1
1770601763.7972438,BIT,0
1770601763.7972438,BIT,1
1770601763.7972438,BIT,0
1770601763.9929702,BIT,0
1770601763.9929702,BIT,1
1770601763.9929702,BIT,0
1770601763.9929702,BIT,0
1770601763.9929702,BIT,1
1770601763.9929702,BIT,0
1770601763.9929702,BIT,1
1770601763.9929702,BIT,0
1770601763.9929702,BIT,1
1770601763.9929702,BIT,1
1770601764.1930044,BIT,1
1770601764.1930044,BIT,1
1770601764.1930044,BIT,0
1770601764.1930044,BIT,0
1770601764.1930044,BIT,0
1770601764.1930044,BIT,1
1770601764.1930044,BIT,1
1770601764.1930044,BIT,0
1770601764.1930044,BIT,1
1770601764.1930044,BIT,0
1770601764.4185576,BIT,0
1770601764.4185576,BIT,1
1770601764.4185576,BIT,1
1770601764.4185576,BIT,1
1770601764.4185576,BIT,1
1770601764.4185576,BIT,0
1770601764.4185576,BIT,1
1770601764.4185576,BIT,1
1770601764.4185576,BIT,1
1770601764.4185576,BIT,1
1770601764.5936806,BIT,0
1770601764.5936806,BIT,0
1770601764.5936806,BIT,1
1770601764.5936806,BIT,1
1770601764.5936806,BIT,0
1770601764.5936806,BIT,0
1770601764.5936806,BIT,0
1770601764.5936806,BIT,0
1770601764.5936806,BIT,0
1770601764.5936806,BIT,0
1770601764.7964969,BIT,0
1770601764.7964969,BIT,1
1770601764.7964969,BIT,1
1770601764.7964969,BIT,0
1770601764.7964969,BIT,1
1770601764.7964969,BIT,0
1770601764.7964969,BIT,1
1770601764.7964969,BIT,1
1770601764.7964969,BIT,1
1770601764.7964969,BIT,1
1770601765.0302103,BIT,0
1770601765.0302103,BIT,0
1770601765.0302103,BIT,0
1770601765.0302103,BIT,0
1770601765.0302103,BIT,0
1770601765.0302103,BIT,0
1770601765.0302103,BIT,0
1770601765.0302103,BIT,1
1770601765.0302103,BIT,0
1770601765.0302103,BIT,1
1770601765.5006242,BIT,1
1770601765.5006242,BIT,1
1770601765.5006242,BIT,1
1770601765.5006242,BIT,0
1770601765.5006242,BIT,1
1770601765.5006242,BIT,0
1770601765.5006242,BIT,1
1770601765.5006242,BIT,0
1770601765.5006242,BIT,0
1770601765.5006242,BIT,0
1770601765.9505327,BIT,1
1770601765.9505327,BIT,1
1770601765.9505327,BIT,1
1770601765.9505327,BIT,0
1770601765.9505327,BIT,1
1770601765.9505327,BIT,0
1770601765.9505327,BIT,0
1770601765.9505327,BIT,1
1770601765.9505327,BIT,1
1770601765.9505327,BIT,0
1770601766.2671862,BIT,0
1770601766.2671862,BIT,1
1770601766.2671862,BIT,0
1770601766.2671862,BIT,0
1770601766.2671862,BIT,0
1770601766.2671862,BIT,0
1770601766.2671862,BIT,1
1770601766.2671862,BIT,0
1770601766.2671862,BIT,1
1770601766.2671862,BIT,0
1770601766.5067856,BIT,1
1770601766.5067856,BIT,1
1770601766.5067856,BIT,0
1770601766.5067856,BIT,1
1770601766.5067856,BIT,0
1770601766.5067856,BIT,1
1770601766.5067856,BIT,0
1770601766.5067856,BIT,1
1770601766.5067856,BIT,1
1770601766.5067856,BIT,0
1770601766.717512,BIT,1
1770601766.717512,BIT,0
1770601766.717512,BIT,0
1770601766.717512,BIT,0
1770601766.717512,BIT,0
1770601766.717512,BIT,1
1770601766.717512,BIT,1
1770601766.717512,BIT,0
1770601766.717512,BIT,1
1770601766.717512,BIT,1
1770601766.942295,BIT,1
1770601766.942295,BIT,1
1770601766.942295,BIT,0
1770601766.942295,BIT,1
1770601766.942295,BIT,1
1770601766.942295,BIT,1
1770601766.942295,BIT,0
1770601766.942295,BIT,1
1770601766.942295,BIT,1
1770601766.942295,BIT,0
1770601767.1451159,BIT,0
1770601767.1451159,BIT,0
1770601767.1451159,BIT,0
1770601767.1451159,BIT,0
1770601767.1451159,BIT,1
1770601767.1451159,BIT,0
1770601767.1451159,BIT,0
1770601767.1451159,BIT,0
1770601767.1451159,BIT,0
1770601767.1451159,BIT,1
1770601767.3511214,BIT,1
1770601767.3511214,BIT,1
1770601767.3511214,BIT,0
1770601767.3511214,BIT,1
1770601767.3511214,BIT,1
1770601767.3511214,BIT,0
1770601767.3511214,BIT,0
1770601767.3511214,BIT,1
1770601767.3511214,BIT,1
1770601767.3511214,BIT,0
1770601767.5776484,BIT,1
1770601767.5776484,BIT,1
1770601767.5776484,BIT,1
1770601767.5776484,BIT,0
1770601767.5776484,BIT,0
1770601767.5776484,BIT,1
1770601767.5776484,BIT,1
1770601767.5776484,BIT,1
1770601767.5776484,BIT,1
1770601767.5776484,BIT,0
1770601767.8192942,BIT,1
1770601767.8192942,BIT,0
1770601767.8192942,BIT,1
1770601767.8192942,BIT,1
1770601767.8192942,BIT,0
1770601767.8192942,BIT,0
1770601767.8192942,BIT,1
1770601767.8192942,BIT,0
1770601767.8192942,BIT,1
1770601767.8192942,BIT,0
1770601768.0348842,BIT,1
1770601768.0348842,BIT,1
1770601768.0348842,BIT,0
1770601768.0348842,BIT,0
1770601768.0348842,BIT,0
1770601768.0348842,BIT,0
1770601768.0348842,BIT,0
1770601768.0348842,BIT,1
1770601768.0348842,BIT,0
1770601768.0348842,BIT,0
1770601768.3090487,BIT,1
1770601768.3090487,BIT,0
1770601768.3090487,BIT,0
1770601768.3090487,BIT,0
1770601768.3090487,BIT,1
1770601768.3090487,BIT,1
1770601768.3090487,BIT,0
1770601768.3090487,BIT,0
1770601768.3090487,BIT,0
1770601768.3090487,BIT,1
1770601768.6034603,BIT,1
1770601768.6034603,BIT,1
1770601768.6034603,BIT,0
1770601768.6034603,BIT,0
1770601768.6034603,BIT,1
1770601768.6034603,BIT,1
1770601768.6034603,BIT,1
1770601768.6034603,BIT,0
1770601768.6034603,BIT,1
1770601768.6034603,BIT,0
1770601768.8679094,BIT,0
1770601768.8679094,BIT,1
1770601768.8679094,BIT,0
1770601768.8679094,BIT,0
1770601768.8679094,BIT,0
1770601768.8679094,BIT,1
1770601768.8679094,BIT,1
1770601768.8679094,BIT,1
1770601768.8679094,BIT,0
1770601768.8679094,BIT,1
1770601769.1324024,BIT,0
1770601769.1324024,BIT,1
1770601769.1324024,BIT,0
1770601769.1324024,BIT,0
1770601769.1324024,BIT,0
1770601769.1324024,BIT,0
1770601769.1324024,BIT,0
1770601769.1324024,BIT,0
1770601769.1324024,BIT,0
1770601769.1324024,BIT,1
1770601769.3769238,BIT,1
1770601769.3769238,BIT,0
1770601769.3769238,BIT,1
1770601769.3769238,BIT,0
1770601769.3769238,BIT,1
1770601769.3769238,BIT,0
1770601769.3769238,BIT,0
1770601769.3769238,BIT,1
1770601769.3769238,BIT,1
1770601769.3769238,BIT,1
1770601769.5909703,BIT,0
1770601769.5909703,BIT,0
1770601769.5909703,BIT,1
1770601769.5909703,BIT,1
1770601769.5909703,BIT,0
1770601769.5909703,BIT,1
1770601769.5909703,BIT,1
1770601769.5909703,BIT,0
1770601769.5909703,BIT,0
1770601769.5909703,BIT,1
1770601769.8305311,BIT,0
1770601769.8305311,BIT,1
1770601769.8305311,BIT,1
1770601769.8305311,BIT,0
1770601769.8305311,BIT,0
1770601769.8305311,BIT,1
1770601769.8305311,BIT,0
1770601769.8305311,BIT,0
1770601769.8305311,BIT,0
1770601769.8305311,BIT,1
1770601770.0517218,BIT,0
1770601770.0517218,BIT,1
1770601770.0517218,BIT,0
1770601770.0517218,BIT,0
1770601770.0517218,BIT,0
1770601770.0517218,BIT,0
1770601770.0517218,BIT,1
1770601770.0517218,BIT,1
1770601770.0517218,BIT,0
1770601770.0517218,BIT,0
1770601770.2932675,BIT,1
1770601770.2932675,BIT,0
1770601770.2932675,BIT,1
1770601770.2932675,BIT,1
1770601770.2932675,BIT,1
1770601770.2932675,BIT,0
1770601770.2932675,BIT,1
1770601770.2932675,BIT,0
1770601770.2932675,BIT,0
1770601770.2932675,BIT,1
1770601770.510212,BIT,1
1770601770.510212,BIT,0
1770601770.510212,BIT,1
1770601770.510212,BIT,0
1770601770.510212,BIT,1
1770601770.510212,BIT,1
1770601770.510212,BIT,0
1770601770.510212,BIT,0
1770601770.510212,BIT,0
1770601770.510212,BIT,1
1770601770.7196279,BIT,1
1770601770.7196279,BIT,1
1770601770.7196279,BIT,1
1770601770.7196279,BIT,0
1770601770.7196279,BIT,1
1770601770.7196279,BIT,1
1770601770.7196279,BIT,0
1770601770.7196279,BIT,1
1770601770.7196279,BIT,1
1770601770.7196279,BIT,0
1770601770.9440145,BIT,0
1770601770.9440145,BIT,1
1770601770.9440145,BIT,1
1770601770.9440145,BIT,1
1770601770.9440145,BIT,1
1770601770.9440145,BIT,1
1770601770.9440145,BIT,0
1770601770.9440145,BIT,0
1770601770.9440145,BIT,1
1770601770.9440145,BIT,0
1770601771.1794026,BIT,0
1770601771.1794026,BIT,0
1770601771.1794026,BIT,0
1770601771.1794026,BIT,0
1770601771.1794026,BIT,1
1770601771.1794026,BIT,0
1770601771.1794026,BIT,1
1770601771.1794026,BIT,0
1770601771.1794026,BIT,1
1770601771.1794026,BIT,1
1770601771.41324,BIT,1
1770601771.41324,BIT,1
1770601771.41324,BIT,0
1770601771.41324,BIT,1
1770601771.41324,BIT,0
1770601771.41324,BIT,1
1770601771.41324,BIT,0
1770601771.41324,BIT,0
1770601771.41324,BIT,1
1770601771.41324,BIT,1
1770601771.6523058,BIT,0
1770601771.6523058,BIT,1
1770601771.6523058,BIT,0
1770601771.6523058,BIT,1
1770601771.6523058,BIT,0
1770601771.6523058,BIT,1
1770601771.6523058,BIT,1
1770601771.6523058,BIT,0
1770601771.6523058,BIT,1
1770601771.6523058,BIT,1
1770601771.9051473,BIT,0
1770601771.9051473,BIT,1
1770601771.9051473,BIT,0
1770601771.9051473,BIT,0
1770601771.9051473,BIT,1
1770601771.9051473,BIT,1
1770601771.9051473,BIT,1
1770601771.9051473,BIT,1
1770601771.9051473,BIT,1
1770601771.9051473,BIT,1
1770601772.1345792,BIT,0
1770601772.1345792,BIT,0
1770601772.1345792,BIT,0
1770601772.1345792,BIT,1
1770601772.1345792,BIT,1
1770601772.1345792,BIT,0
1770601772.1345792,BIT,1
1770601772.1345792,BIT,0
1770601772.1345792,BIT,0
1770601772.1345792,BIT,1
1770601772.3829203,BIT,0
1770601772.3829203,BIT,0
1770601772.3829203,BIT,0
1770601772.3829203,BIT,0
1770601772.3829203,BIT,0
1770601772.3829203,BIT,1
1770601772.3829203,BIT,1
1770601772.3829203,BIT,1
1770601772.3829203,BIT,1
1770601772.3829203,BIT,0
1770601772.5905511,BIT,0
1770601772.5905511,BIT,1
1770601772.5905511,BIT,1
1770601772.5905511,BIT,0
1770601772.5905511,BIT,1
1770601772.5905511,BIT,0
1770601772.5905511,BIT,0
1770601772.5905511,BIT,0
1770601772.5905511,BIT,0
1770601772.5905511,BIT,1
1770601772.824627,BIT,0
1770601772.824627,BIT,0
1770601772.824627,BIT,0
1770601772.824627,BIT,1
1770601772.824627,BIT,0
1770601772.824627,BIT,0
1770601772.824627,BIT,1
1770601772.824627,BIT,0
1770601772.824627,BIT,1
1770601772.824627,BIT,0
1770601773.035911,BIT,0
1770601773.035911,BIT,1
1770601773.035911,BIT,0
1770601773.035911,BIT,0
1770601773.035911,BIT,1
1770601773.035911,BIT,1
1770601773.035911,BIT,1
1770601773.035911,BIT,0
1770601773.035911,BIT,1
1770601773.035911,BIT,0
1770601773.239091,BIT,0
1770601773.239091,BIT,1
1770601773.239091,BIT,0
1770601773.239091,BIT,0
1770601773.239091,BIT,0
1770601773.239091,BIT,0
1770601773.239091,BIT,0
1770601773.239091,BIT,0
1770601773.239091,BIT,1
1770601773.239091,BIT,1
1770601773.4495087,BIT,1
1770601773.4495087,BIT,0
1770601773.4495087,BIT,1
1770601773.4495087,BIT,1
1770601773.4495087,BIT,1
1770601773.4495087,BIT,1
1770601773.4495087,BIT,1
1770601773.4495087,BIT,0
1770601773.4495087,BIT,0
1770601773.4495087,BIT,1
1770601773.7732031,BIT,1
1770601773.7732031,BIT,0
1770601773.7732031,BIT,0
1770601773.7732031,BIT,1
1770601773.7732031,BIT,1
1770601773.7732031,BIT,0
1770601773.7732031,BIT,0
1770601773.7732031,BIT,0
1770601773.7732031,BIT,0
1770601773.7732031,BIT,0
1770601774.0566726,BIT,0
1770601774.0566726,BIT,0
1770601774.0566726,BIT,1
1770601774.0566726,BIT,1
1770601774.0566726,BIT,1
1770601774.0566726,BIT,0
1770601774.0566726,BIT,1
1770601774.0566726,BIT,0
1770601774.0566726,BIT,1
1770601774.0566726,BIT,1
1770601774.353469,BIT,1
1770601774.353469,BIT,0
1770601774.353469,BIT,0
1770601774.353469,BIT,0
1770601774.353469,BIT,0
1770601774.353469,BIT,1
1770601774.353469,BIT,0
1770601774.353469,BIT,0
1770601774.353469,BIT,0
1770601774.353469,BIT,1
1770601774.622668,BIT,0
1770601774.622668,BIT,1
1770601774.622668,BIT,1
1770601774.622668,BIT,1
1770601774.622668,BIT,0
1770601774.622668,BIT,1
1770601774.622668,BIT,1
1770601774.622668,BIT,0
1770601774.622668,BIT,0
1770601774.622668,BIT,1
1770601774.8680255,BIT,1
1770601774.8680255,BIT,0
1770601774.8680255,BIT,1
1770601774.8680255,BIT,1
1770601774.8680255,BIT,1
1770601774.8680255,BIT,0
1770601774.8680255,BIT,0
1770601774.8680255,BIT,1
1770601774.8680255,BIT,1
1770601774.8680255,BIT,0
1770601775.090789,BIT,1
1770601775.090789,BIT,1
1770601775.090789,BIT,1
1770601775.090789,BIT,1
1770601775.090789,BIT,0
1770601775.090789,BIT,1
1770601775.090789,BIT,1
1770601775.090789,BIT,1
1770601775.090789,BIT,1
1770601775.090789,BIT,0
1770601775.336424,BIT,0
1770601775.336424,BIT,1
1770601775.336424,BIT,1
1770601775.336424,BIT,1
1770601775.336424,BIT,1
1770601775.336424,BIT,1
1770601775.336424,BIT,0
1770601775.336424,BIT,1
1770601775.336424,BIT,1
1770601775.336424,BIT,0
1770601775.5299766,BIT,0
1770601775.5299766,BIT,0
1770601775.5299766,BIT,0
1770601775.5299766,BIT,1
1770601775.5299766,BIT,1
1770601775.5299766,BIT,0
1770601775.5299766,BIT,1
1770601775.5299766,BIT,1
1770601775.5299766,BIT,1
1770601775.5299766,BIT,0
1770601775.7579794,BIT,1
1770601775.7579794,BIT,1
1770601775.7579794,BIT,1
1770601775.7579794,BIT,0
1770601775.7579794,BIT,1
1770601775.7579794,BIT,1
1770601775.7579794,BIT,1
1770601775.7579794,BIT,1
1770601775.7579794,BIT,1
1770601775.7579794,BIT,0
1770601775.962768,BIT,1
1770601775.962768,BIT,1
1770601775.962768,BIT,1
1770601775.962768,BIT,1
1770601775.962768,BIT,1
1770601775.962768,BIT,0
1770601775.962768,BIT,0
1770601775.962768,BIT,1
1770601775.962768,BIT,0
1770601775.962768,BIT,1
1770601776.2117388,BIT,1
1770601776.2117388,BIT,0
1770601776.2117388,BIT,1
1770601776.2117388,BIT,1
1770601776.2117388,BIT,0
1770601776.2117388,BIT,1
1770601776.2117388,BIT,0
1770601776.2117388,BIT,0
1770601776.2117388,BIT,0
1770601776.2117388,BIT,1
1770601776.4027812,BIT,0
1770601776.4027812,BIT,0
1770601776.4027812,BIT,0
1770601776.4027812,BIT,0
1770601776.4027812,BIT,0
1770601776.4027812,BIT,1
1770601776.4027812,BIT,1
1770601776.4027812,BIT,1
1770601776.4027812,BIT,1
1770601776.4027812,BIT,0
1770601776.58955,BIT,1
1770601776.58955,BIT,0
1770601776.58955,BIT,0
1770601776.58955,BIT,1
1770601776.58955,BIT,1
1770601776.58955,BIT,0
1770601776.58955,BIT,0
1770601776.58955,BIT,1
1770601776.58955,BIT,1
1770601776.58955,BIT,0
1770601776.7780554,BIT,0
1770601776.7780554,BIT,1
1770601776.7780554,BIT,0
1770601776.7780554,BIT,0
1770601776.7780554,BIT,1
1770601776.7780554,BIT,1
1770601776.7780554,BIT,1
1770601776.7780554,BIT,1
1770601776.7780554,BIT,1
1770601776.7780554,BIT,1
1770601777.005697,BIT,0
1770601777.005697,BIT,0
1770601777.005697,BIT,1
1770601777.005697,BIT,0
1770601777.005697,BIT,1
1770601777.005697,BIT,1
1770601777.005697,BIT,0
1770601777.005697,BIT,0
1770601777.005697,BIT,1
1770601777.005697,BIT,0
1770601777.269933,BIT,1
1770601777.269933,BIT,1
1770601777.269933,BIT,0
1770601777.269933,BIT,0
1770601777.269933,BIT,0
1770601777.269933,BIT,0
1770601777.269933,BIT,1
1770601777.269933,BIT,0
1770601777.269933,BIT,1
1770601777.269933,BIT,0
1770601777.5010934,BIT,0
1770601777.5010934,BIT,0
1770601777.5010934,BIT,1
1770601777.5010934,BIT,0
1770601777.5010934,BIT,0
1770601777.5010934,BIT,1
1770601777.5010934,BIT,0
1770601777.5010934,BIT,0
1770601777.5010934,BIT,0
1770601777.5010934,BIT,1
1770601777.7262492,BIT,1
1770601777.7262492,BIT,1
1770601777.7262492,BIT,0
1770601777.7262492,BIT,1
1770601777.7262492,BIT,1
1770601777.7262492,BIT,1
1770601777.7262492,BIT,1
1770601777.7262492,BIT,1
1770601777.7262492,BIT,1
1770601777.7262492,BIT,0
1770601777.976328,BIT,1
1770601777.976328,BIT,1
1770601777.976328,BIT,1
1770601777.976328,BIT,1
1770601777.976328,BIT,0
1770601777.976328,BIT,1
1770601777.976328,BIT,1
1770601777.976328,BIT,1
1770601777.976328,BIT,1
1770601777.976328,BIT,0
1770601778.1868753,BIT,0
1770601778.1868753,BIT,1
1770601778.1868753,BIT,1
1770601778.1868753,BIT,1
1770601778.1868753,BIT,1
1770601778.1868753,BIT,0
1770601778.1868753,BIT,1
1770601778.1868753,BIT,1
1770601778.1868753,BIT,0
1770601778.1868753,BIT,0
1770601778.3967388,BIT,1
1770601778.3967388,BIT,1
1770601778.3967388,BIT,1
1770601778.3967388,BIT,0
1770601778.3967388,BIT,0
1770601778.3967388,BIT,0
1770601778.3967388,BIT,0
1770601778.3967388,BIT,1
1770601778.3967388,BIT,1
1770601778.3967388,BIT,1
1770601778.5713234,BIT,0
1770601778.5713234,BIT,0
1770601778.5713234,BIT,1
1770601778.5713234,BIT,1
1770601778.5713234,BIT,0
1770601778.5713234,BIT,0
1770601778.5713234,BIT,1
1770601778.5713234,BIT,0
1770601778.5713234,BIT,1
1770601778.5713234,BIT,0
1770601778.7800193,BIT,1
1770601778.7800193,BIT,0
1770601778.7800193,BIT,1
1770601778.7800193,BIT,0
1770601778.7800193,BIT,0
1770601778.7800193,BIT,0
1770601778.7800193,BIT,1
1770601778.7800193,BIT,1
1770601778.7800193,BIT,0
1770601778.7800193,BIT,1
1770601778.9630938,BIT,1
1770601778.9630938,BIT,0
1770601778.9630938,BIT,1
1770601778.9630938,BIT,1
1770601778.9630938,BIT,0
1770601778.9630938,BIT,1
1770601778.9630938,BIT,1
1770601778.9630938,BIT,1
1770601778.9630938,BIT,0
1770601778.9630938,BIT,1
1770601779.1451304,BIT,0
1770601779.1451304,BIT,0
1770601779.1451304,BIT,0
1770601779.1451304,BIT,0
1770601779.1451304,BIT,1
1770601779.1451304,BIT,0
1770601779.1451304,BIT,0
1770601779.1451304,BIT,1
1770601779.1451304,BIT,0
1770601779.1451304,BIT,1
1770601779.323225,BIT,0
1770601779.323225,BIT,0
1770601779.323225,BIT,1
1770601779.323225,BIT,0
1770601779.323225,BIT,1
1770601779.323225,BIT,0
1770601779.323225,BIT,0
1770601779.323225,BIT,0
1770601779.323225,BIT,0
1770601779.323225,BIT,1
1770601779.482642,BIT,1
1770601779.482642,BIT,0
1770601779.482642,BIT,1
1770601779.482642,BIT,1
1770601779.482642,BIT,1
1770601779.482642,BIT,1
1770601779.482642,BIT,0
1770601779.482642,BIT,0
1770601779.482642,BIT,1
1770601779.482642,BIT,1
1770601779.6465049,BIT,0
1770601779.6465049,BIT,0
1770601779.6465049,BIT,1
1770601779.6465049,BIT,0
1770601779.6465049,BIT,1
1770601779.6465049,BIT,0
1770601779.6465049,BIT,1
1770601779.6465049,BIT,1
1770601779.6465049,BIT,1
1770601779.6465049,BIT,0
1770601779.8272278,BIT,1
1770601779.8272278,BIT,1
1770601779.8272278,BIT,1
1770601779.8272278,BIT,1
1770601779.8272278,BIT,0
1770601779.8272278,BIT,1
1770601779.8272278,BIT,1
1770601779.8272278,BIT,1
1770601779.8272278,BIT,1
1770601779.8272278,BIT,1
1770601780.0063066,BIT,0
1770601780.0063066,BIT,0
1770601780.0063066,BIT,1
1770601780.0063066,BIT,0
1770601780.0063066,BIT,1
1770601780.0063066,BIT,1
1770601780.0063066,BIT,1
1770601780.0063066,BIT,0
1770601780.0063066,BIT,0
1770601780.0063066,BIT,0
1770601780.2153378,BIT,1
1770601780.2153378,BIT,0
1770601780.2153378,BIT,1
1770601780.2153378,BIT,0
1770601780.2153378,BIT,1
1770601780.2153378,BIT,0
1770601780.2153378,BIT,0
1770601780.2153378,BIT,1
1770601780.2153378,BIT,0
1770601780.2153378,BIT,0
1770601780.415722,BIT,1
1770601780.415722,BIT,0
1770601780.415722,BIT,0
1770601780.415722,BIT,0
1770601780.415722,BIT,0
1770601780.415722,BIT,1
1770601780.415722,BIT,0
1770601780.415722,BIT,0
1770601780.415722,BIT,0
1770601780.415722,BIT,1
1770601780.580042,BIT,1
1770601780.580042,BIT,0
1770601780.580042,BIT,0
1770601780.580042,BIT,1
1770601780.580042,BIT,1
1770601780.580042,BIT,0
1770601780.580042,BIT,1
1770601780.580042,BIT,0
1770601780.580042,BIT,1
1770601780.580042,BIT,0
1770601780.822943,BIT,1
1770601780.822943,BIT,0
1770601780.822943,BIT,0
1770601780.822943,BIT,0
1770601780.822943,BIT,1
1770601780.822943,BIT,1
1770601780.822943,BIT,0
1770601780.822943,BIT,1
1770601780.822943,BIT,0
1770601780.822943,BIT,1
1770601781.0071414,BIT,1
1770601781.0071414,BIT,0
1770601781.0071414,BIT,1
1770601781.0071414,BIT,1
1770601781.0071414,BIT,1
1770601781.0071414,BIT,1
1770601781.0071414,BIT,1
1770601781.0071414,BIT,1
1770601781.0071414,BIT,0
1770601781.0071414,BIT,1
1770601781.1992757,BIT,1
1770601781.1992757,BIT,1
1770601781.1992757,BIT,1
1770601781.1992757,BIT,1
1770601781.1992757,BIT,1
1770601781.1992757,BIT,1
1770601781.1992757,BIT,1
1770601781.1992757,BIT,0
1770601781.1992757,BIT,1
1770601781.1992757,BIT,0
1770601781.3883996,BIT,1
1770601781.3883996,BIT,1
1770601781.3883996,BIT,1
1770601781.3883996,BIT,1
1770601781.3883996,BIT,1
1770601781.3883996,BIT,1
1770601781.3883996,BIT,1
1770601781.3883996,BIT,1
1770601781.3883996,BIT,0
1770601781.3883996,BIT,0
1770601781.5537975,BIT,1
1770601781.5537975,BIT,1
1770601781.5537975,BIT,1
1770601781.5537975,BIT,0
1770601781.5537975,BIT,0
1770601781.5537975,BIT,0
1770601781.5537975,BIT,0
1770601781.5537975,BIT,1
1770601781.5537975,BIT,1
1770601781.5537975,BIT,1
1770601781.7459028,BIT,1
1770601781.7459028,BIT,1
1770601781.7459028,BIT,0
1770601781.7459028,BIT,0
1770601781.7459028,BIT,1
1770601781.7459028,BIT,0
1770601781.7459028,BIT,1
1770601781.7459028,BIT,1
1770601781.7459028,BIT,1
1770601781.7459028,BIT,0
1770601781.9308288,BIT,1
1770601781.9308288,BIT,1
1770601781.9308288,BIT,0
1770601781.9308288,BIT,1
1770601781.9308288,BIT,0
1770601781.9308288,BIT,1
1770601781.9308288,BIT,0
1770601781.9308288,BIT,0
1770601781.9308288,BIT,1
1770601781.9308288,BIT,1
1770601782.0995643,BIT,1
1770601782.0995643,BIT,1
1770601782.0995643,BIT,0
1770601782.0995643,BIT,1
1770601782.0995643,BIT,1
1770601782.0995643,BIT,1
1770601782.0995643,BIT,1
1770601782.0995643,BIT,1
1770601782.0995643,BIT,1
1770601782.0995643,BIT,1
1770601782.2672482,BIT,1
1770601782.2672482,BIT,0
1770601782.2672482,BIT,1
1770601782.2672482,BIT,1
1770601782.2672482,BIT,1
1770601782.2672482,BIT,0
1770601782.2672482,BIT,0
1770601782.2672482,BIT,1
1770601782.2672482,BIT,0
1770601782.2672482,BIT,1
1770601782.4408822,BIT,0
1770601782.4408822,BIT,0
1770601782.4408822,BIT,1
1770601782.4408822,BIT,1
1770601782.4408822,BIT,1
1770601782.4408822,BIT,1
1770601782.4408822,BIT,0
1770601782.4408822,BIT,0
1770601782.4408822,BIT,0
1770601782.4408822,BIT,0
1770601782.606948,BIT,0
1770601782.606948,BIT,0
1770601782.606948,BIT,1
1770601782.606948,BIT,0
1770601782.606948,BIT,0
1770601782.606948,BIT,1
1770601782.606948,BIT,1
1770601782.606948,BIT,1
1770601782.606948,BIT,1
1770601782.606948,BIT,0
1770601782.790644,BIT,1
1770601782.790644,BIT,0
1770601782.790644,BIT,1
1770601782.790644,BIT,0
1770601782.790644,BIT,0
1770601782.790644,BIT,1
1770601782.790644,BIT,1
1770601782.790644,BIT,1
1770601782.790644,BIT,1
1770601782.790644,BIT,0
1770601782.9750652,BIT,0
1770601782.9750652,BIT,0
1770601782.9750652,BIT,1
1770601782.9750652,BIT,0
1770601782.9750652,BIT,1
1770601782.9750652,BIT,1
1770601782.9750652,BIT,1
1770601782.9750652,BIT,1
1770601782.9750652,BIT,0
1770601782.9750652,BIT,0
1770601783.1494231,BIT,0
1770601783.1494231,BIT,1
1770601783.1494231,BIT,0
1770601783.1494231,BIT,1
1770601783.1494231,BIT,0
1770601783.1494231,BIT,1
1770601783.1494231,BIT,1
1770601783.1494231,BIT,1
1770601783.1494231,BIT,0
1770601783.1494231,BIT,1
1770601783.329269,BIT,1
1770601783.329269,BIT,1
1770601783.329269,BIT,1
1770601783.329269,BIT,0
1770601783.329269,BIT,1
1770601783.329269,BIT,0
1770601783.329269,BIT,0
1770601783.329269,BIT,1
1770601783.329269,BIT,0
1770601783.329269,BIT,1
1770601783.4997697,BIT,1
1770601783.4997697,BIT,0
1770601783.4997697,BIT,0
1770601783.4997697,BIT,0
1770601783.4997697,BIT,1
1770601783.4997697,BIT,0
1770601783.4997697,BIT,1
1770601783.4997697,BIT,1
1770601783.4997697,BIT,1
1770601783.4997697,BIT,0
1770601783.687389,BIT,0
1770601783.687389,BIT,1
1770601783.687389,BIT,1
1770601783.687389,BIT,1
1770601783.687389,BIT,1
1770601783.687389,BIT,1
1770601783.687389,BIT,0
1770601783.687389,BIT,1
1770601783.687389,BIT,1
1770601783.687389,BIT,0
1770601783.8674006,BIT,1
1770601783.8674006,BIT,0
1770601783.8674006,BIT,1
1770601783.8674006,BIT,0
1770601783.8674006,BIT,0
1770601783.8674006,BIT,0
1770601783.8674006,BIT,0
1770601783.8674006,BIT,1
1770601783.8674006,BIT,0
1770601783.8674006,BIT,1
1770601784.0513973,BIT,1
1770601784.0513973,BIT,0
1770601784.0513973,BIT,0
1770601784.0513973,BIT,0
1770601784.0513973,BIT,1
1770601784.0513973,BIT,1
1770601784.0513973,BIT,0
1770601784.0513973,BIT,1
1770601784.0513973,BIT,1
1770601784.0513973,BIT,1
1770601784.2200089,BIT,0
1770601784.2200089,BIT,1
1770601784.2200089,BIT,1
1770601784.2200089,BIT,0
1770601784.2200089,BIT,0
1770601784.2200089,BIT,1
1770601784.2200089,BIT,0
1770601784.2200089,BIT,0
1770601784.2200089,BIT,0
1770601784.2200089,BIT,1
1770601784.3952801,BIT,1
1770601784.3952801,BIT,1
1770601784.3952801,BIT,1
1770601784.3952801,BIT,0
1770601784.3952801,BIT,0
1770601784.3952801,BIT,0
1770601784.3952801,BIT,0
1770601784.3952801,BIT,0
1770601784.3952801,BIT,1
1770601784.3952801,BIT,1
1770601784.5564327,BIT,1
1770601784.5564327,BIT,0
1770601784.5564327,BIT,1
1770601784.5564327,BIT,1
1770601784.5564327,BIT,1
1770601784.5564327,BIT,0
1770601784.5564327,BIT,0
1770601784.5564327,BIT,1
1770601784.5564327,BIT,1
1770601784.5564327,BIT,0
1770601784.7327907,BIT,0
1770601784.7327907,BIT,0
1770601784.7327907,BIT,1
1770601784.7327907,BIT,1
1770601784.7327907,BIT,0
1770601784.7327907,BIT,1
1770601784.7327907,BIT,0
1770601784.7327907,BIT,1
1770601784.7327907,BIT,1
1770601784.7327907,BIT,0
1770601784.9229214,BIT,0
1770601784.9229214,BIT,1
1770601784.9229214,BIT,1
1770601784.9229214,BIT,1
1770601784.9229214,BIT,1
1770601784.9229214,BIT,1
1770601784.9229214,BIT,1
1770601784.9229214,BIT,0
1770601784.9229214,BIT,1
1770601784.9229214,BIT,0
1770601785.103428,BIT,1
1770601785.103428,BIT,0
1770601785.103428,BIT,1
1770601785.103428,BIT,0
1770601785.103428,BIT,0
1770601785.103428,BIT,0
1770601785.103428,BIT,0
1770601785.103428,BIT,0
1770601785.103428,BIT,1
1770601785.103428,BIT,0
1770601785.2777977,BIT,0
1770601785.2777977,BIT,1
1770601785.2777977,BIT,1
1770601785.2777977,BIT,0
1770601785.2777977,BIT,0
1770601785.2777977,BIT,0
1770601785.2777977,BIT,1
1770601785.2777977,BIT,1
1770601785.2777977,BIT,1
1770601785.2777977,BIT,1
1770601785.43683,BIT,0
1770601785.43683,BIT,0
1770601785.43683,BIT,1
1770601785.43683,BIT,1
1770601785.43683,BIT,1
1770601785.43683,BIT,1
1770601785.43683,BIT,1
1770601785.43683,BIT,1
1770601785.43683,BIT,1
1770601785.43683,BIT,0
1770601785.5934482,BIT,0
1770601785.5934482,BIT,1
1770601785.5934482,BIT,1
1770601785.5934482,BIT,0
1770601785.5934482,BIT,0
1770601785.5934482,BIT,0
1770601785.5934482,BIT,0
1770601785.5934482,BIT,0
1770601785.5934482,BIT,1
1770601785.5934482,BIT,1
1770601785.7656605,BIT,0
1770601785.7656605,BIT,0
1770601785.7656605,BIT,1
1770601785.7656605,BIT,1
1770601785.7656605,BIT,0
1770601785.7656605,BIT,1
1770601785.7656605,BIT,1
1770601785.7656605,BIT,0
1770601785.7656605,BIT,0
1770601785.7656605,BIT,0
1770601785.9419823,BIT,1
1770601785.9419823,BIT,0
1770601785.9419823,BIT,1
1770601785.9419823,BIT,1
1770601785.9419823,BIT,0
1770601785.9419823,BIT,1
1770601785.9419823,BIT,1
1770601785.9419823,BIT,1
1770601785.9419823,BIT,1
1770601785.9419823,BIT,1
1770601786.1238348,BIT,1
1770601786.1238348,BIT,0
1770601786.1238348,BIT,0
1770601786.1238348,BIT,1
1770601786.1238348,BIT,0
1770601786.1238348,BIT,1
1770601786.1238348,BIT,1
1770601786.1238348,BIT,1
1770601786.1238348,BIT,1
1770601786.1238348,BIT,1
1770601786.305437,BIT,0
1770601786.305437,BIT,0
1770601786.305437,BIT,0
1770601786.305437,BIT,1
1770601786.305437,BIT,0
1770601786.305437,BIT,0
1770601786.305437,BIT,0
1770601786.305437,BIT,1
1770601786.305437,BIT,0
1770601786.305437,BIT,1
1770601786.4779167,BIT,1
1770601786.4779167,BIT,0
1770601786.4779167,BIT,0
1770601786.4779167,BIT,1
1770601786.4779167,BIT,1
1770601786.4779167,BIT,1
1770601786.4779167,BIT,0
1770601786.4779167,BIT,0
1770601786.4779167,BIT,1
1770601786.4779167,BIT,1
1770601786.6729147,BIT,0
1770601786.6729147,BIT,0
1770601786.6729147,BIT,1
1770601786.6729147,BIT,1
1770601786.6729147,BIT,0
1770601786.6729147,BIT,1
1770601786.6729147,BIT,1
1770601786.6729147,BIT,0
1770601786.6729147,BIT,1
1770601786.6729147,BIT,0
1770601786.871488,BIT,1
1770601786.871488,BIT,0
1770601786.871488,BIT,1
1770601786.871488,BIT,0
1770601786.871488,BIT,0
1770601786.871488,BIT,1
1770601786.871488,BIT,0
1770601786.871488,BIT,0
1770601786.871488,BIT,0
1770601786.871488,BIT,0
1770601787.045207,BIT,0
1770601787.045207,BIT,1
1770601787.045207,BIT,0
1770601787.045207,BIT,0
1770601787.045207,BIT,1
1770601787.045207,BIT,1
1770601787.045207,BIT,1
1770601787.045207,BIT,0
1770601787.045207,BIT,1
1770601787.045207,BIT,1
1770601787.2185051,BIT,0
1770601787.2185051,BIT,0
1770601787.2185051,BIT,1
1770601787.2185051,BIT,1
1770601787.2185051,BIT,1
1770601787.2185051,BIT,1
1770601787.2185051,BIT,0
1770601787.2185051,BIT,0
1770601787.2185051,BIT,1
1770601787.2185051,BIT,1
1770601787.3995352,BIT,1
1770601787.3995352,BIT,0
1770601787.3995352,BIT,1
1770601787.3995352,BIT,0
1770601787.3995352,BIT,0
1770601787.3995352,BIT,0
1770601787.3995352,BIT,1
1770601787.3995352,BIT,1
1770601787.3995352,BIT,1
1770601787.3995352,BIT,1
1770601787.5614989,BIT,1
1770601787.5614989,BIT,1
1770601787.5614989,BIT,0
1770601787.5614989,BIT,1
1770601787.5614989,BIT,0
1770601787.5614989,BIT,0
1770601787.5614989,BIT,0
1770601787.5614989,BIT,1
1770601787.5614989,BIT,1
1770601787.5614989,BIT,0
1770601787.7290866,BIT,1
1770601787.7290866,BIT,1
1770601787.7290866,BIT,1
1770601787.7290866,BIT,0
1770601787.7290866,BIT,1
1770601787.7290866,BIT,1
1770601787.7290866,BIT,0
1770601787.7290866,BIT,1
1770601787.7290866,BIT,1
1770601787.7290866,BIT,0
1770601787.8975792,BIT,0
1770601787.8975792,BIT,0
1770601787.8975792,BIT,0
1770601787.8975792,BIT,0
1770601787.8975792,BIT,0
1770601787.8975792,BIT,1
1770601787.8975792,BIT,1
1770601787.8975792,BIT,0
1770601787.8975792,BIT,1
1770601787.8975792,BIT,0
1770601788.0747752,BIT,0
1770601788.0747752,BIT,1
1770601788.0747752,BIT,0
1770601788.0747752,BIT,1
1770601788.0747752,BIT,1
1770601788.0747752,BIT,0
1770601788.0747752,BIT,1
1770601788.0747752,BIT,1
1770601788.0747752,BIT,0
1770601788.0747752,BIT,1
1770601788.2625759,BIT,1
1770601788.2625759,BIT,0
1770601788.2625759,BIT,0
1770601788.2625759,BIT,1
1770601788.2625759,BIT,0
1770601788.2625759,BIT,0
1770601788.2625759,BIT,1
1770601788.2625759,BIT,0
1770601788.2625759,BIT,1
1770601788.2625759,BIT,1
1770601788.4383376,BIT,1
1770601788.4383376,BIT,0
1770601788.4383376,BIT,1
1770601788.4383376,BIT,1
1770601788.4383376,BIT,0
1770601788.4383376,BIT,1
1770601788.4383376,BIT,1
1770601788.4383376,BIT,0
1770601788.4383376,BIT,1
1770601788.4383376,BIT,1
1770601788.6119125,BIT,1
1770601788.6119125,BIT,0
1770601788.6119125,BIT,0
1770601788.6119125,BIT,1
1770601788.6119125,BIT,0
1770601788.6119125,BIT,1
1770601788.6119125,BIT,0
1770601788.6119125,BIT,0
1770601788.6119125,BIT,0
1770601788.6119125,BIT,1
1770601788.807197,BIT,0
1770601788.807197,BIT,1
1770601788.807197,BIT,0
1770601788.807197,BIT,0
1770601788.807197,BIT,0
1770601788.807197,BIT,1
1770601788.807197,BIT,1
1770601788.807197,BIT,1
1770601788.807197,BIT,0
1770601788.807197,BIT,1
1770601788.9920654,BIT,1
1770601788.9920654,BIT,0
1770601788.9920654,BIT,1
1770601788.9920654,BIT,1
1770601788.9920654,BIT,1
1770601788.9920654,BIT,0
1770601788.9920654,BIT,0
1770601788.9920654,BIT,0
1770601788.9920654,BIT,1
1770601788.9920654,BIT,1
1770601789.1722064,BIT,1
1770601789.1722064,BIT,1
1770601789.1722064,BIT,1
1770601789.1722064,BIT,1
1770601789.1722064,BIT,0
1770601789.1722064,BIT,0
1770601789.1722064,BIT,1
1770601789.1722064,BIT,0
1770601789.1722064,BIT,0
1770601789.1722064,BIT,1
1770601789.347952,BIT,1
1770601789.347952,BIT,0
1770601789.347952,BIT,0
1770601789.347952,BIT,0
1770601789.347952,BIT,1
1770601789.347952,BIT,0
1770601789.347952,BIT,0
1770601789.347952,BIT,0
1770601789.347952,BIT,0
1770601789.347952,BIT,1
1770601789.5129802,BIT,1
1770601789.5129802,BIT,1
1770601789.5129802,BIT,1
1770601789.5129802,BIT,0
1770601789.5129802,BIT,0
1770601789.5129802,BIT,1
1770601789.5129802,BIT,0
1770601789.5129802,BIT,1
1770601789.5129802,BIT,0
1770601789.5129802,BIT,1
1770601789.6748762,BIT,1
1770601789.6748762,BIT,0
1770601789.6748762,BIT,0
1770601789.6748762,BIT,1
1770601789.6748762,BIT,1
1770601789.6748762,BIT,1
1770601789.6748762,BIT,1
1770601789.6748762,BIT,1
1770601789.6748762,BIT,1
1770601789.6748762,BIT,1
1770601789.8566964,BIT,1
1770601789.8566964,BIT,1
1770601789.8566964,BIT,0
1770601789.8566964,BIT,0
1770601789.8566964,BIT,0
1770601789.8566964,BIT,0
1770601789.8566964,BIT,0
1770601789.8566964,BIT,1
1770601789.8566964,BIT,0
1770601789.8566964,BIT,0
1770601790.0402622,BIT,0
1770601790.0402622,BIT,1
1770601790.0402622,BIT,0
1770601790.0402622,BIT,1
1770601790.0402622,BIT,0
1770601790.0402622,BIT,0
1770601790.0402622,BIT,0
1770601790.0402622,BIT,1
1770601790.0402622,BIT,0
1770601790.0402622,BIT,0
1770601790.2076547,BIT,1
1770601790.2076547,BIT,0
1770601790.2076547,BIT,0
1770601790.2076547,BIT,1
1770601790.2076547,BIT,1
1770601790.2076547,BIT,1
1770601790.2076547,BIT,1
1770601790.2076547,BIT,0
1770601790.2076547,BIT,1
1770601790.2076547,BIT,0
1770601790.4070332,BIT,0
1770601790.4070332,BIT,0
1770601790.4070332,BIT,1
1770601790.4070332,BIT,0
1770601790.4070332,BIT,1
1770601790.4070332,BIT,0
1770601790.4070332,BIT,1
1770601790.4070332,BIT,1
1770601790.4070332,BIT,0
1770601790.4070332,BIT,0
1770601790.5750277,BIT,0
1770601790.5750277,BIT,1
1770601790.5750277,BIT,1
1770601790.5750277,BIT,1
1770601790.5750277,BIT,1
1770601790.5750277,BIT,1
1770601790.5750277,BIT,1
1770601790.5750277,BIT,0
1770601790.5750277,BIT,0
1770601790.5750277,BIT,0
1770601790.81217,BIT,0
1770601790.81217,BIT,0
1770601790.81217,BIT,0
1770601790.81217,BIT,1
1770601790.81217,BIT,1
1770601790.81217,BIT,1
1770601790.81217,BIT,1
1770601790.81217,BIT,0
1770601790.81217,BIT,0
1770601790.81217,BIT,1
1770601791.006034,BIT,0
1770601791.006034,BIT,0
1770601791.006034,BIT,1
1770601791.006034,BIT,1
1770601791.006034,BIT,0
1770601791.006034,BIT,1
1770601791.006034,BIT,1
1770601791.006034,BIT,0
1770601791.006034,BIT,0
1770601791.006034,BIT,0
1770601791.1999674,BIT,1
1770601791.1999674,BIT,0
1770601791.1999674,BIT,0
1770601791.1999674,BIT,0
1770601791.1999674,BIT,0
1770601791.1999674,BIT,0
1770601791.1999674,BIT,1
1770601791.1999674,BIT,1
1770601791.1999674,BIT,0
1770601791.1999674,BIT,0
1770601791.4153316,BIT,0
1770601791.4153316,BIT,1
1770601791.4153316,BIT,1
1770601791.4153316,BIT,0
1770601791.4153316,BIT,0
1770601791.4153316,BIT,0
1770601791.4153316,BIT,1
1770601791.4153316,BIT,1
1770601791.4153316,BIT,0
1770601791.4153316,BIT,0
1770601791.6457555,BIT,1
1770601791.6457555,BIT,0
1770601791.6457555,BIT,0
1770601791.6457555,BIT,1
1770601791.6457555,BIT,1
1770601791.6457555,BIT,1
1770601791.6457555,BIT,0
1770601791.6457555,BIT,1
1770601791.6457555,BIT,1
1770601791.6457555,BIT,0
1770601791.913533,BIT,0
1770601791.913533,BIT,1
1770601791.913533,BIT,1
1770601791.913533,BIT,1
1770601791.913533,BIT,0
1770601791.913533,BIT,1
1770601791.913533,BIT,0
1770601791.913533,BIT,0
1770601791.913533,BIT,0
1770601791.913533,BIT,1
1770601792.1041641,BIT,1
1770601792.1041641,BIT,1
1770601792.1041641,BIT,0
1770601792.1041641,BIT,1
1770601792.1041641,BIT,0
1770601792.1041641,BIT,1
1770601792.1041641,BIT,1
1770601792.1041641,BIT,1
1770601792.1041641,BIT,1
1770601792.1041641,BIT,1
1770601792.30258,BIT,1
1770601792.30258,BIT,0
1770601792.30258,BIT,0
1770601792.30258,BIT,0
1770601792.30258,BIT,1
1770601792.30258,BIT,0
1770601792.30258,BIT,0
1770601792.30258,BIT,0
1770601792.30258,BIT,1
1770601792.30258,BIT,1
1770601792.4901838,BIT,0
1770601792.4901838,BIT,1
1770601792.4901838,BIT,0
1770601792.4901838,BIT,0
1770601792.4901838,BIT,0
1770601792.4901838,BIT,1
1770601792.4901838,BIT,0
1770601792.4901838,BIT,1
1770601792.4901838,BIT,0
1770601792.4901838,BIT,0
1770601792.6723533,BIT,0
1770601792.6723533,BIT,0
1770601792.6723533,BIT,0
1770601792.6723533,BIT,1
1770601792.6723533,BIT,0
1770601792.6723533,BIT,1
1770601792.6723533,BIT,1
1770601792.6723533,BIT,0
1770601792.6723533,BIT,0
1770601792.6723533,BIT,0
1770601792.8794,BIT,0
1770601792.8794,BIT,1
1770601792.8794,BIT,1
1770601792.8794,BIT,0
1770601792.8794,BIT,0
1770601792.8794,BIT,0
1770601792.8794,BIT,0
1770601792.8794,BIT,0
1770601792.8794,BIT,1
1770601792.8794,BIT,1
1770601793.0874226,BIT,1
1770601793.0874226,BIT,1
1770601793.0874226,BIT,0
1770601793.0874226,BIT,1
1770601793.0874226,BIT,0
1770601793.0874226,BIT,1
1770601793.0874226,BIT,0
1770601793.0874226,BIT,1
1770601793.0874226,BIT,0
1770601793.0874226,BIT,1
1770601793.3172774,BIT,1
1770601793.3172774,BIT,1
1770601793.3172774,BIT,1
1770601793.3172774,BIT,0
1770601793.3172774,BIT,1
1770601793.3172774,BIT,0
1770601793.3172774,BIT,1
1770601793.3172774,BIT,1
1770601793.3172774,BIT,1
1770601793.3172774,BIT,1
1770601793.5019813,BIT,0
1770601793.5019813,BIT,1
1770601793.5019813,BIT,1
1770601793.5019813,BIT,0
1770601793.5019813,BIT,1
1770601793.5019813,BIT,0
1770601793.5019813,BIT,1
1770601793.5019813,BIT,1
1770601793.5019813,BIT,0
1770601793.5019813,BIT,1
1770601793.6718504,BIT,0
1770601793.6718504,BIT,0
1770601793.6718504,BIT,0
1770601793.6718504,BIT,1
1770601793.6718504,BIT,1
1770601793.6718504,BIT,1
1770601793.6718504,BIT,1
1770601793.6718504,BIT,1
1770601793.6718504,BIT,1
1770601793.6718504,BIT,1
1770601793.869674,BIT,0
1770601793.869674,BIT,1
1770601793.869674,BIT,1
1770601793.869674,BIT,0
1770601793.869674,BIT,0
1770601793.869674,BIT,0
1770601793.869674,BIT,0
1770601793.869674,BIT,1
1770601793.869674,BIT,1
1770601793.869674,BIT,1
1770601794.0430202,BIT,0
1770601794.0430202,BIT,1
1770601794.0430202,BIT,0
1770601794.0430202,BIT,1
1770601794.0430202,BIT,0
1770601794.0430202,BIT,1
1770601794.0430202,BIT,1
1770601794.0430202,BIT,1
1770601794.0430202,BIT,1
1770601794.0430202,BIT,0
1770601794.2192638,BIT,1
1770601794.2192638,BIT,1
1770601794.2192638,BIT,1
1770601794.2192638,BIT,0
1770601794.2192638,BIT,0
1770601794.2192638,BIT,1
1770601794.2192638,BIT,1
1770601794.2192638,BIT,0
1770601794.2192638,BIT,0
1770601794.2192638,BIT,0
1770601794.408922,BIT,0
1770601794.408922,BIT,1
1770601794.408922,BIT,0
1770601794.408922,BIT,0
1770601794.408922,BIT,1
1770601794.408922,BIT,1
1770601794.408922,BIT,0
1770601794.408922,BIT,1
1770601794.408922,BIT,1
1770601794.408922,BIT,1
1770601794.5753195,BIT,0
1770601794.5753195,BIT,0
1770601794.5753195,BIT,1
1770601794.5753195,BIT,1
1770601794.5753195,BIT,0
1770601794.5753195,BIT,1
1770601794.5753195,BIT,1
1770601794.5753195,BIT,1
1770601794.5753195,BIT,0
1770601794.5753195,BIT,1
1770601794.7491086,BIT,1
1770601794.7491086,BIT,1
1770601794.7491086,BIT,1
1770601794.7491086,BIT,0
1770601794.7491086,BIT,1
1770601794.7491086,BIT,0
1770601794.7491086,BIT,1
1770601794.7491086,BIT,1
1770601794.7491086,BIT,1
1770601794.7491086,BIT,0
1770601794.9434133,BIT,0
1770601794.9434133,BIT,1
1770601794.9434133,BIT,1
1770601794.9434133,BIT,0
1770601794.9434133,BIT,0
1770601794.9434133,BIT,1
1770601794.9434133,BIT,1
1770601794.9434133,BIT,1
1770601794.9434133,BIT,1
1770601794.9434133,BIT,1
1770601795.1142564,BIT,0
1770601795.1142564,BIT,1
1770601795.1142564,BIT,1
1770601795.1142564,BIT,1
1770601795.1142564,BIT,0
1770601795.1142564,BIT,1
1770601795.1142564,BIT,0
1770601795.1142564,BIT,0
1770601795.1142564,BIT,0
1770601795.1142564,BIT,1
1770601795.3052065,BIT,0
1770601795.3052065,BIT,0
1770601795.3052065,BIT,1
1770601795.3052065,BIT,1
1770601795.3052065,BIT,1
1770601795.3052065,BIT,0
1770601795.3052065,BIT,0
1770601795.3052065,BIT,1
1770601795.3052065,BIT,1
1770601795.3052065,BIT,0
1770601795.506105,BIT,0
1770601795.506105,BIT,0
1770601795.506105,BIT,0
1770601795.506105,BIT,1
1770601795.506105,BIT,0
1770601795.506105,BIT,1
1770601795.506105,BIT,0
1770601795.506105,BIT,1
1770601795.506105,BIT,1
1770601795.506105,BIT,0
1770601795.7025557,BIT,0
1770601795.7025557,BIT,0
1770601795.7025557,BIT,1
1770601795.7025557,BIT,1
1770601795.7025557,BIT,1
1770601795.7025557,BIT,1
1770601795.7025557,BIT,0
1770601795.7025557,BIT,1
1770601795.7025557,BIT,1
1770601795.7025557,BIT,1
1770601795.901359,BIT,1
1770601795.901359,BIT,0
1770601795.901359,BIT,0
1770601795.901359,BIT,0
1770601795.901359,BIT,1
1770601795.901359,BIT,0
1770601795.901359,BIT,1
1770601795.901359,BIT,1
1770601795.901359,BIT,1
1770601795.901359,BIT,0
1770601796.0741377,BIT,1
1770601796.0741377,BIT,0
1770601796.0741377,BIT,1
1770601796.0741377,BIT,1
1770601796.0741377,BIT,1
1770601796.0741377,BIT,0
1770601796.0741377,BIT,0
1770601796.0741377,BIT,1
1770601796.0741377,BIT,0
1770601796.0741377,BIT,1
1770601796.267232,BIT,1
1770601796.267232,BIT,0
1770601796.267232,BIT,1
1770601796.267232,BIT,0
1770601796.267232,BIT,0
1770601796.267232,BIT,0
1770601796.267232,BIT,1
1770601796.267232,BIT,1
1770601796.267232,BIT,1
1770601796.267232,BIT,1
1770601796.4345963,BIT,1
1770601796.4345963,BIT,0
1770601796.4345963,BIT,0
1770601796.4345963,BIT,1
1770601796.4345963,BIT,1
1770601796.4345963,BIT,0
1770601796.4345963,BIT,1
1770601796.4345963,BIT,0
1770601796.4345963,BIT,1
1770601796.4345963,BIT,0
1770601796.6042242,BIT,0
1770601796.6042242,BIT,1
1770601796.6042242,BIT,0
1770601796.6042242,BIT,1
1770601796.6042242,BIT,0
1770601796.6042242,BIT,0
1770601796.6042242,BIT,0
1770601796.6042242,BIT,0
1770601796.6042242,BIT,0
1770601796.6042242,BIT,0
1770601796.7953854,BIT,1
1770601796.7953854,BIT,1
1770601796.7953854,BIT,0
1770601796.7953854,BIT,0
1770601796.7953854,BIT,0
1770601796.7953854,BIT,1
1770601796.7953854,BIT,0
1770601796.7953854,BIT,1
1770601796.7953854,BIT,1
1770601796.7953854,BIT,1
1770601796.9805143,BIT,1
1770601796.9805143,BIT,0
1770601796.9805143,BIT,0
1770601796.9805143,BIT,0
1770601796.9805143,BIT,0
1770601796.9805143,BIT,0
1770601796.9805143,BIT,1
1770601796.9805143,BIT,1
1770601796.9805143,BIT,0
1770601796.9805143,BIT,1
1770601797.1562486,BIT,1
1770601797.1562486,BIT,0
1770601797.1562486,BIT,1
1770601797.1562486,BIT,1
1770601797.1562486,BIT,1
1770601797.1562486,BIT,0
1770601797.1562486,BIT,1
1770601797.1562486,BIT,1
1770601797.1562486,BIT,0
1770601797.1562486,BIT,1
1770601797.3333979,BIT,0
1770601797.3333979,BIT,1
1770601797.3333979,BIT,0
1770601797.3333979,BIT,1
1770601797.3333979,BIT,0
1770601797.3333979,BIT,0
1770601797.3333979,BIT,0
1770601797.3333979,BIT,1
1770601797.3333979,BIT,0
1770601797.3333979,BIT,0
1770601797.513243,BIT,0
1770601797.513243,BIT,0
1770601797.513243,BIT,1
1770601797.513243,BIT,0
1770601797.513243,BIT,0
1770601797.513243,BIT,0
1770601797.513243,BIT,0
1770601797.513243,BIT,0
1770601797.513243,BIT,1
1770601797.513243,BIT,1
1770601797.6955318,BIT,1
1770601797.6955318,BIT,0
1770601797.6955318,BIT,0
1770601797.6955318,BIT,0
1770601797.6955318,BIT,1
1770601797.6955318,BIT,1
1770601797.6955318,BIT,1
1770601797.6955318,BIT,0
1770601797.6955318,BIT,0
1770601797.6955318,BIT,1
1770601797.896328,BIT,0
1770601797.896328,BIT,0
1770601797.896328,BIT,1
1770601797.896328,BIT,1
1770601797.896328,BIT,1
1770601797.896328,BIT,0
1770601797.896328,BIT,0
1770601797.896328,BIT,0
1770601797.896328,BIT,0
1770601797.896328,BIT,0
1770601798.0591736,BIT,1
1770601798.0591736,BIT,0
1770601798.0591736,BIT,0
1770601798.0591736,BIT,0
1770601798.0591736,BIT,1
1770601798.0591736,BIT,0
1770601798.0591736,BIT,1
1770601798.0591736,BIT,0
1770601798.0591736,BIT,0
1770601798.0591736,BIT,0
1770601798.223135,BIT,0
1770601798.223135,BIT,0
1770601798.223135,BIT,0
1770601798.223135,BIT,1
1770601798.223135,BIT,1
1770601798.223135,BIT,1
1770601798.223135,BIT,0
1770601798.223135,BIT,1
1770601798.223135,BIT,1
1770601798.223135,BIT,1
1770601798.3909402,BIT,0
1770601798.3909402,BIT,1
1770601798.3909402,BIT,0
1770601798.3909402,BIT,1
1770601798.3909402,BIT,0
1770601798.3909402,BIT,1
1770601798.3909402,BIT,1
1770601798.3909402,BIT,1
1770601798.3909402,BIT,0
1770601798.3909402,BIT,0
1770601798.562581,BIT,0
1770601798.562581,BIT,0
1770601798.562581,BIT,1
1770601798.562581,BIT,1
1770601798.562581,BIT,1
1770601798.562581,BIT,1
1770601798.562581,BIT,1
1770601798.562581,BIT,0
1770601798.562581,BIT,0
1770601798.562581,BIT,0
1770601798.742561,BIT,1
1770601798.742561,BIT,0
1770601798.742561,BIT,0
1770601798.742561,BIT,0
1770601798.742561,BIT,0
1770601798.742561,BIT,1
1770601798.742561,BIT,1
1770601798.742561,BIT,1
1770601798.742561,BIT,0
1770601798.742561,BIT,1
1770601798.9337778,BIT,1
1770601798.9337778,BIT,0
1770601798.9337778,BIT,0
1770601798.9337778,BIT,1
1770601798.9337778,BIT,1
1770601798.9337778,BIT,0
1770601798.9337778,BIT,0
1770601798.9337778,BIT,0
1770601798.9337778,BIT,1
1770601798.9337778,BIT,1
1770601799.117131,BIT,0
1770601799.117131,BIT,0
1770601799.117131,BIT,0
1770601799.117131,BIT,0
1770601799.117131,BIT,1
1770601799.117131,BIT,1
1770601799.117131,BIT,0
1770601799.117131,BIT,0
1770601799.117131,BIT,1
1770601799.117131,BIT,1
1770601799.3247886,BIT,0
1770601799.3247886,BIT,1
1770601799.3247886,BIT,0
1770601799.3247886,BIT,1
1770601799.3247886,BIT,0
1770601799.3247886,BIT,1
1770601799.3247886,BIT,1
1770601799.3247886,BIT,0
1770601799.3247886,BIT,1
1770601799.3247886,BIT,1
1770601799.5145261,BIT,1
1770601799.5145261,BIT,1
1770601799.5145261,BIT,1
1770601799.5145261,BIT,1
1770601799.5145261,BIT,0
1770601799.5145261,BIT,0
1770601799.5145261,BIT,0
1770601799.5145261,BIT,0
1770601799.5145261,BIT,0
1770601799.5145261,BIT,0
1770601799.732752,BIT,0
1770601799.732752,BIT,1
1770601799.732752,BIT,0
1770601799.732752,BIT,0
1770601799.732752,BIT,0
1770601799.732752,BIT,0
1770601799.732752,BIT,0
1770601799.732752,BIT,1
1770601799.732752,BIT,1
1770601799.732752,BIT,1
1770601799.9758902,BIT,1
1770601799.9758902,BIT,0
1770601799.9758902,BIT,1
1770601799.9758902,BIT,1
1770601799.9758902,BIT,0
1770601799.9758902,BIT,0
1770601799.9758902,BIT,1
1770601799.9758902,BIT,1
1770601799.9758902,BIT,1
1770601799.9758902,BIT,0
1770601800.2080235,BIT,1
1770601800.2080235,BIT,0
1770601800.2080235,BIT,1
1770601800.2080235,BIT,0
1770601800.2080235,BIT,1
1770601800.2080235,BIT,0
1770601800.2080235,BIT,1
1770601800.2080235,BIT,0
1770601800.2080235,BIT,0
1770601800.2080235,BIT,1
1770601800.455446,BIT,0
1770601800.455446,BIT,1
1770601800.455446,BIT,1
1770601800.455446,BIT,0
1770601800.455446,BIT,1
1770601800.455446,BIT,0
1770601800.455446,BIT,0
1770601800.455446,BIT,1
1770601800.455446,BIT,0
1770601800.455446,BIT,1
1770601800.7467546,BIT,0
1770601800.7467546,BIT,0
1770601800.7467546,BIT,0
1770601800.7467546,BIT,0
1770601800.7467546,BIT,0
1770601800.7467546,BIT,0
1770601800.7467546,BIT,0
1770601800.7467546,BIT,1
1770601800.7467546,BIT,1
1770601800.7467546,BIT,1
1770601800.9764721,BIT,0
1770601800.9764721,BIT,0
1770601800.9764721,BIT,0
1770601800.9764721,BIT,0
1770601800.9764721,BIT,0
1770601800.9764721,BIT,0
1770601800.9764721,BIT,0
1770601800.9764721,BIT,0
1770601800.9764721,BIT,1
1770601800.9764721,BIT,0
1770601801.170835,BIT,0
1770601801.170835,BIT,1
1770601801.170835,BIT,0
1770601801.170835,BIT,1
1770601801.170835,BIT,0
1770601801.170835,BIT,1
1770601801.170835,BIT,0
1770601801.170835,BIT,0
1770601801.170835,BIT,0
1770601801.170835,BIT,1
1770601801.358757,BIT,1
1770601801.358757,BIT,1
1770601801.358757,BIT,1
1770601801.358757,BIT,1
1770601801.358757,BIT,0
1770601801.358757,BIT,1
1770601801.358757,BIT,0
1770601801.358757,BIT,0
1770601801.358757,BIT,0
1770601801.358757,BIT,1
1770601801.5249405,BIT,0
1770601801.5249405,BIT,0
1770601801.5249405,BIT,1
1770601801.5249405,BIT,1
1770601801.5249405,BIT,0
1770601801.5249405,BIT,0
1770601801.5249405,BIT,0
1770601801.5249405,BIT,0
1770601801.5249405,BIT,1
1770601801.5249405,BIT,1
1770601801.6924577,BIT,0
1770601801.6924577,BIT,0
1770601801.6924577,BIT,0
1770601801.6924577,BIT,1
1770601801.6924577,BIT,0
1770601801.6924577,BIT,1
1770601801.6924577,BIT,0
1770601801.6924577,BIT,1
1770601801.6924577,BIT,1
1770601801.6924577,BIT,0
1770601801.8887165,BIT,0
1770601801.8887165,BIT,1
1770601801.8887165,BIT,1
1770601801.8887165,BIT,1
1770601801.8887165,BIT,1
1770601801.8887165,BIT,0
1770601801.8887165,BIT,1
1770601801.8887165,BIT,1
1770601801.8887165,BIT,0
1770601801.8887165,BIT,1
1770601802.126561,BIT,0
1770601802.126561,BIT,0
1770601802.126561,BIT,0
1770601802.126561,BIT,0
1770601802.126561,BIT,0
1770601802.126561,BIT,1
1770601802.126561,BIT,1
1770601802.126561,BIT,1
1770601802.126561,BIT,1
1770601802.126561,BIT,0
1770601802.32624,BIT,1
1770601802.32624,BIT,1
1770601802.32624,BIT,0
1770601802.32624,BIT,0
1770601802.32624,BIT,0
1770601802.32624,BIT,0
1770601802.32624,BIT,0
1770601802.32624,BIT,0
1770601802.32624,BIT,0
1770601802.32624,BIT,1
1770601802.4966996,BIT,0
1770601802.4966996,BIT,0
1770601802.4966996,BIT,0
1770601802.4966996,BIT,1
1770601802.4966996,BIT,1
1770601802.4966996,BIT,0
1770601802.4966996,BIT,1
1770601802.4966996,BIT,0
1770601802.4966996,BIT,1
1770601802.4966996,BIT,0
1770601802.670467,BIT,0
1770601802.670467,BIT,1
1770601802.670467,BIT,1
1770601802.670467,BIT,1
1770601802.670467,BIT,1
1770601802.670467,BIT,0
1770601802.670467,BIT,0
1770601802.670467,BIT,1
1770601802.670467,BIT,0
1770601802.670467,BIT,0
1770601802.8443413,BIT,1
1770601802.8443413,BIT,1
1770601802.8443413,BIT,1
1770601802.8443413,BIT,1
1770601802.8443413,BIT,1
1770601802.8443413,BIT,1
1770601802.8443413,BIT,0
1770601802.8443413,BIT,1
1770601802.8443413,BIT,1
1770601802.8443413,BIT,0
1770601803.0199442,BIT,0
1770601803.0199442,BIT,1
1770601803.0199442,BIT,0
1770601803.0199442,BIT,0
1770601803.0199442,BIT,0
1770601803.0199442,BIT,1
1770601803.0199442,BIT,1
1770601803.0199442,BIT,1
1770601803.0199442,BIT,0
1770601803.0199442,BIT,1
1770601803.2046535,BIT,0
1770601803.2046535,BIT,0
1770601803.2046535,BIT,0
1770601803.2046535,BIT,1
1770601803.2046535,BIT,1
1770601803.2046535,BIT,1
1770601803.2046535,BIT,1
1770601803.2046535,BIT,1
1770601803.2046535,BIT,1
1770601803.2046535,BIT,0
1770601803.374877,BIT,1
1770601803.374877,BIT,0
1770601803.374877,BIT,0
1770601803.374877,BIT,0
1770601803.374877,BIT,0
1770601803.374877,BIT,1
1770601803.374877,BIT,1
1770601803.374877,BIT,1
1770601803.374877,BIT,0
1770601803.374877,BIT,1
1770601803.5329115,BIT,0
1770601803.5329115,BIT,0
1770601803.5329115,BIT,1
1770601803.5329115,BIT,0
1770601803.5329115,BIT,0
1770601803.5329115,BIT,1
1770601803.5329115,BIT,1
1770601803.5329115,BIT,0
1770601803.5329115,BIT,1
1770601803.5329115,BIT,0
1770601803.6976917,BIT,0
1770601803.6976917,BIT,0
1770601803.6976917,BIT,1
1770601803.6976917,BIT,0
1770601803.6976917,BIT,1
1770601803.6976917,BIT,1
1770601803.6976917,BIT,1
1770601803.6976917,BIT,1
1770601803.6976917,BIT,0
1770601803.6976917,BIT,0
1770601803.871559,BIT,1
1770601803.871559,BIT,1
1770601803.871559,BIT,0
1770601803.871559,BIT,0
1770601803.871559,BIT,1
1770601803.871559,BIT,0
1770601803.871559,BIT,1
1770601803.871559,BIT,1
1770601803.871559,BIT,0
1770601803.871559,BIT,1
1770601804.0617669,BIT,0
1770601804.0617669,BIT,1
1770601804.0617669,BIT,0
1770601804.0617669,BIT,1
1770601804.0617669,BIT,0
1770601804.0617669,BIT,1
1770601804.0617669,BIT,1
1770601804.0617669,BIT,1
1770601804.0617669,BIT,1
1770601804.0617669,BIT,0
1770601804.2364998,BIT,1
1770601804.2364998,BIT,1
1770601804.2364998,BIT,0
1770601804.2364998,BIT,0
1770601804.2364998,BIT,0
1770601804.2364998,BIT,0
1770601804.2364998,BIT,0
1770601804.2364998,BIT,0
1770601804.2364998,BIT,1
1770601804.2364998,BIT,1
1770601804.4190629,BIT,1
1770601804.4190629,BIT,0
1770601804.4190629,BIT,1
1770601804.4190629,BIT,0
1770601804.4190629,BIT,1
1770601804.4190629,BIT,0
1770601804.4190629,BIT,0
1770601804.4190629,BIT,1
1770601804.4190629,BIT,0
1770601804.4190629,BIT,0
1770601804.57696,BIT,1
1770601804.57696,BIT,0
1770601804.57696,BIT,0
1770601804.57696,BIT,0
1770601804.57696,BIT,1
1770601804.57696,BIT,1
1770601804.57696,BIT,1
1770601804.57696,BIT,0
1770601804.57696,BIT,0
1770601804.57696,BIT,0
1770601804.7435234,BIT,1
1770601804.7435234,BIT,0
1770601804.7435234,BIT,0
1770601804.7435234,BIT,1
1770601804.7435234,BIT,1
1770601804.7435234,BIT,0
1770601804.7435234,BIT,1
1770601804.7435234,BIT,0
1770601804.7435234,BIT,0
1770601804.7435234,BIT,0
1770601804.9185915,BIT,0
1770601804.9185915,BIT,0
1770601804.9185915,BIT,1
1770601804.9185915,BIT,0
1770601804.9185915,BIT,0
1770601804.9185915,BIT,0
1770601804.9185915,BIT,1
1770601804.9185915,BIT,1
1770601804.9185915,BIT,1
1770601804.9185915,BIT,1
1770601805.085109,BIT,1
1770601805.085109,BIT,0
1770601805.085109,BIT,1
1770601805.085109,BIT,1
1770601805.085109,BIT,1
1770601805.085109,BIT,1
1770601805.085109,BIT,1
1770601805.085109,BIT,1
1770601805.085109,BIT,1
1770601805.085109,BIT,1
1770601805.2688816,BIT,0
1770601805.2688816,BIT,1
1770601805.2688816,BIT,1
1770601805.2688816,BIT,0
1770601805.2688816,BIT,1
1770601805.2688816,BIT,0
1770601805.2688816,BIT,0
1770601805.2688816,BIT,0
1770601805.2688816,BIT,0
1770601805.2688816,BIT,0
1770601805.438976,BIT,0
1770601805.438976,BIT,1
1770601805.438976,BIT,0
1770601805.438976,BIT,1
1770601805.438976,BIT,1
1770601805.438976,BIT,1
1770601805.438976,BIT,0
1770601805.438976,BIT,0
1770601805.438976,BIT,0
1770601805.438976,BIT,1
1770601805.595141,BIT,1
1770601805.595141,BIT,1
1770601805.595141,BIT,1
1770601805.595141,BIT,0
1770601805.595141,BIT,1
1770601805.595141,BIT,0
1770601805.595141,BIT,0
1770601805.595141,BIT,0
1770601805.595141,BIT,0
1770601805.595141,BIT,1
1770601805.7603776,BIT,0
1770601805.7603776,BIT,1
1770601805.7603776,BIT,0
1770601805.7603776,BIT,0
1770601805.7603776,BIT,0
1770601805.7603776,BIT,1
1770601805.7603776,BIT,0
1770601805.7603776,BIT,1
1770601805.7603776,BIT,0
1770601805.7603776,BIT,1
1770601805.9306526,BIT,1
1770601805.9306526,BIT,0
1770601805.9306526,BIT,1
1770601805.9306526,BIT,1
1770601805.9306526,BIT,1
1770601805.9306526,BIT,1
1770601805.9306526,BIT,0
1770601805.9306526,BIT,1
1770601805.9306526,BIT,1
1770601805.9306526,BIT,1
1770601806.117441,BIT,0
1770601806.117441,BIT,1
1770601806.117441,BIT,0
1770601806.117441,BIT,0
1770601806.117441,BIT,0
1770601806.117441,BIT,1
1770601806.117441,BIT,0
1770601806.117441,BIT,0
1770601806.117441,BIT,1
1770601806.117441,BIT,1
1770601806.2982237,BIT,1
1770601806.2982237,BIT,0
1770601806.2982237,BIT,0
1770601806.2982237,BIT,1
1770601806.2982237,BIT,0
1770601806.2982237,BIT,0
1770601806.2982237,BIT,1
1770601806.2982237,BIT,1
1770601806.2982237,BIT,0
1770601806.2982237,BIT,1
1770601806.4652536,BIT,0
1770601806.4652536,BIT,1
1770601806.4652536,BIT,0
1770601806.4652536,BIT,1
1770601806.4652536,BIT,0
1770601806.4652536,BIT,1
1770601806.4652536,BIT,1
1770601806.4652536,BIT,1
1770601806.4652536,BIT,1
1770601806.4652536,BIT,1
1770601806.6335235,BIT,1
1770601806.6335235,BIT,0
1770601806.6335235,BIT,1
1770601806.6335235,BIT,1
1770601806.6335235,BIT,1
1770601806.6335235,BIT,0
1770601806.6335235,BIT,0
1770601806.6335235,BIT,0
1770601806.6335235,BIT,1
1770601806.6335235,BIT,0
1770601806.8087404,BIT,0
1770601806.8087404,BIT,0
1770601806.8087404,BIT,1
1770601806.8087404,BIT,0
1770601806.8087404,BIT,1
1770601806.8087404,BIT,1
1770601806.8087404,BIT,1
1770601806.8087404,BIT,0
1770601806.8087404,BIT,1
1770601806.8087404,BIT,1
1770601806.9740987,BIT,1
1770601806.9740987,BIT,1
1770601806.9740987,BIT,0
1770601806.9740987,BIT,1
1770601806.9740987,BIT,1
1770601806.9740987,BIT,0
1770601806.9740987,BIT,1
1770601806.9740987,BIT,1
1770601806.9740987,BIT,1
1770601806.9740987,BIT,0
1770601807.1460712,BIT,1
1770601807.1460712,BIT,0
1770601807.1460712,BIT,0
1770601807.1460712,BIT,1
1770601807.1460712,BIT,1
1770601807.1460712,BIT,1
1770601807.1460712,BIT,0
1770601807.1460712,BIT,1
1770601807.1460712,BIT,1
1770601807.1460712,BIT,1
1770601807.3145134,BIT,1
1770601807.3145134,BIT,1
1770601807.3145134,BIT,1
1770601807.3145134,BIT,0
1770601807.3145134,BIT,0
1770601807.3145134,BIT,1
1770601807.3145134,BIT,0
1770601807.3145134,BIT,0
1770601807.3145134,BIT,0
1770601807.3145134,BIT,1
1770601807.4874947,BIT,0
1770601807.4874947,BIT,0
1770601807.4874947,BIT,0
1770601807.4874947,BIT,1
1770601807.4874947,BIT,1
1770601807.4874947,BIT,0
1770601807.4874947,BIT,0
1770601807.4874947,BIT,1
1770601807.4874947,BIT,0
1770601807.4874947,BIT,0
1770601807.6469045,BIT,0
1770601807.6469045,BIT,0
1770601807.6469045,BIT,0
1770601807.6469045,BIT,0
1770601807.6469045,BIT,1
1770601807.6469045,BIT,1
1770601807.6469045,BIT,1
1770601807.6469045,BIT,1
1770601807.6469045,BIT,1
1770601807.6469045,BIT,0
1770601807.8257005,BIT,0
1770601807.8257005,BIT,0
1770601807.8257005,BIT,0
1770601807.8257005,BIT,1
1770601807.8257005,BIT,0
1770601807.8257005,BIT,1
1770601807.8257005,BIT,0
1770601807.8257005,BIT,0
1770601807.8257005,BIT,1
1770601807.8257005,BIT,1
1770601808.0018435,BIT,1
1770601808.0018435,BIT,1
1770601808.0018435,BIT,1
1770601808.0018435,BIT,0
1770601808.0018435,BIT,1
1770601808.0018435,BIT,0
1770601808.0018435,BIT,0
1770601808.0018435,BIT,1
1770601808.0018435,BIT,0
1770601808.0018435,BIT,0
1770601808.1804967,BIT,0
1770601808.1804967,BIT,1
1770601808.1804967,BIT,1
1770601808.1804967,BIT,0
1770601808.1804967,BIT,0
1770601808.1804967,BIT,0
1770601808.1804967,BIT,0
1770601808.1804967,BIT,0
1770601808.1804967,BIT,0
1770601808.1804967,BIT,1
1770601808.366966,BIT,0
1770601808.366966,BIT,1
1770601808.366966,BIT,0
1770601808.366966,BIT,1
1770601808.366966,BIT,1
1770601808.366966,BIT,0
1770601808.366966,BIT,0
1770601808.366966,BIT,0
1770601808.366966,BIT,1
1770601808.366966,BIT,1
1770601808.5338833,BIT,0
1770601808.5338833,BIT,0
1770601808.5338833,BIT,0
1770601808.5338833,BIT,1
1770601808.5338833,BIT,1
1770601808.5338833,BIT,1
1770601808.5338833,BIT,0
1770601808.5338833,BIT,1
1770601808.5338833,BIT,1
1770601808.5338833,BIT,0
1770601808.7127314,BIT,0
1770601808.7127314,BIT,1
1770601808.7127314,BIT,1
1770601808.7127314,BIT,1
1770601808.7127314,BIT,1
1770601808.7127314,BIT,0
1770601808.7127314,BIT,0
1770601808.7127314,BIT,0
1770601808.7127314,BIT,0
1770601808.7127314,BIT,0
1770601808.8935397,BIT,1
1770601808.8935397,BIT,0
1770601808.8935397,BIT,1
1770601808.8935397,BIT,1
1770601808.8935397,BIT,0
1770601808.8935397,BIT,1
1770601808.8935397,BIT,0
1770601808.8935397,BIT,0
1770601808.8935397,BIT,0
1770601808.8935397,BIT,1
1770601809.0628188,BIT,1
1770601809.0628188,BIT,0
1770601809.0628188,BIT,1
1770601809.0628188,BIT,0
1770601809.0628188,BIT,0
1770601809.0628188,BIT,1
1770601809.0628188,BIT,0
1770601809.0628188,BIT,0
1770601809.0628188,BIT,0
1770601809.0628188,BIT,1
1770601809.2503815,BIT,1
1770601809.2503815,BIT,1
1770601809.2503815,BIT,0
1770601809.2503815,BIT,0
1770601809.2503815,BIT,1
1770601809.2503815,BIT,0
1770601809.2503815,BIT,0
1770601809.2503815,BIT,1
1770601809.2503815,BIT,0
1770601809.2503815,BIT,0
1770601809.4184349,BIT,1
1770601809.4184349,BIT,1
1770601809.4184349,BIT,0
1770601809.4184349,BIT,0
1770601809.4184349,BIT,1
1770601809.4184349,BIT,1
1770601809.4184349,BIT,0
1770601809.4184349,BIT,1
1770601809.4184349,BIT,0
1770601809.4184349,BIT,1
1770601809.573004,BIT,0
1770601809.573004,BIT,0
1770601809.573004,BIT,1
1770601809.573004,BIT,0
1770601809.573004,BIT,0
1770601809.573004,BIT,1
1770601809.573004,BIT,0
1770601809.573004,BIT,0
1770601809.573004,BIT,0
1770601809.573004,BIT,0
1770601809.7382364,BIT,0
1770601809.7382364,BIT,1
1770601809.7382364,BIT,0
1770601809.7382364,BIT,0
1770601809.7382364,BIT,1
1770601809.7382364,BIT,0
1770601809.7382364,BIT,0
1770601809.7382364,BIT,1
1770601809.7382364,BIT,0
1770601809.7382364,BIT,1
1770601809.932682,BIT,1
1770601809.932682,BIT,0
1770601809.932682,BIT,0
1770601809.932682,BIT,1
1770601809.932682,BIT,1
1770601809.932682,BIT,1
1770601809.932682,BIT,1
1770601809.932682,BIT,0
1770601809.932682,BIT,1
1770601809.932682,BIT,1
1770601810.0985203,BIT,0
1770601810.0985203,BIT,0
1770601810.0985203,BIT,0
1770601810.0985203,BIT,0
1770601810.0985203,BIT,0
1770601810.0985203,BIT,0
1770601810.0985203,BIT,0
1770601810.0985203,BIT,1
1770601810.0985203,BIT,1
1770601810.0985203,BIT,0
1770601810.2828531,BIT,0
1770601810.2828531,BIT,1
1770601810.2828531,BIT,0
1770601810.2828531,BIT,0
1770601810.2828531,BIT,1
1770601810.2828531,BIT,0
1770601810.2828531,BIT,0
1770601810.2828531,BIT,0
1770601810.2828531,BIT,1
1770601810.2828531,BIT,0
1770601810.4631221,BIT,1
1770601810.4631221,BIT,1
1770601810.4631221,BIT,1
1770601810.4631221,BIT,1
1770601810.4631221,BIT,0
1770601810.4631221,BIT,0
1770601810.4631221,BIT,1
1770601810.4631221,BIT,1
1770601810.4631221,BIT,0
1770601810.4631221,BIT,1
1770601810.6252084,BIT,0
1770601810.6252084,BIT,0
1770601810.6252084,BIT,0
1770601810.6252084,BIT,0
1770601810.6252084,BIT,1
1770601810.6252084,BIT,1
1770601810.6252084,BIT,0
1770601810.6252084,BIT,1
1770601810.6252084,BIT,1
1770601810.6252084,BIT,1
1770601810.8011186,BIT,1
1770601810.8011186,BIT,1
1770601810.8011186,BIT,1
1770601810.8011186,BIT,0
1770601810.8011186,BIT,1
1770601810.8011186,BIT,1
1770601810.8011186,BIT,1
1770601810.8011186,BIT,1
1770601810.8011186,BIT,1
1770601810.8011186,BIT,0
1770601810.973137,BIT,0
1770601810.973137,BIT,1
1770601810.973137,BIT,1
1770601810.973137,BIT,0
1770601810.973137,BIT,1
1770601810.973137,BIT,1
1770601810.973137,BIT,1
1770601810.973137,BIT,1
1770601810.973137,BIT,0
1770601810.973137,BIT,0
1770601811.1533682,BIT,0
1770601811.1533682,BIT,1
1770601811.1533682,BIT,1
1770601811.1533682,BIT,1
1770601811.1533682,BIT,1
1770601811.1533682,BIT,1
1770601811.1533682,BIT,1
1770601811.1533682,BIT,0
1770601811.1533682,BIT,0
1770601811.1533682,BIT,1
1770601811.3328557,BIT,0
1770601811.3328557,BIT,1
1770601811.3328557,BIT,1
1770601811.3328557,BIT,1
1770601811.3328557,BIT,0
1770601811.3328557,BIT,0
1770601811.3328557,BIT,1
1770601811.3328557,BIT,1
1770601811.3328557,BIT,1
1770601811.3328557,BIT,0
1770601811.4981976,BIT,1
1770601811.4981976,BIT,0
1770601811.4981976,BIT,0
1770601811.4981976,BIT,0
1770601811.4981976,BIT,0
1770601811.4981976,BIT,1
1770601811.4981976,BIT,1
1770601811.4981976,BIT,0
1770601811.4981976,BIT,0
1770601811.4981976,BIT,1
1770601811.6681452,BIT,1
1770601811.6681452,BIT,0
1770601811.6681452,BIT,1
1770601811.6681452,BIT,0
1770601811.6681452,BIT,1
1770601811.6681452,BIT,0
1770601811.6681452,BIT,0
1770601811.6681452,BIT,1
1770601811.6681452,BIT,1
1770601811.6681452,BIT,0
1770601811.8355188,BIT,1
1770601811.8355188,BIT,0
1770601811.8355188,BIT,0
1770601811.8355188,BIT,1
1770601811.8355188,BIT,0
1770601811.8355188,BIT,1
1770601811.8355188,BIT,1
1770601811.8355188,BIT,1
1770601811.8355188,BIT,1
1770601811.8355188,BIT,0
1770601812.0229006,BIT,0
1770601812.0229006,BIT,0
1770601812.0229006,BIT,0
1770601812.0229006,BIT,1
1770601812.0229006,BIT,1
1770601812.0229006,BIT,1
1770601812.0229006,BIT,1
1770601812.0229006,BIT,1
1770601812.0229006,BIT,0
1770601812.0229006,BIT,0
1770601812.2042346,BIT,1
1770601812.2042346,BIT,0
1770601812.2042346,BIT,1
1770601812.2042346,BIT,1
1770601812.2042346,BIT,0
1770601812.2042346,BIT,0
1770601812.2042346,BIT,0
1770601812.2042346,BIT,1
1770601812.2042346,BIT,0
1770601812.2042346,BIT,1
1770601812.3743422,BIT,1
1770601812.3743422,BIT,1
1770601812.3743422,BIT,1
1770601812.3743422,BIT,1
1770601812.3743422,BIT,1
1770601812.3743422,BIT,1
1770601812.3743422,BIT,1
1770601812.3743422,BIT,1
1770601812.3743422,BIT,0
1770601812.3743422,BIT,1
1770601812.5340254,BIT,0
1770601812.5340254,BIT,1
1770601812.5340254,BIT,0
1770601812.5340254,BIT,0
1770601812.5340254,BIT,0
1770601812.5340254,BIT,1
1770601812.5340254,BIT,1
1770601812.5340254,BIT,0
1770601812.5340254,BIT,0
1770601812.5340254,BIT,0
1770601812.7026923,BIT,1
1770601812.7026923,BIT,0
1770601812.7026923,BIT,0
1770601812.7026923,BIT,0
1770601812.7026923,BIT,1
1770601812.7026923,BIT,0
1770601812.7026923,BIT,1
1770601812.7026923,BIT,0
1770601812.7026923,BIT,1
1770601812.7026923,BIT,0
1770601812.885573,BIT,0
1770601812.885573,BIT,1
1770601812.885573,BIT,1
1770601812.885573,BIT,0
1770601812.885573,BIT,0
1770601812.885573,BIT,0
1770601812.885573,BIT,0
1770601812.885573,BIT,1
1770601812.885573,BIT,1
1770601812.885573,BIT,1
1770601813.0598469,BIT,1
1770601813.0598469,BIT,0
1770601813.0598469,BIT,1
1770601813.0598469,BIT,1
1770601813.0598469,BIT,0
1770601813.0598469,BIT,0
1770601813.0598469,BIT,0
1770601813.0598469,BIT,1
1770601813.0598469,BIT,0
1770601813.0598469,BIT,1
1770601813.2376924,BIT,1
1770601813.2376924,BIT,0
1770601813.2376924,BIT,0
1770601813.2376924,BIT,1
1770601813.2376924,BIT,1
1770601813.2376924,BIT,1
1770601813.2376924,BIT,1
1770601813.2376924,BIT,1
1770601813.2376924,BIT,1
1770601813.2376924,BIT,0
1770601813.4040885,BIT,0
1770601813.4040885,BIT,1
1770601813.4040885,BIT,1
1770601813.4040885,BIT,0
1770601813.4040885,BIT,1
1770601813.4040885,BIT,0
1770601813.4040885,BIT,0
1770601813.4040885,BIT,0
1770601813.4040885,BIT,1
1770601813.4040885,BIT,0
1770601813.564605,BIT,1
1770601813.564605,BIT,1
1770601813.564605,BIT,0
1770601813.564605,BIT,1
1770601813.564605,BIT,0
1770601813.564605,BIT,1
1770601813.564605,BIT,0
1770601813.564605,BIT,1
1770601813.564605,BIT,0
1770601813.564605,BIT,1
1770601813.7463026,BIT,0
1770601813.7463026,BIT,1
1770601813.7463026,BIT,1
1770601813.7463026,BIT,0
1770601813.7463026,BIT,0
1770601813.7463026,BIT,1
1770601813.7463026,BIT,1
1770601813.7463026,BIT,0
1770601813.7463026,BIT,0
1770601813.7463026,BIT,1
1770601813.9158485,BIT,1
1770601813.9158485,BIT,0
1770601813.9158485,BIT,0
1770601813.9158485,BIT,1
1770601813.9158485,BIT,1
1770601813.9158485,BIT,1
1770601813.9158485,BIT,0
1770601813.9158485,BIT,0
1770601813.9158485,BIT,1
1770601813.9158485,BIT,0
1770601814.0926898,BIT,1
1770601814.0926898,BIT,1
1770601814.0926898,BIT,1
1770601814.0926898,BIT,1
1770601814.0926898,BIT,1
1770601814.0926898,BIT,0
1770601814.0926898,BIT,1
1770601814.0926898,BIT,0
1770601814.0926898,BIT,0
1770601814.0926898,BIT,0
1770601814.2670321,BIT,0
1770601814.2670321,BIT,1
1770601814.2670321,BIT,1
1770601814.2670321,BIT,1
1770601814.2670321,BIT,0
1770601814.2670321,BIT,1
1770601814.2670321,BIT,1
1770601814.2670321,BIT,0
1770601814.2670321,BIT,1
1770601814.2670321,BIT,1
1770601814.433833,BIT,0
1770601814.433833,BIT,0
1770601814.433833,BIT,0
1770601814.433833,BIT,1
1770601814.433833,BIT,1
1770601814.433833,BIT,0
1770601814.433833,BIT,0
1770601814.433833,BIT,1
1770601814.433833,BIT,0
1770601814.433833,BIT,1
1770601814.6102855,BIT,0
1770601814.6102855,BIT,1
1770601814.6102855,BIT,0
1770601814.6102855,BIT,1
1770601814.6102855,BIT,0
1770601814.6102855,BIT,1
1770601814.6102855,BIT,0
1770601814.6102855,BIT,0
1770601814.6102855,BIT,0
1770601814.6102855,BIT,1
1770601814.7851386,BIT,1
1770601814.7851386,BIT,1
1770601814.7851386,BIT,0
1770601814.7851386,BIT,1
1770601814.7851386,BIT,0
1770601814.7851386,BIT,1
1770601814.7851386,BIT,0
1770601814.7851386,BIT,0
1770601814.7851386,BIT,0
1770601814.7851386,BIT,1
1770601814.9522033,BIT,1
1770601814.9522033,BIT,0
1770601814.9522033,BIT,1
1770601814.9522033,BIT,0
1770601814.9522033,BIT,0
1770601814.9522033,BIT,1
1770601814.9522033,BIT,1
1770601814.9522033,BIT,1
1770601814.9522033,BIT,1
1770601814.9522033,BIT,0
1770601815.1095817,BIT,0
1770601815.1095817,BIT,1
1770601815.1095817,BIT,0
1770601815.1095817,BIT,1
1770601815.1095817,BIT,0
1770601815.1095817,BIT,1
1770601815.1095817,BIT,0
1770601815.1095817,BIT,1
1770601815.1095817,BIT,0
1770601815.1095817,BIT,0
1770601815.2938204,BIT,1
1770601815.2938204,BIT,0
1770601815.2938204,BIT,1
1770601815.2938204,BIT,1
1770601815.2938204,BIT,1
1770601815.2938204,BIT,1
1770601815.2938204,BIT,1
1770601815.2938204,BIT,0
1770601815.2938204,BIT,0
1770601815.2938204,BIT,0
1770601815.4502354,BIT,0
1770601815.4502354,BIT,1
1770601815.4502354,BIT,0
1770601815.4502354,BIT,0
1770601815.4502354,BIT,0
1770601815.4502354,BIT,0
1770601815.4502354,BIT,1
1770601815.4502354,BIT,1
1770601815.4502354,BIT,0
1770601815.4502354,BIT,0
1770601815.607626,BIT,1
1770601815.607626,BIT,0
1770601815.607626,BIT,0
1770601815.607626,BIT,1
1770601815.607626,BIT,0
1770601815.607626,BIT,1
1770601815.607626,BIT,1
1770601815.607626,BIT,1
1770601815.607626,BIT,1
1770601815.607626,BIT,0
1770601815.7729943,BIT,0
1770601815.7729943,BIT,0
1770601815.7729943,BIT,0
1770601815.7729943,BIT,1
1770601815.7729943,BIT,0
1770601815.7729943,BIT,0
1770601815.7729943,BIT,1
1770601815.7729943,BIT,1
1770601815.7729943,BIT,1
1770601815.7729943,BIT,0
1770601815.945342,BIT,0
1770601815.945342,BIT,0
1770601815.945342,BIT,1
1770601815.945342,BIT,1
1770601815.945342,BIT,1
1770601815.945342,BIT,1
1770601815.945342,BIT,0
1770601815.945342,BIT,1
1770601815.945342,BIT,1
1770601815.945342,BIT,1
1770601816.1173632,BIT,0
1770601816.1173632,BIT,0
1770601816.1173632,BIT,1
1770601816.1173632,BIT,0
1770601816.1173632,BIT,0
1770601816.1173632,BIT,1
1770601816.1173632,BIT,0
1770601816.1173632,BIT,0
1770601816.1173632,BIT,1
1770601816.1173632,BIT,1
1770601816.2904975,BIT,1
1770601816.2904975,BIT,1
1770601816.2904975,BIT,0
1770601816.2904975,BIT,0
1770601816.2904975,BIT,0
1770601816.2904975,BIT,1
1770601816.2904975,BIT,0
1770601816.2904975,BIT,1
1770601816.2904975,BIT,1
1770601816.2904975,BIT,1
1770601816.473748,BIT,1
1770601816.473748,BIT,1
1770601816.473748,BIT,1
1770601816.473748,BIT,0
1770601816.473748,BIT,0
1770601816.473748,BIT,1
1770601816.473748,BIT,0
1770601816.473748,BIT,0
1770601816.473748,BIT,1
1770601816.473748,BIT,0
1770601816.6554856,BIT,0
1770601816.6554856,BIT,1
1770601816.6554856,BIT,1
1770601816.6554856,BIT,1
1770601816.6554856,BIT,0
1770601816.6554856,BIT,1
1770601816.6554856,BIT,1
1770601816.6554856,BIT,1
1770601816.6554856,BIT,0
1770601816.6554856,BIT,0
1770601816.8419855,BIT,1
1770601816.8419855,BIT,0
1770601816.8419855,BIT,1
1770601816.8419855,BIT,1
1770601816.8419855,BIT,0
1770601816.8419855,BIT,0
1770601816.8419855,BIT,1
1770601816.8419855,BIT,1
1770601816.8419855,BIT,0
1770601816.8419855,BIT,0
1770601817.008023,BIT,1
1770601817.008023,BIT,0
1770601817.008023,BIT,1
1770601817.008023,BIT,0
1770601817.008023,BIT,0
1770601817.008023,BIT,0
1770601817.008023,BIT,1
1770601817.008023,BIT,0
1770601817.008023,BIT,1
1770601817.008023,BIT,0
1770601817.1884866,BIT,0
1770601817.1884866,BIT,0
1770601817.1884866,BIT,0
1770601817.1884866,BIT,1
1770601817.1884866,BIT,0
1770601817.1884866,BIT,1
1770601817.1884866,BIT,1
1770601817.1884866,BIT,0
1770601817.1884866,BIT,0
1770601817.1884866,BIT,0
1770601817.3735733,BIT,0
1770601817.3735733,BIT,0
1770601817.3735733,BIT,0
1770601817.3735733,BIT,0
1770601817.3735733,BIT,0
1770601817.3735733,BIT,1
1770601817.3735733,BIT,0
1770601817.3735733,BIT,1
1770601817.3735733,BIT,1
1770601817.3735733,BIT,1
1770601817.5483956,BIT,1
1770601817.5483956,BIT,0
1770601817.5483956,BIT,0
1770601817.5483956,BIT,0
1770601817.5483956,BIT,0
1770601817.5483956,BIT,0
1770601817.5483956,BIT,0
1770601817.5483956,BIT,1
1770601817.5483956,BIT,1
1770601817.5483956,BIT,0
1770601817.7256262,BIT,1
1770601817.7256262,BIT,0
1770601817.7256262,BIT,1
1770601817.7256262,BIT,1
1770601817.7256262,BIT,0
1770601817.7256262,BIT,1
1770601817.7256262,BIT,1
1770601817.7256262,BIT,1
1770601817.7256262,BIT,1
1770601817.7256262,BIT,1
1770601817.9176896,BIT,0
1770601817.9176896,BIT,1
1770601817.9176896,BIT,0
1770601817.9176896,BIT,1
1770601817.9176896,BIT,1
1770601817.9176896,BIT,0
1770601817.9176896,BIT,1
1770601817.9176896,BIT,1
1770601817.9176896,BIT,1
1770601817.9176896,BIT,1
1770601818.0971837,BIT,1
1770601818.0971837,BIT,0
1770601818.0971837,BIT,0
1770601818.0971837,BIT,0
1770601818.0971837,BIT,1
1770601818.0971837,BIT,0
1770601818.0971837,BIT,0
1770601818.0971837,BIT,0
1770601818.0971837,BIT,1
1770601818.0971837,BIT,1
1770601818.2706916,BIT,0
1770601818.2706916,BIT,0
1770601818.2706916,BIT,0
1770601818.2706916,BIT,1
1770601818.2706916,BIT,1
1770601818.2706916,BIT,0
1770601818.2706916,BIT,0
1770601818.2706916,BIT,0
1770601818.2706916,BIT,1
1770601818.2706916,BIT,0
1770601818.441799,BIT,0
1770601818.441799,BIT,1
1770601818.441799,BIT,1
1770601818.441799,BIT,1
1770601818.441799,BIT,1
1770601818.441799,BIT,1
1770601818.441799,BIT,1
1770601818.441799,BIT,1
1770601818.441799,BIT,1
1770601818.441799,BIT,1
1770601818.6188366,BIT,1
1770601818.6188366,BIT,1
1770601818.6188366,BIT,0
1770601818.6188366,BIT,0
1770601818.6188366,BIT,0
1770601818.6188366,BIT,1
1770601818.6188366,BIT,1
1770601818.6188366,BIT,1
1770601818.6188366,BIT,1
1770601818.6188366,BIT,1
1770601818.7907135,BIT,1
1770601818.7907135,BIT,0
1770601818.7907135,BIT,1
1770601818.7907135,BIT,0
1770601818.7907135,BIT,0
1770601818.7907135,BIT,0
1770601818.7907135,BIT,1
1770601818.7907135,BIT,1
1770601818.7907135,BIT,1
1770601818.7907135,BIT,1
1770601818.9750626,BIT,0
1770601818.9750626,BIT,1
1770601818.9750626,BIT,0
1770601818.9750626,BIT,1
1770601818.9750626,BIT,1
1770601818.9750626,BIT,0
1770601818.9750626,BIT,0
1770601818.9750626,BIT,1
1770601818.9750626,BIT,0
1770601818.9750626,BIT,0
1770601819.1563358,BIT,0
1770601819.1563358,BIT,1
1770601819.1563358,BIT,1
1770601819.1563358,BIT,0
1770601819.1563358,BIT,0
1770601819.1563358,BIT,1
1770601819.1563358,BIT,0
1770601819.1563358,BIT,1
1770601819.1563358,BIT,1
1770601819.1563358,BIT,0
1770601819.332591,BIT,0
1770601819.332591,BIT,1
1770601819.332591,BIT,1
1770601819.332591,BIT,1
1770601819.332591,BIT,0
1770601819.332591,BIT,1
1770601819.332591,BIT,1
1770601819.332591,BIT,0
1770601819.332591,BIT,1
1770601819.332591,BIT,0
1770601819.501731,BIT,0
1770601819.501731,BIT,1
1770601819.501731,BIT,1
1770601819.501731,BIT,0
1770601819.501731,BIT,1
1770601819.501731,BIT,1
1770601819.501731,BIT,1
1770601819.501731,BIT,0
1770601819.501731,BIT,0
1770601819.501731,BIT,1
1770601819.6847181,BIT,0
1770601819.6847181,BIT,0
1770601819.6847181,BIT,0
1770601819.6847181,BIT,0
1770601819.6847181,BIT,0
1770601819.6847181,BIT,0
1770601819.6847181,BIT,1
1770601819.6847181,BIT,1
1770601819.6847181,BIT,0
1770601819.6847181,BIT,0
1770601819.8767333,BIT,1
1770601819.8767333,BIT,0
1770601819.8767333,BIT,0
1770601819.8767333,BIT,1
1770601819.8767333,BIT,0
1770601819.8767333,BIT,1
1770601819.8767333,BIT,1
1770601819.8767333,BIT,0
1770601819.8767333,BIT,1
1770601819.8767333,BIT,0
1770601820.0637515,BIT,0
1770601820.0637515,BIT,0
1770601820.0637515,BIT,1
1770601820.0637515,BIT,0
1770601820.0637515,BIT,1
1770601820.0637515,BIT,1
1770601820.0637515,BIT,0
1770601820.0637515,BIT,0
1770601820.0637515,BIT,0
1770601820.0637515,BIT,1
1770601820.2655053,BIT,1
1770601820.2655053,BIT,0
1770601820.2655053,BIT,0
1770601820.2655053,BIT,0
1770601820.2655053,BIT,0
1770601820.2655053,BIT,0
1770601820.2655053,BIT,0
1770601820.2655053,BIT,0
1770601820.2655053,BIT,1
1770601820.2655053,BIT,1
1770601820.4584105,BIT,0
1770601820.4584105,BIT,1
1770601820.4584105,BIT,1
1770601820.4584105,BIT,1
1770601820.4584105,BIT,1
1770601820.4584105,BIT,1
1770601820.4584105,BIT,1
1770601820.4584105,BIT,0
1770601820.4584105,BIT,0
1770601820.4584105,BIT,1
1770601820.6322212,BIT,0
1770601820.6322212,BIT,1
1770601820.6322212,BIT,0
1770601820.6322212,BIT,1
1770601820.6322212,BIT,1
1770601820.6322212,BIT,1
1770601820.6322212,BIT,0
1770601820.6322212,BIT,1
1770601820.6322212,BIT,1
1770601820.6322212,BIT,1
1770601820.817194,BIT,1
1770601820.817194,BIT,1
1770601820.817194,BIT,0
1770601820.817194,BIT,0
1770601820.817194,BIT,1
1770601820.817194,BIT,0
1770601820.817194,BIT,1
1770601820.817194,BIT,1
1770601820.817194,BIT,1
1770601820.817194,BIT,1
1770601820.9828422,BIT,0
1770601820.9828422,BIT,0
1770601820.9828422,BIT,0
1770601820.9828422,BIT,0
1770601820.9828422,BIT,0
1770601820.9828422,BIT,0
1770601820.9828422,BIT,0
1770601820.9828422,BIT,1
1770601820.9828422,BIT,1
1770601820.9828422,BIT,1
1770601821.156932,BIT,1
1770601821.156932,BIT,0
1770601821.156932,BIT,0
1770601821.156932,BIT,0
1770601821.156932,BIT,1
1770601821.156932,BIT,0
1770601821.156932,BIT,0
1770601821.156932,BIT,0
1770601821.156932,BIT,0
1770601821.156932,BIT,0
1770601821.323137,BIT,0
1770601821.323137,BIT,0
1770601821.323137,BIT,1
1770601821.323137,BIT,1
1770601821.323137,BIT,0
1770601821.323137,BIT,1
1770601821.323137,BIT,0
1770601821.323137,BIT,0
1770601821.323137,BIT,0
1770601821.323137,BIT,1
1770601821.4760838,BIT,0
1770601821.4760838,BIT,1
1770601821.4760838,BIT,1
1770601821.4760838,BIT,0
1770601821.4760838,BIT,0
1770601821.4760838,BIT,1
1770601821.4760838,BIT,1
1770601821.4760838,BIT,1
1770601821.4760838,BIT,0
1770601821.4760838,BIT,1
1770601821.647748,BIT,1
1770601821.647748,BIT,1
1770601821.647748,BIT,1
1770601821.647748,BIT,1
1770601821.647748,BIT,0
1770601821.647748,BIT,0
1770601821.647748,BIT,1
1770601821.647748,BIT,1
1770601821.647748,BIT,0
1770601821.647748,BIT,1
1770601821.8119786,BIT,0
1770601821.8119786,BIT,0
1770601821.8119786,BIT,1
1770601821.8119786,BIT,1
1770601821.8119786,BIT,0
1770601821.8119786,BIT,0
1770601821.8119786,BIT,0
1770601821.8119786,BIT,1
1770601821.8119786,BIT,0
1770601821.8119786,BIT,0
1770601821.986811,BIT,1
1770601821.986811,BIT,0
1770601821.986811,BIT,0
1770601821.986811,BIT,0
1770601821.986811,BIT,1
1770601821.986811,BIT,0
1770601821.986811,BIT,1
1770601821.986811,BIT,1
1770601821.986811,BIT,0
1770601821.986811,BIT,0
1770601822.149549,BIT,1
1770601822.149549,BIT,0
1770601822.149549,BIT,1
1770601822.149549,BIT,0
1770601822.149549,BIT,0
1770601822.149549,BIT,0
1770601822.149549,BIT,0
1770601822.149549,BIT,1
1770601822.149549,BIT,1
1770601822.149549,BIT,0
1770601822.3365166,BIT,0
1770601822.3365166,BIT,0
1770601822.3365166,BIT,0
1770601822.3365166,BIT,0
1770601822.3365166,BIT,1
1770601822.3365166,BIT,1
1770601822.3365166,BIT,0
1770601822.3365166,BIT,0
1770601822.3365166,BIT,1
1770601822.3365166,BIT,0
1770601822.5069792,BIT,1
1770601822.5069792,BIT,0
1770601822.5069792,BIT,0
1770601822.5069792,BIT,0
1770601822.5069792,BIT,1
1770601822.5069792,BIT,1
1770601822.5069792,BIT,0
1770601822.5069792,BIT,1
1770601822.5069792,BIT,1
1770601822.5069792,BIT,0
1770601822.692654,BIT,1
1770601822.692654,BIT,1
1770601822.692654,BIT,0
1770601822.692654,BIT,0
1770601822.692654,BIT,1
1770601822.692654,BIT,1
1770601822.692654,BIT,0
1770601822.692654,BIT,0
1770601822.692654,BIT,0
1770601822.692654,BIT,0
1770601822.8579426,BIT,1
1770601822.8579426,BIT,1
1770601822.8579426,BIT,1
1770601822.8579426,BIT,0
1770601822.8579426,BIT,0
1770601822.8579426,BIT,0
1770601822.8579426,BIT,0
1770601822.8579426,BIT,0
1770601822.8579426,BIT,0
1770601822.8579426,BIT,0
1770601823.0151596,BIT,1
1770601823.0151596,BIT,0
1770601823.0151596,BIT,0
1770601823.0151596,BIT,1
1770601823.0151596,BIT,0
1770601823.0151596,BIT,1
1770601823.0151596,BIT,0
1770601823.0151596,BIT,1
1770601823.0151596,BIT,1
1770601823.0151596,BIT,0
1770601823.181875,BIT,1
1770601823.181875,BIT,0
1770601823.181875,BIT,0
1770601823.181875,BIT,0
1770601823.181875,BIT,0
1770601823.181875,BIT,0
1770601823.181875,BIT,0
1770601823.181875,BIT,1
1770601823.181875,BIT,0
1770601823.181875,BIT,0
1770601823.3614926,BIT,0
1770601823.3614926,BIT,0
1770601823.3614926,BIT,0
1770601823.3614926,BIT,0
1770601823.3614926,BIT,0
1770601823.3614926,BIT,1
1770601823.3614926,BIT,1
1770601823.3614926,BIT,1
1770601823.3614926,BIT,1
1770601823.3614926,BIT,1
1770601823.5174303,BIT,0
1770601823.5174303,BIT,1
1770601823.5174303,BIT,1
1770601823.5174303,BIT,1
1770601823.5174303,BIT,0
1770601823.5174303,BIT,1
1770601823.5174303,BIT,1
1770601823.5174303,BIT,0
1770601823.5174303,BIT,0
1770601823.5174303,BIT,0
1770601823.69616,BIT,0
1770601823.69616,BIT,1
1770601823.69616,BIT,0
1770601823.69616,BIT,1
1770601823.69616,BIT,1
1770601823.69616,BIT,1
1770601823.69616,BIT,1
1770601823.69616,BIT,0
1770601823.69616,BIT,0
1770601823.69616,BIT,0
1770601823.896496,BIT,1
1770601823.896496,BIT,0
1770601823.896496,BIT,0
1770601823.896496,BIT,0
1770601823.896496,BIT,0
1770601823.896496,BIT,0
1770601823.896496,BIT,0
1770601823.896496,BIT,1
1770601823.896496,BIT,0
1770601823.896496,BIT,1
1770601824.0803494,BIT,0
1770601824.0803494,BIT,1
1770601824.0803494,BIT,1
1770601824.0803494,BIT,1
1770601824.0803494,BIT,1
1770601824.0803494,BIT,0
1770601824.0803494,BIT,1
1770601824.0803494,BIT,0
1770601824.0803494,BIT,0
1770601824.0803494,BIT,1
1770601824.278699,BIT,0
1770601824.278699,BIT,0
1770601824.278699,BIT,0
1770601824.278699,BIT,1
1770601824.278699,BIT,1
1770601824.278699,BIT,1
1770601824.278699,BIT,1
1770601824.278699,BIT,0
1770601824.278699,BIT,1
1770601824.278699,BIT,0
1770601824.4738173,BIT,1
1770601824.4738173,BIT,1
1770601824.4738173,BIT,1
1770601824.4738173,BIT,0
1770601824.4738173,BIT,0
1770601824.4738173,BIT,0
1770601824.4738173,BIT,1
1770601824.4738173,BIT,0
1770601824.4738173,BIT,1
1770601824.4738173,BIT,0
1770601824.6706007,BIT,0
1770601824.6706007,BIT,1
1770601824.6706007,BIT,0
1770601824.6706007,BIT,1
1770601824.6706007,BIT,0
1770601824.6706007,BIT,0
1770601824.6706007,BIT,0
1770601824.6706007,BIT,0
1770601824.6706007,BIT,0
1770601824.6706007,BIT,1
1770601824.8728366,BIT,0
1770601824.8728366,BIT,0
1770601824.8728366,BIT,0
1770601824.8728366,BIT,0
1770601824.8728366,BIT,1
1770601824.8728366,BIT,0
1770601824.8728366,BIT,0
1770601824.8728366,BIT,0
1770601824.8728366,BIT,1
1770601824.8728366,BIT,0
1770601825.060461,BIT,1
1770601825.060461,BIT,0
1770601825.060461,BIT,1
1770601825.060461,BIT,1
1770601825.060461,BIT,1
1770601825.060461,BIT,0
1770601825.060461,BIT,0
1770601825.060461,BIT,0
1770601825.060461,BIT,0
1770601825.060461,BIT,0
1770601825.2528193,BIT,1
1770601825.2528193,BIT,0
1770601825.2528193,BIT,1
1770601825.2528193,BIT,1
1770601825.2528193,BIT,0
1770601825.2528193,BIT,1
1770601825.2528193,BIT,1
1770601825.2528193,BIT,0
1770601825.2528193,BIT,0
1770601825.2528193,BIT,1
1770601825.4657223,BIT,0
1770601825.4657223,BIT,1
1770601825.4657223,BIT,1
1770601825.4657223,BIT,1
1770601825.4657223,BIT,1
1770601825.4657223,BIT,0
1770601825.4657223,BIT,0
1770601825.4657223,BIT,1
1770601825.4657223,BIT,1
1770601825.4657223,BIT,0
1770601825.6730528,BIT,1
1770601825.6730528,BIT,0
1770601825.6730528,BIT,1
1770601825.6730528,BIT,0
1770601825.6730528,BIT,1
1770601825.6730528,BIT,1
1770601825.6730528,BIT,0
1770601825.6730528,BIT,1
1770601825.6730528,BIT,0
1770601825.6730528,BIT,1
1770601825.8819,BIT,1
1770601825.8819,BIT,0
1770601825.8819,BIT,1
1770601825.8819,BIT,1
1770601825.8819,BIT,1
1770601825.8819,BIT,1
1770601825.8819,BIT,1
1770601825.8819,BIT,1
1770601825.8819,BIT,1
1770601825.8819,BIT,0
1770601826.0732968,BIT,1
1770601826.0732968,BIT,1
1770601826.0732968,BIT,1
1770601826.0732968,BIT,0
1770601826.0732968,BIT,0
1770601826.0732968,BIT,0
1770601826.0732968,BIT,0
1770601826.0732968,BIT,1
1770601826.0732968,BIT,0
1770601826.0732968,BIT,0
1770601826.2954147,BIT,1
1770601826.2954147,BIT,1
1770601826.2954147,BIT,1
1770601826.2954147,BIT,0
1770601826.2954147,BIT,1
1770601826.2954147,BIT,1
1770601826.2954147,BIT,0
1770601826.2954147,BIT,0
1770601826.2954147,BIT,1
1770601826.2954147,BIT,0
1770601826.497743,BIT,1
1770601826.497743,BIT,1
1770601826.497743,BIT,0
1770601826.497743,BIT,1
1770601826.497743,BIT,0
1770601826.497743,BIT,0
1770601826.497743,BIT,1
1770601826.497743,BIT,1
1770601826.497743,BIT,0
1770601826.497743,BIT,1
1770601826.7147925,BIT,0
1770601826.7147925,BIT,1
1770601826.7147925,BIT,0
1770601826.7147925,BIT,1
1770601826.7147925,BIT,0
1770601826.7147925,BIT,1
1770601826.7147925,BIT,1
1770601826.7147925,BIT,1
1770601826.7147925,BIT,0
1770601826.7147925,BIT,0
1770601826.9189498,BIT,1
1770601826.9189498,BIT,1
1770601826.9189498,BIT,1
1770601826.9189498,BIT,1
1770601826.9189498,BIT,1
1770601826.9189498,BIT,1
1770601826.9189498,BIT,0
1770601826.9189498,BIT,0
1770601826.9189498,BIT,0
1770601826.9189498,BIT,0
1770601827.1351147,BIT,0
1770601827.1351147,BIT,0
1770601827.1351147,BIT,0
1770601827.1351147,BIT,1
1770601827.1351147,BIT,0
1770601827.1351147,BIT,1
1770601827.1351147,BIT,0
1770601827.1351147,BIT,1
1770601827.1351147,BIT,0
1770601827.1351147,BIT,0
1770601827.3693557,BIT,1
1770601827.3693557,BIT,0
1770601827.3693557,BIT,0
1770601827.3693557,BIT,0
1770601827.3693557,BIT,1
1770601827.3693557,BIT,1
1770601827.3693557,BIT,0
1770601827.3693557,BIT,0
1770601827.3693557,BIT,1
1770601827.3693557,BIT,1
1770601827.5647314,BIT,0
1770601827.5647314,BIT,0
1770601827.5647314,BIT,0
1770601827.5647314,BIT,1
1770601827.5647314,BIT,1
1770601827.5647314,BIT,0
1770601827.5647314,BIT,1
1770601827.5647314,BIT,0
1770601827.5647314,BIT,1
1770601827.5647314,BIT,1
1770601827.7738526,BIT,1
1770601827.7738526,BIT,0
1770601827.7738526,BIT,0
1770601827.7738526,BIT,1
1770601827.7738526,BIT,1
1770601827.7738526,BIT,0
1770601827.7738526,BIT,1
1770601827.7738526,BIT,1
1770601827.7738526,BIT,0
1770601827.7738526,BIT,1
1770601827.958641,BIT,1
1770601827.958641,BIT,0
1770601827.958641,BIT,0
1770601827.958641,BIT,1
1770601827.958641,BIT,1
1770601827.958641,BIT,0
1770601827.958641,BIT,1
1770601827.958641,BIT,1
1770601827.958641,BIT,1
1770601827.958641,BIT,1
1770601828.1815135,BIT,1
1770601828.1815135,BIT,0
1770601828.1815135,BIT,0
1770601828.1815135,BIT,0
1770601828.1815135,BIT,0
1770601828.1815135,BIT,1
1770601828.1815135,BIT,0
1770601828.1815135,BIT,1
1770601828.1815135,BIT,0
1770601828.1815135,BIT,0
1770601828.3930354,BIT,1
1770601828.3930354,BIT,0
1770601828.3930354,BIT,1
1770601828.3930354,BIT,1
1770601828.3930354,BIT,1
1770601828.3930354,BIT,1
1770601828.3930354,BIT,0
1770601828.3930354,BIT,1
1770601828.3930354,BIT,1
1770601828.3930354,BIT,1
1770601828.5826616,BIT,1
1770601828.5826616,BIT,0
1770601828.5826616,BIT,1
1770601828.5826616,BIT,1
1770601828.5826616,BIT,0
1770601828.5826616,BIT,0
1770601828.5826616,BIT,1
1770601828.5826616,BIT,0
1770601828.5826616,BIT,0
1770601828.5826616,BIT,1
1770601828.7821481,BIT,0
1770601828.7821481,BIT,1
1770601828.7821481,BIT,1
1770601828.7821481,BIT,0
1770601828.7821481,BIT,0
1770601828.7821481,BIT,1
1770601828.7821481,BIT,1
1770601828.7821481,BIT,0
1770601828.7821481,BIT,1
1770601828.7821481,BIT,0
1770601828.9825912,BIT,0
1770601828.9825912,BIT,1
1770601828.9825912,BIT,1
1770601828.9825912,BIT,0
1770601828.9825912,BIT,1
1770601828.9825912,BIT,0
1770601828.9825912,BIT,0
1770601828.9825912,BIT,1
1770601828.9825912,BIT,1
1770601828.9825912,BIT,0
1770601829.187054,BIT,1
1770601829.187054,BIT,1
1770601829.187054,BIT,1
1770601829.187054,BIT,0
1770601829.187054,BIT,0
1770601829.187054,BIT,0
1770601829.187054,BIT,1
1770601829.187054,BIT,0
1770601829.187054,BIT,0
1770601829.187054,BIT,0
1770601829.4133985,BIT,1
1770601829.4133985,BIT,1
1770601829.4133985,BIT,0
1770601829.4133985,BIT,0
1770601829.4133985,BIT,1
1770601829.4133985,BIT,1
1770601829.4133985,BIT,1
1770601829.4133985,BIT,0
1770601829.4133985,BIT,1
1770601829.4133985,BIT,1
1770601829.6096923,BIT,0
1770601829.6096923,BIT,1
1770601829.6096923,BIT,0
1770601829.6096923,BIT,1
1770601829.6096923,BIT,0
1770601829.6096923,BIT,1
1770601829.6096923,BIT,0
1770601829.6096923,BIT,0
1770601829.6096923,BIT,0
1770601829.6096923,BIT,1
1770601829.799903,BIT,1
1770601829.799903,BIT,1
1770601829.799903,BIT,0
1770601829.799903,BIT,0
1770601829.799903,BIT,0
1770601829.799903,BIT,0
1770601829.799903,BIT,0
1770601829.799903,BIT,0
1770601829.799903,BIT,0
1770601829.799903,BIT,0
1770601829.9876087,BIT,1
1770601829.9876087,BIT,0
1770601829.9876087,BIT,1
1770601829.9876087,BIT,0
1770601829.9876087,BIT,1
1770601829.9876087,BIT,1
1770601829.9876087,BIT,0
1770601829.9876087,BIT,0
1770601829.9876087,BIT,1
1770601829.9876087,BIT,0
1770601830.173567,BIT,1
1770601830.173567,BIT,1
1770601830.173567,BIT,1
1770601830.173567,BIT,1
1770601830.173567,BIT,0
1770601830.173567,BIT,0
1770601830.173567,BIT,0
1770601830.173567,BIT,0
1770601830.173567,BIT,0
1770601830.173567,BIT,0
1770601830.384007,BIT,0
1770601830.384007,BIT,0
1770601830.384007,BIT,1
1770601830.384007,BIT,0
1770601830.384007,BIT,0
1770601830.384007,BIT,1
1770601830.384007,BIT,1
1770601830.384007,BIT,0
1770601830.384007,BIT,1
1770601830.384007,BIT,0
1770601830.5740683,BIT,1
1770601830.5740683,BIT,1
1770601830.5740683,BIT,0
1770601830.5740683,BIT,0
1770601830.5740683,BIT,1
1770601830.5740683,BIT,1
1770601830.5740683,BIT,0
1770601830.5740683,BIT,0
1770601830.5740683,BIT,1
1770601830.5740683,BIT,0
1770601830.7825348,BIT,1
1770601830.7825348,BIT,1
1770601830.7825348,BIT,0
1770601830.7825348,BIT,0
1770601830.7825348,BIT,1
1770601830.7825348,BIT,0
1770601830.7825348,BIT,0
1770601830.7825348,BIT,0
1770601830.7825348,BIT,1
1770601830.7825348,BIT,0
1770601831.0037458,BIT,0
1770601831.0037458,BIT,1
1770601831.0037458,BIT,1
1770601831.0037458,BIT,0
1770601831.0037458,BIT,1
1770601831.0037458,BIT,1
1770601831.0037458,BIT,0
1770601831.0037458,BIT,0
1770601831.0037458,BIT,0
1770601831.0037458,BIT,0
1770601831.1952424,BIT,1
1770601831.1952424,BIT,0
1770601831.1952424,BIT,1
1770601831.1952424,BIT,1
1770601831.1952424,BIT,0
1770601831.1952424,BIT,0
1770601831.1952424,BIT,0
1770601831.1952424,BIT,1
1770601831.1952424,BIT,1
1770601831.1952424,BIT,0
1770601831.4018698,BIT,0
1770601831.4018698,BIT,1
1770601831.4018698,BIT,0
1770601831.4018698,BIT,1
1770601831.4018698,BIT,0
1770601831.4018698,BIT,0
1770601831.4018698,BIT,0
1770601831.4018698,BIT,1
1770601831.4018698,BIT,1
1770601831.4018698,BIT,0
1770601831.6030397,BIT,0
1770601831.6030397,BIT,1
1770601831.6030397,BIT,0
1770601831.6030397,BIT,0
1770601831.6030397,BIT,0
1770601831.6030397,BIT,0
1770601831.6030397,BIT,0
1770601831.6030397,BIT,0
1770601831.6030397,BIT,0
1770601831.6030397,BIT,0
1770601831.803455,BIT,0
1770601831.803455,BIT,1
1770601831.803455,BIT,0
1770601831.803455,BIT,0
1770601831.803455,BIT,1
1770601831.803455,BIT,1
1770601831.803455,BIT,0
1770601831.803455,BIT,1
1770601831.803455,BIT,0
1770601831.803455,BIT,0
1770601831.9899933,BIT,1
1770601831.9899933,BIT,1
1770601831.9899933,BIT,0
1770601831.9899933,BIT,1
1770601831.9899933,BIT,1
1770601831.9899933,BIT,1
1770601831.9899933,BIT,0
1770601831.9899933,BIT,0
1770601831.9899933,BIT,0
1770601831.9899933,BIT,1
1770601832.1911428,BIT,1
1770601832.1911428,BIT,0
1770601832.1911428,BIT,0
1770601832.1911428,BIT,0
1770601832.1911428,BIT,1
1770601832.1911428,BIT,0
1770601832.1911428,BIT,0
1770601832.1911428,BIT,0
1770601832.1911428,BIT,0
1770601832.1911428,BIT,1
1770601832.4012556,BIT,0
1770601832.4012556,BIT,1
1770601832.4012556,BIT,0
1770601832.4012556,BIT,0
1770601832.4012556,BIT,1
1770601832.4012556,BIT,1
1770601832.4012556,BIT,1
1770601832.4012556,BIT,0
1770601832.4012556,BIT,1
1770601832.4012556,BIT,1
1770601832.5837452,BIT,0
1770601832.5837452,BIT,1
1770601832.5837452,BIT,1
1770601832.5837452,BIT,0
1770601832.5837452,BIT,1
1770601832.5837452,BIT,1
1770601832.5837452,BIT,1
1770601832.5837452,BIT,1
1770601832.5837452,BIT,0
1770601832.5837452,BIT,1
1770601832.797428,BIT,0
1770601832.797428,BIT,1
1770601832.797428,BIT,0
1770601832.797428,BIT,0
1770601832.797428,BIT,1
1770601832.797428,BIT,0
1770601832.797428,BIT,1
1770601832.797428,BIT,1
1770601832.797428,BIT,0
1770601832.797428,BIT,0
1770601833.0364919,BIT,0
1770601833.0364919,BIT,1
1770601833.0364919,BIT,1
1770601833.0364919,BIT,1
1770601833.0364919,BIT,1
1770601833.0364919,BIT,1
1770601833.0364919,BIT,1
1770601833.0364919,BIT,0
1770601833.0364919,BIT,1
1770601833.0364919,BIT,1
1770601833.2601123,BIT,1
1770601833.2601123,BIT,0
1770601833.2601123,BIT,0
1770601833.2601123,BIT,0
1770601833.2601123,BIT,1
1770601833.2601123,BIT,1
1770601833.2601123,BIT,1
1770601833.2601123,BIT,1
1770601833.2601123,BIT,0
1770601833.2601123,BIT,1
1770601833.5209348,BIT,0
1770601833.5209348,BIT,0
1770601833.5209348,BIT,0
1770601833.5209348,BIT,1
1770601833.5209348,BIT,0
1770601833.5209348,BIT,1
1770601833.5209348,BIT,0
1770601833.5209348,BIT,0
1770601833.5209348,BIT,1
1770601833.5209348,BIT,1
1770601833.7850065,BIT,1
1770601833.7850065,BIT,0
1770601833.7850065,BIT,1
1770601833.7850065,BIT,0
1770601833.7850065,BIT,0
1770601833.7850065,BIT,1
1770601833.7850065,BIT,0
1770601833.7850065,BIT,0
1770601833.7850065,BIT,1
1770601833.7850065,BIT,1
1770601834.004935,BIT,0
1770601834.004935,BIT,1
1770601834.004935,BIT,0
1770601834.004935,BIT,0
1770601834.004935,BIT,0
1770601834.004935,BIT,0
1770601834.004935,BIT,0
1770601834.004935,BIT,0
1770601834.004935,BIT,0
1770601834.004935,BIT,1
1770601834.227303,BIT,1
1770601834.227303,BIT,0
1770601834.227303,BIT,1
1770601834.227303,BIT,1
1770601834.227303,BIT,0
1770601834.227303,BIT,1
1770601834.227303,BIT,0
1770601834.227303,BIT,0
1770601834.227303,BIT,0
1770601834.227303,BIT,0
1770601834.478236,BIT,1
1770601834.478236,BIT,1
1770601834.478236,BIT,1
1770601834.478236,BIT,0
1770601834.478236,BIT,0
1770601834.478236,BIT,1
1770601834.478236,BIT,1
1770601834.478236,BIT,0
1770601834.478236,BIT,1
1770601834.478236,BIT,1
1770601834.6868935,BIT,1
1770601834.6868935,BIT,1
1770601834.6868935,BIT,0
1770601834.6868935,BIT,1
1770601834.6868935,BIT,0
1770601834.6868935,BIT,0
1770601834.6868935,BIT,0
1770601834.6868935,BIT,1
1770601834.6868935,BIT,0
1770601834.6868935,BIT,1
1770601834.8803418,BIT,0
1770601834.8803418,BIT,0
1770601834.8803418,BIT,0
1770601834.8803418,BIT,1
1770601834.8803418,BIT,1
1770601834.8803418,BIT,1
1770601834.8803418,BIT,0
1770601834.8803418,BIT,1
1770601834.8803418,BIT,0
1770601834.8803418,BIT,1
1770601835.086203,BIT,0
1770601835.086203,BIT,0
1770601835.086203,BIT,0
1770601835.086203,BIT,0
1770601835.086203,BIT,0
1770601835.086203,BIT,0
1770601835.086203,BIT,0
1770601835.086203,BIT,0
1770601835.086203,BIT,1
1770601835.086203,BIT,1
1770601835.2864544,BIT,0
1770601835.2864544,BIT,0
1770601835.2864544,BIT,0
1770601835.2864544,BIT,0
1770601835.2864544,BIT,1
1770601835.2864544,BIT,1
1770601835.2864544,BIT,0
1770601835.2864544,BIT,0
1770601835.2864544,BIT,1
1770601835.2864544,BIT,0
1770601835.4856784,BIT,0
1770601835.4856784,BIT,0
1770601835.4856784,BIT,1
1770601835.4856784,BIT,0
1770601835.4856784,BIT,0
1770601835.4856784,BIT,1
1770601835.4856784,BIT,0
1770601835.4856784,BIT,1
1770601835.4856784,BIT,0
1770601835.4856784,BIT,0
1770601835.6947844,BIT,1
1770601835.6947844,BIT,0
1770601835.6947844,BIT,0
1770601835.6947844,BIT,1
1770601835.6947844,BIT,0
1770601835.6947844,BIT,0
1770601835.6947844,BIT,1
1770601835.6947844,BIT,0
1770601835.6947844,BIT,1
1770601835.6947844,BIT,1
1770601835.88547,BIT,0
1770601835.88547,BIT,0
1770601835.88547,BIT,1
1770601835.88547,BIT,0
1770601835.88547,BIT,1
1770601835.88547,BIT,0
1770601835.88547,BIT,1
1770601835.88547,BIT,1
1770601835.88547,BIT,1
1770601835.88547,BIT,1
1770601836.083317,BIT,0
1770601836.083317,BIT,1
1770601836.083317,BIT,1
1770601836.083317,BIT,0
1770601836.083317,BIT,0
1770601836.083317,BIT,1
1770601836.083317,BIT,0
1770601836.083317,BIT,0
1770601836.083317,BIT,0
1770601836.083317,BIT,1
1770601836.2773697,BIT,0
1770601836.2773697,BIT,0
1770601836.2773697,BIT,0
1770601836.2773697,BIT,1
1770601836.2773697,BIT,1
1770601836.2773697,BIT,0
1770601836.2773697,BIT,1
1770601836.2773697,BIT,1
1770601836.2773697,BIT,0
1770601836.2773697,BIT,1
1770601836.5261703,BIT,0
1770601836.5261703,BIT,0
1770601836.5261703,BIT,0
1770601836.5261703,BIT,1
1770601836.5261703,BIT,0
1770601836.5261703,BIT,0
1770601836.5261703,BIT,0
1770601836.5261703,BIT,1
1770601836.5261703,BIT,0
1770601836.5261703,BIT,1
1770601836.7631528,BIT,0
1770601836.7631528,BIT,1
1770601836.7631528,BIT,0
1770601836.7631528,BIT,0
1770601836.7631528,BIT,0
1770601836.7631528,BIT,0
1770601836.7631528,BIT,0
1770601836.7631528,BIT,1
1770601836.7631528,BIT,1
1770601836.7631528,BIT,0
1770601836.9851544,BIT,1
1770601836.9851544,BIT,1
1770601836.9851544,BIT,0
1770601836.9851544,BIT,0
1770601836.9851544,BIT,1
1770601836.9851544,BIT,0
1770601836.9851544,BIT,0
1770601836.9851544,BIT,0
1770601836.9851544,BIT,0
1770601836.9851544,BIT,1
1770601837.2016733,BIT,1
1770601837.2016733,BIT,1
1770601837.2016733,BIT,1
1770601837.2016733,BIT,1
1770601837.2016733,BIT,1
1770601837.2016733,BIT,1
1770601837.2016733,BIT,1
1770601837.2016733,BIT,0
1770601837.2016733,BIT,0
1770601837.2016733,BIT,1
1770601837.414133,BIT,0
1770601837.414133,BIT,1
1770601837.414133,BIT,1
1770601837.414133,BIT,0
1770601837.414133,BIT,1
1770601837.414133,BIT,1
1770601837.414133,BIT,1
1770601837.414133,BIT,1
1770601837.414133,BIT,0
1770601837.414133,BIT,0
1770601837.6295667,BIT,1
1770601837.6295667,BIT,0
1770601837.6295667,BIT,1
1770601837.6295667,BIT,0
1770601837.6295667,BIT,0
1770601837.6295667,BIT,0
1770601837.6295667,BIT,0
1770601837.6295667,BIT,0
1770601837.6295667,BIT,1
1770601837.6295667,BIT,1
1770601837.8402212,BIT,0
1770601837.8402212,BIT,0
1770601837.8402212,BIT,0
1770601837.8402212,BIT,0
1770601837.8402212,BIT,1
1770601837.8402212,BIT,0
1770601837.8402212,BIT,0
1770601837.8402212,BIT,0
1770601837.8402212,BIT,1
1770601837.8402212,BIT,0
1770601838.0234377,BIT,1
1770601838.0234377,BIT,0
1770601838.0234377,BIT,0
1770601838.0234377,BIT,1
1770601838.0234377,BIT,0
1770601838.0234377,BIT,0
1770601838.0234377,BIT,0
1770601838.0234377,BIT,1
1770601838.0234377,BIT,1
1770601838.0234377,BIT,1
1770601838.1883373,BIT,0
1770601838.1883373,BIT,0
1770601838.1883373,BIT,0
1770601838.1883373,BIT,0
1770601838.1883373,BIT,1
1770601838.1883373,BIT,1
1770601838.1883373,BIT,1
1770601838.1883373,BIT,0
1770601838.1883373,BIT,0
1770601838.1883373,BIT,0
1770601838.3627234,BIT,1
1770601838.3627234,BIT,0
1770601838.3627234,BIT,0
1770601838.3627234,BIT,1
1770601838.3627234,BIT,1
1770601838.3627234,BIT,0
1770601838.3627234,BIT,1
1770601838.3627234,BIT,1
1770601838.3627234,BIT,0
1770601838.3627234,BIT,0
1770601838.5172076,BIT,0
1770601838.5172076,BIT,1
1770601838.5172076,BIT,1
1770601838.5172076,BIT,0
1770601838.5172076,BIT,0
1770601838.5172076,BIT,1
1770601838.5172076,BIT,0
1770601838.5172076,BIT,1
1770601838.5172076,BIT,0
1770601838.5172076,BIT,0
1770601838.6964414,BIT,0
1770601838.6964414,BIT,1
1770601838.6964414,BIT,0
1770601838.6964414,BIT,1
1770601838.6964414,BIT,0
1770601838.6964414,BIT,1
1770601838.6964414,BIT,1
1770601838.6964414,BIT,0
1770601838.6964414,BIT,0
1770601838.6964414,BIT,1
1770601838.8659031,BIT,0
1770601838.8659031,BIT,1
1770601838.8659031,BIT,1
1770601838.8659031,BIT,1
1770601838.8659031,BIT,0
1770601838.8659031,BIT,1
1770601838.8659031,BIT,1
1770601838.8659031,BIT,1
1770601838.8659031,BIT,0
1770601838.8659031,BIT,1
1770601839.0314727,BIT,1
1770601839.0314727,BIT,0
1770601839.0314727,BIT,1
1770601839.0314727,BIT,1
1770601839.0314727,BIT,1
1770601839.0314727,BIT,0
1770601839.0314727,BIT,1
1770601839.0314727,BIT,0
1770601839.0314727,BIT,0
1770601839.0314727,BIT,1
1770601839.206137,BIT,1
1770601839.206137,BIT,0
1770601839.206137,BIT,1
1770601839.206137,BIT,0
1770601839.206137,BIT,0
1770601839.206137,BIT,0
1770601839.206137,BIT,0
1770601839.206137,BIT,0
1770601839.206137,BIT,1
1770601839.206137,BIT,1
1770601839.3828127,BIT,0
1770601839.3828127,BIT,0
1770601839.3828127,BIT,1
1770601839.3828127,BIT,1
1770601839.3828127,BIT,0
1770601839.3828127,BIT,1
1770601839.3828127,BIT,1
1770601839.3828127,BIT,0
1770601839.3828127,BIT,1
1770601839.3828127,BIT,1
1770601839.5475273,BIT,1
1770601839.5475273,BIT,1
1770601839.5475273,BIT,0
1770601839.5475273,BIT,1
1770601839.5475273,BIT,1
1770601839.5475273,BIT,0
1770601839.5475273,BIT,0
1770601839.5475273,BIT,1
1770601839.5475273,BIT,0
1770601839.5475273,BIT,0
1770601839.7148645,BIT,1
1770601839.7148645,BIT,1
1770601839.7148645,BIT,1
1770601839.7148645,BIT,1
1770601839.7148645,BIT,1
1770601839.7148645,BIT,1
1770601839.7148645,BIT,1
1770601839.7148645,BIT,1
1770601839.7148645,BIT,0
1770601839.7148645,BIT,0
1770601839.8986168,BIT,1
1770601839.8986168,BIT,1
1770601839.8986168,BIT,1
1770601839.8986168,BIT,0
1770601839.8986168,BIT,1
1770601839.8986168,BIT,1
1770601839.8986168,BIT,0
1770601839.8986168,BIT,1
1770601839.8986168,BIT,0
1770601839.8986168,BIT,0
1770601840.0563674,BIT,0
1770601840.0563674,BIT,1
1770601840.0563674,BIT,1
1770601840.0563674,BIT,0
1770601840.0563674,BIT,0
1770601840.0563674,BIT,1
1770601840.0563674,BIT,1
1770601840.0563674,BIT,1
1770601840.0563674,BIT,1
1770601840.0563674,BIT,0
1770601840.2232842,BIT,0
1770601840.2232842,BIT,1
1770601840.2232842,BIT,0
1770601840.2232842,BIT,1
1770601840.2232842,BIT,1
1770601840.2232842,BIT,1
1770601840.2232842,BIT,1
1770601840.2232842,BIT,0
1770601840.2232842,BIT,0
1770601840.2232842,BIT,0
1770601840.382109,BIT,1
1770601840.382109,BIT,0
1770601840.382109,BIT,0
1770601840.382109,BIT,1
1770601840.382109,BIT,1
1770601840.382109,BIT,0
1770601840.382109,BIT,0
1770601840.382109,BIT,0
1770601840.382109,BIT,1
1770601840.382109,BIT,1
1770601840.558328,BIT,0
1770601840.558328,BIT,0
1770601840.558328,BIT,1
1770601840.558328,BIT,0
1770601840.558328,BIT,1
1770601840.558328,BIT,0
1770601840.558328,BIT,1
1770601840.558328,BIT,0
1770601840.558328,BIT,1
1770601840.558328,BIT,1
1770601840.7322857,BIT,1
1770601840.7322857,BIT,0
1770601840.7322857,BIT,0
1770601840.7322857,BIT,0
1770601840.7322857,BIT,1
1770601840.7322857,BIT,1
1770601840.7322857,BIT,1
1770601840.7322857,BIT,1
1770601840.7322857,BIT,1
1770601840.7322857,BIT,1
1770601840.9029763,BIT,1
1770601840.9029763,BIT,0
1770601840.9029763,BIT,1
1770601840.9029763,BIT,0
1770601840.9029763,BIT,0
1770601840.9029763,BIT,1
1770601840.9029763,BIT,1
1770601840.9029763,BIT,1
1770601840.9029763,BIT,0
1770601840.9029763,BIT,1
1770601841.0700235,BIT,1
1770601841.0700235,BIT,0
1770601841.0700235,BIT,1
1770601841.0700235,BIT,1
1770601841.0700235,BIT,0
1770601841.0700235,BIT,0
1770601841.0700235,BIT,0
1770601841.0700235,BIT,0
1770601841.0700235,BIT,1
1770601841.0700235,BIT,0
1770601841.2514758,BIT,0
1770601841.2514758,BIT,0
1770601841.2514758,BIT,0
1770601841.2514758,BIT,0
1770601841.2514758,BIT,1
1770601841.2514758,BIT,1
1770601841.2514758,BIT,1
1770601841.2514758,BIT,0
1770601841.2514758,BIT,1
1770601841.2514758,BIT,0
1770601841.409707,BIT,0
1770601841.409707,BIT,1
1770601841.409707,BIT,1
1770601841.409707,BIT,1
1770601841.409707,BIT,0
1770601841.409707,BIT,0
1770601841.409707,BIT,0
1770601841.409707,BIT,0
1770601841.409707,BIT,1
1770601841.409707,BIT,0
1770601841.5736127,BIT,0
1770601841.5736127,BIT,0
1770601841.5736127,BIT,0
1770601841.5736127,BIT,0
1770601841.5736127,BIT,0
1770601841.5736127,BIT,1
1770601841.5736127,BIT,1
1770601841.5736127,BIT,0
1770601841.5736127,BIT,1
1770601841.5736127,BIT,1
1770601841.7483082,BIT,1
1770601841.7483082,BIT,0
1770601841.7483082,BIT,0
1770601841.7483082,BIT,1
1770601841.7483082,BIT,1
1770601841.7483082,BIT,0
1770601841.7483082,BIT,1
1770601841.7483082,BIT,1
1770601841.7483082,BIT,0
1770601841.7483082,BIT,0
1770601841.9204795,BIT,1
1770601841.9204795,BIT,1
1770601841.9204795,BIT,1
1770601841.9204795,BIT,0
1770601841.9204795,BIT,1
1770601841.9204795,BIT,0
1770601841.9204795,BIT,1
1770601841.9204795,BIT,1
1770601841.9204795,BIT,0
1770601841.9204795,BIT,1
1770601842.0881827,BIT,0
1770601842.0881827,BIT,1
1770601842.0881827,BIT,0
1770601842.0881827,BIT,0
1770601842.0881827,BIT,1
1770601842.0881827,BIT,1
1770601842.0881827,BIT,0
1770601842.0881827,BIT,1
1770601842.0881827,BIT,1
1770601842.0881827,BIT,1
1770601842.2672796,BIT,1
1770601842.2672796,BIT,1
1770601842.2672796,BIT,0
1770601842.2672796,BIT,1
1770601842.2672796,BIT,0
1770601842.2672796,BIT,1
1770601842.2672796,BIT,1
1770601842.2672796,BIT,0
1770601842.2672796,BIT,0
1770601842.2672796,BIT,1
1770601842.429612,BIT,0
1770601842.429612,BIT,1
1770601842.429612,BIT,0
1770601842.429612,BIT,0
1770601842.429612,BIT,1
1770601842.429612,BIT,0
1770601842.429612,BIT,0
1770601842.429612,BIT,1
1770601842.429612,BIT,0
1770601842.429612,BIT,0
1770601842.596616,BIT,1
1770601842.596616,BIT,0
1770601842.596616,BIT,0
1770601842.596616,BIT,1
1770601842.596616,BIT,0
1770601842.596616,BIT,0
1770601842.596616,BIT,1
1770601842.596616,BIT,0
1770601842.596616,BIT,0
1770601842.596616,BIT,1
1770601842.7651663,BIT,1
1770601842.7651663,BIT,1
1770601842.7651663,BIT,1
1770601842.7651663,BIT,1
1770601842.7651663,BIT,0
1770601842.7651663,BIT,1
1770601842.7651663,BIT,0
1770601842.7651663,BIT,0
1770601842.7651663,BIT,0
1770601842.7651663,BIT,0
1770601842.9273698,BIT,0
1770601842.9273698,BIT,0
1770601842.9273698,BIT,0
1770601842.9273698,BIT,1
1770601842.9273698,BIT,0
1770601842.9273698,BIT,0
1770601842.9273698,BIT,1
1770601842.9273698,BIT,1
1770601842.9273698,BIT,1
1770601842.9273698,BIT,0
1770601843.087628,BIT,1
1770601843.087628,BIT,1
1770601843.087628,BIT,1
1770601843.087628,BIT,0
1770601843.087628,BIT,0
1770601843.087628,BIT,0
1770601843.087628,BIT,0
1770601843.087628,BIT,1
1770601843.087628,BIT,1
1770601843.087628,BIT,1
1770601843.2574003,BIT,0
1770601843.2574003,BIT,0
1770601843.2574003,BIT,0
1770601843.2574003,BIT,0
1770601843.2574003,BIT,1
1770601843.2574003,BIT,1
1770601843.2574003,BIT,1
1770601843.2574003,BIT,0
1770601843.2574003,BIT,0
1770601843.2574003,BIT,1
1770601843.4226403,BIT,0
1770601843.4226403,BIT,0
1770601843.4226403,BIT,0
1770601843.4226403,BIT,0
1770601843.4226403,BIT,1
1770601843.4226403,BIT,0
1770601843.4226403,BIT,1
1770601843.4226403,BIT,1
1770601843.4226403,BIT,0
1770601843.4226403,BIT,0
1770601843.5819433,BIT,1
1770601843.5819433,BIT,0
1770601843.5819433,BIT,0
1770601843.5819433,BIT,0
1770601843.5819433,BIT,0
1770601843.5819433,BIT,0
1770601843.5819433,BIT,1
1770601843.5819433,BIT,0
1770601843.5819433,BIT,0
1770601843.5819433,BIT,1
1770601843.7546115,BIT,0
1770601843.7546115,BIT,0
1770601843.7546115,BIT,0
1770601843.7546115,BIT,1
1770601843.7546115,BIT,0
1770601843.7546115,BIT,0
1770601843.7546115,BIT,0
1770601843.7546115,BIT,0
1770601843.7546115,BIT,0
1770601843.7546115,BIT,1
1770601843.9251122,BIT,1
1770601843.9251122,BIT,1
1770601843.9251122,BIT,0
1770601843.9251122,BIT,0
1770601843.9251122,BIT,0
1770601843.9251122,BIT,0
1770601843.9251122,BIT,1
1770601843.9251122,BIT,0
1770601843.9251122,BIT,0
1770601843.9251122,BIT,0
1770601844.096577,BIT,1
1770601844.096577,BIT,1
1770601844.096577,BIT,1
1770601844.096577,BIT,1
1770601844.096577,BIT,1
1770601844.096577,BIT,0
1770601844.096577,BIT,1
1770601844.096577,BIT,1
1770601844.096577,BIT,0
1770601844.096577,BIT,0
1770601844.2762966,BIT,0
1770601844.2762966,BIT,1
1770601844.2762966,BIT,0
1770601844.2762966,BIT,1
1770601844.2762966,BIT,0
1770601844.2762966,BIT,1
1770601844.2762966,BIT,0
1770601844.2762966,BIT,0
1770601844.2762966,BIT,0
1770601844.2762966,BIT,0
1770601844.4354546,BIT,1
1770601844.4354546,BIT,1
1770601844.4354546,BIT,1
1770601844.4354546,BIT,1
1770601844.4354546,BIT,1
1770601844.4354546,BIT,1
1770601844.4354546,BIT,0
1770601844.4354546,BIT,1
1770601844.4354546,BIT,0
1770601844.4354546,BIT,1
1770601844.5988126,BIT,1
1770601844.5988126,BIT,1
1770601844.5988126,BIT,0
1770601844.5988126,BIT,0
1770601844.5988126,BIT,0
1770601844.5988126,BIT,0
1770601844.5988126,BIT,0
1770601844.5988126,BIT,0
1770601844.5988126,BIT,1
1770601844.5988126,BIT,1
1770601844.7711864,BIT,1
1770601844.7711864,BIT,1
1770601844.7711864,BIT,0
1770601844.7711864,BIT,0
1770601844.7711864,BIT,0
1770601844.7711864,BIT,1
1770601844.7711864,BIT,0
1770601844.7711864,BIT,0
1770601844.7711864,BIT,0
1770601844.7711864,BIT,0
1770601844.9469116,BIT,1
1770601844.9469116,BIT,1
1770601844.9469116,BIT,1
1770601844.9469116,BIT,1
1770601844.9469116,BIT,1
1770601844.9469116,BIT,1
1770601844.9469116,BIT,1
1770601844.9469116,BIT,1
1770601844.9469116,BIT,1
1770601844.9469116,BIT,0
1770601845.1193316,BIT,1
1770601845.1193316,BIT,1
1770601845.1193316,BIT,1
1770601845.1193316,BIT,1
1770601845.1193316,BIT,0
1770601845.1193316,BIT,0
1770601845.1193316,BIT,0
1770601845.1193316,BIT,0
1770601845.1193316,BIT,0
1770601845.1193316,BIT,1
1770601845.2969058,BIT,0
1770601845.2969058,BIT,1
1770601845.2969058,BIT,0
1770601845.2969058,BIT,1
1770601845.2969058,BIT,1
1770601845.2969058,BIT,1
1770601845.2969058,BIT,0
1770601845.2969058,BIT,0
1770601845.2969058,BIT,0
1770601845.2969058,BIT,1
1770601845.469922,BIT,1
1770601845.469922,BIT,1
1770601845.469922,BIT,1
1770601845.469922,BIT,1
1770601845.469922,BIT,0
1770601845.469922,BIT,0
1770601845.469922,BIT,0
1770601845.469922,BIT,0
1770601845.469922,BIT,0
1770601845.469922,BIT,0
1770601845.6406734,BIT,0
1770601845.6406734,BIT,0
1770601845.6406734,BIT,1
1770601845.6406734,BIT,1
1770601845.6406734,BIT,0
1770601845.6406734,BIT,1
1770601845.6406734,BIT,0
1770601845.6406734,BIT,0
1770601845.6406734,BIT,1
1770601845.6406734,BIT,1
1770601845.8110676,BIT,0
1770601845.8110676,BIT,1
1770601845.8110676,BIT,0
1770601845.8110676,BIT,1
1770601845.8110676,BIT,0
1770601845.8110676,BIT,1
1770601845.8110676,BIT,1
1770601845.8110676,BIT,1
1770601845.8110676,BIT,0
1770601845.8110676,BIT,0
1770601845.9640133,BIT,1
1770601845.9640133,BIT,0
1770601845.9640133,BIT,1
1770601845.9640133,BIT,1
1770601845.9640133,BIT,0
1770601845.9640133,BIT,0
1770601845.9640133,BIT,0
1770601845.9640133,BIT,1
1770601845.9640133,BIT,0
1770601845.9640133,BIT,0
1770601846.1345057,BIT,0
1770601846.1345057,BIT,0
1770601846.1345057,BIT,1
1770601846.1345057,BIT,0
1770601846.1345057,BIT,0
1770601846.1345057,BIT,0
1770601846.1345057,BIT,0
1770601846.1345057,BIT,1
1770601846.1345057,BIT,0
1770601846.1345057,BIT,1
1770601846.3085423,BIT,1
1770601846.3085423,BIT,0
1770601846.3085423,BIT,0
1770601846.3085423,BIT,1
1770601846.3085423,BIT,0
1770601846.3085423,BIT,1
1770601846.3085423,BIT,1
1770601846.3085423,BIT,1
1770601846.3085423,BIT,0
1770601846.3085423,BIT,1
1770601846.4918468,BIT,1
1770601846.4918468,BIT,1
1770601846.4918468,BIT,0
1770601846.4918468,BIT,1
1770601846.4918468,BIT,0
1770601846.4918468,BIT,0
1770601846.4918468,BIT,1
1770601846.4918468,BIT,0
1770601846.4918468,BIT,0
1770601846.4918468,BIT,1
1770601846.6611283,BIT,1
1770601846.6611283,BIT,0
1770601846.6611283,BIT,1
1770601846.6611283,BIT,0
1770601846.6611283,BIT,1
1770601846.6611283,BIT,0
1770601846.6611283,BIT,1
1770601846.6611283,BIT,1
1770601846.6611283,BIT,0
1770601846.6611283,BIT,1
1770601846.8315752,BIT,1
1770601846.8315752,BIT,1
1770601846.8315752,BIT,0
1770601846.8315752,BIT,0
1770601846.8315752,BIT,1
1770601846.8315752,BIT,0
1770601846.8315752,BIT,1
1770601846.8315752,BIT,1
1770601846.8315752,BIT,1
1770601846.8315752,BIT,0
1770601846.9897728,BIT,0
1770601846.9897728,BIT,0
1770601846.9897728,BIT,1
1770601846.9897728,BIT,0
1770601846.9897728,BIT,0
1770601846.9897728,BIT,0
1770601846.9897728,BIT,0
1770601846.9897728,BIT,0
1770601846.9897728,BIT,1
1770601846.9897728,BIT,1
1770601847.1486607,BIT,0
1770601847.1486607,BIT,0
1770601847.1486607,BIT,0
1770601847.1486607,BIT,1
1770601847.1486607,BIT,0
1770601847.1486607,BIT,0
1770601847.1486607,BIT,1
1770601847.1486607,BIT,1
1770601847.1486607,BIT,0
1770601847.1486607,BIT,0
1770601847.326505,BIT,1
1770601847.326505,BIT,1
1770601847.326505,BIT,0
1770601847.326505,BIT,1
1770601847.326505,BIT,1
1770601847.326505,BIT,0
1770601847.326505,BIT,0
1770601847.326505,BIT,0
1770601847.326505,BIT,0
1770601847.326505,BIT,1
1770601847.5044658,BIT,1
1770601847.5044658,BIT,1
1770601847.5044658,BIT,0
1770601847.5044658,BIT,0
1770601847.5044658,BIT,0
1770601847.5044658,BIT,1
1770601847.5044658,BIT,0
1770601847.5044658,BIT,0
1770601847.5044658,BIT,0
1770601847.5044658,BIT,0
1770601847.679271,BIT,1
1770601847.679271,BIT,0
1770601847.679271,BIT,0
1770601847.679271,BIT,1
1770601847.679271,BIT,1
1770601847.679271,BIT,0
1770601847.679271,BIT,0
1770601847.679271,BIT,0
1770601847.679271,BIT,1
1770601847.679271,BIT,0
1770601847.8630242,BIT,1
1770601847.8630242,BIT,1
1770601847.8630242,BIT,1
1770601847.8630242,BIT,0
1770601847.8630242,BIT,1
1770601847.8630242,BIT,0
1770601847.8630242,BIT,0
1770601847.8630242,BIT,1
1770601847.8630242,BIT,0
1770601847.8630242,BIT,0
1770601848.021884,BIT,1
1770601848.021884,BIT,0
1770601848.021884,BIT,1
1770601848.021884,BIT,1
1770601848.021884,BIT,0
1770601848.021884,BIT,1
1770601848.021884,BIT,1
1770601848.021884,BIT,1
1770601848.021884,BIT,1
1770601848.021884,BIT,1
1770601848.186043,BIT,1
1770601848.186043,BIT,0
1770601848.186043,BIT,0
1770601848.186043,BIT,1
1770601848.186043,BIT,0
1770601848.186043,BIT,1
1770601848.186043,BIT,0
1770601848.186043,BIT,0
1770601848.186043,BIT,1
1770601848.186043,BIT,0
1770601848.3445075,BIT,1
1770601848.3445075,BIT,1
1770601848.3445075,BIT,1
1770601848.3445075,BIT,1
1770601848.3445075,BIT,0
1770601848.3445075,BIT,0
1770601848.3445075,BIT,0
1770601848.3445075,BIT,0
1770601848.3445075,BIT,0
1770601848.3445075,BIT,1
1770601848.514529,BIT,1
1770601848.514529,BIT,0
1770601848.514529,BIT,0
1770601848.514529,BIT,0
1770601848.514529,BIT,0
1770601848.514529,BIT,0
1770601848.514529,BIT,1
1770601848.514529,BIT,0
1770601848.514529,BIT,1
1770601848.514529,BIT,0
1770601848.6803617,BIT,0
1770601848.6803617,BIT,1
1770601848.6803617,BIT,1
1770601848.6803617,BIT,1
1770601848.6803617,BIT,0
1770601848.6803617,BIT,1
1770601848.6803617,BIT,0
1770601848.6803617,BIT,1
1770601848.6803617,BIT,1
1770601848.6803617,BIT,1
1770601848.8538566,BIT,0
1770601848.8538566,BIT,0
1770601848.8538566,BIT,1
1770601848.8538566,BIT,0
1770601848.8538566,BIT,0
1770601848.8538566,BIT,1
1770601848.8538566,BIT,0
1770601848.8538566,BIT,1
1770601848.8538566,BIT,1
1770601848.8538566,BIT,0
1770601849.0309436,BIT,1
1770601849.0309436,BIT,1
1770601849.0309436,BIT,1
1770601849.0309436,BIT,1
1770601849.0309436,BIT,0
1770601849.0309436,BIT,1
1770601849.0309436,BIT,1
1770601849.0309436,BIT,1
1770601849.0309436,BIT,0
1770601849.0309436,BIT,1
1770601849.196125,BIT,1
1770601849.196125,BIT,1
1770601849.196125,BIT,1
1770601849.196125,BIT,1
1770601849.196125,BIT,1
1770601849.196125,BIT,1
1770601849.196125,BIT,0
1770601849.196125,BIT,1
1770601849.196125,BIT,0
1770601849.196125,BIT,0
1770601849.3634675,BIT,1
1770601849.3634675,BIT,1
1770601849.3634675,BIT,0
1770601849.3634675,BIT,0
1770601849.3634675,BIT,0
1770601849.3634675,BIT,1
1770601849.3634675,BIT,1
1770601849.3634675,BIT,1
1770601849.3634675,BIT,0
1770601849.3634675,BIT,1
1770601849.5164106,BIT,1
1770601849.5164106,BIT,1
1770601849.5164106,BIT,1
1770601849.5164106,BIT,0
1770601849.5164106,BIT,0
1770601849.5164106,BIT,0
1770601849.5164106,BIT,0
1770601849.5164106,BIT,0
1770601849.5164106,BIT,1
1770601849.5164106,BIT,0
1770601849.679805,BIT,1
1770601849.679805,BIT,1
1770601849.679805,BIT,1
1770601849.679805,BIT,0
1770601849.679805,BIT,1
1770601849.679805,BIT,1
1770601849.679805,BIT,0
1770601849.679805,BIT,0
1770601849.679805,BIT,0
1770601849.679805,BIT,0
1770601849.8441188,BIT,1
1770601849.8441188,BIT,1
1770601849.8441188,BIT,1
1770601849.8441188,BIT,1
1770601849.8441188,BIT,1
1770601849.8441188,BIT,0
1770601849.8441188,BIT,1
1770601849.8441188,BIT,1
1770601849.8441188,BIT,0
1770601849.8441188,BIT,0
1770601850.0623796,BIT,0
1770601850.0623796,BIT,1
1770601850.0623796,BIT,0
1770601850.0623796,BIT,0
1770601850.0623796,BIT,0
1770601850.0623796,BIT,0
1770601850.0623796,BIT,1
1770601850.0623796,BIT,0
1770601850.0623796,BIT,1
1770601850.0623796,BIT,1
1770601850.2379313,BIT,1
1770601850.2379313,BIT,0
1770601850.2379313,BIT,0
1770601850.2379313,BIT,1
1770601850.2379313,BIT,0
1770601850.2379313,BIT,1
1770601850.2379313,BIT,1
1770601850.2379313,BIT,1
1770601850.2379313,BIT,0
1770601850.2379313,BIT,0
1770601850.4197187,BIT,0
1770601850.4197187,BIT,0
1770601850.4197187,BIT,1
1770601850.4197187,BIT,0
1770601850.4197187,BIT,0
1770601850.4197187,BIT,1
1770601850.4197187,BIT,1
1770601850.4197187,BIT,0
1770601850.4197187,BIT,0
1770601850.4197187,BIT,0
1770601850.6001706,BIT,1
1770601850.6001706,BIT,1
1770601850.6001706,BIT,0
1770601850.6001706,BIT,0
1770601850.6001706,BIT,1
1770601850.6001706,BIT,1
1770601850.6001706,BIT,0
1770601850.6001706,BIT,0
1770601850.6001706,BIT,1
1770601850.6001706,BIT,0
1770601850.8027287,BIT,1
1770601850.8027287,BIT,0
1770601850.8027287,BIT,1
1770601850.8027287,BIT,1
1770601850.8027287,BIT,0
1770601850.8027287,BIT,0
1770601850.8027287,BIT,0
1770601850.8027287,BIT,1
1770601850.8027287,BIT,1
1770601850.8027287,BIT,1
1770601850.9863744,BIT,0
1770601850.9863744,BIT,0
1770601850.9863744,BIT,0
1770601850.9863744,BIT,1
1770601850.9863744,BIT,1
1770601850.9863744,BIT,1
1770601850.9863744,BIT,0
1770601850.9863744,BIT,1
1770601850.9863744,BIT,0
1770601850.9863744,BIT,1
1770601851.1532407,BIT,0
1770601851.1532407,BIT,1
1770601851.1532407,BIT,0
1770601851.1532407,BIT,0
1770601851.1532407,BIT,0
1770601851.1532407,BIT,0
1770601851.1532407,BIT,1
1770601851.1532407,BIT,0
1770601851.1532407,BIT,1
1770601851.1532407,BIT,1
1770601851.330264,BIT,0
1770601851.330264,BIT,0
1770601851.330264,BIT,1
1770601851.330264,BIT,0
1770601851.330264,BIT,1
1770601851.330264,BIT,0
1770601851.330264,BIT,1
1770601851.330264,BIT,0
1770601851.330264,BIT,1
1770601851.330264,BIT,1
1770601851.4866376,BIT,0
1770601851.4866376,BIT,0
1770601851.4866376,BIT,1
1770601851.4866376,BIT,0
1770601851.4866376,BIT,1
1770601851.4866376,BIT,0
1770601851.4866376,BIT,1
1770601851.4866376,BIT,1
1770601851.4866376,BIT,0
1770601851.4866376,BIT,1
1770601851.6540418,BIT,0
1770601851.6540418,BIT,1
1770601851.6540418,BIT,0
1770601851.6540418,BIT,0
1770601851.6540418,BIT,1
1770601851.6540418,BIT,0
1770601851.6540418,BIT,1
1770601851.6540418,BIT,1
1770601851.6540418,BIT,1
1770601851.6540418,BIT,1
1770601851.8284268,BIT,1
1770601851.8284268,BIT,0
1770601851.8284268,BIT,1
1770601851.8284268,BIT,1
1770601851.8284268,BIT,1
1770601851.8284268,BIT,1
1770601851.8284268,BIT,0
1770601851.8284268,BIT,0
1770601851.8284268,BIT,0
1770601851.8284268,BIT,0
1770601851.9923704,BIT,1
1770601851.9923704,BIT,1
1770601851.9923704,BIT,1
1770601851.9923704,BIT,1
1770601851.9923704,BIT,0
1770601851.9923704,BIT,1
1770601851.9923704,BIT,0
1770601851.9923704,BIT,0
1770601851.9923704,BIT,1
1770601851.9923704,BIT,1
1770601852.1615784,BIT,0
1770601852.1615784,BIT,1
1770601852.1615784,BIT,0
1770601852.1615784,BIT,1
1770601852.1615784,BIT,1
1770601852.1615784,BIT,1
1770601852.1615784,BIT,0
1770601852.1615784,BIT,0
1770601852.1615784,BIT,0
1770601852.1615784,BIT,0
1770601852.3276103,BIT,0
1770601852.3276103,BIT,0
1770601852.3276103,BIT,1
1770601852.3276103,BIT,0
1770601852.3276103,BIT,1
1770601852.3276103,BIT,1
1770601852.3276103,BIT,0
1770601852.3276103,BIT,1
1770601852.3276103,BIT,0
1770601852.3276103,BIT,0
1770601852.5002108,BIT,1
1770601852.5002108,BIT,0
1770601852.5002108,BIT,1
1770601852.5002108,BIT,1
1770601852.5002108,BIT,1
1770601852.5002108,BIT,0
1770601852.5002108,BIT,1
1770601852.5002108,BIT,0
1770601852.5002108,BIT,1
1770601852.5002108,BIT,1
1770601852.6625588,BIT,0
1770601852.6625588,BIT,0
1770601852.6625588,BIT,1
1770601852.6625588,BIT,0
1770601852.6625588,BIT,0
1770601852.6625588,BIT,0
1770601852.6625588,BIT,1
1770601852.6625588,BIT,0
1770601852.6625588,BIT,0
1770601852.6625588,BIT,1
1770601852.8351495,BIT,1
1770601852.8351495,BIT,0
1770601852.8351495,BIT,1
1770601852.8351495,BIT,0
1770601852.8351495,BIT,1
1770601852.8351495,BIT,1
1770601852.8351495,BIT,1
1770601852.8351495,BIT,1
1770601852.8351495,BIT,0
1770601852.8351495,BIT,0
1770601853.0034792,BIT,0
1770601853.0034792,BIT,1
1770601853.0034792,BIT,1
1770601853.0034792,BIT,1
1770601853.0034792,BIT,0
1770601853.0034792,BIT,1
1770601853.0034792,BIT,1
1770601853.0034792,BIT,1
1770601853.0034792,BIT,1
1770601853.0034792,BIT,1
1770601853.1705024,BIT,1
1770601853.1705024,BIT,0
1770601853.1705024,BIT,1
1770601853.1705024,BIT,1
1770601853.1705024,BIT,1
1770601853.1705024,BIT,1
1770601853.1705024,BIT,1
1770601853.1705024,BIT,0
1770601853.1705024,BIT,1
1770601853.1705024,BIT,1
1770601853.3436172,BIT,0
1770601853.3436172,BIT,0
1770601853.3436172,BIT,1
1770601853.3436172,BIT,1
1770601853.3436172,BIT,0
1770601853.3436172,BIT,0
1770601853.3436172,BIT,0
1770601853.3436172,BIT,1
1770601853.3436172,BIT,0
1770601853.3436172,BIT,1
1770601853.513911,BIT,1
1770601853.513911,BIT,1
1770601853.513911,BIT,0
1770601853.513911,BIT,1
1770601853.513911,BIT,0
1770601853.513911,BIT,0
1770601853.513911,BIT,1
1770601853.513911,BIT,0
1770601853.513911,BIT,1
1770601853.513911,BIT,0
1770601853.6924253,BIT,1
1770601853.6924253,BIT,0
1770601853.6924253,BIT,0
1770601853.6924253,BIT,0
1770601853.6924253,BIT,1
1770601853.6924253,BIT,0
1770601853.6924253,BIT,0
1770601853.6924253,BIT,0
1770601853.6924253,BIT,1
1770601853.6924253,BIT,0
1770601853.861144,BIT,1
1770601853.861144,BIT,0
1770601853.861144,BIT,1
1770601853.861144,BIT,0
1770601853.861144,BIT,0
1770601853.861144,BIT,0
1770601853.861144,BIT,1
1770601853.861144,BIT,1
1770601853.861144,BIT,1
1770601853.861144,BIT,0
1770601854.0275962,BIT,0
1770601854.0275962,BIT,1
1770601854.0275962,BIT,0
1770601854.0275962,BIT,1
1770601854.0275962,BIT,1
1770601854.0275962,BIT,1
1770601854.0275962,BIT,0
1770601854.0275962,BIT,0
1770601854.0275962,BIT,0
1770601854.0275962,BIT,0
1770601854.199183,BIT,0
1770601854.199183,BIT,1
1770601854.199183,BIT,0
1770601854.199183,BIT,0
1770601854.199183,BIT,0
1770601854.199183,BIT,0
1770601854.199183,BIT,0
1770601854.199183,BIT,1
1770601854.199183,BIT,1
1770601854.199183,BIT,0
1770601854.3737524,BIT,0
1770601854.3737524,BIT,1
1770601854.3737524,BIT,1
1770601854.3737524,BIT,1
1770601854.3737524,BIT,0
1770601854.3737524,BIT,0
1770601854.3737524,BIT,1
1770601854.3737524,BIT,1
1770601854.3737524,BIT,0
1770601854.3737524,BIT,0
1770601854.546997,BIT,0
1770601854.546997,BIT,1
1770601854.546997,BIT,0
1770601854.546997,BIT,0
1770601854.546997,BIT,1
1770601854.546997,BIT,0
1770601854.546997,BIT,0
1770601854.546997,BIT,1
1770601854.546997,BIT,0
1770601854.546997,BIT,1
1770601854.723222,BIT,1
1770601854.723222,BIT,1
1770601854.723222,BIT,1
1770601854.723222,BIT,0
1770601854.723222,BIT,0
1770601854.723222,BIT,0
1770601854.723222,BIT,0
1770601854.723222,BIT,1
1770601854.723222,BIT,0
1770601854.723222,BIT,0
1770601854.8943658,BIT,0
1770601854.8943658,BIT,1
1770601854.8943658,BIT,0
1770601854.8943658,BIT,1
1770601854.8943658,BIT,0
1770601854.8943658,BIT,0
1770601854.8943658,BIT,0
1770601854.8943658,BIT,0
1770601854.8943658,BIT,1
1770601854.8943658,BIT,0
1770601855.0617313,BIT,0
1770601855.0617313,BIT,0
1770601855.0617313,BIT,0
1770601855.0617313,BIT,0
1770601855.0617313,BIT,0
1770601855.0617313,BIT,1
1770601855.0617313,BIT,1
1770601855.0617313,BIT,1
1770601855.0617313,BIT,0
1770601855.0617313,BIT,0
1770601855.2267811,BIT,1
1770601855.2267811,BIT,1
1770601855.2267811,BIT,0
1770601855.2267811,BIT,0
1770601855.2267811,BIT,1
1770601855.2267811,BIT,1
1770601855.2267811,BIT,0
1770601855.2267811,BIT,0
1770601855.2267811,BIT,0
1770601855.2267811,BIT,0
1770601855.4005892,BIT,1
1770601855.4005892,BIT,0
1770601855.4005892,BIT,0
1770601855.4005892,BIT,0
1770601855.4005892,BIT,1
1770601855.4005892,BIT,0
1770601855.4005892,BIT,1
1770601855.4005892,BIT,0
1770601855.4005892,BIT,0
1770601855.4005892,BIT,0
1770601855.5552747,BIT,0
1770601855.5552747,BIT,1
1770601855.5552747,BIT,1
1770601855.5552747,BIT,0
1770601855.5552747,BIT,0
1770601855.5552747,BIT,1
1770601855.5552747,BIT,1
1770601855.5552747,BIT,0
1770601855.5552747,BIT,0
1770601855.5552747,BIT,0
1770601855.7198918,BIT,1
1770601855.7198918,BIT,0
1770601855.7198918,BIT,0
1770601855.7198918,BIT,0
1770601855.7198918,BIT,1
1770601855.7198918,BIT,0
1770601855.7198918,BIT,1
1770601855.7198918,BIT,0
1770601855.7198918,BIT,0
1770601855.7198918,BIT,0
1770601855.8936582,BIT,1
1770601855.8936582,BIT,0
1770601855.8936582,BIT,0
1770601855.8936582,BIT,0
1770601855.8936582,BIT,0
1770601855.8936582,BIT,0
1770601855.8936582,BIT,1
1770601855.8936582,BIT,1
1770601855.8936582,BIT,0
1770601855.8936582,BIT,0
1770601856.0593278,BIT,0
1770601856.0593278,BIT,0
1770601856.0593278,BIT,1
1770601856.0593278,BIT,0
1770601856.0593278,BIT,0
1770601856.0593278,BIT,1
1770601856.0593278,BIT,0
1770601856.0593278,BIT,0
1770601856.0593278,BIT,1
1770601856.0593278,BIT,1
1770601856.2378721,BIT,1
1770601856.2378721,BIT,1
1770601856.2378721,BIT,1
1770601856.2378721,BIT,0
1770601856.2378721,BIT,1
1770601856.2378721,BIT,1
1770601856.2378721,BIT,0
1770601856.2378721,BIT,0
1770601856.2378721,BIT,0
1770601856.2378721,BIT,1
1770601856.4242663,BIT,0
1770601856.4242663,BIT,1
1770601856.4242663,BIT,0
1770601856.4242663,BIT,0
1770601856.4242663,BIT,1
1770601856.4242663,BIT,0
1770601856.4242663,BIT,0
1770601856.4242663,BIT,1
1770601856.4242663,BIT,0
1770601856.4242663,BIT,0
1770601856.5925279,BIT,0
1770601856.5925279,BIT,1
1770601856.5925279,BIT,0
1770601856.5925279,BIT,1
1770601856.5925279,BIT,0
1770601856.5925279,BIT,0
1770601856.5925279,BIT,0
1770601856.5925279,BIT,0
1770601856.5925279,BIT,1
1770601856.5925279,BIT,1
1770601856.779539,BIT,0
1770601856.779539,BIT,0
1770601856.779539,BIT,1
1770601856.779539,BIT,0
1770601856.779539,BIT,1
1770601856.779539,BIT,0
1770601856.779539,BIT,0
1770601856.779539,BIT,1
1770601856.779539,BIT,1
1770601856.779539,BIT,0
1770601856.9558856,BIT,0
1770601856.9558856,BIT,0
1770601856.9558856,BIT,0
1770601856.9558856,BIT,1
1770601856.9558856,BIT,1
1770601856.9558856,BIT,1
1770601856.9558856,BIT,1
1770601856.9558856,BIT,0
1770601856.9558856,BIT,0
1770601856.9558856,BIT,1
1770601857.1149435,BIT,1
1770601857.1149435,BIT,0
1770601857.1149435,BIT,0
1770601857.1149435,BIT,0
1770601857.1149435,BIT,1
1770601857.1149435,BIT,0
1770601857.1149435,BIT,0
1770601857.1149435,BIT,0
1770601857.1149435,BIT,0
1770601857.1149435,BIT,1
1770601857.3011737,BIT,1
1770601857.3011737,BIT,0
1770601857.3011737,BIT,0
1770601857.3011737,BIT,0
1770601857.3011737,BIT,0
1770601857.3011737,BIT,1
1770601857.3011737,BIT,0
1770601857.3011737,BIT,0
1770601857.3011737,BIT,1
1770601857.3011737,BIT,1
1770601857.471174,BIT,0
1770601857.471174,BIT,1
1770601857.471174,BIT,1
1770601857.471174,BIT,0
1770601857.471174,BIT,0
1770601857.471174,BIT,1
1770601857.471174,BIT,1
1770601857.471174,BIT,1
1770601857.471174,BIT,0
1770601857.471174,BIT,0
1770601857.6387265,BIT,1
1770601857.6387265,BIT,1
1770601857.6387265,BIT,1
1770601857.6387265,BIT,0
1770601857.6387265,BIT,0
1770601857.6387265,BIT,1
1770601857.6387265,BIT,1
1770601857.6387265,BIT,1
1770601857.6387265,BIT,0
1770601857.6387265,BIT,1
1770601857.8099566,BIT,0
1770601857.8099566,BIT,1
1770601857.8099566,BIT,0
1770601857.8099566,BIT,1
1770601857.8099566,BIT,1
1770601857.8099566,BIT,1
1770601857.8099566,BIT,0
1770601857.8099566,BIT,0
1770601857.8099566,BIT,0
1770601857.8099566,BIT,0
1770601857.9724026,BIT,0
1770601857.9724026,BIT,1
1770601857.9724026,BIT,1
1770601857.9724026,BIT,1
1770601857.9724026,BIT,0
1770601857.9724026,BIT,0
1770601857.9724026,BIT,1
1770601857.9724026,BIT,0
1770601857.9724026,BIT,1
1770601857.9724026,BIT,1
1770601858.1354916,BIT,1
1770601858.1354916,BIT,1
1770601858.1354916,BIT,1
1770601858.1354916,BIT,1
1770601858.1354916,BIT,0
1770601858.1354916,BIT,1
1770601858.1354916,BIT,1
1770601858.1354916,BIT,0
1770601858.1354916,BIT,1
1770601858.1354916,BIT,1
1770601858.2962973,BIT,1
1770601858.2962973,BIT,0
1770601858.2962973,BIT,1
1770601858.2962973,BIT,0
1770601858.2962973,BIT,1
1770601858.2962973,BIT,0
1770601858.2962973,BIT,1
1770601858.2962973,BIT,1
1770601858.2962973,BIT,0
1770601858.2962973,BIT,0
1770601858.4633665,BIT,1
1770601858.4633665,BIT,1
1770601858.4633665,BIT,0
1770601858.4633665,BIT,0
1770601858.4633665,BIT,1
1770601858.4633665,BIT,1
1770601858.4633665,BIT,1
1770601858.4633665,BIT,1
1770601858.4633665,BIT,1
1770601858.4633665,BIT,1
1770601858.6138563,BIT,1
1770601858.6138563,BIT,1
1770601858.6138563,BIT,1
1770601858.6138563,BIT,1
1770601858.6138563,BIT,1
1770601858.6138563,BIT,0
1770601858.6138563,BIT,0
1770601858.6138563,BIT,1
1770601858.6138563,BIT,0
1770601858.6138563,BIT,1
1770601858.7899303,BIT,0
1770601858.7899303,BIT,0
1770601858.7899303,BIT,0
1770601858.7899303,BIT,1
1770601858.7899303,BIT,1
1770601858.7899303,BIT,1
1770601858.7899303,BIT,1
1770601858.7899303,BIT,1
1770601858.7899303,BIT,1
1770601858.7899303,BIT,0
1770601858.9616988,BIT,1
1770601858.9616988,BIT,0
1770601858.9616988,BIT,1
1770601858.9616988,BIT,0
1770601858.9616988,BIT,1
1770601858.9616988,BIT,0
1770601858.9616988,BIT,0
1770601858.9616988,BIT,1
1770601858.9616988,BIT,1
1770601858.9616988,BIT,1
1770601859.1309426,BIT,1
1770601859.1309426,BIT,0
1770601859.1309426,BIT,1
1770601859.1309426,BIT,0
1770601859.1309426,BIT,1
1770601859.1309426,BIT,0
1770601859.1309426,BIT,1
1770601859.1309426,BIT,1
1770601859.1309426,BIT,0
1770601859.1309426,BIT,1
1770601859.3027868,BIT,1
1770601859.3027868,BIT,1
1770601859.3027868,BIT,1
1770601859.3027868,BIT,0
1770601859.3027868,BIT,1
1770601859.3027868,BIT,1
1770601859.3027868,BIT,1
1770601859.3027868,BIT,1
1770601859.3027868,BIT,1
1770601859.3027868,BIT,1
1770601859.4741516,BIT,0
1770601859.4741516,BIT,0
1770601859.4741516,BIT,1
1770601859.4741516,BIT,0
1770601859.4741516,BIT,1
1770601859.4741516,BIT,1
1770601859.4741516,BIT,1
1770601859.4741516,BIT,1
1770601859.4741516,BIT,0
1770601859.4741516,BIT,1
1770601859.6338925,BIT,0
1770601859.6338925,BIT,1
1770601859.6338925,BIT,0
1770601859.6338925,BIT,0
1770601859.6338925,BIT,0
1770601859.6338925,BIT,1
1770601859.6338925,BIT,0
1770601859.6338925,BIT,1
1770601859.6338925,BIT,0
1770601859.6338925,BIT,1
1770601859.8079696,BIT,0
1770601859.8079696,BIT,0
1770601859.8079696,BIT,0
1770601859.8079696,BIT,0
1770601859.8079696,BIT,1
1770601859.8079696,BIT,0
1770601859.8079696,BIT,0
1770601859.8079696,BIT,0
1770601859.8079696,BIT,1
1770601859.8079696,BIT,1
1770601859.9693587,BIT,0
1770601859.9693587,BIT,0
1770601859.9693587,BIT,1
1770601859.9693587,BIT,1
1770601859.9693587,BIT,0
1770601859.9693587,BIT,1
1770601859.9693587,BIT,0
1770601859.9693587,BIT,0
1770601859.9693587,BIT,0
1770601859.9693587,BIT,0
1770601860.1432703,BIT,0
1770601860.1432703,BIT,1
1770601860.1432703,BIT,0
1770601860.1432703,BIT,1
1770601860.1432703,BIT,1
1770601860.1432703,BIT,0
1770601860.1432703,BIT,1
1770601860.1432703,BIT,1
1770601860.1432703,BIT,1
1770601860.1432703,BIT,0
1770601860.3133085,BIT,0
1770601860.3133085,BIT,1
1770601860.3133085,BIT,1
1770601860.3133085,BIT,0
1770601860.3133085,BIT,1
1770601860.3133085,BIT,1
1770601860.3133085,BIT,0
1770601860.3133085,BIT,1
1770601860.3133085,BIT,1
1770601860.3133085,BIT,1
1770601860.5177734,BIT,0
1770601860.5177734,BIT,1
1770601860.5177734,BIT,0
1770601860.5177734,BIT,0
1770601860.5177734,BIT,0
1770601860.5177734,BIT,0
1770601860.5177734,BIT,0
1770601860.5177734,BIT,0
1770601860.5177734,BIT,1
1770601860.5177734,BIT,1
1770601860.69679,BIT,1
1770601860.69679,BIT,0
1770601860.69679,BIT,0
1770601860.69679,BIT,0
1770601860.69679,BIT,0
1770601860.69679,BIT,1
1770601860.69679,BIT,0
1770601860.69679,BIT,0
1770601860.69679,BIT,0
1770601860.69679,BIT,0
1770601860.886175,BIT,1
1770601860.886175,BIT,1
1770601860.886175,BIT,0
1770601860.886175,BIT,0
1770601860.886175,BIT,1
1770601860.886175,BIT,0
1770601860.886175,BIT,1
1770601860.886175,BIT,1
1770601860.886175,BIT,0
1770601860.886175,BIT,1
1770601861.0559201,BIT,1
1770601861.0559201,BIT,0
1770601861.0559201,BIT,1
1770601861.0559201,BIT,1
1770601861.0559201,BIT,0
1770601861.0559201,BIT,1
1770601861.0559201,BIT,0
1770601861.0559201,BIT,0
1770601861.0559201,BIT,0
1770601861.0559201,BIT,0
1770601861.227519,BIT,1
1770601861.227519,BIT,1
1770601861.227519,BIT,0
1770601861.227519,BIT,1
1770601861.227519,BIT,0
1770601861.227519,BIT,0
1770601861.227519,BIT,0
1770601861.227519,BIT,0
1770601861.227519,BIT,1
1770601861.227519,BIT,1
1770601861.4133527,BIT,1
1770601861.4133527,BIT,1
1770601861.4133527,BIT,0
1770601861.4133527,BIT,0
1770601861.4133527,BIT,1
1770601861.4133527,BIT,0
1770601861.4133527,BIT,1
1770601861.4133527,BIT,1
1770601861.4133527,BIT,0
1770601861.4133527,BIT,1
1770601861.5902655,BIT,1
1770601861.5902655,BIT,1
1770601861.5902655,BIT,0
1770601861.5902655,BIT,1
1770601861.5902655,BIT,0
1770601861.5902655,BIT,1
1770601861.5902655,BIT,1
1770601861.5902655,BIT,1
1770601861.5902655,BIT,1
1770601861.5902655,BIT,0
1770601861.7653365,BIT,0
1770601861.7653365,BIT,1
1770601861.7653365,BIT,1
1770601861.7653365,BIT,1
1770601861.7653365,BIT,0
1770601861.7653365,BIT,1
1770601861.7653365,BIT,1
1770601861.7653365,BIT,1
1770601861.7653365,BIT,1
1770601861.7653365,BIT,1
1770601861.9343581,BIT,1
1770601861.9343581,BIT,1
1770601861.9343581,BIT,1
1770601861.9343581,BIT,0
1770601861.9343581,BIT,1
1770601861.9343581,BIT,1
1770601861.9343581,BIT,1
1770601861.9343581,BIT,1
1770601861.9343581,BIT,0
1770601861.9343581,BIT,1
1770601862.1130989,BIT,1
1770601862.1130989,BIT,0
1770601862.1130989,BIT,0
1770601862.1130989,BIT,1
1770601862.1130989,BIT,0
1770601862.1130989,BIT,1
1770601862.1130989,BIT,1
1770601862.1130989,BIT,0
1770601862.1130989,BIT,1
1770601862.1130989,BIT,1
1770601862.2863069,BIT,0
1770601862.2863069,BIT,0
1770601862.2863069,BIT,0
1770601862.2863069,BIT,1
1770601862.2863069,BIT,0
1770601862.2863069,BIT,0
1770601862.2863069,BIT,1
1770601862.2863069,BIT,1
1770601862.2863069,BIT,0
1770601862.2863069,BIT,1
1770601862.4564843,BIT,1
1770601862.4564843,BIT,1
1770601862.4564843,BIT,0
1770601862.4564843,BIT,1
1770601862.4564843,BIT,0
1770601862.4564843,BIT,1
1770601862.4564843,BIT,1
1770601862.4564843,BIT,1
1770601862.4564843,BIT,0
1770601862.4564843,BIT,1
1770601862.6269717,BIT,1
1770601862.6269717,BIT,1
1770601862.6269717,BIT,1
1770601862.6269717,BIT,0
1770601862.6269717,BIT,1
1770601862.6269717,BIT,1
1770601862.6269717,BIT,1
1770601862.6269717,BIT,0
1770601862.6269717,BIT,0
1770601862.6269717,BIT,0
1770601862.813492,BIT,1
1770601862.813492,BIT,1
1770601862.813492,BIT,1
1770601862.813492,BIT,0
1770601862.813492,BIT,1
1770601862.813492,BIT,0
1770601862.813492,BIT,1
1770601862.813492,BIT,0
1770601862.813492,BIT,0
1770601862.813492,BIT,1
1770601862.9854884,BIT,1
1770601862.9854884,BIT,1
1770601862.9854884,BIT,1
1770601862.9854884,BIT,1
1770601862.9854884,BIT,1
1770601862.9854884,BIT,0
1770601862.9854884,BIT,1
1770601862.9854884,BIT,1
1770601862.9854884,BIT,0
1770601862.9854884,BIT,1
1770601863.1568303,BIT,1
1770601863.1568303,BIT,1
1770601863.1568303,BIT,0
1770601863.1568303,BIT,0
1770601863.1568303,BIT,0
1770601863.1568303,BIT,1
1770601863.1568303,BIT,1
1770601863.1568303,BIT,1
1770601863.1568303,BIT,1
1770601863.1568303,BIT,1
1770601863.3219004,BIT,0
1770601863.3219004,BIT,0
1770601863.3219004,BIT,0
1770601863.3219004,BIT,1
1770601863.3219004,BIT,0
1770601863.3219004,BIT,0
1770601863.3219004,BIT,1
1770601863.3219004,BIT,1
1770601863.3219004,BIT,0
1770601863.3219004,BIT,1
1770601863.4774854,BIT,0
1770601863.4774854,BIT,0
1770601863.4774854,BIT,1
1770601863.4774854,BIT,0
1770601863.4774854,BIT,0
1770601863.4774854,BIT,0
1770601863.4774854,BIT,1
1770601863.4774854,BIT,1
1770601863.4774854,BIT,0
1770601863.4774854,BIT,0
1770601863.6480284,BIT,0
1770601863.6480284,BIT,0
1770601863.6480284,BIT,1
1770601863.6480284,BIT,1
1770601863.6480284,BIT,0
1770601863.6480284,BIT,0
1770601863.6480284,BIT,0
1770601863.6480284,BIT,0
1770601863.6480284,BIT,1
1770601863.6480284,BIT,1
1770601863.8432484,BIT,1
1770601863.8432484,BIT,1
1770601863.8432484,BIT,0
1770601863.8432484,BIT,0
1770601863.8432484,BIT,1
1770601863.8432484,BIT,1
1770601863.8432484,BIT,1
1770601863.8432484,BIT,0
1770601863.8432484,BIT,0
1770601863.8432484,BIT,1
1770601864.0246263,BIT,1
1770601864.0246263,BIT,1
1770601864.0246263,BIT,0
1770601864.0246263,BIT,1
1770601864.0246263,BIT,0
1770601864.0246263,BIT,0
1770601864.0246263,BIT,0
1770601864.0246263,BIT,0
1770601864.0246263,BIT,0
1770601864.0246263,BIT,1
1770601864.1931036,BIT,0
1770601864.1931036,BIT,0
1770601864.1931036,BIT,0
1770601864.1931036,BIT,0
1770601864.1931036,BIT,0
1770601864.1931036,BIT,0
1770601864.1931036,BIT,0
1770601864.1931036,BIT,1
1770601864.1931036,BIT,0
1770601864.1931036,BIT,1
1770601864.362537,BIT,1
1770601864.362537,BIT,1
1770601864.362537,BIT,1
1770601864.362537,BIT,0
1770601864.362537,BIT,1
1770601864.362537,BIT,0
1770601864.362537,BIT,1
1770601864.362537,BIT,1
1770601864.362537,BIT,1
1770601864.362537,BIT,0
1770601864.5278115,BIT,0
1770601864.5278115,BIT,0
1770601864.5278115,BIT,0
1770601864.5278115,BIT,1
1770601864.5278115,BIT,1
1770601864.5278115,BIT,1
1770601864.5278115,BIT,0
1770601864.5278115,BIT,1
1770601864.5278115,BIT,1
1770601864.5278115,BIT,1
1770601864.702103,BIT,0
1770601864.702103,BIT,1
1770601864.702103,BIT,0
1770601864.702103,BIT,0
1770601864.702103,BIT,1
1770601864.702103,BIT,1
1770601864.702103,BIT,0
1770601864.702103,BIT,1
1770601864.702103,BIT,1
1770601864.702103,BIT,1
1770601864.9020467,BIT,0
1770601864.9020467,BIT,1
1770601864.9020467,BIT,1
1770601864.9020467,BIT,1
1770601864.9020467,BIT,1
1770601864.9020467,BIT,0
1770601864.9020467,BIT,0
1770601864.9020467,BIT,1
1770601864.9020467,BIT,1
1770601864.9020467,BIT,1
1770601865.0718386,BIT,1
1770601865.0718386,BIT,0
1770601865.0718386,BIT,0
1770601865.0718386,BIT,0
1770601865.0718386,BIT,0
1770601865.0718386,BIT,1
1770601865.0718386,BIT,1
1770601865.0718386,BIT,1
1770601865.0718386,BIT,0
1770601865.0718386,BIT,0
1770601865.2434757,BIT,0
1770601865.2434757,BIT,0
1770601865.2434757,BIT,0
1770601865.2434757,BIT,0
1770601865.2434757,BIT,0
1770601865.2434757,BIT,1
1770601865.2434757,BIT,1
1770601865.2434757,BIT,1
1770601865.2434757,BIT,1
1770601865.2434757,BIT,1
1770601865.4130301,BIT,0
1770601865.4130301,BIT,0
1770601865.4130301,BIT,0
1770601865.4130301,BIT,0
1770601865.4130301,BIT,1
1770601865.4130301,BIT,0
1770601865.4130301,BIT,1
1770601865.4130301,BIT,1
1770601865.4130301,BIT,0
1770601865.4130301,BIT,0
1770601865.5820403,BIT,0
1770601865.5820403,BIT,1
1770601865.5820403,BIT,1
1770601865.5820403,BIT,0
1770601865.5820403,BIT,0
1770601865.5820403,BIT,1
1770601865.5820403,BIT,0
1770601865.5820403,BIT,1
1770601865.5820403,BIT,0
1770601865.5820403,BIT,0
1770601865.7534053,BIT,0
1770601865.7534053,BIT,1
1770601865.7534053,BIT,1
1770601865.7534053,BIT,1
1770601865.7534053,BIT,1
1770601865.7534053,BIT,0
1770601865.7534053,BIT,0
1770601865.7534053,BIT,0
1770601865.7534053,BIT,0
1770601865.7534053,BIT,1
1770601865.92808,BIT,0
1770601865.92808,BIT,0
1770601865.92808,BIT,1
1770601865.92808,BIT,0
1770601865.92808,BIT,1
1770601865.92808,BIT,1
1770601865.92808,BIT,1
1770601865.92808,BIT,0
1770601865.92808,BIT,1
1770601865.92808,BIT,1
1770601866.0919821,BIT,1
1770601866.0919821,BIT,0
1770601866.0919821,BIT,0
1770601866.0919821,BIT,0
1770601866.0919821,BIT,0
1770601866.0919821,BIT,1
1770601866.0919821,BIT,0
1770601866.0919821,BIT,0
1770601866.0919821,BIT,0
1770601866.0919821,BIT,1
1770601866.2624822,BIT,0
1770601866.2624822,BIT,1
1770601866.2624822,BIT,1
1770601866.2624822,BIT,0
1770601866.2624822,BIT,1
1770601866.2624822,BIT,0
1770601866.2624822,BIT,1
1770601866.2624822,BIT,0
1770601866.2624822,BIT,0
1770601866.2624822,BIT,1
1770601866.4209995,BIT,0
1770601866.4209995,BIT,0
1770601866.4209995,BIT,0
1770601866.4209995,BIT,1
1770601866.4209995,BIT,0
1770601866.4209995,BIT,1
1770601866.4209995,BIT,0
1770601866.4209995,BIT,0
1770601866.4209995,BIT,0
1770601866.4209995,BIT,1
1770601866.5778487,BIT,0
1770601866.5778487,BIT,0
1770601866.5778487,BIT,1
1770601866.5778487,BIT,1
1770601866.5778487,BIT,0
1770601866.5778487,BIT,1
1770601866.5778487,BIT,0
1770601866.5778487,BIT,0
1770601866.5778487,BIT,0
1770601866.5778487,BIT,1
1770601866.743311,BIT,1
1770601866.743311,BIT,0
1770601866.743311,BIT,0
1770601866.743311,BIT,0
1770601866.743311,BIT,0
1770601866.743311,BIT,1
1770601866.743311,BIT,0
1770601866.743311,BIT,1
1770601866.743311,BIT,1
1770601866.743311,BIT,0
1770601866.9067822,BIT,1
1770601866.9067822,BIT,0
1770601866.9067822,BIT,1
1770601866.9067822,BIT,1
1770601866.9067822,BIT,1
1770601866.9067822,BIT,1
1770601866.9067822,BIT,0
1770601866.9067822,BIT,0
1770601866.9067822,BIT,0
1770601866.9067822,BIT,0
1770601867.0806222,BIT,1
1770601867.0806222,BIT,0
1770601867.0806222,BIT,0
1770601867.0806222,BIT,0
1770601867.0806222,BIT,1
1770601867.0806222,BIT,0
1770601867.0806222,BIT,0
1770601867.0806222,BIT,1
1770601867.0806222,BIT,0
1770601867.0806222,BIT,0
1770601867.2443342,BIT,1
1770601867.2443342,BIT,1
1770601867.2443342,BIT,0
1770601867.2443342,BIT,1
1770601867.2443342,BIT,1
1770601867.2443342,BIT,0
1770601867.2443342,BIT,0
1770601867.2443342,BIT,0
1770601867.2443342,BIT,0
1770601867.2443342,BIT,1
1770601867.4044456,BIT,1
1770601867.4044456,BIT,0
1770601867.4044456,BIT,1
1770601867.4044456,BIT,1
1770601867.4044456,BIT,0
1770601867.4044456,BIT,1
1770601867.4044456,BIT,1
1770601867.4044456,BIT,0
1770601867.4044456,BIT,0
1770601867.4044456,BIT,1
1770601867.5620544,BIT,0
1770601867.5620544,BIT,0
1770601867.5620544,BIT,0
1770601867.5620544,BIT,1
1770601867.5620544,BIT,0
1770601867.5620544,BIT,0
1770601867.5620544,BIT,0
1770601867.5620544,BIT,1
1770601867.5620544,BIT,0
1770601867.5620544,BIT,1
1770601867.7346933,BIT,1
1770601867.7346933,BIT,1
1770601867.7346933,BIT,1
1770601867.7346933,BIT,0
1770601867.7346933,BIT,0
1770601867.7346933,BIT,1
1770601867.7346933,BIT,1
1770601867.7346933,BIT,0
1770601867.7346933,BIT,1
1770601867.7346933,BIT,0
1770601867.9105294,BIT,1
1770601867.9105294,BIT,0
1770601867.9105294,BIT,0
1770601867.9105294,BIT,0
1770601867.9105294,BIT,0
1770601867.9105294,BIT,1
1770601867.9105294,BIT,0
1770601867.9105294,BIT,0
1770601867.9105294,BIT,0
1770601867.9105294,BIT,1
1770601868.0763493,BIT,0
1770601868.0763493,BIT,1
1770601868.0763493,BIT,0
1770601868.0763493,BIT,1
1770601868.0763493,BIT,0
1770601868.0763493,BIT,1
1770601868.0763493,BIT,0
1770601868.0763493,BIT,1
1770601868.0763493,BIT,0
1770601868.0763493,BIT,1
1770601868.2496371,BIT,0
1770601868.2496371,BIT,1
1770601868.2496371,BIT,1
1770601868.2496371,BIT,0
1770601868.2496371,BIT,1
1770601868.2496371,BIT,0
1770601868.2496371,BIT,1
1770601868.2496371,BIT,0
1770601868.2496371,BIT,1
1770601868.2496371,BIT,1
1770601868.4097924,BIT,1
1770601868.4097924,BIT,1
1770601868.4097924,BIT,1
1770601868.4097924,BIT,0
1770601868.4097924,BIT,1
1770601868.4097924,BIT,1
1770601868.4097924,BIT,1
1770601868.4097924,BIT,1
1770601868.4097924,BIT,0
1770601868.4097924,BIT,1
1770601868.571991,BIT,1
1770601868.571991,BIT,1
1770601868.571991,BIT,1
1770601868.571991,BIT,1
1770601868.571991,BIT,1
1770601868.571991,BIT,1
1770601868.571991,BIT,0
1770601868.571991,BIT,1
1770601868.571991,BIT,0
1770601868.571991,BIT,1
1770601868.7382753,BIT,0
1770601868.7382753,BIT,0
1770601868.7382753,BIT,1
1770601868.7382753,BIT,1
1770601868.7382753,BIT,1
1770601868.7382753,BIT,0
1770601868.7382753,BIT,0
1770601868.7382753,BIT,1
1770601868.7382753,BIT,0
1770601868.7382753,BIT,0
1770601868.9183507,BIT,1
1770601868.9183507,BIT,1
1770601868.9183507,BIT,1
1770601868.9183507,BIT,0
1770601868.9183507,BIT,1
1770601868.9183507,BIT,0
1770601868.9183507,BIT,0
1770601868.9183507,BIT,0
1770601868.9183507,BIT,0
1770601868.9183507,BIT,1
1770601869.085494,BIT,0
1770601869.085494,BIT,0
1770601869.085494,BIT,1
1770601869.085494,BIT,1
1770601869.085494,BIT,0
1770601869.085494,BIT,0
1770601869.085494,BIT,1
1770601869.085494,BIT,1
1770601869.085494,BIT,1
1770601869.085494,BIT,0
1770601869.2541666,BIT,0
1770601869.2541666,BIT,1
1770601869.2541666,BIT,1
1770601869.2541666,BIT,1
1770601869.2541666,BIT,0
1770601869.2541666,BIT,0
1770601869.2541666,BIT,0
1770601869.2541666,BIT,1
1770601869.2541666,BIT,1
1770601869.2541666,BIT,0
1770601869.4182422,BIT,0
1770601869.4182422,BIT,0
1770601869.4182422,BIT,0
1770601869.4182422,BIT,1
1770601869.4182422,BIT,0
1770601869.4182422,BIT,0
1770601869.4182422,BIT,0
1770601869.4182422,BIT,0
1770601869.4182422,BIT,1
1770601869.4182422,BIT,1
1770601869.5750642,BIT,0
1770601869.5750642,BIT,0
1770601869.5750642,BIT,1
1770601869.5750642,BIT,1
1770601869.5750642,BIT,1
1770601869.5750642,BIT,0
1770601869.5750642,BIT,1
1770601869.5750642,BIT,1
1770601869.5750642,BIT,0
1770601869.5750642,BIT,0
1770601869.7393444,BIT,1
1770601869.7393444,BIT,1
1770601869.7393444,BIT,1
1770601869.7393444,BIT,1
1770601869.7393444,BIT,1
1770601869.7393444,BIT,0
1770601869.7393444,BIT,1
1770601869.7393444,BIT,0
1770601869.7393444,BIT,0
1770601869.7393444,BIT,0
1770601869.9068742,BIT,0
1770601869.9068742,BIT,1
1770601869.9068742,BIT,1
1770601869.9068742,BIT,1
1770601869.9068742,BIT,0
1770601869.9068742,BIT,1
1770601869.9068742,BIT,1
1770601869.9068742,BIT,1
1770601869.9068742,BIT,1
1770601869.9068742,BIT,1
1770601870.085074,BIT,0
1770601870.085074,BIT,1
1770601870.085074,BIT,1
1770601870.085074,BIT,1
1770601870.085074,BIT,1
1770601870.085074,BIT,1
1770601870.085074,BIT,0
1770601870.085074,BIT,1
1770601870.085074,BIT,0
1770601870.085074,BIT,1
1770601870.2554624,BIT,1
1770601870.2554624,BIT,1
1770601870.2554624,BIT,0
1770601870.2554624,BIT,0
1770601870.2554624,BIT,0
1770601870.2554624,BIT,1
1770601870.2554624,BIT,0
1770601870.2554624,BIT,1
1770601870.2554624,BIT,0
1770601870.2554624,BIT,1
1770601870.4139392,BIT,1
1770601870.4139392,BIT,1
1770601870.4139392,BIT,0
1770601870.4139392,BIT,1
1770601870.4139392,BIT,1
1770601870.4139392,BIT,1
1770601870.4139392,BIT,0
1770601870.4139392,BIT,0
1770601870.4139392,BIT,0
1770601870.4139392,BIT,1
1770601870.5771043,BIT,0
1770601870.5771043,BIT,1
1770601870.5771043,BIT,1
1770601870.5771043,BIT,1
1770601870.5771043,BIT,1
1770601870.5771043,BIT,1
1770601870.5771043,BIT,1
1770601870.5771043,BIT,0
1770601870.5771043,BIT,0
1770601870.5771043,BIT,0
1770601870.7430625,BIT,1
1770601870.7430625,BIT,0
1770601870.7430625,BIT,1
1770601870.7430625,BIT,1
1770601870.7430625,BIT,0
1770601870.7430625,BIT,0
1770601870.7430625,BIT,1
1770601870.7430625,BIT,1
1770601870.7430625,BIT,1
1770601870.7430625,BIT,1
1770601870.9051502,BIT,0
1770601870.9051502,BIT,1
1770601870.9051502,BIT,1
1770601870.9051502,BIT,1
1770601870.9051502,BIT,0
1770601870.9051502,BIT,1
1770601870.9051502,BIT,0
1770601870.9051502,BIT,1
1770601870.9051502,BIT,0
1770601870.9051502,BIT,1
1770601871.0825582,BIT,0
1770601871.0825582,BIT,1
1770601871.0825582,BIT,1
1770601871.0825582,BIT,0
1770601871.0825582,BIT,1
1770601871.0825582,BIT,0
1770601871.0825582,BIT,1
1770601871.0825582,BIT,0
1770601871.0825582,BIT,0
1770601871.0825582,BIT,0
1770601871.2514362,BIT,0
1770601871.2514362,BIT,0
1770601871.2514362,BIT,1
1770601871.2514362,BIT,0
1770601871.2514362,BIT,0
1770601871.2514362,BIT,1
1770601871.2514362,BIT,0
1770601871.2514362,BIT,1
1770601871.2514362,BIT,1
1770601871.2514362,BIT,0
1770601871.402701,BIT,1
1770601871.402701,BIT,1
1770601871.402701,BIT,0
1770601871.402701,BIT,1
1770601871.402701,BIT,1
1770601871.402701,BIT,1
1770601871.402701,BIT,1
1770601871.402701,BIT,0
1770601871.402701,BIT,0
1770601871.402701,BIT,1
1770601871.5579438,BIT,1
1770601871.5579438,BIT,1
1770601871.5579438,BIT,0
1770601871.5579438,BIT,1
1770601871.5579438,BIT,0
1770601871.5579438,BIT,0
1770601871.5579438,BIT,0
1770601871.5579438,BIT,1
1770601871.5579438,BIT,1
1770601871.5579438,BIT,1
1770601871.7347963,BIT,0
1770601871.7347963,BIT,0
1770601871.7347963,BIT,1
1770601871.7347963,BIT,0
1770601871.7347963,BIT,0
1770601871.7347963,BIT,0
1770601871.7347963,BIT,1
1770601871.7347963,BIT,0
1770601871.7347963,BIT,0
1770601871.7347963,BIT,0
1770601871.91548,BIT,1
1770601871.91548,BIT,0
1770601871.91548,BIT,1
1770601871.91548,BIT,0
1770601871.91548,BIT,1
1770601871.91548,BIT,1
1770601871.91548,BIT,0
1770601871.91548,BIT,0
1770601871.91548,BIT,0
1770601871.91548,BIT,1
1770601872.0776358,BIT,0
1770601872.0776358,BIT,1
1770601872.0776358,BIT,0
1770601872.0776358,BIT,1
1770601872.0776358,BIT,0
1770601872.0776358,BIT,1
1770601872.0776358,BIT,0
1770601872.0776358,BIT,0
1770601872.0776358,BIT,1
1770601872.0776358,BIT,1
1770601872.261967,BIT,1
1770601872.261967,BIT,0
1770601872.261967,BIT,1
1770601872.261967,BIT,0
1770601872.261967,BIT,0
1770601872.261967,BIT,0
1770601872.261967,BIT,0
1770601872.261967,BIT,1
1770601872.261967,BIT,0
1770601872.261967,BIT,0
1770601872.4279892,BIT,1
1770601872.4279892,BIT,1
1770601872.4279892,BIT,0
1770601872.4279892,BIT,1
1770601872.4279892,BIT,0
1770601872.4279892,BIT,0
1770601872.4279892,BIT,0
1770601872.4279892,BIT,0
1770601872.4279892,BIT,0
1770601872.4279892,BIT,1
1770601872.5848498,BIT,1
1770601872.5848498,BIT,0
1770601872.5848498,BIT,0
1770601872.5848498,BIT,1
1770601872.5848498,BIT,0
1770601872.5848498,BIT,0
1770601872.5848498,BIT,1
1770601872.5848498,BIT,1
1770601872.5848498,BIT,0
1770601872.5848498,BIT,0
1770601872.7498639,BIT,0
1770601872.7498639,BIT,0
1770601872.7498639,BIT,1
1770601872.7498639,BIT,0
1770601872.7498639,BIT,1
1770601872.7498639,BIT,1
1770601872.7498639,BIT,0
1770601872.7498639,BIT,1
1770601872.7498639,BIT,1
1770601872.7498639,BIT,1
1770601872.9222577,BIT,0
1770601872.9222577,BIT,0
1770601872.9222577,BIT,1
1770601872.9222577,BIT,1
1770601872.9222577,BIT,0
1770601872.9222577,BIT,0
1770601872.9222577,BIT,1
1770601872.9222577,BIT,0
1770601872.9222577,BIT,0
1770601872.9222577,BIT,0
1770601873.0883884,BIT,0
1770601873.0883884,BIT,0
1770601873.0883884,BIT,0
1770601873.0883884,BIT,0
1770601873.0883884,BIT,1
1770601873.0883884,BIT,0
1770601873.0883884,BIT,1
1770601873.0883884,BIT,0
1770601873.0883884,BIT,1
1770601873.0883884,BIT,1
1770601873.256637,BIT,1
1770601873.256637,BIT,1
1770601873.256637,BIT,0
1770601873.256637,BIT,0
1770601873.256637,BIT,0
1770601873.256637,BIT,0
1770601873.256637,BIT,0
1770601873.256637,BIT,0
1770601873.256637,BIT,0
1770601873.256637,BIT,0
1770601873.417279,BIT,1
1770601873.417279,BIT,0
1770601873.417279,BIT,1
1770601873.417279,BIT,1
1770601873.417279,BIT,1
1770601873.417279,BIT,0
1770601873.417279,BIT,1
1770601873.417279,BIT,1
1770601873.417279,BIT,1
1770601873.417279,BIT,1
1770601873.5852578,BIT,1
1770601873.5852578,BIT,1
1770601873.5852578,BIT,1
1770601873.5852578,BIT,0
1770601873.5852578,BIT,0
1770601873.5852578,BIT,1
1770601873.5852578,BIT,1
1770601873.5852578,BIT,0
1770601873.5852578,BIT,1
1770601873.5852578,BIT,0
1770601873.7480712,BIT,0
1770601873.7480712,BIT,1
1770601873.7480712,BIT,1
1770601873.7480712,BIT,0
1770601873.7480712,BIT,1
1770601873.7480712,BIT,1
1770601873.7480712,BIT,1
1770601873.7480712,BIT,1
1770601873.7480712,BIT,1
1770601873.7480712,BIT,1
1770601873.9382675,BIT,1
1770601873.9382675,BIT,1
1770601873.9382675,BIT,0
1770601873.9382675,BIT,0
1770601873.9382675,BIT,1
1770601873.9382675,BIT,0
1770601873.9382675,BIT,1
1770601873.9382675,BIT,0
1770601873.9382675,BIT,1
1770601873.9382675,BIT,1
1770601874.1066718,BIT,0
1770601874.1066718,BIT,1
1770601874.1066718,BIT,1
1770601874.1066718,BIT,1
1770601874.1066718,BIT,0
1770601874.1066718,BIT,0
1770601874.1066718,BIT,1
1770601874.1066718,BIT,1
1770601874.1066718,BIT,1
1770601874.1066718,BIT,0
1770601874.2768004,BIT,0
1770601874.2768004,BIT,1
1770601874.2768004,BIT,1
1770601874.2768004,BIT,1
1770601874.2768004,BIT,1
1770601874.2768004,BIT,1
1770601874.2768004,BIT,1
1770601874.2768004,BIT,1
1770601874.2768004,BIT,0
1770601874.2768004,BIT,0
1770601874.4436793,BIT,0
1770601874.4436793,BIT,1
1770601874.4436793,BIT,0
1770601874.4436793,BIT,1
1770601874.4436793,BIT,0
1770601874.4436793,BIT,1
1770601874.4436793,BIT,0
1770601874.4436793,BIT,1
1770601874.4436793,BIT,1
1770601874.4436793,BIT,1
1770601874.6177871,BIT,0
1770601874.6177871,BIT,1
1770601874.6177871,BIT,1
1770601874.6177871,BIT,1
1770601874.6177871,BIT,0
1770601874.6177871,BIT,0
1770601874.6177871,BIT,0
1770601874.6177871,BIT,0
1770601874.6177871,BIT,1
1770601874.6177871,BIT,0
1770601874.8012607,BIT,1
1770601874.8012607,BIT,1
1770601874.8012607,BIT,1
1770601874.8012607,BIT,1
1770601874.8012607,BIT,0
1770601874.8012607,BIT,1
1770601874.8012607,BIT,0
1770601874.8012607,BIT,1
1770601874.8012607,BIT,1
1770601874.8012607,BIT,1
1770601874.9741096,BIT,1
1770601874.9741096,BIT,1
1770601874.9741096,BIT,0
1770601874.9741096,BIT,0
1770601874.9741096,BIT,0
1770601874.9741096,BIT,0
1770601874.9741096,BIT,1
1770601874.9741096,BIT,0
1770601874.9741096,BIT,0
1770601874.9741096,BIT,0
1770601875.1544702,BIT,0
1770601875.1544702,BIT,0
1770601875.1544702,BIT,0
1770601875.1544702,BIT,1
1770601875.1544702,BIT,1
1770601875.1544702,BIT,1
1770601875.1544702,BIT,1
1770601875.1544702,BIT,1
1770601875.1544702,BIT,1
1770601875.1544702,BIT,0
1770601875.3322835,BIT,0
1770601875.3322835,BIT,1
1770601875.3322835,BIT,0
1770601875.3322835,BIT,0
1770601875.3322835,BIT,0
1770601875.3322835,BIT,0
1770601875.3322835,BIT,0
1770601875.3322835,BIT,0
1770601875.3322835,BIT,0
1770601875.3322835,BIT,1
1770601875.5010962,BIT,1
1770601875.5010962,BIT,1
1770601875.5010962,BIT,0
1770601875.5010962,BIT,1
1770601875.5010962,BIT,0
1770601875.5010962,BIT,0
1770601875.5010962,BIT,0
1770601875.5010962,BIT,0
1770601875.5010962,BIT,0
1770601875.5010962,BIT,0
1770601875.6604772,BIT,0
1770601875.6604772,BIT,0
1770601875.6604772,BIT,1
1770601875.6604772,BIT,1
1770601875.6604772,BIT,1
1770601875.6604772,BIT,1
1770601875.6604772,BIT,0
1770601875.6604772,BIT,0
1770601875.6604772,BIT,1
1770601875.6604772,BIT,1
1770601875.8310194,BIT,1
1770601875.8310194,BIT,1
1770601875.8310194,BIT,0
1770601875.8310194,BIT,0
1770601875.8310194,BIT,0
1770601875.8310194,BIT,1
1770601875.8310194,BIT,0
1770601875.8310194,BIT,1
1770601875.8310194,BIT,0
1770601875.8310194,BIT,0
1770601876.0016363,BIT,0
1770601876.0016363,BIT,1
1770601876.0016363,BIT,1
1770601876.0016363,BIT,0
1770601876.0016363,BIT,1
1770601876.0016363,BIT,1
1770601876.0016363,BIT,1
1770601876.0016363,BIT,0
1770601876.0016363,BIT,0
1770601876.0016363,BIT,0
1770601876.1699483,BIT,1
1770601876.1699483,BIT,1
1770601876.1699483,BIT,1
1770601876.1699483,BIT,0
1770601876.1699483,BIT,0
1770601876.1699483,BIT,0
1770601876.1699483,BIT,1
1770601876.1699483,BIT,1
1770601876.1699483,BIT,1
1770601876.1699483,BIT,0
1770601876.3466184,BIT,1
1770601876.3466184,BIT,0
1770601876.3466184,BIT,1
1770601876.3466184,BIT,0
1770601876.3466184,BIT,0
1770601876.3466184,BIT,1
1770601876.3466184,BIT,0
1770601876.3466184,BIT,1
1770601876.3466184,BIT,0
1770601876.3466184,BIT,0
1770601876.5088215,BIT,1
1770601876.5088215,BIT,0
1770601876.5088215,BIT,0
1770601876.5088215,BIT,1
1770601876.5088215,BIT,1
1770601876.5088215,BIT,0
1770601876.5088215,BIT,1
1770601876.5088215,BIT,0
1770601876.5088215,BIT,0
1770601876.5088215,BIT,1
1770601876.677844,BIT,0
1770601876.677844,BIT,1
1770601876.677844,BIT,0
1770601876.677844,BIT,0
1770601876.677844,BIT,0
1770601876.677844,BIT,1
1770601876.677844,BIT,0
1770601876.677844,BIT,0
1770601876.677844,BIT,1
1770601876.677844,BIT,0
1770601876.8600032,BIT,1
1770601876.8600032,BIT,1
1770601876.8600032,BIT,1
1770601876.8600032,BIT,1
1770601876.8600032,BIT,1
1770601876.8600032,BIT,0
1770601876.8600032,BIT,0
1770601876.8600032,BIT,0
1770601876.8600032,BIT,0
1770601876.8600032,BIT,0
1770601877.038121,BIT,1
1770601877.038121,BIT,1
1770601877.038121,BIT,0
1770601877.038121,BIT,0
1770601877.038121,BIT,0
1770601877.038121,BIT,1
1770601877.038121,BIT,0
1770601877.038121,BIT,1
1770601877.038121,BIT,1
1770601877.038121,BIT,1
1770601877.2113388,BIT,1
1770601877.2113388,BIT,1
1770601877.2113388,BIT,1
1770601877.2113388,BIT,0
1770601877.2113388,BIT,1
1770601877.2113388,BIT,1
1770601877.2113388,BIT,1
1770601877.2113388,BIT,1
1770601877.2113388,BIT,1
1770601877.2113388,BIT,0
1770601877.3836272,BIT,1
1770601877.3836272,BIT,1
1770601877.3836272,BIT,0
1770601877.3836272,BIT,1
1770601877.3836272,BIT,1
1770601877.3836272,BIT,1
1770601877.3836272,BIT,0
1770601877.3836272,BIT,0
1770601877.3836272,BIT,0
1770601877.3836272,BIT,0
1770601877.556161,BIT,1
1770601877.556161,BIT,0
1770601877.556161,BIT,0
1770601877.556161,BIT,0
1770601877.556161,BIT,0
1770601877.556161,BIT,1
1770601877.556161,BIT,1
1770601877.556161,BIT,1
1770601877.556161,BIT,0
1770601877.556161,BIT,1
1770601877.7334645,BIT,0
1770601877.7334645,BIT,0
1770601877.7334645,BIT,1
1770601877.7334645,BIT,1
1770601877.7334645,BIT,0
1770601877.7334645,BIT,1
1770601877.7334645,BIT,1
1770601877.7334645,BIT,1
1770601877.7334645,BIT,0
1770601877.7334645,BIT,0
1770601877.9169228,BIT,0
1770601877.9169228,BIT,0
1770601877.9169228,BIT,1
1770601877.9169228,BIT,0
1770601877.9169228,BIT,0
1770601877.9169228,BIT,0
1770601877.9169228,BIT,0
1770601877.9169228,BIT,1
1770601877.9169228,BIT,1
1770601877.9169228,BIT,1
1770601878.0927296,BIT,0
1770601878.0927296,BIT,1
1770601878.0927296,BIT,0
1770601878.0927296,BIT,0
1770601878.0927296,BIT,0
1770601878.0927296,BIT,0
1770601878.0927296,BIT,1
1770601878.0927296,BIT,0
1770601878.0927296,BIT,1
1770601878.0927296,BIT,0
1770601878.2747357,BIT,1
1770601878.2747357,BIT,0
1770601878.2747357,BIT,1
1770601878.2747357,BIT,0
1770601878.2747357,BIT,1
1770601878.2747357,BIT,1
1770601878.2747357,BIT,0
1770601878.2747357,BIT,1
1770601878.2747357,BIT,0
1770601878.2747357,BIT,0
1770601878.4434059,BIT,1
1770601878.4434059,BIT,0
1770601878.4434059,BIT,1
1770601878.4434059,BIT,0
1770601878.4434059,BIT,0
1770601878.4434059,BIT,0
1770601878.4434059,BIT,0
1770601878.4434059,BIT,1
1770601878.4434059,BIT,1
1770601878.4434059,BIT,1
1770601878.6050947,BIT,1
1770601878.6050947,BIT,1
1770601878.6050947,BIT,0
1770601878.6050947,BIT,1
1770601878.6050947,BIT,0
1770601878.6050947,BIT,0
1770601878.6050947,BIT,1
1770601878.6050947,BIT,0
1770601878.6050947,BIT,1
1770601878.6050947,BIT,1
1770601878.7810829,BIT,0
1770601878.7810829,BIT,0
1770601878.7810829,BIT,0
1770601878.7810829,BIT,0
1770601878.7810829,BIT,0
1770601878.7810829,BIT,0
1770601878.7810829,BIT,0
1770601878.7810829,BIT,0
1770601878.7810829,BIT,1
1770601878.7810829,BIT,0
1770601878.9535756,BIT,1
1770601878.9535756,BIT,1
1770601878.9535756,BIT,1
1770601878.9535756,BIT,0
1770601878.9535756,BIT,0
1770601878.9535756,BIT,1
1770601878.9535756,BIT,1
1770601878.9535756,BIT,0
1770601878.9535756,BIT,0
1770601878.9535756,BIT,0
1770601879.1173875,BIT,0
1770601879.1173875,BIT,1
1770601879.1173875,BIT,1
1770601879.1173875,BIT,0
1770601879.1173875,BIT,1
1770601879.1173875,BIT,1
1770601879.1173875,BIT,0
1770601879.1173875,BIT,1
1770601879.1173875,BIT,1
1770601879.1173875,BIT,1
1770601879.2879736,BIT,0
1770601879.2879736,BIT,1
1770601879.2879736,BIT,1
1770601879.2879736,BIT,0
1770601879.2879736,BIT,1
1770601879.2879736,BIT,1
1770601879.2879736,BIT,0
1770601879.2879736,BIT,0
1770601879.2879736,BIT,0
1770601879.2879736,BIT,1
1770601879.4544435,BIT,0
1770601879.4544435,BIT,0
1770601879.4544435,BIT,0
1770601879.4544435,BIT,0
1770601879.4544435,BIT,1
1770601879.4544435,BIT,1
1770601879.4544435,BIT,1
1770601879.4544435,BIT,0
1770601879.4544435,BIT,1
1770601879.4544435,BIT,0
1770601879.6206777,BIT,0
1770601879.6206777,BIT,0
1770601879.6206777,BIT,1
1770601879.6206777,BIT,1
1770601879.6206777,BIT,1
1770601879.6206777,BIT,0
1770601879.6206777,BIT,1
1770601879.6206777,BIT,1
1770601879.6206777,BIT,0
1770601879.6206777,BIT,0
1770601879.794351,BIT,0
1770601879.794351,BIT,1
1770601879.794351,BIT,0
1770601879.794351,BIT,0
1770601879.794351,BIT,1
1770601879.794351,BIT,1
1770601879.794351,BIT,1
1770601879.794351,BIT,1
1770601879.794351,BIT,0
1770601879.794351,BIT,1
1770601879.9539576,BIT,1
1770601879.9539576,BIT,0
1770601879.9539576,BIT,0
1770601879.9539576,BIT,1
1770601879.9539576,BIT,0
1770601879.9539576,BIT,1
1770601879.9539576,BIT,1
1770601879.9539576,BIT,0
1770601879.9539576,BIT,0
1770601879.9539576,BIT,0
1770601880.127515,BIT,1
1770601880.127515,BIT,1
1770601880.127515,BIT,1
1770601880.127515,BIT,0
1770601880.127515,BIT,0
1770601880.127515,BIT,1
1770601880.127515,BIT,1
1770601880.127515,BIT,1
1770601880.127515,BIT,1
1770601880.127515,BIT,1
1770601880.2956939,BIT,1
1770601880.2956939,BIT,0
1770601880.2956939,BIT,0
1770601880.2956939,BIT,0
1770601880.2956939,BIT,1
1770601880.2956939,BIT,1
1770601880.2956939,BIT,1
1770601880.2956939,BIT,1
1770601880.2956939,BIT,1
1770601880.2956939,BIT,0
1770601880.4679227,BIT,1
1770601880.4679227,BIT,1
1770601880.4679227,BIT,0
1770601880.4679227,BIT,1
1770601880.4679227,BIT,1
1770601880.4679227,BIT,0
1770601880.4679227,BIT,0
1770601880.4679227,BIT,0
1770601880.4679227,BIT,1
1770601880.4679227,BIT,1
1770601880.6405323,BIT,0
1770601880.6405323,BIT,1
1770601880.6405323,BIT,0
1770601880.6405323,BIT,0
1770601880.6405323,BIT,1
1770601880.6405323,BIT,1
1770601880.6405323,BIT,0
1770601880.6405323,BIT,0
1770601880.6405323,BIT,0
1770601880.6405323,BIT,1
1770601880.8138223,BIT,1
1770601880.8138223,BIT,1
1770601880.8138223,BIT,1
1770601880.8138223,BIT,0
1770601880.8138223,BIT,1
1770601880.8138223,BIT,0
1770601880.8138223,BIT,0
1770601880.8138223,BIT,1
1770601880.8138223,BIT,0
1770601880.8138223,BIT,1
1770601880.9934487,BIT,1
1770601880.9934487,BIT,0
1770601880.9934487,BIT,0
1770601880.9934487,BIT,1
1770601880.9934487,BIT,1
1770601880.9934487,BIT,0
1770601880.9934487,BIT,0
1770601880.9934487,BIT,1
1770601880.9934487,BIT,0
1770601880.9934487,BIT,0
1770601881.1684034,BIT,0
1770601881.1684034,BIT,0
1770601881.1684034,BIT,0
1770601881.1684034,BIT,1
1770601881.1684034,BIT,0
1770601881.1684034,BIT,0
1770601881.1684034,BIT,0
1770601881.1684034,BIT,1
1770601881.1684034,BIT,0
1770601881.1684034,BIT,1
1770601881.3510084,BIT,1
1770601881.3510084,BIT,0
1770601881.3510084,BIT,0
1770601881.3510084,BIT,1
1770601881.3510084,BIT,1
1770601881.3510084,BIT,0
1770601881.3510084,BIT,0
1770601881.3510084,BIT,0
1770601881.3510084,BIT,1
1770601881.3510084,BIT,0
1770601881.5101812,BIT,1
1770601881.5101812,BIT,0
1770601881.5101812,BIT,1
1770601881.5101812,BIT,0
1770601881.5101812,BIT,0
1770601881.5101812,BIT,1
1770601881.5101812,BIT,1
1770601881.5101812,BIT,1
1770601881.5101812,BIT,0
1770601881.5101812,BIT,0
1770601881.6734858,BIT,1
1770601881.6734858,BIT,0
1770601881.6734858,BIT,1
1770601881.6734858,BIT,1
1770601881.6734858,BIT,0
1770601881.6734858,BIT,1
1770601881.6734858,BIT,1
1770601881.6734858,BIT,0
1770601881.6734858,BIT,1
1770601881.6734858,BIT,1
1770601881.8456101,BIT,1
1770601881.8456101,BIT,0
1770601881.8456101,BIT,0
1770601881.8456101,BIT,1
1770601881.8456101,BIT,1
1770601881.8456101,BIT,1
1770601881.8456101,BIT,0
1770601881.8456101,BIT,1
1770601881.8456101,BIT,1
1770601881.8456101,BIT,0
1770601882.0246358,BIT,0
1770601882.0246358,BIT,1
1770601882.0246358,BIT,1
1770601882.0246358,BIT,1
1770601882.0246358,BIT,0
1770601882.0246358,BIT,1
1770601882.0246358,BIT,1
1770601882.0246358,BIT,0
1770601882.0246358,BIT,1
1770601882.0246358,BIT,0
1770601882.1896522,BIT,1
1770601882.1896522,BIT,0
1770601882.1896522,BIT,0
1770601882.1896522,BIT,0
1770601882.1896522,BIT,1
1770601882.1896522,BIT,1
1770601882.1896522,BIT,1
1770601882.1896522,BIT,0
1770601882.1896522,BIT,0
1770601882.1896522,BIT,1
1770601882.359163,BIT,0
1770601882.359163,BIT,0
1770601882.359163,BIT,1
1770601882.359163,BIT,0
1770601882.359163,BIT,1
1770601882.359163,BIT,0
1770601882.359163,BIT,1
1770601882.359163,BIT,1
1770601882.359163,BIT,0
1770601882.359163,BIT,0
1770601882.5146766,BIT,0
1770601882.5146766,BIT,0
1770601882.5146766,BIT,1
1770601882.5146766,BIT,0
1770601882.5146766,BIT,0
1770601882.5146766,BIT,0
1770601882.5146766,BIT,1
1770601882.5146766,BIT,1
1770601882.5146766,BIT,0
1770601882.5146766,BIT,1
1770601882.6868114,BIT,0
1770601882.6868114,BIT,0
1770601882.6868114,BIT,0
1770601882.6868114,BIT,1
1770601882.6868114,BIT,0
1770601882.6868114,BIT,1
1770601882.6868114,BIT,1
1770601882.6868114,BIT,0
1770601882.6868114,BIT,0
1770601882.6868114,BIT,0
1770601882.8571548,BIT,0
1770601882.8571548,BIT,1
1770601882.8571548,BIT,1
1770601882.8571548,BIT,0
1770601882.8571548,BIT,0
1770601882.8571548,BIT,0
1770601882.8571548,BIT,0
1770601882.8571548,BIT,1
1770601882.8571548,BIT,0
1770601882.8571548,BIT,1
1770601883.0252385,BIT,0
1770601883.0252385,BIT,0
1770601883.0252385,BIT,1
1770601883.0252385,BIT,1
1770601883.0252385,BIT,0
1770601883.0252385,BIT,0
1770601883.0252385,BIT,0
1770601883.0252385,BIT,1
1770601883.0252385,BIT,0
1770601883.0252385,BIT,0
1770601883.1978464,BIT,0
1770601883.1978464,BIT,0
1770601883.1978464,BIT,0
1770601883.1978464,BIT,0
1770601883.1978464,BIT,0
1770601883.1978464,BIT,1
1770601883.1978464,BIT,1
1770601883.1978464,BIT,0
1770601883.1978464,BIT,1
1770601883.1978464,BIT,0
1770601883.3690438,BIT,1
1770601883.3690438,BIT,1
1770601883.3690438,BIT,1
1770601883.3690438,BIT,1
1770601883.3690438,BIT,0
1770601883.3690438,BIT,1
1770601883.3690438,BIT,1
1770601883.3690438,BIT,0
1770601883.3690438,BIT,1
1770601883.3690438,BIT,1
1770601883.532646,BIT,0
1770601883.532646,BIT,1
1770601883.532646,BIT,0
1770601883.532646,BIT,1
1770601883.532646,BIT,0
1770601883.532646,BIT,1
1770601883.532646,BIT,0
1770601883.532646,BIT,1
1770601883.532646,BIT,1
1770601883.532646,BIT,0
1770601883.6967914,BIT,0
1770601883.6967914,BIT,1
1770601883.6967914,BIT,0
1770601883.6967914,BIT,0
1770601883.6967914,BIT,1
1770601883.6967914,BIT,1
1770601883.6967914,BIT,0
1770601883.6967914,BIT,1
1770601883.6967914,BIT,0
1770601883.6967914,BIT,0
1770601883.9082985,BIT,0
1770601883.9082985,BIT,1
1770601883.9082985,BIT,0
1770601883.9082985,BIT,0
1770601883.9082985,BIT,0
1770601883.9082985,BIT,1
1770601883.9082985,BIT,1
1770601883.9082985,BIT,1
1770601883.9082985,BIT,1
1770601883.9082985,BIT,1
1770601884.1027098,BIT,0
1770601884.1027098,BIT,0
1770601884.1027098,BIT,0
1770601884.1027098,BIT,0
1770601884.1027098,BIT,0
1770601884.1027098,BIT,1
1770601884.1027098,BIT,0
1770601884.1027098,BIT,1
1770601884.1027098,BIT,0
1770601884.1027098,BIT,1
1770601884.31008,BIT,0
1770601884.31008,BIT,0
1770601884.31008,BIT,1
1770601884.31008,BIT,1
1770601884.31008,BIT,0
1770601884.31008,BIT,0
1770601884.31008,BIT,1
1770601884.31008,BIT,0
1770601884.31008,BIT,0
1770601884.31008,BIT,0
1770601884.5098763,BIT,1
1770601884.5098763,BIT,1
1770601884.5098763,BIT,1
1770601884.5098763,BIT,1
1770601884.5098763,BIT,0
1770601884.5098763,BIT,0
1770601884.5098763,BIT,0
1770601884.5098763,BIT,0
1770601884.5098763,BIT,1
1770601884.5098763,BIT,1
1770601884.6958687,BIT,0
1770601884.6958687,BIT,1
1770601884.6958687,BIT,1
1770601884.6958687,BIT,1
1770601884.6958687,BIT,1
1770601884.6958687,BIT,0
1770601884.6958687,BIT,0
1770601884.6958687,BIT,1
1770601884.6958687,BIT,0
1770601884.6958687,BIT,1
1770601884.9040182,BIT,0
1770601884.9040182,BIT,0
1770601884.9040182,BIT,1
1770601884.9040182,BIT,1
1770601884.9040182,BIT,1
1770601884.9040182,BIT,0
1770601884.9040182,BIT,1
1770601884.9040182,BIT,0
1770601884.9040182,BIT,1
1770601884.9040182,BIT,0
1770601885.101519,BIT,1
1770601885.101519,BIT,1
1770601885.101519,BIT,0
1770601885.101519,BIT,1
1770601885.101519,BIT,0
1770601885.101519,BIT,1
1770601885.101519,BIT,1
1770601885.101519,BIT,0
1770601885.101519,BIT,0
1770601885.101519,BIT,0
1770601885.3124034,BIT,0
1770601885.3124034,BIT,0
1770601885.3124034,BIT,1
1770601885.3124034,BIT,0
1770601885.3124034,BIT,1
1770601885.3124034,BIT,0
1770601885.3124034,BIT,1
1770601885.3124034,BIT,0
1770601885.3124034,BIT,0
1770601885.3124034,BIT,1
1770601885.497207,BIT,1
1770601885.497207,BIT,1
1770601885.497207,BIT,1
1770601885.497207,BIT,0
1770601885.497207,BIT,1
1770601885.497207,BIT,1
1770601885.497207,BIT,0
1770601885.497207,BIT,0
1770601885.497207,BIT,0
1770601885.497207,BIT,0
1770601885.7181888,BIT,0
1770601885.7181888,BIT,1
1770601885.7181888,BIT,0
1770601885.7181888,BIT,0
1770601885.7181888,BIT,1
1770601885.7181888,BIT,0
1770601885.7181888,BIT,0
1770601885.7181888,BIT,0
1770601885.7181888,BIT,0
1770601885.7181888,BIT,0
1770601885.9327085,BIT,0
1770601885.9327085,BIT,1
1770601885.9327085,BIT,0
1770601885.9327085,BIT,1
1770601885.9327085,BIT,1
1770601885.9327085,BIT,0
1770601885.9327085,BIT,0
1770601885.9327085,BIT,0
1770601885.9327085,BIT,1
1770601885.9327085,BIT,0
1770601886.1368878,BIT,0
1770601886.1368878,BIT,0
1770601886.1368878,BIT,1
1770601886.1368878,BIT,1
1770601886.1368878,BIT,1
1770601886.1368878,BIT,0
1770601886.1368878,BIT,1
1770601886.1368878,BIT,1
1770601886.1368878,BIT,1
1770601886.1368878,BIT,1
1770601886.3381464,BIT,0
1770601886.3381464,BIT,1
1770601886.3381464,BIT,1
1770601886.3381464,BIT,1
1770601886.3381464,BIT,0
1770601886.3381464,BIT,1
1770601886.3381464,BIT,1
1770601886.3381464,BIT,1
1770601886.3381464,BIT,1
1770601886.3381464,BIT,0
1770601886.5505137,BIT,0
1770601886.5505137,BIT,0
1770601886.5505137,BIT,0
1770601886.5505137,BIT,0
1770601886.5505137,BIT,0
1770601886.5505137,BIT,0
1770601886.5505137,BIT,1
1770601886.5505137,BIT,0
1770601886.5505137,BIT,1
1770601886.5505137,BIT,1
1770601886.75649,BIT,1
1770601886.75649,BIT,1
1770601886.75649,BIT,0
1770601886.75649,BIT,0
1770601886.75649,BIT,0
1770601886.75649,BIT,1
1770601886.75649,BIT,0
1770601886.75649,BIT,1
1770601886.75649,BIT,1
1770601886.75649,BIT,1
1770601886.9783928,BIT,1
1770601886.9783928,BIT,1
1770601886.9783928,BIT,1
1770601886.9783928,BIT,0
1770601886.9783928,BIT,0
1770601886.9783928,BIT,1
1770601886.9783928,BIT,1
1770601886.9783928,BIT,1
1770601886.9783928,BIT,1
1770601886.9783928,BIT,1
1770601887.1879683,BIT,0
1770601887.1879683,BIT,1
1770601887.1879683,BIT,0
1770601887.1879683,BIT,0
1770601887.1879683,BIT,1
1770601887.1879683,BIT,0
1770601887.1879683,BIT,0
1770601887.1879683,BIT,0
1770601887.1879683,BIT,1
1770601887.1879683,BIT,1
1770601887.3948808,BIT,1
1770601887.3948808,BIT,1
1770601887.3948808,BIT,1
1770601887.3948808,BIT,1
1770601887.3948808,BIT,1
1770601887.3948808,BIT,0
1770601887.3948808,BIT,0
1770601887.3948808,BIT,1
1770601887.3948808,BIT,0
1770601887.3948808,BIT,1
1770601887.5998356,BIT,0
1770601887.5998356,BIT,1
1770601887.5998356,BIT,1
1770601887.5998356,BIT,1
1770601887.5998356,BIT,1
1770601887.5998356,BIT,0
1770601887.5998356,BIT,0
1770601887.5998356,BIT,0
1770601887.5998356,BIT,1
1770601887.5998356,BIT,0
1770601887.8203142,BIT,0
1770601887.8203142,BIT,0
1770601887.8203142,BIT,0
1770601887.8203142,BIT,0
1770601887.8203142,BIT,1
1770601887.8203142,BIT,0
1770601887.8203142,BIT,0
1770601887.8203142,BIT,1
1770601887.8203142,BIT,1
1770601887.8203142,BIT,1
1770601888.0226426,BIT,1
1770601888.0226426,BIT,0
1770601888.0226426,BIT,0
1770601888.0226426,BIT,1
1770601888.0226426,BIT,0
1770601888.0226426,BIT,0
1770601888.0226426,BIT,1
1770601888.0226426,BIT,1
1770601888.0226426,BIT,0
1770601888.0226426,BIT,0
1770601888.2373002,BIT,0
1770601888.2373002,BIT,1
1770601888.2373002,BIT,0
1770601888.2373002,BIT,1
1770601888.2373002,BIT,0
1770601888.2373002,BIT,1
1770601888.2373002,BIT,0
1770601888.2373002,BIT,1
1770601888.2373002,BIT,0
1770601888.2373002,BIT,0
1770601888.4429085,BIT,1
1770601888.4429085,BIT,1
1770601888.4429085,BIT,0
1770601888.4429085,BIT,0
1770601888.4429085,BIT,0
1770601888.4429085,BIT,0
1770601888.4429085,BIT,0
1770601888.4429085,BIT,0
1770601888.4429085,BIT,0
1770601888.4429085,BIT,1
1770601888.6415777,BIT,0
1770601888.6415777,BIT,0
1770601888.6415777,BIT,1
1770601888.6415777,BIT,1
1770601888.6415777,BIT,0
1770601888.6415777,BIT,0
1770601888.6415777,BIT,0
1770601888.6415777,BIT,0
1770601888.6415777,BIT,1
1770601888.6415777,BIT,1
1770601888.8340049,BIT,1
1770601888.8340049,BIT,0
1770601888.8340049,BIT,0
1770601888.8340049,BIT,0
1770601888.8340049,BIT,0
1770601888.8340049,BIT,0
1770601888.8340049,BIT,1
1770601888.8340049,BIT,0
1770601888.8340049,BIT,1
1770601888.8340049,BIT,1
1770601889.0260684,BIT,0
1770601889.0260684,BIT,1
1770601889.0260684,BIT,1
1770601889.0260684,BIT,1
1770601889.0260684,BIT,0
1770601889.0260684,BIT,1
1770601889.0260684,BIT,1
1770601889.0260684,BIT,0
1770601889.0260684,BIT,1
1770601889.0260684,BIT,1
1770601889.2374568,BIT,0
1770601889.2374568,BIT,0
1770601889.2374568,BIT,0
1770601889.2374568,BIT,1
1770601889.2374568,BIT,1
1770601889.2374568,BIT,1
1770601889.2374568,BIT,0
1770601889.2374568,BIT,1
1770601889.2374568,BIT,0
1770601889.2374568,BIT,0
1770601889.4429345,BIT,0
1770601889.4429345,BIT,1
1770601889.4429345,BIT,0
1770601889.4429345,BIT,1
1770601889.4429345,BIT,0
1770601889.4429345,BIT,0
1770601889.4429345,BIT,1
1770601889.4429345,BIT,1
1770601889.4429345,BIT,0
1770601889.4429345,BIT,1
1770601889.6435053,BIT,0
1770601889.6435053,BIT,1
1770601889.6435053,BIT,0
1770601889.6435053,BIT,1
1770601889.6435053,BIT,0
1770601889.6435053,BIT,0
1770601889.6435053,BIT,0
1770601889.6435053,BIT,0
1770601889.6435053,BIT,1
1770601889.6435053,BIT,0
1770601889.8443568,BIT,1
1770601889.8443568,BIT,1
1770601889.8443568,BIT,1
1770601889.8443568,BIT,1
1770601889.8443568,BIT,0
1770601889.8443568,BIT,0
1770601889.8443568,BIT,1
1770601889.8443568,BIT,1
1770601889.8443568,BIT,0
1770601889.8443568,BIT,0
1770601890.0384333,BIT,0
1770601890.0384333,BIT,0
1770601890.0384333,BIT,0
1770601890.0384333,BIT,1
1770601890.0384333,BIT,1
1770601890.0384333,BIT,1
1770601890.0384333,BIT,1
1770601890.0384333,BIT,0
1770601890.0384333,BIT,1
1770601890.0384333,BIT,0
1770601890.2246292,BIT,1
1770601890.2246292,BIT,1
1770601890.2246292,BIT,0
1770601890.2246292,BIT,0
1770601890.2246292,BIT,1
1770601890.2246292,BIT,1
1770601890.2246292,BIT,0
1770601890.2246292,BIT,0
1770601890.2246292,BIT,0
1770601890.2246292,BIT,0
1770601890.4182386,BIT,0
1770601890.4182386,BIT,1
1770601890.4182386,BIT,1
1770601890.4182386,BIT,0
1770601890.4182386,BIT,0
1770601890.4182386,BIT,0
1770601890.4182386,BIT,1
1770601890.4182386,BIT,0
1770601890.4182386,BIT,0
1770601890.4182386,BIT,0
1770601890.5922315,BIT,0
1770601890.5922315,BIT,1
1770601890.5922315,BIT,1
1770601890.5922315,BIT,0
1770601890.5922315,BIT,1
1770601890.5922315,BIT,0
1770601890.5922315,BIT,0
1770601890.5922315,BIT,1
1770601890.5922315,BIT,1
1770601890.5922315,BIT,1
1770601890.7870293,BIT,0
1770601890.7870293,BIT,1
1770601890.7870293,BIT,1
1770601890.7870293,BIT,0
1770601890.7870293,BIT,1
1770601890.7870293,BIT,0
1770601890.7870293,BIT,0
1770601890.7870293,BIT,1
1770601890.7870293,BIT,0
1770601890.7870293,BIT,1
1770601890.9930472,BIT,0
1770601890.9930472,BIT,0
1770601890.9930472,BIT,1
1770601890.9930472,BIT,0
1770601890.9930472,BIT,0
1770601890.9930472,BIT,1
1770601890.9930472,BIT,0
1770601890.9930472,BIT,0
1770601890.9930472,BIT,1
1770601890.9930472,BIT,0
1770601891.1801713,BIT,1
1770601891.1801713,BIT,0
1770601891.1801713,BIT,0
1770601891.1801713,BIT,1
1770601891.1801713,BIT,1
1770601891.1801713,BIT,1
1770601891.1801713,BIT,1
1770601891.1801713,BIT,1
1770601891.1801713,BIT,1
1770601891.1801713,BIT,0
1770601891.3574338,BIT,1
1770601891.3574338,BIT,0
1770601891.3574338,BIT,0
1770601891.3574338,BIT,0
1770601891.3574338,BIT,0
1770601891.3574338,BIT,1
1770601891.3574338,BIT,1
1770601891.3574338,BIT,0
1770601891.3574338,BIT,0
1770601891.3574338,BIT,0
1770601891.540483,BIT,1
1770601891.540483,BIT,1
1770601891.540483,BIT,1
1770601891.540483,BIT,0
1770601891.540483,BIT,1
1770601891.540483,BIT,1
1770601891.540483,BIT,0
1770601891.540483,BIT,1
1770601891.540483,BIT,0
1770601891.540483,BIT,1
1770601891.717408,BIT,0
1770601891.717408,BIT,0
1770601891.717408,BIT,0
1770601891.717408,BIT,0
1770601891.717408,BIT,1
1770601891.717408,BIT,0
1770601891.717408,BIT,1
1770601891.717408,BIT,1
1770601891.717408,BIT,1
1770601891.717408,BIT,0
1770601891.8997602,BIT,0
1770601891.8997602,BIT,0
1770601891.8997602,BIT,0
1770601891.8997602,BIT,0
1770601891.8997602,BIT,1
1770601891.8997602,BIT,1
1770601891.8997602,BIT,1
1770601891.8997602,BIT,0
1770601891.8997602,BIT,1
1770601891.8997602,BIT,1
1770601892.0747948,BIT,0
1770601892.0747948,BIT,0
1770601892.0747948,BIT,0
1770601892.0747948,BIT,1
1770601892.0747948,BIT,0
1770601892.0747948,BIT,1
1770601892.0747948,BIT,0
1770601892.0747948,BIT,1
1770601892.0747948,BIT,0
1770601892.0747948,BIT,1
1770601892.2574577,BIT,1
1770601892.2574577,BIT,0
1770601892.2574577,BIT,0
1770601892.2574577,BIT,0
1770601892.2574577,BIT,0
1770601892.2574577,BIT,0
1770601892.2574577,BIT,0
1770601892.2574577,BIT,0
1770601892.2574577,BIT,0
1770601892.2574577,BIT,0
1770601892.4363542,BIT,1
1770601892.4363542,BIT,0
1770601892.4363542,BIT,0
1770601892.4363542,BIT,0
1770601892.4363542,BIT,0
1770601892.4363542,BIT,0
1770601892.4363542,BIT,1
1770601892.4363542,BIT,0
1770601892.4363542,BIT,0
1770601892.4363542,BIT,1
1770601892.6206949,BIT,1
1770601892.6206949,BIT,0
1770601892.6206949,BIT,1
1770601892.6206949,BIT,1
1770601892.6206949,BIT,1
1770601892.6206949,BIT,1
1770601892.6206949,BIT,1
1770601892.6206949,BIT,0
1770601892.6206949,BIT,0
1770601892.6206949,BIT,0
1770601892.8570929,BIT,1
1770601892.8570929,BIT,1
1770601892.8570929,BIT,1
1770601892.8570929,BIT,0
1770601892.8570929,BIT,1
1770601892.8570929,BIT,0
1770601892.8570929,BIT,1
1770601892.8570929,BIT,0
1770601892.8570929,BIT,0
1770601892.8570929,BIT,1
1770601893.0732224,BIT,0
1770601893.0732224,BIT,0
1770601893.0732224,BIT,0
1770601893.0732224,BIT,1
1770601893.0732224,BIT,0
1770601893.0732224,BIT,1
1770601893.0732224,BIT,1
1770601893.0732224,BIT,1
1770601893.0732224,BIT,1
1770601893.0732224,BIT,0
1770601893.309001,BIT,0
1770601893.309001,BIT,0
1770601893.309001,BIT,1
1770601893.309001,BIT,0
1770601893.309001,BIT,0
1770601893.309001,BIT,0
1770601893.309001,BIT,1
1770601893.309001,BIT,0
1770601893.309001,BIT,1
1770601893.309001,BIT,0
1770601893.5746636,BIT,0
1770601893.5746636,BIT,1
1770601893.5746636,BIT,1
1770601893.5746636,BIT,0
1770601893.5746636,BIT,1
1770601893.5746636,BIT,0
1770601893.5746636,BIT,1
1770601893.5746636,BIT,0
1770601893.5746636,BIT,1
1770601893.5746636,BIT,1
1770601893.8243012,BIT,1
1770601893.8243012,BIT,0
1770601893.8243012,BIT,1
1770601893.8243012,BIT,0
1770601893.8243012,BIT,1
1770601893.8243012,BIT,1
1770601893.8243012,BIT,0
1770601893.8243012,BIT,1
1770601893.8243012,BIT,1
1770601893.8243012,BIT,1
1770601894.0636852,BIT,0
1770601894.0636852,BIT,0
1770601894.0636852,BIT,0
1770601894.0636852,BIT,1
1770601894.0636852,BIT,1
1770601894.0636852,BIT,1
1770601894.0636852,BIT,1
1770601894.0636852,BIT,0
1770601894.0636852,BIT,0
1770601894.0636852,BIT,0
1770601894.290299,BIT,1
1770601894.290299,BIT,1
1770601894.290299,BIT,1
1770601894.290299,BIT,1
1770601894.290299,BIT,0
1770601894.290299,BIT,1
1770601894.290299,BIT,0
1770601894.290299,BIT,1
1770601894.290299,BIT,0
1770601894.290299,BIT,1
1770601894.536295,BIT,1
1770601894.536295,BIT,1
1770601894.536295,BIT,0
1770601894.536295,BIT,1
1770601894.536295,BIT,0
1770601894.536295,BIT,0
1770601894.536295,BIT,0
1770601894.536295,BIT,1
1770601894.536295,BIT,1
1770601894.536295,BIT,1
1770601894.764496,BIT,0
1770601894.764496,BIT,0
1770601894.764496,BIT,1
1770601894.764496,BIT,0
1770601894.764496,BIT,0
1770601894.764496,BIT,0
1770601894.764496,BIT,1
1770601894.764496,BIT,0
1770601894.764496,BIT,1
1770601894.764496,BIT,0
1770601894.98336,BIT,1
1770601894.98336,BIT,1
1770601894.98336,BIT,1
1770601894.98336,BIT,0
1770601894.98336,BIT,0
1770601894.98336,BIT,1
1770601894.98336,BIT,1
1770601894.98336,BIT,1
1770601894.98336,BIT,1
1770601894.98336,BIT,0
1770601895.2074337,BIT,1
1770601895.2074337,BIT,0
1770601895.2074337,BIT,1
1770601895.2074337,BIT,0
1770601895.2074337,BIT,0
1770601895.2074337,BIT,1
1770601895.2074337,BIT,1
1770601895.2074337,BIT,0
1770601895.2074337,BIT,1
1770601895.2074337,BIT,0
1770601895.4182024,BIT,1
1770601895.4182024,BIT,0
1770601895.4182024,BIT,0
1770601895.4182024,BIT,1
1770601895.4182024,BIT,0
1770601895.4182024,BIT,1
1770601895.4182024,BIT,0
1770601895.4182024,BIT,0
1770601895.4182024,BIT,1
1770601895.4182024,BIT,0
1770601895.6266768,BIT,1
1770601895.6266768,BIT,0
1770601895.6266768,BIT,0
1770601895.6266768,BIT,1
1770601895.6266768,BIT,0
1770601895.6266768,BIT,0
1770601895.6266768,BIT,0
1770601895.6266768,BIT,1
1770601895.6266768,BIT,1
1770601895.6266768,BIT,1
1770601895.841178,BIT,0
1770601895.841178,BIT,0
1770601895.841178,BIT,1
1770601895.841178,BIT,0
1770601895.841178,BIT,0
1770601895.841178,BIT,0
1770601895.841178,BIT,1
1770601895.841178,BIT,0
1770601895.841178,BIT,1
1770601895.841178,BIT,1
1770601896.026961,BIT,0
1770601896.026961,BIT,1
1770601896.026961,BIT,1
1770601896.026961,BIT,1
1770601896.026961,BIT,0
1770601896.026961,BIT,1
1770601896.026961,BIT,1
1770601896.026961,BIT,0
1770601896.026961,BIT,1
1770601896.026961,BIT,0
1770601896.2261705,BIT,0
1770601896.2261705,BIT,0
1770601896.2261705,BIT,1
1770601896.2261705,BIT,1
1770601896.2261705,BIT,1
1770601896.2261705,BIT,0
1770601896.2261705,BIT,1
1770601896.2261705,BIT,1
1770601896.2261705,BIT,1
1770601896.2261705,BIT,0
1770601896.4154832,BIT,0
1770601896.4154832,BIT,1
1770601896.4154832,BIT,0
1770601896.4154832,BIT,1
1770601896.4154832,BIT,1
1770601896.4154832,BIT,0
1770601896.4154832,BIT,0
1770601896.4154832,BIT,0
1770601896.4154832,BIT,1
1770601896.4154832,BIT,0
1770601896.638961,BIT,0
1770601896.638961,BIT,0
1770601896.638961,BIT,0
1770601896.638961,BIT,0
1770601896.638961,BIT,0
1770601896.638961,BIT,0
1770601896.638961,BIT,1
1770601896.638961,BIT,0
1770601896.638961,BIT,1
1770601896.638961,BIT,1
1770601896.8822887,BIT,1
1770601896.8822887,BIT,1
1770601896.8822887,BIT,1
1770601896.8822887,BIT,0
1770601896.8822887,BIT,1
1770601896.8822887,BIT,0
1770601896.8822887,BIT,1
1770601896.8822887,BIT,1
1770601896.8822887,BIT,0
1770601896.8822887,BIT,1
1770601897.0868998,BIT,1
1770601897.0868998,BIT,1
1770601897.0868998,BIT,0
1770601897.0868998,BIT,1
1770601897.0868998,BIT,0
1770601897.0868998,BIT,0
1770601897.0868998,BIT,1
1770601897.0868998,BIT,1
1770601897.0868998,BIT,1
1770601897.0868998,BIT,0
1770601897.3021364,BIT,1
1770601897.3021364,BIT,1
1770601897.3021364,BIT,1
1770601897.3021364,BIT,0
1770601897.3021364,BIT,1
1770601897.3021364,BIT,1
1770601897.3021364,BIT,0
1770601897.3021364,BIT,0
1770601897.3021364,BIT,0
1770601897.3021364,BIT,1
1770601897.5135918,BIT,0
1770601897.5135918,BIT,1
1770601897.5135918,BIT,0
1770601897.5135918,BIT,1
1770601897.5135918,BIT,0
1770601897.5135918,BIT,1
1770601897.5135918,BIT,0
1770601897.5135918,BIT,0
1770601897.5135918,BIT,1
1770601897.5135918,BIT,1
1770601897.7132697,BIT,0
1770601897.7132697,BIT,1
1770601897.7132697,BIT,1
1770601897.7132697,BIT,1
1770601897.7132697,BIT,0
1770601897.7132697,BIT,1
1770601897.7132697,BIT,0
1770601897.7132697,BIT,0
1770601897.7132697,BIT,0
1770601897.7132697,BIT,0
1770601897.9026482,BIT,1
1770601897.9026482,BIT,0
1770601897.9026482,BIT,1
1770601897.9026482,BIT,0
1770601897.9026482,BIT,1
1770601897.9026482,BIT,0
1770601897.9026482,BIT,1
1770601897.9026482,BIT,1
1770601897.9026482,BIT,1
1770601897.9026482,BIT,1
1770601898.068507,BIT,0
1770601898.068507,BIT,1
1770601898.068507,BIT,0
1770601898.068507,BIT,1
1770601898.068507,BIT,0
1770601898.068507,BIT,0
1770601898.068507,BIT,1
1770601898.068507,BIT,0
1770601898.068507,BIT,1
1770601898.068507,BIT,1
1770601898.2324886,BIT,0
1770601898.2324886,BIT,1
1770601898.2324886,BIT,1
1770601898.2324886,BIT,1
1770601898.2324886,BIT,1
1770601898.2324886,BIT,0
1770601898.2324886,BIT,0
1770601898.2324886,BIT,1
1770601898.2324886,BIT,0
1770601898.2324886,BIT,0
1770601898.4090543,BIT,0
1770601898.4090543,BIT,0
1770601898.4090543,BIT,0
1770601898.4090543,BIT,0
1770601898.4090543,BIT,1
1770601898.4090543,BIT,0
1770601898.4090543,BIT,1
1770601898.4090543,BIT,0
1770601898.4090543,BIT,0
1770601898.4090543,BIT,0
1770601898.568253,BIT,1
1770601898.568253,BIT,1
1770601898.568253,BIT,1
1770601898.568253,BIT,1
1770601898.568253,BIT,1
1770601898.568253,BIT,0
1770601898.568253,BIT,0
1770601898.568253,BIT,0
1770601898.568253,BIT,1
1770601898.568253,BIT,1
1770601898.729623,BIT,0
1770601898.729623,BIT,1
1770601898.729623,BIT,0
1770601898.729623,BIT,1
1770601898.729623,BIT,0
1770601898.729623,BIT,1
1770601898.729623,BIT,0
1770601898.729623,BIT,0
1770601898.729623,BIT,1
1770601898.729623,BIT,0
1770601898.9061317,BIT,1
1770601898.9061317,BIT,0
1770601898.9061317,BIT,0
1770601898.9061317,BIT,1
1770601898.9061317,BIT,0
1770601898.9061317,BIT,1
1770601898.9061317,BIT,0
1770601898.9061317,BIT,0
1770601898.9061317,BIT,1
1770601898.9061317,BIT,0
1770601899.0617998,BIT,0
1770601899.0617998,BIT,1
1770601899.0617998,BIT,1
1770601899.0617998,BIT,0
1770601899.0617998,BIT,0
1770601899.0617998,BIT,0
1770601899.0617998,BIT,0
1770601899.0617998,BIT,0
1770601899.0617998,BIT,1
1770601899.0617998,BIT,0
1770601899.232387,BIT,0
1770601899.232387,BIT,1
1770601899.232387,BIT,0
1770601899.232387,BIT,0
1770601899.232387,BIT,0
1770601899.232387,BIT,0
1770601899.232387,BIT,1
1770601899.232387,BIT,1
1770601899.232387,BIT,0
1770601899.232387,BIT,0
1770601899.392619,BIT,0
1770601899.392619,BIT,1
1770601899.392619,BIT,1
1770601899.392619,BIT,0
1770601899.392619,BIT,1
1770601899.392619,BIT,0
1770601899.392619,BIT,0
1770601899.392619,BIT,1
1770601899.392619,BIT,0
1770601899.392619,BIT,0
1770601899.5470877,BIT,1
1770601899.5470877,BIT,0
1770601899.5470877,BIT,1
1770601899.5470877,BIT,1
1770601899.5470877,BIT,1
1770601899.5470877,BIT,0
1770601899.5470877,BIT,0
1770601899.5470877,BIT,1
1770601899.5470877,BIT,0
1770601899.5470877,BIT,0
1770601899.7035007,BIT,1
1770601899.7035007,BIT,1
1770601899.7035007,BIT,1
1770601899.7035007,BIT,1
1770601899.7035007,BIT,0
1770601899.7035007,BIT,0
1770601899.7035007,BIT,0
1770601899.7035007,BIT,1
1770601899.7035007,BIT,1
1770601899.7035007,BIT,0
1770601899.867331,BIT,0
1770601899.867331,BIT,0
1770601899.867331,BIT,0
1770601899.867331,BIT,1
1770601899.867331,BIT,1
1770601899.867331,BIT,1
1770601899.867331,BIT,0
1770601899.867331,BIT,1
1770601899.867331,BIT,1
1770601899.867331,BIT,1
1770601900.034068,BIT,0
1770601900.034068,BIT,0
1770601900.034068,BIT,1
1770601900.034068,BIT,0
1770601900.034068,BIT,1
1770601900.034068,BIT,1
1770601900.034068,BIT,0
1770601900.034068,BIT,0
1770601900.034068,BIT,1
1770601900.034068,BIT,1
1770601900.195357,BIT,1
1770601900.195357,BIT,0
1770601900.195357,BIT,0
1770601900.195357,BIT,1
1770601900.195357,BIT,0
1770601900.195357,BIT,1
1770601900.195357,BIT,1
1770601900.195357,BIT,1
1770601900.195357,BIT,0
1770601900.195357,BIT,1
1770601900.3739514,BIT,1
1770601900.3739514,BIT,1
1770601900.3739514,BIT,0
1770601900.3739514,BIT,0
1770601900.3739514,BIT,0
1770601900.3739514,BIT,1
1770601900.3739514,BIT,1
1770601900.3739514,BIT,1
1770601900.3739514,BIT,0
1770601900.3739514,BIT,1
1770601900.5483868,BIT,1
1770601900.5483868,BIT,0
1770601900.5483868,BIT,1
1770601900.5483868,BIT,0
1770601900.5483868,BIT,0
1770601900.5483868,BIT,0
1770601900.5483868,BIT,1
1770601900.5483868,BIT,1
1770601900.5483868,BIT,1
1770601900.5483868,BIT,1
1770601900.720218,BIT,0
1770601900.720218,BIT,0
1770601900.720218,BIT,0
1770601900.720218,BIT,1
1770601900.720218,BIT,1
1770601900.720218,BIT,1
1770601900.720218,BIT,0
1770601900.720218,BIT,0
1770601900.720218,BIT,0
1770601900.720218,BIT,1
1770601900.903291,BIT,1
1770601900.903291,BIT,1
1770601900.903291,BIT,0
1770601900.903291,BIT,0
1770601900.903291,BIT,0
1770601900.903291,BIT,1
1770601900.903291,BIT,0
1770601900.903291,BIT,1
1770601900.903291,BIT,0
1770601900.903291,BIT,0
1770601901.0852108,BIT,1
1770601901.0852108,BIT,0
1770601901.0852108,BIT,1
1770601901.0852108,BIT,1
1770601901.0852108,BIT,0
1770601901.0852108,BIT,1
1770601901.0852108,BIT,0
1770601901.0852108,BIT,1
1770601901.0852108,BIT,0
1770601901.0852108,BIT,0
1770601901.27515,BIT,0
1770601901.27515,BIT,0
1770601901.27515,BIT,1
1770601901.27515,BIT,1
1770601901.27515,BIT,1
1770601901.27515,BIT,0
1770601901.27515,BIT,1
1770601901.27515,BIT,1
1770601901.27515,BIT,1
1770601901.27515,BIT,1
1770601901.462201,BIT,0
1770601901.462201,BIT,1
1770601901.462201,BIT,0
1770601901.462201,BIT,1
1770601901.462201,BIT,0
1770601901.462201,BIT,0
1770601901.462201,BIT,0
1770601901.462201,BIT,1
1770601901.462201,BIT,1
1770601901.462201,BIT,1
1770601901.6493876,BIT,1
1770601901.6493876,BIT,0
1770601901.6493876,BIT,0
1770601901.6493876,BIT,0
1770601901.6493876,BIT,1
1770601901.6493876,BIT,1
1770601901.6493876,BIT,0
1770601901.6493876,BIT,1
1770601901.6493876,BIT,0
1770601901.6493876,BIT,1
1770601901.8548503,BIT,0
1770601901.8548503,BIT,0
1770601901.8548503,BIT,1
1770601901.8548503,BIT,1
1770601901.8548503,BIT,1
1770601901.8548503,BIT,0
1770601901.8548503,BIT,0
1770601901.8548503,BIT,0
1770601901.8548503,BIT,0
1770601901.8548503,BIT,0
1770601902.0396209,BIT,1
1770601902.0396209,BIT,1
1770601902.0396209,BIT,0
1770601902.0396209,BIT,1
1770601902.0396209,BIT,0
1770601902.0396209,BIT,0
1770601902.0396209,BIT,0
1770601902.0396209,BIT,0
1770601902.0396209,BIT,0
1770601902.0396209,BIT,0
1770601902.2207565,BIT,0
1770601902.2207565,BIT,0
1770601902.2207565,BIT,0
1770601902.2207565,BIT,0
1770601902.2207565,BIT,0
1770601902.2207565,BIT,0
1770601902.2207565,BIT,0
1770601902.2207565,BIT,1
1770601902.2207565,BIT,1
1770601902.2207565,BIT,0
1770601902.4071631,BIT,1
1770601902.4071631,BIT,1
1770601902.4071631,BIT,0
1770601902.4071631,BIT,0
1770601902.4071631,BIT,1
1770601902.4071631,BIT,0
1770601902.4071631,BIT,0
1770601902.4071631,BIT,0
1770601902.4071631,BIT,0
1770601902.4071631,BIT,1
1770601902.5769546,BIT,0
1770601902.5769546,BIT,1
1770601902.5769546,BIT,0
1770601902.5769546,BIT,0
1770601902.5769546,BIT,1
1770601902.5769546,BIT,0
1770601902.5769546,BIT,1
1770601902.5769546,BIT,1
1770601902.5769546,BIT,0
1770601902.5769546,BIT,1
1770601902.729571,BIT,0
1770601902.729571,BIT,0
1770601902.729571,BIT,1
1770601902.729571,BIT,1
1770601902.729571,BIT,0
1770601902.729571,BIT,1
1770601902.729571,BIT,0
1770601902.729571,BIT,1
1770601902.729571,BIT,0
1770601902.729571,BIT,0
1770601902.9052093,BIT,0
1770601902.9052093,BIT,0
1770601902.9052093,BIT,0
1770601902.9052093,BIT,1
1770601902.9052093,BIT,0
1770601902.9052093,BIT,0
1770601902.9052093,BIT,0
1770601902.9052093,BIT,1
1770601902.9052093,BIT,0
1770601902.9052093,BIT,1
1770601903.0658293,BIT,1
1770601903.0658293,BIT,0
1770601903.0658293,BIT,0
1770601903.0658293,BIT,0
1770601903.0658293,BIT,0
1770601903.0658293,BIT,0
1770601903.0658293,BIT,0
1770601903.0658293,BIT,1
1770601903.0658293,BIT,1
1770601903.0658293,BIT,0
1770601903.232904,BIT,0
1770601903.232904,BIT,1
1770601903.232904,BIT,1
1770601903.232904,BIT,0
1770601903.232904,BIT,1
1770601903.232904,BIT,0
1770601903.232904,BIT,0
1770601903.232904,BIT,1
1770601903.232904,BIT,1
1770601903.232904,BIT,0
1770601903.4047532,BIT,1
1770601903.4047532,BIT,0
1770601903.4047532,BIT,0
1770601903.4047532,BIT,1
1770601903.4047532,BIT,1
1770601903.4047532,BIT,0
1770601903.4047532,BIT,1
1770601903.4047532,BIT,1
1770601903.4047532,BIT,1
1770601903.4047532,BIT,0
1770601903.5710318,BIT,0
1770601903.5710318,BIT,0
1770601903.5710318,BIT,0
1770601903.5710318,BIT,0
1770601903.5710318,BIT,1
1770601903.5710318,BIT,1
1770601903.5710318,BIT,1
1770601903.5710318,BIT,1
1770601903.5710318,BIT,0
1770601903.5710318,BIT,0
1770601903.745274,BIT,0
1770601903.745274,BIT,0
1770601903.745274,BIT,1
1770601903.745274,BIT,0
1770601903.745274,BIT,1
1770601903.745274,BIT,0
1770601903.745274,BIT,1
1770601903.745274,BIT,0
1770601903.745274,BIT,0
1770601903.745274,BIT,0
1770601903.9158928,BIT,0
1770601903.9158928,BIT,0
1770601903.9158928,BIT,1
1770601903.9158928,BIT,1
1770601903.9158928,BIT,0
1770601903.9158928,BIT,0
1770601903.9158928,BIT,0
1770601903.9158928,BIT,0
1770601903.9158928,BIT,1
1770601903.9158928,BIT,1
1770601904.0796196,BIT,0
1770601904.0796196,BIT,1
1770601904.0796196,BIT,1
1770601904.0796196,BIT,0
1770601904.0796196,BIT,0
1770601904.0796196,BIT,1
1770601904.0796196,BIT,0
1770601904.0796196,BIT,0
1770601904.0796196,BIT,0
1770601904.0796196,BIT,0
1770601904.2342749,BIT,0
1770601904.2342749,BIT,1
1770601904.2342749,BIT,1
1770601904.2342749,BIT,1
1770601904.2342749,BIT,1
1770601904.2342749,BIT,1
1770601904.2342749,BIT,1
1770601904.2342749,BIT,1
1770601904.2342749,BIT,1
1770601904.2342749,BIT,1
1770601904.3966267,BIT,1
1770601904.3966267,BIT,1
1770601904.3966267,BIT,0
1770601904.3966267,BIT,1
1770601904.3966267,BIT,0
1770601904.3966267,BIT,0
1770601904.3966267,BIT,1
1770601904.3966267,BIT,0
1770601904.3966267,BIT,1
1770601904.3966267,BIT,1
1770601904.5502455,BIT,1
1770601904.5502455,BIT,1
1770601904.5502455,BIT,0
1770601904.5502455,BIT,0
1770601904.5502455,BIT,0
1770601904.5502455,BIT,0
1770601904.5502455,BIT,0
1770601904.5502455,BIT,1
1770601904.5502455,BIT,1
1770601904.5502455,BIT,0
1770601904.7113643,BIT,1
1770601904.7113643,BIT,1
1770601904.7113643,BIT,0
1770601904.7113643,BIT,0
1770601904.7113643,BIT,0
1770601904.7113643,BIT,0
1770601904.7113643,BIT,0
1770601904.7113643,BIT,0
1770601904.7113643,BIT,1
1770601904.7113643,BIT,0
1770601904.9023857,BIT,1
1770601904.9023857,BIT,1
1770601904.9023857,BIT,0
1770601904.9023857,BIT,0
1770601904.9023857,BIT,1
1770601904.9023857,BIT,0
1770601904.9023857,BIT,1
1770601904.9023857,BIT,0
1770601904.9023857,BIT,1
1770601904.9023857,BIT,0
1770601905.1041396,BIT,1
1770601905.1041396,BIT,1
1770601905.1041396,BIT,1
1770601905.1041396,BIT,0
1770601905.1041396,BIT,1
1770601905.1041396,BIT,0
1770601905.1041396,BIT,1
1770601905.1041396,BIT,1
1770601905.1041396,BIT,0
1770601905.1041396,BIT,1
1770601905.3156009,BIT,0
1770601905.3156009,BIT,1
1770601905.3156009,BIT,1
1770601905.3156009,BIT,1
1770601905.3156009,BIT,1
1770601905.3156009,BIT,1
1770601905.3156009,BIT,0
1770601905.3156009,BIT,0
1770601905.3156009,BIT,0
1770601905.3156009,BIT,0
1770601905.5054772,BIT,1
1770601905.5054772,BIT,1
1770601905.5054772,BIT,1
1770601905.5054772,BIT,1
1770601905.5054772,BIT,0
1770601905.5054772,BIT,1
1770601905.5054772,BIT,0
1770601905.5054772,BIT,1
1770601905.5054772,BIT,0
1770601905.5054772,BIT,1
1770601905.7879882,BIT,1
1770601905.7879882,BIT,1
1770601905.7879882,BIT,1
1770601905.7879882,BIT,0
1770601905.7879882,BIT,1
1770601905.7879882,BIT,0
1770601905.7879882,BIT,1
1770601905.7879882,BIT,1
1770601905.7879882,BIT,0
1770601905.7879882,BIT,0
1770601906.0301993,BIT,0
1770601906.0301993,BIT,1
1770601906.0301993,BIT,0
1770601906.0301993,BIT,0
1770601906.0301993,BIT,0
1770601906.0301993,BIT,0
1770601906.0301993,BIT,0
1770601906.0301993,BIT,1
1770601906.0301993,BIT,1
1770601906.0301993,BIT,0
1770601906.2583132,BIT,1
1770601906.2583132,BIT,1
1770601906.2583132,BIT,1
1770601906.2583132,BIT,1
1770601906.2583132,BIT,0
1770601906.2583132,BIT,0
1770601906.2583132,BIT,0
1770601906.2583132,BIT,0
1770601906.2583132,BIT,1
1770601906.2583132,BIT,1
1770601906.4867287,BIT,1
1770601906.4867287,BIT,0
1770601906.4867287,BIT,1
1770601906.4867287,BIT,0
1770601906.4867287,BIT,1
1770601906.4867287,BIT,0
1770601906.4867287,BIT,1
1770601906.4867287,BIT,0
1770601906.4867287,BIT,0
1770601906.4867287,BIT,1
1770601906.6970625,BIT,1
1770601906.6970625,BIT,0
1770601906.6970625,BIT,0
1770601906.6970625,BIT,1
1770601906.6970625,BIT,0
1770601906.6970625,BIT,0
1770601906.6970625,BIT,1
1770601906.6970625,BIT,0
1770601906.6970625,BIT,0
1770601906.6970625,BIT,1
1770601906.8848848,BIT,1
1770601906.8848848,BIT,1
1770601906.8848848,BIT,1
1770601906.8848848,BIT,1
1770601906.8848848,BIT,0
1770601906.8848848,BIT,0
1770601906.8848848,BIT,1
1770601906.8848848,BIT,1
1770601906.8848848,BIT,1
1770601906.8848848,BIT,1
1770601907.0529945,BIT,0
1770601907.0529945,BIT,1
1770601907.0529945,BIT,0
1770601907.0529945,BIT,1
1770601907.0529945,BIT,1
1770601907.0529945,BIT,0
1770601907.0529945,BIT,0
1770601907.0529945,BIT,0
1770601907.0529945,BIT,1
1770601907.0529945,BIT,0
1770601907.2163315,BIT,1
1770601907.2163315,BIT,1
1770601907.2163315,BIT,1
1770601907.2163315,BIT,1
1770601907.2163315,BIT,1
1770601907.2163315,BIT,0
1770601907.2163315,BIT,0
1770601907.2163315,BIT,0
1770601907.2163315,BIT,1
1770601907.2163315,BIT,0
1770601907.38903,BIT,0
1770601907.38903,BIT,1
1770601907.38903,BIT,0
1770601907.38903,BIT,0
1770601907.38903,BIT,1
1770601907.38903,BIT,0
1770601907.38903,BIT,1
1770601907.38903,BIT,0
1770601907.38903,BIT,0
1770601907.38903,BIT,0
1770601907.6001506,BIT,0
1770601907.6001506,BIT,1
1770601907.6001506,BIT,1
1770601907.6001506,BIT,0
1770601907.6001506,BIT,0
1770601907.6001506,BIT,1
1770601907.6001506,BIT,0
1770601907.6001506,BIT,1
1770601907.6001506,BIT,0
1770601907.6001506,BIT,1
1770601907.8331444,BIT,0
1770601907.8331444,BIT,0
1770601907.8331444,BIT,0
1770601907.8331444,BIT,0
1770601907.8331444,BIT,1
1770601907.8331444,BIT,1
1770601907.8331444,BIT,0
1770601907.8331444,BIT,1
1770601907.8331444,BIT,1
1770601907.8331444,BIT,0
1770601908.038407,BIT,1
1770601908.038407,BIT,0
1770601908.038407,BIT,0
1770601908.038407,BIT,1
1770601908.038407,BIT,0
1770601908.038407,BIT,1
1770601908.038407,BIT,0
1770601908.038407,BIT,1
1770601908.038407,BIT,0
1770601908.038407,BIT,1
1770601908.2807465,BIT,1
1770601908.2807465,BIT,1
1770601908.2807465,BIT,0
1770601908.2807465,BIT,0
1770601908.2807465,BIT,1
1770601908.2807465,BIT,0
1770601908.2807465,BIT,0
1770601908.2807465,BIT,1
1770601908.2807465,BIT,1
1770601908.2807465,BIT,0
1770601908.524231,BIT,1
1770601908.524231,BIT,0
1770601908.524231,BIT,1
1770601908.524231,BIT,0
1770601908.524231,BIT,0
1770601908.524231,BIT,1
1770601908.524231,BIT,0
1770601908.524231,BIT,1
1770601908.524231,BIT,0
1770601908.524231,BIT,0
1770601908.7932482,BIT,1
1770601908.7932482,BIT,1
1770601908.7932482,BIT,0
1770601908.7932482,BIT,0
1770601908.7932482,BIT,0
1770601908.7932482,BIT,0
1770601908.7932482,BIT,1
1770601908.7932482,BIT,1
1770601908.7932482,BIT,0
1770601908.7932482,BIT,1
1770601909.0385506,BIT,1
1770601909.0385506,BIT,0
1770601909.0385506,BIT,0
1770601909.0385506,BIT,1
1770601909.0385506,BIT,1
1770601909.0385506,BIT,1
1770601909.0385506,BIT,1
1770601909.0385506,BIT,0
1770601909.0385506,BIT,0
1770601909.0385506,BIT,1
1770601909.255955,BIT,1
1770601909.255955,BIT,1
1770601909.255955,BIT,1
1770601909.255955,BIT,0
1770601909.255955,BIT,1
1770601909.255955,BIT,1
1770601909.255955,BIT,1
1770601909.255955,BIT,0
1770601909.255955,BIT,0
1770601909.255955,BIT,0
1770601909.4680037,BIT,1
1770601909.4680037,BIT,1
1770601909.4680037,BIT,0
1770601909.4680037,BIT,1
1770601909.4680037,BIT,1
1770601909.4680037,BIT,1
1770601909.4680037,BIT,0
1770601909.4680037,BIT,1
1770601909.4680037,BIT,1
1770601909.4680037,BIT,0
1770601909.6462257,BIT,0
1770601909.6462257,BIT,0
1770601909.6462257,BIT,0
1770601909.6462257,BIT,0
1770601909.6462257,BIT,1
1770601909.6462257,BIT,0
1770601909.6462257,BIT,0
1770601909.6462257,BIT,0
1770601909.6462257,BIT,0
1770601909.6462257,BIT,1
1770601909.8304427,BIT,1
1770601909.8304427,BIT,1
1770601909.8304427,BIT,1
1770601909.8304427,BIT,0
1770601909.8304427,BIT,0
1770601909.8304427,BIT,1
1770601909.8304427,BIT,1
1770601909.8304427,BIT,0
1770601909.8304427,BIT,0
1770601909.8304427,BIT,0
1770601910.0119205,BIT,1
1770601910.0119205,BIT,1
1770601910.0119205,BIT,1
1770601910.0119205,BIT,1
1770601910.0119205,BIT,1
1770601910.0119205,BIT,1
1770601910.0119205,BIT,0
1770601910.0119205,BIT,0
1770601910.0119205,BIT,1
1770601910.0119205,BIT,0
1770601910.194754,BIT,0
1770601910.194754,BIT,1
1770601910.194754,BIT,1
1770601910.194754,BIT,0
1770601910.194754,BIT,0
1770601910.194754,BIT,0
1770601910.194754,BIT,0
1770601910.194754,BIT,1
1770601910.194754,BIT,1
1770601910.194754,BIT,1
1770601910.3809226,BIT,0
1770601910.3809226,BIT,0
1770601910.3809226,BIT,1
1770601910.3809226,BIT,1
1770601910.3809226,BIT,1
1770601910.3809226,BIT,0
1770601910.3809226,BIT,0
1770601910.3809226,BIT,1
1770601910.3809226,BIT,0
1770601910.3809226,BIT,0
1770601910.563626,BIT,1
1770601910.563626,BIT,1
1770601910.563626,BIT,1
1770601910.563626,BIT,0
1770601910.563626,BIT,1
1770601910.563626,BIT,0
1770601910.563626,BIT,1
1770601910.563626,BIT,1
1770601910.563626,BIT,1
1770601910.563626,BIT,0
1770601910.7485597,BIT,0
1770601910.7485597,BIT,0
1770601910.7485597,BIT,0
1770601910.7485597,BIT,1
1770601910.7485597,BIT,0
1770601910.7485597,BIT,1
1770601910.7485597,BIT,0
1770601910.7485597,BIT,0
1770601910.7485597,BIT,1
1770601910.7485597,BIT,1
1770601910.9385228,BIT,1
1770601910.9385228,BIT,0
1770601910.9385228,BIT,0
1770601910.9385228,BIT,0
1770601910.9385228,BIT,1
1770601910.9385228,BIT,1
1770601910.9385228,BIT,0
1770601910.9385228,BIT,1
1770601910.9385228,BIT,0
1770601910.9385228,BIT,1
1770601911.1046004,BIT,1
1770601911.1046004,BIT,1
1770601911.1046004,BIT,1
1770601911.1046004,BIT,0
1770601911.1046004,BIT,1
1770601911.1046004,BIT,1
1770601911.1046004,BIT,1
1770601911.1046004,BIT,1
1770601911.1046004,BIT,1
1770601911.1046004,BIT,1
1770601911.2874231,BIT,0
1770601911.2874231,BIT,1
1770601911.2874231,BIT,1
1770601911.2874231,BIT,0
1770601911.2874231,BIT,0
1770601911.2874231,BIT,1
1770601911.2874231,BIT,0
1770601911.2874231,BIT,0
1770601911.2874231,BIT,1
1770601911.2874231,BIT,0
1770601911.4708347,BIT,1
1770601911.4708347,BIT,1
1770601911.4708347,BIT,1
1770601911.4708347,BIT,1
1770601911.4708347,BIT,0
1770601911.4708347,BIT,0
1770601911.4708347,BIT,0
1770601911.4708347,BIT,0
1770601911.4708347,BIT,1
1770601911.4708347,BIT,0
1770601911.6402357,BIT,0
1770601911.6402357,BIT,0
1770601911.6402357,BIT,0
1770601911.6402357,BIT,1
1770601911.6402357,BIT,0
1770601911.6402357,BIT,0
1770601911.6402357,BIT,0
1770601911.6402357,BIT,0
1770601911.6402357,BIT,0
1770601911.6402357,BIT,1
1770601911.8130972,BIT,1
1770601911.8130972,BIT,0
1770601911.8130972,BIT,0
1770601911.8130972,BIT,0
1770601911.8130972,BIT,0
1770601911.8130972,BIT,1
1770601911.8130972,BIT,0
1770601911.8130972,BIT,1
1770601911.8130972,BIT,1
1770601911.8130972,BIT,1
1770601911.9950902,BIT,1
1770601911.9950902,BIT,0
1770601911.9950902,BIT,0
1770601911.9950902,BIT,1
1770601911.9950902,BIT,0
1770601911.9950902,BIT,0
1770601911.9950902,BIT,1
1770601911.9950902,BIT,1
1770601911.9950902,BIT,1
1770601911.9950902,BIT,0
1770601912.1661015,BIT,0
1770601912.1661015,BIT,1
1770601912.1661015,BIT,1
1770601912.1661015,BIT,0
1770601912.1661015,BIT,1
1770601912.1661015,BIT,1
1770601912.1661015,BIT,0
1770601912.1661015,BIT,1
1770601912.1661015,BIT,0
1770601912.1661015,BIT,1
1770601912.336133,BIT,0
1770601912.336133,BIT,0
1770601912.336133,BIT,0
1770601912.336133,BIT,1
1770601912.336133,BIT,0
1770601912.336133,BIT,0
1770601912.336133,BIT,1
1770601912.336133,BIT,0
1770601912.336133,BIT,1
1770601912.336133,BIT,0
1770601912.5268915,BIT,1
1770601912.5268915,BIT,1
1770601912.5268915,BIT,1
1770601912.5268915,BIT,0
1770601912.5268915,BIT,0
1770601912.5268915,BIT,1
1770601912.5268915,BIT,0
1770601912.5268915,BIT,1
1770601912.5268915,BIT,0
1770601912.5268915,BIT,0
1770601912.7113137,BIT,0
1770601912.7113137,BIT,0
1770601912.7113137,BIT,1
1770601912.7113137,BIT,1
1770601912.7113137,BIT,1
1770601912.7113137,BIT,0
1770601912.7113137,BIT,0
1770601912.7113137,BIT,1
1770601912.7113137,BIT,1
1770601912.7113137,BIT,1
1770601912.8896549,BIT,0
1770601912.8896549,BIT,0
1770601912.8896549,BIT,1
1770601912.8896549,BIT,0
1770601912.8896549,BIT,1
1770601912.8896549,BIT,1
1770601912.8896549,BIT,0
1770601912.8896549,BIT,1
1770601912.8896549,BIT,1
1770601912.8896549,BIT,0
1770601913.0629976,BIT,1
1770601913.0629976,BIT,0
1770601913.0629976,BIT,0
1770601913.0629976,BIT,0
1770601913.0629976,BIT,1
1770601913.0629976,BIT,1
1770601913.0629976,BIT,1
1770601913.0629976,BIT,0
1770601913.0629976,BIT,0
1770601913.0629976,BIT,1
1770601913.2470684,BIT,1
1770601913.2470684,BIT,0
1770601913.2470684,BIT,1
1770601913.2470684,BIT,0
1770601913.2470684,BIT,1
1770601913.2470684,BIT,1
1770601913.2470684,BIT,0
1770601913.2470684,BIT,1
1770601913.2470684,BIT,1
1770601913.2470684,BIT,1
1770601913.4140086,BIT,1
1770601913.4140086,BIT,0
1770601913.4140086,BIT,1
1770601913.4140086,BIT,0
1770601913.4140086,BIT,0
1770601913.4140086,BIT,1
1770601913.4140086,BIT,1
1770601913.4140086,BIT,1
1770601913.4140086,BIT,0
1770601913.4140086,BIT,1
1770601913.5868196,BIT,1
1770601913.5868196,BIT,0
1770601913.5868196,BIT,0
1770601913.5868196,BIT,0
1770601913.5868196,BIT,0
1770601913.5868196,BIT,1
1770601913.5868196,BIT,1
1770601913.5868196,BIT,0
1770601913.5868196,BIT,1
1770601913.5868196,BIT,1
1770601913.756738,BIT,0
1770601913.756738,BIT,1
1770601913.756738,BIT,0
1770601913.756738,BIT,0
1770601913.756738,BIT,1
1770601913.756738,BIT,1
1770601913.756738,BIT,0
1770601913.756738,BIT,1
1770601913.756738,BIT,1
1770601913.756738,BIT,1
1770601913.9331055,BIT,1
1770601913.9331055,BIT,1
1770601913.9331055,BIT,1
1770601913.9331055,BIT,0
1770601913.9331055,BIT,1
1770601913.9331055,BIT,0
1770601913.9331055,BIT,1
1770601913.9331055,BIT,1
1770601913.9331055,BIT,0
1770601913.9331055,BIT,1
1770601914.1065066,BIT,0
1770601914.1065066,BIT,0
1770601914.1065066,BIT,1
1770601914.1065066,BIT,1
1770601914.1065066,BIT,0
1770601914.1065066,BIT,1
1770601914.1065066,BIT,0
1770601914.1065066,BIT,0
1770601914.1065066,BIT,0
1770601914.1065066,BIT,1
1770601914.2772906,BIT,1
1770601914.2772906,BIT,0
1770601914.2772906,BIT,0
1770601914.2772906,BIT,1
1770601914.2772906,BIT,0
1770601914.2772906,BIT,1
1770601914.2772906,BIT,0
1770601914.2772906,BIT,0
1770601914.2772906,BIT,1
1770601914.2772906,BIT,0
1770601914.4526505,BIT,0
1770601914.4526505,BIT,1
1770601914.4526505,BIT,0
1770601914.4526505,BIT,0
1770601914.4526505,BIT,1
1770601914.4526505,BIT,1
1770601914.4526505,BIT,1
1770601914.4526505,BIT,0
1770601914.4526505,BIT,1
1770601914.4526505,BIT,0
1770601914.6403625,BIT,1
1770601914.6403625,BIT,0
1770601914.6403625,BIT,0
1770601914.6403625,BIT,1
1770601914.6403625,BIT,1
1770601914.6403625,BIT,1
1770601914.6403625,BIT,0
1770601914.6403625,BIT,0
1770601914.6403625,BIT,1
1770601914.6403625,BIT,1
1770601914.821527,BIT,0
1770601914.821527,BIT,1
1770601914.821527,BIT,0
1770601914.821527,BIT,0
1770601914.821527,BIT,0
1770601914.821527,BIT,1
1770601914.821527,BIT,0
1770601914.821527,BIT,1
1770601914.821527,BIT,1
1770601914.821527,BIT,1
1770601914.9888327,BIT,1
1770601914.9888327,BIT,1
1770601914.9888327,BIT,0
1770601914.9888327,BIT,1
1770601914.9888327,BIT,1
1770601914.9888327,BIT,1
1770601914.9888327,BIT,1
1770601914.9888327,BIT,1
1770601914.9888327,BIT,1
1770601914.9888327,BIT,1
1770601915.1632674,BIT,1
1770601915.1632674,BIT,1
1770601915.1632674,BIT,0
1770601915.1632674,BIT,1
1770601915.1632674,BIT,0
1770601915.1632674,BIT,0
1770601915.1632674,BIT,0
1770601915.1632674,BIT,1
1770601915.1632674,BIT,0
1770601915.1632674,BIT,0
1770601915.3283424,BIT,1
1770601915.3283424,BIT,1
1770601915.3283424,BIT,0
1770601915.3283424,BIT,0
1770601915.3283424,BIT,1
1770601915.3283424,BIT,1
1770601915.3283424,BIT,0
1770601915.3283424,BIT,0
1770601915.3283424,BIT,1
1770601915.3283424,BIT,1
1770601915.4993072,BIT,1
1770601915.4993072,BIT,1
1770601915.4993072,BIT,1
1770601915.4993072,BIT,1
1770601915.4993072,BIT,0
1770601915.4993072,BIT,1
1770601915.4993072,BIT,0
1770601915.4993072,BIT,1
1770601915.4993072,BIT,0
1770601915.4993072,BIT,1
1770601915.6731713,BIT,0
1770601915.6731713,BIT,1
1770601915.6731713,BIT,1
1770601915.6731713,BIT,0
1770601915.6731713,BIT,1
1770601915.6731713,BIT,0
1770601915.6731713,BIT,0
1770601915.6731713,BIT,0
1770601915.6731713,BIT,0
1770601915.6731713,BIT,1
1770601915.8386312,BIT,1
1770601915.8386312,BIT,1
1770601915.8386312,BIT,0
1770601915.8386312,BIT,1
1770601915.8386312,BIT,1
1770601915.8386312,BIT,1
1770601915.8386312,BIT,1
1770601915.8386312,BIT,1
1770601915.8386312,BIT,0
1770601915.8386312,BIT,1
1770601915.9979894,BIT,1
1770601915.9979894,BIT,0
1770601915.9979894,BIT,1
1770601915.9979894,BIT,1
1770601915.9979894,BIT,0
1770601915.9979894,BIT,0
1770601915.9979894,BIT,0
1770601915.9979894,BIT,1
1770601915.9979894,BIT,0
1770601915.9979894,BIT,0
1770601916.173323,BIT,0
1770601916.173323,BIT,0
1770601916.173323,BIT,0
1770601916.173323,BIT,1
1770601916.173323,BIT,0
1770601916.173323,BIT,1
1770601916.173323,BIT,0
1770601916.173323,BIT,1
1770601916.173323,BIT,1
1770601916.173323,BIT,0
1770601916.338795,BIT,1
1770601916.338795,BIT,1
1770601916.338795,BIT,0
1770601916.338795,BIT,1
1770601916.338795,BIT,0
1770601916.338795,BIT,0
1770601916.338795,BIT,1
1770601916.338795,BIT,0
1770601916.338795,BIT,1
1770601916.338795,BIT,1
1770601916.5209818,BIT,0
1770601916.5209818,BIT,1
1770601916.5209818,BIT,1
1770601916.5209818,BIT,0
1770601916.5209818,BIT,0
1770601916.5209818,BIT,0
1770601916.5209818,BIT,1
1770601916.5209818,BIT,0
1770601916.5209818,BIT,1
1770601916.5209818,BIT,0
1770601916.6926284,BIT,1
1770601916.6926284,BIT,1
1770601916.6926284,BIT,0
1770601916.6926284,BIT,0
1770601916.6926284,BIT,0
1770601916.6926284,BIT,0
1770601916.6926284,BIT,0
1770601916.6926284,BIT,1
1770601916.6926284,BIT,0
1770601916.6926284,BIT,1
1770601916.8582094,BIT,0
1770601916.8582094,BIT,0
1770601916.8582094,BIT,0
1770601916.8582094,BIT,0
1770601916.8582094,BIT,1
1770601916.8582094,BIT,0
1770601916.8582094,BIT,0
1770601916.8582094,BIT,1
1770601916.8582094,BIT,0
1770601916.8582094,BIT,0
1770601917.0160418,BIT,0
1770601917.0160418,BIT,1
1770601917.0160418,BIT,1
1770601917.0160418,BIT,1
1770601917.0160418,BIT,0
1770601917.0160418,BIT,0
1770601917.0160418,BIT,1
1770601917.0160418,BIT,1
1770601917.0160418,BIT,1
1770601917.0160418,BIT,1
1770601917.191609,BIT,0
1770601917.191609,BIT,1
1770601917.191609,BIT,0
1770601917.191609,BIT,1
1770601917.191609,BIT,0
1770601917.191609,BIT,1
1770601917.191609,BIT,1
1770601917.191609,BIT,0
1770601917.191609,BIT,1
1770601917.191609,BIT,1
1770601917.353394,BIT,0
1770601917.353394,BIT,1
1770601917.353394,BIT,1
1770601917.353394,BIT,1
1770601917.353394,BIT,1
1770601917.353394,BIT,0
1770601917.353394,BIT,0
1770601917.353394,BIT,1
1770601917.353394,BIT,0
1770601917.353394,BIT,0
1770601917.5335538,BIT,0
1770601917.5335538,BIT,1
1770601917.5335538,BIT,1
1770601917.5335538,BIT,1
1770601917.5335538,BIT,1
1770601917.5335538,BIT,1
1770601917.5335538,BIT,1
1770601917.5335538,BIT,0
1770601917.5335538,BIT,0
1770601917.5335538,BIT,0
1770601917.6938586,BIT,1
1770601917.6938586,BIT,0
1770601917.6938586,BIT,1
1770601917.6938586,BIT,0
1770601917.6938586,BIT,0
1770601917.6938586,BIT,0
1770601917.6938586,BIT,1
1770601917.6938586,BIT,0
1770601917.6938586,BIT,0
1770601917.6938586,BIT,1
1770601917.8820848,BIT,0
1770601917.8820848,BIT,1
1770601917.8820848,BIT,1
1770601917.8820848,BIT,1
1770601917.8820848,BIT,1
1770601917.8820848,BIT,1
1770601917.8820848,BIT,0
1770601917.8820848,BIT,1
1770601917.8820848,BIT,0
1770601917.8820848,BIT,1
1770601918.0843601,BIT,0
1770601918.0843601,BIT,0
1770601918.0843601,BIT,0
1770601918.0843601,BIT,1
1770601918.0843601,BIT,0
1770601918.0843601,BIT,1
1770601918.0843601,BIT,1
1770601918.0843601,BIT,0
1770601918.0843601,BIT,1
1770601918.0843601,BIT,1
1770601918.2680552,BIT,1
1770601918.2680552,BIT,0
1770601918.2680552,BIT,1
1770601918.2680552,BIT,0
1770601918.2680552,BIT,1
1770601918.2680552,BIT,0
1770601918.2680552,BIT,0
1770601918.2680552,BIT,0
1770601918.2680552,BIT,0
1770601918.2680552,BIT,1
1770601918.4432342,BIT,0
1770601918.4432342,BIT,1
1770601918.4432342,BIT,0
1770601918.4432342,BIT,0
1770601918.4432342,BIT,0
1770601918.4432342,BIT,0
1770601918.4432342,BIT,1
1770601918.4432342,BIT,1
1770601918.4432342,BIT,1
1770601918.4432342,BIT,1
1770601918.6177926,BIT,0
1770601918.6177926,BIT,0
1770601918.6177926,BIT,0
1770601918.6177926,BIT,0
1770601918.6177926,BIT,1
1770601918.6177926,BIT,0
1770601918.6177926,BIT,0
1770601918.6177926,BIT,0
1770601918.6177926,BIT,0
1770601918.6177926,BIT,1
1770601918.8219903,BIT,0
1770601918.8219903,BIT,1
1770601918.8219903,BIT,0
1770601918.8219903,BIT,1
1770601918.8219903,BIT,0
1770601918.8219903,BIT,1
1770601918.8219903,BIT,1
1770601918.8219903,BIT,0
1770601918.8219903,BIT,0
1770601918.8219903,BIT,0
1770601919.0029168,BIT,1
1770601919.0029168,BIT,1
1770601919.0029168,BIT,1
1770601919.0029168,BIT,1
1770601919.0029168,BIT,0
1770601919.0029168,BIT,0
1770601919.0029168,BIT,0
1770601919.0029168,BIT,1
1770601919.0029168,BIT,0
1770601919.0029168,BIT,0
1770601919.174083,BIT,0
1770601919.174083,BIT,0
1770601919.174083,BIT,1
1770601919.174083,BIT,0
1770601919.174083,BIT,1
1770601919.174083,BIT,1
1770601919.174083,BIT,0
1770601919.174083,BIT,0
1770601919.174083,BIT,0
1770601919.174083,BIT,1
1770601919.3431146,BIT,1
1770601919.3431146,BIT,1
1770601919.3431146,BIT,0
1770601919.3431146,BIT,1
1770601919.3431146,BIT,1
1770601919.3431146,BIT,1
1770601919.3431146,BIT,0
1770601919.3431146,BIT,0
1770601919.3431146,BIT,0
1770601919.3431146,BIT,0
1770601919.5120904,BIT,0
1770601919.5120904,BIT,0
1770601919.5120904,BIT,1
1770601919.5120904,BIT,0
1770601919.5120904,BIT,1
1770601919.5120904,BIT,1
1770601919.5120904,BIT,1
1770601919.5120904,BIT,1
1770601919.5120904,BIT,0
1770601919.5120904,BIT,1
1770601919.6724148,BIT,1
1770601919.6724148,BIT,0
1770601919.6724148,BIT,0
1770601919.6724148,BIT,0
1770601919.6724148,BIT,1
1770601919.6724148,BIT,1
1770601919.6724148,BIT,0
1770601919.6724148,BIT,1
1770601919.6724148,BIT,0
1770601919.6724148,BIT,1
1770601919.8363035,BIT,1
1770601919.8363035,BIT,0
1770601919.8363035,BIT,0
1770601919.8363035,BIT,0
1770601919.8363035,BIT,0
1770601919.8363035,BIT,1
1770601919.8363035,BIT,1
1770601919.8363035,BIT,0
1770601919.8363035,BIT,0
1770601919.8363035,BIT,0
1770601920.006182,BIT,0
1770601920.006182,BIT,1
1770601920.006182,BIT,0
1770601920.006182,BIT,1
1770601920.006182,BIT,1
1770601920.006182,BIT,0
1770601920.006182,BIT,1
1770601920.006182,BIT,0
1770601920.006182,BIT,1
1770601920.006182,BIT,1
1770601920.1725419,BIT,0
1770601920.1725419,BIT,0
1770601920.1725419,BIT,0
1770601920.1725419,BIT,1
1770601920.1725419,BIT,1
1770601920.1725419,BIT,0
1770601920.1725419,BIT,0
1770601920.1725419,BIT,0
1770601920.1725419,BIT,0
1770601920.1725419,BIT,1
1770601920.3413866,BIT,0
1770601920.3413866,BIT,1
1770601920.3413866,BIT,0
1770601920.3413866,BIT,0
1770601920.3413866,BIT,1
1770601920.3413866,BIT,0
1770601920.3413866,BIT,1
1770601920.3413866,BIT,0
1770601920.3413866,BIT,1
1770601920.3413866,BIT,0
1770601920.5378184,BIT,0
1770601920.5378184,BIT,0
1770601920.5378184,BIT,1
1770601920.5378184,BIT,0
1770601920.5378184,BIT,0
1770601920.5378184,BIT,1
1770601920.5378184,BIT,0
1770601920.5378184,BIT,0
1770601920.5378184,BIT,1
1770601920.5378184,BIT,0
1770601920.7166092,BIT,0
1770601920.7166092,BIT,0
1770601920.7166092,BIT,1
1770601920.7166092,BIT,0
1770601920.7166092,BIT,0
1770601920.7166092,BIT,1
1770601920.7166092,BIT,0
1770601920.7166092,BIT,0
1770601920.7166092,BIT,0
1770601920.7166092,BIT,1
1770601920.8852265,BIT,1
1770601920.8852265,BIT,0
1770601920.8852265,BIT,1
1770601920.8852265,BIT,0
1770601920.8852265,BIT,1
1770601920.8852265,BIT,0
1770601920.8852265,BIT,0
1770601920.8852265,BIT,0
1770601920.8852265,BIT,1
1770601920.8852265,BIT,1
1770601921.0528276,BIT,0
1770601921.0528276,BIT,1
1770601921.0528276,BIT,1
1770601921.0528276,BIT,0
1770601921.0528276,BIT,1
1770601921.0528276,BIT,1
1770601921.0528276,BIT,0
1770601921.0528276,BIT,0
1770601921.0528276,BIT,0
1770601921.0528276,BIT,0
1770601921.211977,BIT,1
1770601921.211977,BIT,1
1770601921.211977,BIT,0
1770601921.211977,BIT,1
1770601921.211977,BIT,1
1770601921.211977,BIT,0
1770601921.211977,BIT,1
1770601921.211977,BIT,0
1770601921.211977,BIT,1
1770601921.211977,BIT,0
1770601921.3818326,BIT,0
1770601921.3818326,BIT,0
1770601921.3818326,BIT,1
1770601921.3818326,BIT,0
1770601921.3818326,BIT,0
1770601921.3818326,BIT,1
1770601921.3818326,BIT,1
1770601921.3818326,BIT,0
1770601921.3818326,BIT,1
1770601921.3818326,BIT,0
1770601921.5452356,BIT,0
1770601921.5452356,BIT,0
1770601921.5452356,BIT,1
1770601921.5452356,BIT,1
1770601921.5452356,BIT,1
1770601921.5452356,BIT,0
1770601921.5452356,BIT,1
1770601921.5452356,BIT,0
1770601921.5452356,BIT,1
1770601921.5452356,BIT,0
1770601921.714795,BIT,1
1770601921.714795,BIT,0
1770601921.714795,BIT,0
1770601921.714795,BIT,0
1770601921.714795,BIT,1
1770601921.714795,BIT,1
1770601921.714795,BIT,1
1770601921.714795,BIT,0
1770601921.714795,BIT,0
1770601921.714795,BIT,1
1770601921.877363,BIT,1
1770601921.877363,BIT,0
1770601921.877363,BIT,1
1770601921.877363,BIT,0
1770601921.877363,BIT,0
1770601921.877363,BIT,1
1770601921.877363,BIT,0
1770601921.877363,BIT,1
1770601921.877363,BIT,0
1770601921.877363,BIT,1
1770601922.0277767,BIT,1
1770601922.0277767,BIT,1
1770601922.0277767,BIT,0
1770601922.0277767,BIT,0
1770601922.0277767,BIT,0
1770601922.0277767,BIT,1
1770601922.0277767,BIT,0
1770601922.0277767,BIT,0
1770601922.0277767,BIT,0
1770601922.0277767,BIT,1
1770601922.1876814,BIT,0
1770601922.1876814,BIT,0
1770601922.1876814,BIT,1
1770601922.1876814,BIT,1
1770601922.1876814,BIT,0
1770601922.1876814,BIT,0
1770601922.1876814,BIT,0
1770601922.1876814,BIT,0
1770601922.1876814,BIT,1
1770601922.1876814,BIT,0
1770601922.3628843,BIT,0
1770601922.3628843,BIT,0
1770601922.3628843,BIT,1
1770601922.3628843,BIT,0
1770601922.3628843,BIT,1
1770601922.3628843,BIT,0
1770601922.3628843,BIT,0
1770601922.3628843,BIT,0
1770601922.3628843,BIT,1
1770601922.3628843,BIT,1
1770601922.5333571,BIT,1
1770601922.5333571,BIT,1
1770601922.5333571,BIT,1
1770601922.5333571,BIT,1
1770601922.5333571,BIT,0
1770601922.5333571,BIT,0
1770601922.5333571,BIT,0
1770601922.5333571,BIT,0
1770601922.5333571,BIT,1
1770601922.5333571,BIT,0
1770601922.7327936,BIT,0
1770601922.7327936,BIT,0
1770601922.7327936,BIT,1
1770601922.7327936,BIT,0
1770601922.7327936,BIT,0
1770601922.7327936,BIT,1
1770601922.7327936,BIT,1
1770601922.7327936,BIT,0
1770601922.7327936,BIT,0
1770601922.7327936,BIT,0
1770601922.9324718,BIT,0
1770601922.9324718,BIT,1
1770601922.9324718,BIT,0
1770601922.9324718,BIT,0
1770601922.9324718,BIT,0
1770601922.9324718,BIT,0
1770601922.9324718,BIT,0
1770601922.9324718,BIT,0
1770601922.9324718,BIT,0
1770601922.9324718,BIT,1
1770601923.0998242,BIT,0
1770601923.0998242,BIT,1
1770601923.0998242,BIT,1
1770601923.0998242,BIT,0
1770601923.0998242,BIT,1
1770601923.0998242,BIT,0
1770601923.0998242,BIT,1
1770601923.0998242,BIT,1
1770601923.0998242,BIT,0
1770601923.0998242,BIT,0
1770601923.2726843,BIT,1
1770601923.2726843,BIT,0
1770601923.2726843,BIT,1
1770601923.2726843,BIT,1
1770601923.2726843,BIT,1
1770601923.2726843,BIT,1
1770601923.2726843,BIT,0
1770601923.2726843,BIT,0
1770601923.2726843,BIT,1
1770601923.2726843,BIT,1
1770601923.445354,BIT,0
1770601923.445354,BIT,1
1770601923.445354,BIT,0
1770601923.445354,BIT,0
1770601923.445354,BIT,1
1770601923.445354,BIT,1
1770601923.445354,BIT,1
1770601923.445354,BIT,0
1770601923.445354,BIT,0
1770601923.445354,BIT,1
1770601923.6062222,BIT,1
1770601923.6062222,BIT,1
1770601923.6062222,BIT,0
1770601923.6062222,BIT,0
1770601923.6062222,BIT,1
1770601923.6062222,BIT,0
1770601923.6062222,BIT,0
1770601923.6062222,BIT,1
1770601923.6062222,BIT,0
1770601923.6062222,BIT,0
1770601923.789287,BIT,0
1770601923.789287,BIT,1
1770601923.789287,BIT,0
1770601923.789287,BIT,1
1770601923.789287,BIT,0
1770601923.789287,BIT,0
1770601923.789287,BIT,1
1770601923.789287,BIT,0
1770601923.789287,BIT,1
1770601923.789287,BIT,0
1770601923.9529734,BIT,1
1770601923.9529734,BIT,1
1770601923.9529734,BIT,0
1770601923.9529734,BIT,0
1770601923.9529734,BIT,1
1770601923.9529734,BIT,0
1770601923.9529734,BIT,0
1770601923.9529734,BIT,0
1770601923.9529734,BIT,1
1770601923.9529734,BIT,0
1770601924.1115081,BIT,1
1770601924.1115081,BIT,0
1770601924.1115081,BIT,0
1770601924.1115081,BIT,0
1770601924.1115081,BIT,0
1770601924.1115081,BIT,1
1770601924.1115081,BIT,1
1770601924.1115081,BIT,0
1770601924.1115081,BIT,1
1770601924.1115081,BIT,0
1770601924.2950413,BIT,0
1770601924.2950413,BIT,0
1770601924.2950413,BIT,0
1770601924.2950413,BIT,0
1770601924.2950413,BIT,1
1770601924.2950413,BIT,1
1770601924.2950413,BIT,0
1770601924.2950413,BIT,1
1770601924.2950413,BIT,0
1770601924.2950413,BIT,0
1770601924.4670055,BIT,0
1770601924.4670055,BIT,1
1770601924.4670055,BIT,0
1770601924.4670055,BIT,0
1770601924.4670055,BIT,0
1770601924.4670055,BIT,1
1770601924.4670055,BIT,0
1770601924.4670055,BIT,1
1770601924.4670055,BIT,0
1770601924.4670055,BIT,1
1770601924.6419687,BIT,0
1770601924.6419687,BIT,1
1770601924.6419687,BIT,0
1770601924.6419687,BIT,0
1770601924.6419687,BIT,0
1770601924.6419687,BIT,0
1770601924.6419687,BIT,0
1770601924.6419687,BIT,1
1770601924.6419687,BIT,0
1770601924.6419687,BIT,0
1770601924.8087819,BIT,0
1770601924.8087819,BIT,1
1770601924.8087819,BIT,0
1770601924.8087819,BIT,0
1770601924.8087819,BIT,1
1770601924.8087819,BIT,0
1770601924.8087819,BIT,1
1770601924.8087819,BIT,0
1770601924.8087819,BIT,0
1770601924.8087819,BIT,0
1770601924.9818966,BIT,0
1770601924.9818966,BIT,0
1770601924.9818966,BIT,1
1770601924.9818966,BIT,0
1770601924.9818966,BIT,0
1770601924.9818966,BIT,1
1770601924.9818966,BIT,0
1770601924.9818966,BIT,1
1770601924.9818966,BIT,1
1770601924.9818966,BIT,0
1770601925.1491776,BIT,1
1770601925.1491776,BIT,0
1770601925.1491776,BIT,0
1770601925.1491776,BIT,0
1770601925.1491776,BIT,0
1770601925.1491776,BIT,0
1770601925.1491776,BIT,1
1770601925.1491776,BIT,0
1770601925.1491776,BIT,0
1770601925.1491776,BIT,0
1770601925.3191435,BIT,1
1770601925.3191435,BIT,1
1770601925.3191435,BIT,0
1770601925.3191435,BIT,0
1770601925.3191435,BIT,1
1770601925.3191435,BIT,1
1770601925.3191435,BIT,0
1770601925.3191435,BIT,1
1770601925.3191435,BIT,0
1770601925.3191435,BIT,1
1770601925.4866219,BIT,0
1770601925.4866219,BIT,0
1770601925.4866219,BIT,1
1770601925.4866219,BIT,0
1770601925.4866219,BIT,0
1770601925.4866219,BIT,0
1770601925.4866219,BIT,0
1770601925.4866219,BIT,1
1770601925.4866219,BIT,1
1770601925.4866219,BIT,0
1770601925.6545193,BIT,0
1770601925.6545193,BIT,1
1770601925.6545193,BIT,0
1770601925.6545193,BIT,1
1770601925.6545193,BIT,1
1770601925.6545193,BIT,1
1770601925.6545193,BIT,1
1770601925.6545193,BIT,0
1770601925.6545193,BIT,1
1770601925.6545193,BIT,0
1770601925.8115726,BIT,1
1770601925.8115726,BIT,1
1770601925.8115726,BIT,1
1770601925.8115726,BIT,1
1770601925.8115726,BIT,1
1770601925.8115726,BIT,0
1770601925.8115726,BIT,1
1770601925.8115726,BIT,0
1770601925.8115726,BIT,1
1770601925.8115726,BIT,0
1770601926.0554564,BIT,0
1770601926.0554564,BIT,0
1770601926.0554564,BIT,0
1770601926.0554564,BIT,0
1770601926.0554564,BIT,0
1770601926.0554564,BIT,0
1770601926.0554564,BIT,1
1770601926.0554564,BIT,0
1770601926.0554564,BIT,1
1770601926.0554564,BIT,1
1770601926.2882175,BIT,0
1770601926.2882175,BIT,1
1770601926.2882175,BIT,0
1770601926.2882175,BIT,1
1770601926.2882175,BIT,0
1770601926.2882175,BIT,0
1770601926.2882175,BIT,1
1770601926.2882175,BIT,0
1770601926.2882175,BIT,0
1770601926.2882175,BIT,1
1770601926.4897025,BIT,0
1770601926.4897025,BIT,1
1770601926.4897025,BIT,1
1770601926.4897025,BIT,1
1770601926.4897025,BIT,1
1770601926.4897025,BIT,1
1770601926.4897025,BIT,1
1770601926.4897025,BIT,0
1770601926.4897025,BIT,0
1770601926.4897025,BIT,0
1770601926.7213259,BIT,0
1770601926.7213259,BIT,0
1770601926.7213259,BIT,0
1770601926.7213259,BIT,1
1770601926.7213259,BIT,1
1770601926.7213259,BIT,0
1770601926.7213259,BIT,1
1770601926.7213259,BIT,1
1770601926.7213259,BIT,1
1770601926.7213259,BIT,1
1770601926.9251323,BIT,0
1770601926.9251323,BIT,1
1770601926.9251323,BIT,1
1770601926.9251323,BIT,0
1770601926.9251323,BIT,1
1770601926.9251323,BIT,1
1770601926.9251323,BIT,1
1770601926.9251323,BIT,0
1770601926.9251323,BIT,1
1770601926.9251323,BIT,1
1770601927.1129029,BIT,0
1770601927.1129029,BIT,1
1770601927.1129029,BIT,1
1770601927.1129029,BIT,1
1770601927.1129029,BIT,0
1770601927.1129029,BIT,1
1770601927.1129029,BIT,1
1770601927.1129029,BIT,0
1770601927.1129029,BIT,1
1770601927.1129029,BIT,1
1770601927.315346,BIT,0
1770601927.315346,BIT,0
1770601927.315346,BIT,1
1770601927.315346,BIT,0
1770601927.315346,BIT,1
1770601927.315346,BIT,1
1770601927.315346,BIT,1
1770601927.315346,BIT,1
1770601927.315346,BIT,0
1770601927.315346,BIT,1
1770601927.484927,BIT,0
1770601927.484927,BIT,1
1770601927.484927,BIT,0
1770601927.484927,BIT,0
1770601927.484927,BIT,0
1770601927.484927,BIT,0
1770601927.484927,BIT,1
1770601927.484927,BIT,1
1770601927.484927,BIT,1
1770601927.484927,BIT,1
1770601927.6829512,BIT,1
1770601927.6829512,BIT,0
1770601927.6829512,BIT,1
1770601927.6829512,BIT,0
1770601927.6829512,BIT,1
1770601927.6829512,BIT,1
1770601927.6829512,BIT,1
1770601927.6829512,BIT,1
1770601927.6829512,BIT,0
1770601927.6829512,BIT,0
1770601927.9285562,BIT,1
1770601927.9285562,BIT,1
1770601927.9285562,BIT,0
1770601927.9285562,BIT,1
1770601927.9285562,BIT,0
1770601927.9285562,BIT,0
1770601927.9285562,BIT,0
1770601927.9285562,BIT,0
1770601927.9285562,BIT,0
1770601927.9285562,BIT,1
1770601928.1588542,BIT,0
1770601928.1588542,BIT,0
1770601928.1588542,BIT,1
1770601928.1588542,BIT,0
1770601928.1588542,BIT,0
1770601928.1588542,BIT,0
1770601928.1588542,BIT,1
1770601928.1588542,BIT,0
1770601928.1588542,BIT,0
1770601928.1588542,BIT,0
1770601928.5092678,BIT,0
1770601928.5092678,BIT,1
1770601928.5092678,BIT,0
1770601928.5092678,BIT,1
1770601928.5092678,BIT,0
1770601928.5092678,BIT,0
1770601928.5092678,BIT,0
1770601928.5092678,BIT,0
1770601928.5092678,BIT,1
1770601928.5092678,BIT,1
1770601928.8718371,BIT,0
1770601928.8718371,BIT,0
1770601928.8718371,BIT,0
1770601928.8718371,BIT,1
1770601928.8718371,BIT,1
1770601928.8718371,BIT,0
1770601928.8718371,BIT,1
1770601928.8718371,BIT,0
1770601928.8718371,BIT,0
1770601928.8718371,BIT,1
1770601929.344153,BIT,0
1770601929.344153,BIT,0
1770601929.344153,BIT,1
1770601929.344153,BIT,1
1770601929.344153,BIT,1
1770601929.344153,BIT,1
1770601929.344153,BIT,0
1770601929.344153,BIT,1
1770601929.344153,BIT,0
1770601929.344153,BIT,0
1770601929.6935456,BIT,0
1770601929.6935456,BIT,1
1770601929.6935456,BIT,0
1770601929.6935456,BIT,1
1770601929.6935456,BIT,1
1770601929.6935456,BIT,1
1770601929.6935456,BIT,1
1770601929.6935456,BIT,1
1770601929.6935456,BIT,1
1770601929.6935456,BIT,0
1770601930.046646,BIT,1
1770601930.046646,BIT,0
1770601930.046646,BIT,0
1770601930.046646,BIT,0
1770601930.046646,BIT,1
1770601930.046646,BIT,1
1770601930.046646,BIT,1
1770601930.046646,BIT,0
1770601930.046646,BIT,1
1770601930.046646,BIT,1
1770601930.56552,BIT,1
1770601930.56552,BIT,1
1770601930.56552,BIT,0
1770601930.56552,BIT,0
1770601930.56552,BIT,0
1770601930.56552,BIT,0
1770601930.56552,BIT,0
1770601930.56552,BIT,1
1770601930.56552,BIT,0
1770601930.56552,BIT,1
1770601930.982432,BIT,0
1770601930.982432,BIT,1
1770601930.982432,BIT,0
1770601930.982432,BIT,1
1770601930.982432,BIT,1
1770601930.982432,BIT,0
1770601930.982432,BIT,1
1770601930.982432,BIT,0
1770601930.982432,BIT,0
1770601930.982432,BIT,1
1770601931.3162396,BIT,1
1770601931.3162396,BIT,0
1770601931.3162396,BIT,0
1770601931.3162396,BIT,0
1770601931.3162396,BIT,0
1770601931.3162396,BIT,1
1770601931.3162396,BIT,0
1770601931.3162396,BIT,0
1770601931.3162396,BIT,0
1770601931.3162396,BIT,0
1770601931.6626902,BIT,1
1770601931.6626902,BIT,0
1770601931.6626902,BIT,0
1770601931.6626902,BIT,0
1770601931.6626902,BIT,0
1770601931.6626902,BIT,0
1770601931.6626902,BIT,1
1770601931.6626902,BIT,0
1770601931.6626902,BIT,1
1770601931.6626902,BIT,1
1770601932.0405207,BIT,0
1770601932.0405207,BIT,0
1770601932.0405207,BIT,0
1770601932.0405207,BIT,0
1770601932.0405207,BIT,0
1770601932.0405207,BIT,1
1770601932.0405207,BIT,0
1770601932.0405207,BIT,0
1770601932.0405207,BIT,0
1770601932.0405207,BIT,0
1770601932.3212917,BIT,1
1770601932.3212917,BIT,1
1770601932.3212917,BIT,1
1770601932.3212917,BIT,1
1770601932.3212917,BIT,0
1770601932.3212917,BIT,0
1770601932.3212917,BIT,0
1770601932.3212917,BIT,1
1770601932.3212917,BIT,0
1770601932.3212917,BIT,1
1770601932.612562,BIT,1
1770601932.612562,BIT,1
1770601932.612562,BIT,0
1770601932.612562,BIT,1
1770601932.612562,BIT,0
1770601932.612562,BIT,1
1770601932.612562,BIT,1
1770601932.612562,BIT,1
1770601932.612562,BIT,0
1770601932.612562,BIT,1
1770601932.889508,BIT,0
1770601932.889508,BIT,1
1770601932.889508,BIT,0
1770601932.889508,BIT,1
1770601932.889508,BIT,1
1770601932.889508,BIT,0
1770601932.889508,BIT,1
1770601932.889508,BIT,1
1770601932.889508,BIT,1
1770601932.889508,BIT,1
1770601933.1909795,BIT,1
1770601933.1909795,BIT,1
1770601933.1909795,BIT,0
1770601933.1909795,BIT,1
1770601933.1909795,BIT,0
1770601933.1909795,BIT,1
1770601933.1909795,BIT,0
1770601933.1909795,BIT,1
1770601933.1909795,BIT,0
1770601933.1909795,BIT,0
1770601933.483843,BIT,0
1770601933.483843,BIT,1
1770601933.483843,BIT,0
1770601933.483843,BIT,1
1770601933.483843,BIT,0
1770601933.483843,BIT,1
1770601933.483843,BIT,1
1770601933.483843,BIT,0
1770601933.483843,BIT,0
1770601933.483843,BIT,1
1770601933.8139927,BIT,0
1770601933.8139927,BIT,0
1770601933.8139927,BIT,1
1770601933.8139927,BIT,1
1770601933.8139927,BIT,1
1770601933.8139927,BIT,1
1770601933.8139927,BIT,0
1770601933.8139927,BIT,0
1770601933.8139927,BIT,0
1770601933.8139927,BIT,0
1770601934.0954564,BIT,1
1770601934.0954564,BIT,0
1770601934.0954564,BIT,0
1770601934.0954564,BIT,1
1770601934.0954564,BIT,0
1770601934.0954564,BIT,1
1770601934.0954564,BIT,0
1770601934.0954564,BIT,0
1770601934.0954564,BIT,1
1770601934.0954564,BIT,0
1770601934.3500614,BIT,1
1770601934.3500614,BIT,1
1770601934.3500614,BIT,1
1770601934.3500614,BIT,1
1770601934.3500614,BIT,0
1770601934.3500614,BIT,1
1770601934.3500614,BIT,0
1770601934.3500614,BIT,0
1770601934.3500614,BIT,0
1770601934.3500614,BIT,1
1770601934.6294396,BIT,0
1770601934.6294396,BIT,1
1770601934.6294396,BIT,1
1770601934.6294396,BIT,1
1770601934.6294396,BIT,1
1770601934.6294396,BIT,0
1770601934.6294396,BIT,1
1770601934.6294396,BIT,1
1770601934.6294396,BIT,0
1770601934.6294396,BIT,1
1770601934.909561,BIT,1
1770601934.909561,BIT,0
1770601934.909561,BIT,0
1770601934.909561,BIT,0
1770601934.909561,BIT,0
1770601934.909561,BIT,1
1770601934.909561,BIT,0
1770601934.909561,BIT,1
1770601934.909561,BIT,1
1770601934.909561,BIT,0
1770601935.2143362,BIT,0
1770601935.2143362,BIT,0
1770601935.2143362,BIT,1
1770601935.2143362,BIT,1
1770601935.2143362,BIT,0
1770601935.2143362,BIT,1
1770601935.2143362,BIT,0
1770601935.2143362,BIT,0
1770601935.2143362,BIT,1
1770601935.2143362,BIT,0
1770601935.538735,BIT,0
1770601935.538735,BIT,0
1770601935.538735,BIT,0
1770601935.538735,BIT,0
1770601935.538735,BIT,0
1770601935.538735,BIT,0
1770601935.538735,BIT,0
1770601935.538735,BIT,1
1770601935.538735,BIT,0
1770601935.538735,BIT,1
1770601935.8415222,BIT,1
1770601935.8415222,BIT,1
1770601935.8415222,BIT,1
1770601935.8415222,BIT,1
1770601935.8415222,BIT,1
1770601935.8415222,BIT,0
1770601935.8415222,BIT,1
1770601935.8415222,BIT,0
1770601935.8415222,BIT,0
1770601935.8415222,BIT,0
1770601936.1764083,BIT,0
1770601936.1764083,BIT,1
1770601936.1764083,BIT,1
1770601936.1764083,BIT,0
1770601936.1764083,BIT,1
1770601936.1764083,BIT,0
1770601936.1764083,BIT,0
1770601936.1764083,BIT,1
1770601936.1764083,BIT,1
1770601936.1764083,BIT,1
1770601936.4662926,BIT,1
1770601936.4662926,BIT,1
1770601936.4662926,BIT,1
1770601936.4662926,BIT,1
1770601936.4662926,BIT,0
1770601936.4662926,BIT,1
1770601936.4662926,BIT,1
1770601936.4662926,BIT,0
1770601936.4662926,BIT,1
1770601936.4662926,BIT,1
1770601936.7899997,BIT,0
1770601936.7899997,BIT,1
1770601936.7899997,BIT,0
1770601936.7899997,BIT,0
1770601936.7899997,BIT,0
1770601936.7899997,BIT,1
1770601936.7899997,BIT,0
1770601936.7899997,BIT,1
1770601936.7899997,BIT,1
1770601936.7899997,BIT,1
1770601937.1000896,BIT,0
1770601937.1000896,BIT,0
1770601937.1000896,BIT,1
1770601937.1000896,BIT,1
1770601937.1000896,BIT,0
1770601937.1000896,BIT,0
1770601937.1000896,BIT,0
1770601937.1000896,BIT,0
1770601937.1000896,BIT,0
1770601937.1000896,BIT,0
1770601937.4299126,BIT,0
1770601937.4299126,BIT,0
1770601937.4299126,BIT,1
1770601937.4299126,BIT,1
1770601937.4299126,BIT,1
1770601937.4299126,BIT,0
1770601937.4299126,BIT,1
1770601937.4299126,BIT,1
1770601937.4299126,BIT,1
1770601937.4299126,BIT,0
1770601937.7520325,BIT,0
1770601937.7520325,BIT,1
1770601937.7520325,BIT,1
1770601937.7520325,BIT,0
1770601937.7520325,BIT,0
1770601937.7520325,BIT,0
1770601937.7520325,BIT,0
1770601937.7520325,BIT,1
1770601937.7520325,BIT,1
1770601937.7520325,BIT,0
1770601938.0432081,BIT,1
1770601938.0432081,BIT,1
1770601938.0432081,BIT,1
1770601938.0432081,BIT,0
1770601938.0432081,BIT,0
1770601938.0432081,BIT,0
1770601938.0432081,BIT,1
1770601938.0432081,BIT,1
1770601938.0432081,BIT,1
1770601938.0432081,BIT,0
1770601938.3134189,BIT,0
1770601938.3134189,BIT,1
1770601938.3134189,BIT,1
1770601938.3134189,BIT,0
1770601938.3134189,BIT,1
1770601938.3134189,BIT,1
1770601938.3134189,BIT,0
1770601938.3134189,BIT,1
1770601938.3134189,BIT,0
1770601938.3134189,BIT,1
1770601938.5807106,BIT,0
1770601938.5807106,BIT,0
1770601938.5807106,BIT,0
1770601938.5807106,BIT,0
1770601938.5807106,BIT,1
1770601938.5807106,BIT,0
1770601938.5807106,BIT,0
1770601938.5807106,BIT,1
1770601938.5807106,BIT,0
1770601938.5807106,BIT,0
1770601938.862528,BIT,1
1770601938.862528,BIT,1
1770601938.862528,BIT,0
1770601938.862528,BIT,1
1770601938.862528,BIT,1
1770601938.862528,BIT,0
1770601938.862528,BIT,0
1770601938.862528,BIT,1
1770601938.862528,BIT,1
1770601938.862528,BIT,1
1770601939.173071,BIT,0
1770601939.173071,BIT,1
1770601939.173071,BIT,0
1770601939.173071,BIT,1
1770601939.173071,BIT,1
1770601939.173071,BIT,0
1770601939.173071,BIT,0
1770601939.173071,BIT,0
1770601939.173071,BIT,1
1770601939.173071,BIT,1
1770601939.4734168,BIT,1
1770601939.4734168,BIT,0
1770601939.4734168,BIT,1
1770601939.4734168,BIT,0
1770601939.4734168,BIT,1
1770601939.4734168,BIT,0
1770601939.4734168,BIT,1
1770601939.4734168,BIT,1
1770601939.4734168,BIT,1
1770601939.4734168,BIT,0
1770601939.7622309,BIT,0
1770601939.7622309,BIT,1
1770601939.7622309,BIT,0
1770601939.7622309,BIT,0
1770601939.7622309,BIT,1
1770601939.7622309,BIT,0
1770601939.7622309,BIT,1
1770601939.7622309,BIT,0
1770601939.7622309,BIT,0
1770601939.7622309,BIT,1
1770601940.0555286,BIT,0
1770601940.0555286,BIT,1
1770601940.0555286,BIT,0
1770601940.0555286,BIT,0
1770601940.0555286,BIT,1
1770601940.0555286,BIT,1
1770601940.0555286,BIT,1
1770601940.0555286,BIT,1
1770601940.0555286,BIT,1
1770601940.0555286,BIT,1
1770601940.3169942,BIT,0
1770601940.3169942,BIT,0
1770601940.3169942,BIT,0
1770601940.3169942,BIT,1
1770601940.3169942,BIT,1
1770601940.3169942,BIT,0
1770601940.3169942,BIT,0
1770601940.3169942,BIT,0
1770601940.3169942,BIT,0
1770601940.3169942,BIT,0
1770601940.5708706,BIT,0
1770601940.5708706,BIT,1
1770601940.5708706,BIT,0
1770601940.5708706,BIT,1
1770601940.5708706,BIT,0
1770601940.5708706,BIT,1
1770601940.5708706,BIT,0
1770601940.5708706,BIT,1
1770601940.5708706,BIT,0
1770601940.5708706,BIT,1
1770601940.8604162,BIT,1
1770601940.8604162,BIT,1
1770601940.8604162,BIT,1
1770601940.8604162,BIT,1
1770601940.8604162,BIT,1
1770601940.8604162,BIT,1
1770601940.8604162,BIT,0
1770601940.8604162,BIT,1
1770601940.8604162,BIT,1
1770601940.8604162,BIT,0
1770601941.1290195,BIT,1
1770601941.1290195,BIT,1
1770601941.1290195,BIT,0
1770601941.1290195,BIT,1
1770601941.1290195,BIT,0
1770601941.1290195,BIT,1
1770601941.1290195,BIT,0
1770601941.1290195,BIT,0
1770601941.1290195,BIT,1
1770601941.1290195,BIT,0
1770601941.424346,BIT,1
1770601941.424346,BIT,0
1770601941.424346,BIT,1
1770601941.424346,BIT,1
1770601941.424346,BIT,0
1770601941.424346,BIT,1
1770601941.424346,BIT,1
1770601941.424346,BIT,1
1770601941.424346,BIT,0
1770601941.424346,BIT,1
1770601941.7123072,BIT,1
1770601941.7123072,BIT,0
1770601941.7123072,BIT,0
1770601941.7123072,BIT,1
1770601941.7123072,BIT,1
1770601941.7123072,BIT,1
1770601941.7123072,BIT,0
1770601941.7123072,BIT,1
1770601941.7123072,BIT,1
1770601941.7123072,BIT,0
1770601941.994983,BIT,0
1770601941.994983,BIT,0
1770601941.994983,BIT,0
1770601941.994983,BIT,0
1770601941.994983,BIT,0
1770601941.994983,BIT,0
1770601941.994983,BIT,0
1770601941.994983,BIT,0
1770601941.994983,BIT,0
1770601941.994983,BIT,0
1770601942.2944117,BIT,0
1770601942.2944117,BIT,1
1770601942.2944117,BIT,1
1770601942.2944117,BIT,1
1770601942.2944117,BIT,0
1770601942.2944117,BIT,1
1770601942.2944117,BIT,1
1770601942.2944117,BIT,0
1770601942.2944117,BIT,1
1770601942.2944117,BIT,1
1770601942.5516958,BIT,0
1770601942.5516958,BIT,0
1770601942.5516958,BIT,1
1770601942.5516958,BIT,0
1770601942.5516958,BIT,1
1770601942.5516958,BIT,1
1770601942.5516958,BIT,0
1770601942.5516958,BIT,1
1770601942.5516958,BIT,1
1770601942.5516958,BIT,0
1770601942.8373842,BIT,0
1770601942.8373842,BIT,0
1770601942.8373842,BIT,1
1770601942.8373842,BIT,0
1770601942.8373842,BIT,1
1770601942.8373842,BIT,1
1770601942.8373842,BIT,0
1770601942.8373842,BIT,1
1770601942.8373842,BIT,1
1770601942.8373842,BIT,1
1770601943.0976052,BIT,0
1770601943.0976052,BIT,0
1770601943.0976052,BIT,0
1770601943.0976052,BIT,0
1770601943.0976052,BIT,0
1770601943.0976052,BIT,1
1770601943.0976052,BIT,1
1770601943.0976052,BIT,0
1770601943.0976052,BIT,1
1770601943.0976052,BIT,0
1770601943.3883991,BIT,1
1770601943.3883991,BIT,0
1770601943.3883991,BIT,1
1770601943.3883991,BIT,1
1770601943.3883991,BIT,1
1770601943.3883991,BIT,0
1770601943.3883991,BIT,0
1770601943.3883991,BIT,1
1770601943.3883991,BIT,0
1770601943.3883991,BIT,0
1770601943.717488,BIT,0
1770601943.717488,BIT,0
1770601943.717488,BIT,0
1770601943.717488,BIT,1
1770601943.717488,BIT,0
1770601943.717488,BIT,0
1770601943.717488,BIT,1
1770601943.717488,BIT,0
1770601943.717488,BIT,0
1770601943.717488,BIT,1
1770601944.122544,BIT,1
1770601944.122544,BIT,0
1770601944.122544,BIT,1
1770601944.122544,BIT,1
1770601944.122544,BIT,0
1770601944.122544,BIT,0
1770601944.122544,BIT,0
1770601944.122544,BIT,1
1770601944.122544,BIT,0
1770601944.122544,BIT,1
1770601944.4724643,BIT,0
1770601944.4724643,BIT,1
1770601944.4724643,BIT,1
1770601944.4724643,BIT,0
1770601944.4724643,BIT,1
1770601944.4724643,BIT,0
1770601944.4724643,BIT,0
1770601944.4724643,BIT,0
1770601944.4724643,BIT,0
1770601944.4724643,BIT,0
1770601944.7477283,BIT,1
1770601944.7477283,BIT,0
1770601944.7477283,BIT,0
1770601944.7477283,BIT,1
1770601944.7477283,BIT,0
1770601944.7477283,BIT,0
1770601944.7477283,BIT,0
1770601944.7477283,BIT,0
1770601944.7477283,BIT,0
1770601944.7477283,BIT,1
1770601945.1285946,BIT,1
1770601945.1285946,BIT,0
1770601945.1285946,BIT,0
1770601945.1285946,BIT,1
1770601945.1285946,BIT,1
1770601945.1285946,BIT,0
1770601945.1285946,BIT,1
1770601945.1285946,BIT,0
1770601945.1285946,BIT,1
1770601945.1285946,BIT,1
1770601945.5814493,BIT,0
1770601945.5814493,BIT,1
1770601945.5814493,BIT,1
1770601945.5814493,BIT,1
1770601945.5814493,BIT,1
1770601945.5814493,BIT,0
1770601945.5814493,BIT,0
1770601945.5814493,BIT,0
1770601945.5814493,BIT,1
1770601945.5814493,BIT,0
1770601945.9395516,BIT,0
1770601945.9395516,BIT,1
1770601945.9395516,BIT,1
1770601945.9395516,BIT,0
1770601945.9395516,BIT,1
1770601945.9395516,BIT,0
1770601945.9395516,BIT,1
1770601945.9395516,BIT,1
1770601945.9395516,BIT,1
1770601945.9395516,BIT,0
1770601946.3395956,BIT,0
1770601946.3395956,BIT,1
1770601946.3395956,BIT,1
1770601946.3395956,BIT,0
1770601946.3395956,BIT,1
1770601946.3395956,BIT,1
1770601946.3395956,BIT,0
1770601946.3395956,BIT,1
1770601946.3395956,BIT,0
1770601946.3395956,BIT,1
1770601946.7034688,BIT,1
1770601946.7034688,BIT,0
1770601946.7034688,BIT,1
1770601946.7034688,BIT,1
1770601946.7034688,BIT,1
1770601946.7034688,BIT,0
1770601946.7034688,BIT,1
1770601946.7034688,BIT,1
1770601946.7034688,BIT,1
1770601946.7034688,BIT,0
1770601947.0608735,BIT,1
1770601947.0608735,BIT,0
1770601947.0608735,BIT,1
1770601947.0608735,BIT,1
1770601947.0608735,BIT,0
1770601947.0608735,BIT,1
1770601947.0608735,BIT,0
1770601947.0608735,BIT,0
1770601947.0608735,BIT,1
1770601947.0608735,BIT,1
1770601947.3810492,BIT,1
1770601947.3810492,BIT,0
1770601947.3810492,BIT,0
1770601947.3810492,BIT,1
1770601947.3810492,BIT,1
1770601947.3810492,BIT,0
1770601947.3810492,BIT,1
1770601947.3810492,BIT,1
1770601947.3810492,BIT,0
1770601947.3810492,BIT,0
1770601947.7155209,BIT,0
1770601947.7155209,BIT,0
1770601947.7155209,BIT,1
1770601947.7155209,BIT,0
1770601947.7155209,BIT,0
1770601947.7155209,BIT,0
1770601947.7155209,BIT,1
1770601947.7155209,BIT,0
1770601947.7155209,BIT,0
1770601947.7155209,BIT,1
1770601948.056776,BIT,1
1770601948.056776,BIT,1
1770601948.056776,BIT,1
1770601948.056776,BIT,0
1770601948.056776,BIT,1
1770601948.056776,BIT,1
1770601948.056776,BIT,0
1770601948.056776,BIT,1
1770601948.056776,BIT,1
1770601948.056776,BIT,0
1770601948.3823478,BIT,0
1770601948.3823478,BIT,1
1770601948.3823478,BIT,1
1770601948.3823478,BIT,1
1770601948.3823478,BIT,1
1770601948.3823478,BIT,0
1770601948.3823478,BIT,0
1770601948.3823478,BIT,1
1770601948.3823478,BIT,0
1770601948.3823478,BIT,0
1770601948.7458997,BIT,0
1770601948.7458997,BIT,1
1770601948.7458997,BIT,0
1770601948.7458997,BIT,0
1770601948.7458997,BIT,1
1770601948.7458997,BIT,1
1770601948.7458997,BIT,0
1770601948.7458997,BIT,1
1770601948.7458997,BIT,0
1770601948.7458997,BIT,1
1770601949.0814395,BIT,0
1770601949.0814395,BIT,0
1770601949.0814395,BIT,1
1770601949.0814395,BIT,0
1770601949.0814395,BIT,1
1770601949.0814395,BIT,0
1770601949.0814395,BIT,0
1770601949.0814395,BIT,1
1770601949.0814395,BIT,1
1770601949.0814395,BIT,1
1770601949.5376918,BIT,1
1770601949.5376918,BIT,0
1770601949.5376918,BIT,0
1770601949.5376918,BIT,1
1770601949.5376918,BIT,1
1770601949.5376918,BIT,0
1770601949.5376918,BIT,0
1770601949.5376918,BIT,0
1770601949.5376918,BIT,0
1770601949.5376918,BIT,0
1770601949.8501725,BIT,1
1770601949.8501725,BIT,0
1770601949.8501725,BIT,0
1770601949.8501725,BIT,0
1770601949.8501725,BIT,1
1770601949.8501725,BIT,0
1770601949.8501725,BIT,1
1770601949.8501725,BIT,0
1770601949.8501725,BIT,1
1770601949.8501725,BIT,1
1770601950.1895657,BIT,0
1770601950.1895657,BIT,0
1770601950.1895657,BIT,1
1770601950.1895657,BIT,0
1770601950.1895657,BIT,0
1770601950.1895657,BIT,0
1770601950.1895657,BIT,0
1770601950.1895657,BIT,1
1770601950.1895657,BIT,1
1770601950.1895657,BIT,1
1770601950.4702876,BIT,0
1770601950.4702876,BIT,1
1770601950.4702876,BIT,1
1770601950.4702876,BIT,1
1770601950.4702876,BIT,0
1770601950.4702876,BIT,1
1770601950.4702876,BIT,1
1770601950.4702876,BIT,0
1770601950.4702876,BIT,0
1770601950.4702876,BIT,0
1770601950.7959864,BIT,1
1770601950.7959864,BIT,0
1770601950.7959864,BIT,1
1770601950.7959864,BIT,1
1770601950.7959864,BIT,1
1770601950.7959864,BIT,1
1770601950.7959864,BIT,1
1770601950.7959864,BIT,0
1770601950.7959864,BIT,1
1770601950.7959864,BIT,1
1770601951.200451,BIT,0
1770601951.200451,BIT,0
1770601951.200451,BIT,0
1770601951.200451,BIT,0
1770601951.200451,BIT,0
1770601951.200451,BIT,0
1770601951.200451,BIT,0
1770601951.200451,BIT,0
1770601951.200451,BIT,1
1770601951.200451,BIT,1
1770601951.522606,BIT,1
1770601951.522606,BIT,0
1770601951.522606,BIT,1
1770601951.522606,BIT,0
1770601951.522606,BIT,1
1770601951.522606,BIT,0
1770601951.522606,BIT,1
1770601951.522606,BIT,1
1770601951.522606,BIT,1
1770601951.522606,BIT,0
1770601951.8218334,BIT,1
1770601951.8218334,BIT,1
1770601951.8218334,BIT,1
1770601951.8218334,BIT,1
1770601951.8218334,BIT,0
1770601951.8218334,BIT,1
1770601951.8218334,BIT,1
1770601951.8218334,BIT,0
1770601951.8218334,BIT,0
1770601951.8218334,BIT,0
1770601952.1141942,BIT,1
1770601952.1141942,BIT,1
1770601952.1141942,BIT,0
1770601952.1141942,BIT,0
1770601952.1141942,BIT,0
1770601952.1141942,BIT,0
1770601952.1141942,BIT,1
1770601952.1141942,BIT,1
1770601952.1141942,BIT,0
1770601952.1141942,BIT,1
1770601952.4247127,BIT,0
1770601952.4247127,BIT,0
1770601952.4247127,BIT,1
1770601952.4247127,BIT,0
1770601952.4247127,BIT,1
1770601952.4247127,BIT,1
1770601952.4247127,BIT,0
1770601952.4247127,BIT,0
1770601952.4247127,BIT,1
1770601952.4247127,BIT,1
1770601952.680913,BIT,1
1770601952.680913,BIT,1
1770601952.680913,BIT,0
1770601952.680913,BIT,1
1770601952.680913,BIT,0
1770601952.680913,BIT,1
1770601952.680913,BIT,0
1770601952.680913,BIT,1
1770601952.680913,BIT,1
1770601952.680913,BIT,1
1770601953.0356736,BIT,1
1770601953.0356736,BIT,0
1770601953.0356736,BIT,0
1770601953.0356736,BIT,1
1770601953.0356736,BIT,0
1770601953.0356736,BIT,0
1770601953.0356736,BIT,1
1770601953.0356736,BIT,0
1770601953.0356736,BIT,0
1770601953.0356736,BIT,0
1770601953.3683305,BIT,0
1770601953.3683305,BIT,1
1770601953.3683305,BIT,0
1770601953.3683305,BIT,1
1770601953.3683305,BIT,1
1770601953.3683305,BIT,0
1770601953.3683305,BIT,0
1770601953.3683305,BIT,1
1770601953.3683305,BIT,0
1770601953.3683305,BIT,1
1770601953.7329311,BIT,1
1770601953.7329311,BIT,1
1770601953.7329311,BIT,1
1770601953.7329311,BIT,0
1770601953.7329311,BIT,0
1770601953.7329311,BIT,0
1770601953.7329311,BIT,0
1770601953.7329311,BIT,1
1770601953.7329311,BIT,1
1770601953.7329311,BIT,0
1770601954.0115094,BIT,0
1770601954.0115094,BIT,1
1770601954.0115094,BIT,0
1770601954.0115094,BIT,0
1770601954.0115094,BIT,1
1770601954.0115094,BIT,1
1770601954.0115094,BIT,1
1770601954.0115094,BIT,1
1770601954.0115094,BIT,1
1770601954.0115094,BIT,1
1770601954.3604846,BIT,0
1770601954.3604846,BIT,1
1770601954.3604846,BIT,1
1770601954.3604846,BIT,0
1770601954.3604846,BIT,0
1770601954.3604846,BIT,0
1770601954.3604846,BIT,0
1770601954.3604846,BIT,1
1770601954.3604846,BIT,1
1770601954.3604846,BIT,0
1770601954.7059877,BIT,0
1770601954.7059877,BIT,0
1770601954.7059877,BIT,0
1770601954.7059877,BIT,1
1770601954.7059877,BIT,1
1770601954.7059877,BIT,1
1770601954.7059877,BIT,1
1770601954.7059877,BIT,0
1770601954.7059877,BIT,1
1770601954.7059877,BIT,1
1770601955.0054028,BIT,1
1770601955.0054028,BIT,0
1770601955.0054028,BIT,0
1770601955.0054028,BIT,1
1770601955.0054028,BIT,0
1770601955.0054028,BIT,1
1770601955.0054028,BIT,0
1770601955.0054028,BIT,0
1770601955.0054028,BIT,1
1770601955.0054028,BIT,0
1770601955.2880414,BIT,1
1770601955.2880414,BIT,1
1770601955.2880414,BIT,1
1770601955.2880414,BIT,0
1770601955.2880414,BIT,0
1770601955.2880414,BIT,0
1770601955.2880414,BIT,1
1770601955.2880414,BIT,0
1770601955.2880414,BIT,0
1770601955.2880414,BIT,1
1770601955.60511,BIT,1
1770601955.60511,BIT,0
1770601955.60511,BIT,0
1770601955.60511,BIT,0
1770601955.60511,BIT,1
1770601955.60511,BIT,1
1770601955.60511,BIT,0
1770601955.60511,BIT,0
1770601955.60511,BIT,0
1770601955.60511,BIT,1
1770601955.9854667,BIT,0
1770601955.9854667,BIT,1
1770601955.9854667,BIT,0
1770601955.9854667,BIT,0
1770601955.9854667,BIT,0
1770601955.9854667,BIT,1
1770601955.9854667,BIT,1
1770601955.9854667,BIT,1
1770601955.9854667,BIT,1
1770601955.9854667,BIT,0
1770601956.2594662,BIT,1
1770601956.2594662,BIT,0
1770601956.2594662,BIT,0
1770601956.2594662,BIT,0
1770601956.2594662,BIT,1
1770601956.2594662,BIT,0
1770601956.2594662,BIT,0
1770601956.2594662,BIT,1
1770601956.2594662,BIT,1
1770601956.2594662,BIT,1
1770601956.5657287,BIT,1
1770601956.5657287,BIT,1
1770601956.5657287,BIT,0
1770601956.5657287,BIT,1
1770601956.5657287,BIT,0
1770601956.5657287,BIT,1
1770601956.5657287,BIT,0
1770601956.5657287,BIT,0
1770601956.5657287,BIT,0
1770601956.5657287,BIT,1
1770601956.8753836,BIT,0
1770601956.8753836,BIT,0
1770601956.8753836,BIT,0
1770601956.8753836,BIT,0
1770601956.8753836,BIT,0
1770601956.8753836,BIT,0
1770601956.8753836,BIT,1
1770601956.8753836,BIT,0
1770601956.8753836,BIT,0
1770601956.8753836,BIT,1
1770601957.2128925,BIT,1
1770601957.2128925,BIT,1
1770601957.2128925,BIT,0
1770601957.2128925,BIT,0
1770601957.2128925,BIT,1
1770601957.2128925,BIT,0
1770601957.2128925,BIT,1
1770601957.2128925,BIT,1
1770601957.2128925,BIT,0
1770601957.2128925,BIT,1
1770601957.5471718,BIT,1
1770601957.5471718,BIT,0
1770601957.5471718,BIT,0
1770601957.5471718,BIT,1
1770601957.5471718,BIT,0
1770601957.5471718,BIT,1
1770601957.5471718,BIT,1
1770601957.5471718,BIT,0
1770601957.5471718,BIT,0
1770601957.5471718,BIT,0
1770601957.8631327,BIT,0
1770601957.8631327,BIT,0
1770601957.8631327,BIT,0
1770601957.8631327,BIT,1
1770601957.8631327,BIT,0
1770601957.8631327,BIT,0
1770601957.8631327,BIT,1
1770601957.8631327,BIT,0
1770601957.8631327,BIT,0
1770601957.8631327,BIT,0
1770601958.229024,BIT,0
1770601958.229024,BIT,1
1770601958.229024,BIT,1
1770601958.229024,BIT,1
1770601958.229024,BIT,0
1770601958.229024,BIT,1
1770601958.229024,BIT,1
1770601958.229024,BIT,0
1770601958.229024,BIT,0
1770601958.229024,BIT,0
1770601958.63988,BIT,1
1770601958.63988,BIT,0
1770601958.63988,BIT,0
1770601958.63988,BIT,0
1770601958.63988,BIT,1
1770601958.63988,BIT,0
1770601958.63988,BIT,1
1770601958.63988,BIT,1
1770601958.63988,BIT,0
1770601958.63988,BIT,1
1770601959.1307223,BIT,0
1770601959.1307223,BIT,0
1770601959.1307223,BIT,0
1770601959.1307223,BIT,0
1770601959.1307223,BIT,0
1770601959.1307223,BIT,1
1770601959.1307223,BIT,1
1770601959.1307223,BIT,1
1770601959.1307223,BIT,1
1770601959.1307223,BIT,0
1770601959.4767826,BIT,1
1770601959.4767826,BIT,0
1770601959.4767826,BIT,0
1770601959.4767826,BIT,0
1770601959.4767826,BIT,0
1770601959.4767826,BIT,0
1770601959.4767826,BIT,0
1770601959.4767826,BIT,1
1770601959.4767826,BIT,0
1770601959.4767826,BIT,0
1770601959.8358305,BIT,1
1770601959.8358305,BIT,0
1770601959.8358305,BIT,0
1770601959.8358305,BIT,1
1770601959.8358305,BIT,0
1770601959.8358305,BIT,0
1770601959.8358305,BIT,1
1770601959.8358305,BIT,0
1770601959.8358305,BIT,1
1770601959.8358305,BIT,0
1770601960.1868317,BIT,1
1770601960.1868317,BIT,1
1770601960.1868317,BIT,1
1770601960.1868317,BIT,0
1770601960.1868317,BIT,1
1770601960.1868317,BIT,0
1770601960.1868317,BIT,1
1770601960.1868317,BIT,0
1770601960.1868317,BIT,1
1770601960.1868317,BIT,0
1770601960.5314314,BIT,1
1770601960.5314314,BIT,1
1770601960.5314314,BIT,0
1770601960.5314314,BIT,0
1770601960.5314314,BIT,0
1770601960.5314314,BIT,1
1770601960.5314314,BIT,1
1770601960.5314314,BIT,0
1770601960.5314314,BIT,0
1770601960.5314314,BIT,0
1770601960.890272,BIT,1
1770601960.890272,BIT,0
1770601960.890272,BIT,1
1770601960.890272,BIT,1
1770601960.890272,BIT,0
1770601960.890272,BIT,0
1770601960.890272,BIT,0
1770601960.890272,BIT,1
1770601960.890272,BIT,0
1770601960.890272,BIT,1
1770601961.2592802,BIT,0
1770601961.2592802,BIT,1
1770601961.2592802,BIT,1
1770601961.2592802,BIT,0
1770601961.2592802,BIT,1
1770601961.2592802,BIT,1
1770601961.2592802,BIT,1
1770601961.2592802,BIT,1
1770601961.2592802,BIT,0
1770601961.2592802,BIT,0
1770601961.7100654,BIT,1
1770601961.7100654,BIT,0
1770601961.7100654,BIT,0
1770601961.7100654,BIT,0
1770601961.7100654,BIT,1
1770601961.7100654,BIT,1
1770601961.7100654,BIT,0
1770601961.7100654,BIT,1
1770601961.7100654,BIT,0
1770601961.7100654,BIT,1
1770601962.0675752,BIT,0
1770601962.0675752,BIT,0
1770601962.0675752,BIT,1
1770601962.0675752,BIT,1
1770601962.0675752,BIT,0
1770601962.0675752,BIT,0
1770601962.0675752,BIT,1
1770601962.0675752,BIT,0
1770601962.0675752,BIT,0
1770601962.0675752,BIT,0
1770601962.4316337,BIT,1
1770601962.4316337,BIT,1
1770601962.4316337,BIT,0
1770601962.4316337,BIT,1
1770601962.4316337,BIT,0
1770601962.4316337,BIT,1
1770601962.4316337,BIT,1
1770601962.4316337,BIT,1
1770601962.4316337,BIT,1
1770601962.4316337,BIT,0
1770601962.861147,BIT,1
1770601962.861147,BIT,1
1770601962.861147,BIT,1
1770601962.861147,BIT,1
1770601962.861147,BIT,0
1770601962.861147,BIT,1
1770601962.861147,BIT,0
1770601962.861147,BIT,1
1770601962.861147,BIT,1
1770601962.861147,BIT,1
1770601963.3115745,BIT,1
1770601963.3115745,BIT,1
1770601963.3115745,BIT,1
1770601963.3115745,BIT,0
1770601963.3115745,BIT,0
1770601963.3115745,BIT,1
1770601963.3115745,BIT,1
1770601963.3115745,BIT,0
1770601963.3115745,BIT,1
1770601963.3115745,BIT,0
1770601963.7547417,BIT,1
1770601963.7547417,BIT,0
1770601963.7547417,BIT,1
1770601963.7547417,BIT,0
1770601963.7547417,BIT,1
1770601963.7547417,BIT,1
1770601963.7547417,BIT,1
1770601963.7547417,BIT,1
1770601963.7547417,BIT,0
1770601963.7547417,BIT,0
1770601964.1808736,BIT,0
1770601964.1808736,BIT,1
1770601964.1808736,BIT,0
1770601964.1808736,BIT,1
1770601964.1808736,BIT,0
1770601964.1808736,BIT,1
1770601964.1808736,BIT,0
1770601964.1808736,BIT,0
1770601964.1808736,BIT,1
1770601964.1808736,BIT,1
1770601964.542505,BIT,0
1770601964.542505,BIT,0
1770601964.542505,BIT,0
1770601964.542505,BIT,1
1770601964.542505,BIT,0
1770601964.542505,BIT,1
1770601964.542505,BIT,1
1770601964.542505,BIT,1
1770601964.542505,BIT,1
1770601964.542505,BIT,0
1770601964.8127828,BIT,0
1770601964.8127828,BIT,1
1770601964.8127828,BIT,1
1770601964.8127828,BIT,1
1770601964.8127828,BIT,1
1770601964.8127828,BIT,1
1770601964.8127828,BIT,0
1770601964.8127828,BIT,0
1770601964.8127828,BIT,0
1770601964.8127828,BIT,0
1770601965.1093462,BIT,0
1770601965.1093462,BIT,0
1770601965.1093462,BIT,0
1770601965.1093462,BIT,1
1770601965.1093462,BIT,1
1770601965.1093462,BIT,0
1770601965.1093462,BIT,1
1770601965.1093462,BIT,1
1770601965.1093462,BIT,0
1770601965.1093462,BIT,1
1770601965.3906882,BIT,1
1770601965.3906882,BIT,1
1770601965.3906882,BIT,1
1770601965.3906882,BIT,0
1770601965.3906882,BIT,1
1770601965.3906882,BIT,0
1770601965.3906882,BIT,0
1770601965.3906882,BIT,1
1770601965.3906882,BIT,0
1770601965.3906882,BIT,0
1770601965.6559827,BIT,1
1770601965.6559827,BIT,0
1770601965.6559827,BIT,1
1770601965.6559827,BIT,1
1770601965.6559827,BIT,0
1770601965.6559827,BIT,0
1770601965.6559827,BIT,0
1770601965.6559827,BIT,1
1770601965.6559827,BIT,1
1770601965.6559827,BIT,1
1770601965.9778106,BIT,0
1770601965.9778106,BIT,1
1770601965.9778106,BIT,0
1770601965.9778106,BIT,1
1770601965.9778106,BIT,1
1770601965.9778106,BIT,0
1770601965.9778106,BIT,1
1770601965.9778106,BIT,1
1770601965.9778106,BIT,1
1770601965.9778106,BIT,1
1770601966.293047,BIT,0
1770601966.293047,BIT,1
1770601966.293047,BIT,0
1770601966.293047,BIT,1
1770601966.293047,BIT,0
1770601966.293047,BIT,0
1770601966.293047,BIT,1
1770601966.293047,BIT,0
1770601966.293047,BIT,0
1770601966.293047,BIT,1
1770601966.575725,BIT,1
1770601966.575725,BIT,0
1770601966.575725,BIT,0
1770601966.575725,BIT,1
1770601966.575725,BIT,0
1770601966.575725,BIT,1
1770601966.575725,BIT,1
1770601966.575725,BIT,0
1770601966.575725,BIT,1
1770601966.575725,BIT,0
1770601966.8571458,BIT,1
1770601966.8571458,BIT,1
1770601966.8571458,BIT,0
1770601966.8571458,BIT,0
1770601966.8571458,BIT,1
1770601966.8571458,BIT,1
1770601966.8571458,BIT,0
1770601966.8571458,BIT,0
1770601966.8571458,BIT,1
1770601966.8571458,BIT,1
1770601967.1700785,BIT,0
1770601967.1700785,BIT,0
1770601967.1700785,BIT,0
1770601967.1700785,BIT,0
1770601967.1700785,BIT,0
1770601967.1700785,BIT,1
1770601967.1700785,BIT,1
1770601967.1700785,BIT,1
1770601967.1700785,BIT,0
1770601967.1700785,BIT,1
1770601967.4785032,BIT,0
1770601967.4785032,BIT,0
1770601967.4785032,BIT,1
1770601967.4785032,BIT,0
1770601967.4785032,BIT,0
1770601967.4785032,BIT,1
1770601967.4785032,BIT,0
1770601967.4785032,BIT,0
1770601967.4785032,BIT,0
1770601967.4785032,BIT,0
1770601967.745378,BIT,0
1770601967.745378,BIT,1
1770601967.745378,BIT,0
1770601967.745378,BIT,0
1770601967.745378,BIT,1
1770601967.745378,BIT,1
1770601967.745378,BIT,0
1770601967.745378,BIT,1
1770601967.745378,BIT,1
1770601967.745378,BIT,1
1770601968.0631678,BIT,1
1770601968.0631678,BIT,1
1770601968.0631678,BIT,1
1770601968.0631678,BIT,0
1770601968.0631678,BIT,1
1770601968.0631678,BIT,1
1770601968.0631678,BIT,0
1770601968.0631678,BIT,0
1770601968.0631678,BIT,1
1770601968.0631678,BIT,0
1770601968.3645608,BIT,1
1770601968.3645608,BIT,0
1770601968.3645608,BIT,0
1770601968.3645608,BIT,1
1770601968.3645608,BIT,1
1770601968.3645608,BIT,0
1770601968.3645608,BIT,1
1770601968.3645608,BIT,1
1770601968.3645608,BIT,1
1770601968.3645608,BIT,1
1770601968.6274593,BIT,0
1770601968.6274593,BIT,1
1770601968.6274593,BIT,1
1770601968.6274593,BIT,0
1770601968.6274593,BIT,1
1770601968.6274593,BIT,0
1770601968.6274593,BIT,1
1770601968.6274593,BIT,1
1770601968.6274593,BIT,1
1770601968.6274593,BIT,1
1770601968.9291217,BIT,1
1770601968.9291217,BIT,1
1770601968.9291217,BIT,0
1770601968.9291217,BIT,0
1770601968.9291217,BIT,0
1770601968.9291217,BIT,0
1770601968.9291217,BIT,0
1770601968.9291217,BIT,0
1770601968.9291217,BIT,1
1770601968.9291217,BIT,1
1770601969.1963665,BIT,1
1770601969.1963665,BIT,1
1770601969.1963665,BIT,0
1770601969.1963665,BIT,1
1770601969.1963665,BIT,1
1770601969.1963665,BIT,0
1770601969.1963665,BIT,0
1770601969.1963665,BIT,1
1770601969.1963665,BIT,1
1770601969.1963665,BIT,0
1770601969.4813197,BIT,1
1770601969.4813197,BIT,1
1770601969.4813197,BIT,1
1770601969.4813197,BIT,0
1770601969.4813197,BIT,1
1770601969.4813197,BIT,1
1770601969.4813197,BIT,0
1770601969.4813197,BIT,0
1770601969.4813197,BIT,1
1770601969.4813197,BIT,0
1770601969.7835996,BIT,1
1770601969.7835996,BIT,0
1770601969.7835996,BIT,1
1770601969.7835996,BIT,1
1770601969.7835996,BIT,0
1770601969.7835996,BIT,0
1770601969.7835996,BIT,0
1770601969.7835996,BIT,0
1770601969.7835996,BIT,0
1770601969.7835996,BIT,0
1770601970.1027536,BIT,0
1770601970.1027536,BIT,1
1770601970.1027536,BIT,1
1770601970.1027536,BIT,1
1770601970.1027536,BIT,0
1770601970.1027536,BIT,0
1770601970.1027536,BIT,1
1770601970.1027536,BIT,0
1770601970.1027536,BIT,1
1770601970.1027536,BIT,0
1770601970.4233816,BIT,1
1770601970.4233816,BIT,1
1770601970.4233816,BIT,1
1770601970.4233816,BIT,1
1770601970.4233816,BIT,0
1770601970.4233816,BIT,1
1770601970.4233816,BIT,0
1770601970.4233816,BIT,0
1770601970.4233816,BIT,0
1770601970.4233816,BIT,0
1770601970.6754599,BIT,1
1770601970.6754599,BIT,0
1770601970.6754599,BIT,0
1770601970.6754599,BIT,1
1770601970.6754599,BIT,1
1770601970.6754599,BIT,0
1770601970.6754599,BIT,1
1770601970.6754599,BIT,0
1770601970.6754599,BIT,0
1770601970.6754599,BIT,1
1770601970.9601126,BIT,0
1770601970.9601126,BIT,0
1770601970.9601126,BIT,1
1770601970.9601126,BIT,1
1770601970.9601126,BIT,1
1770601970.9601126,BIT,0
1770601970.9601126,BIT,1
1770601970.9601126,BIT,1
1770601970.9601126,BIT,1
1770601970.9601126,BIT,0
1770601971.224406,BIT,0
1770601971.224406,BIT,1
1770601971.224406,BIT,0
1770601971.224406,BIT,0
1770601971.224406,BIT,1
1770601971.224406,BIT,0
1770601971.224406,BIT,0
1770601971.224406,BIT,0
1770601971.224406,BIT,0
1770601971.224406,BIT,1
1770601971.5073154,BIT,1
1770601971.5073154,BIT,1
1770601971.5073154,BIT,0
1770601971.5073154,BIT,1
1770601971.5073154,BIT,1
1770601971.5073154,BIT,0
1770601971.5073154,BIT,0
1770601971.5073154,BIT,0
1770601971.5073154,BIT,1
1770601971.5073154,BIT,1
1770601971.8062518,BIT,0
1770601971.8062518,BIT,1
1770601971.8062518,BIT,1
1770601971.8062518,BIT,0
1770601971.8062518,BIT,0
1770601971.8062518,BIT,1
1770601971.8062518,BIT,1
1770601971.8062518,BIT,1
1770601971.8062518,BIT,0
1770601971.8062518,BIT,0
1770601972.1408064,BIT,1
1770601972.1408064,BIT,0
1770601972.1408064,BIT,0
1770601972.1408064,BIT,0
1770601972.1408064,BIT,0
1770601972.1408064,BIT,0
1770601972.1408064,BIT,0
1770601972.1408064,BIT,1
1770601972.1408064,BIT,0
1770601972.1408064,BIT,0
1770601972.4453514,BIT,0
1770601972.4453514,BIT,0
1770601972.4453514,BIT,0
1770601972.4453514,BIT,0
1770601972.4453514,BIT,0
1770601972.4453514,BIT,1
1770601972.4453514,BIT,1
1770601972.4453514,BIT,1
1770601972.4453514,BIT,0
1770601972.4453514,BIT,1
1770601972.7314725,BIT,1
1770601972.7314725,BIT,0
1770601972.7314725,BIT,1
1770601972.7314725,BIT,1
1770601972.7314725,BIT,0
1770601972.7314725,BIT,1
1770601972.7314725,BIT,1
1770601972.7314725,BIT,0
1770601972.7314725,BIT,0
1770601972.7314725,BIT,1
1770601973.0151832,BIT,1
1770601973.0151832,BIT,1
1770601973.0151832,BIT,0
1770601973.0151832,BIT,1
1770601973.0151832,BIT,1
1770601973.0151832,BIT,1
1770601973.0151832,BIT,1
1770601973.0151832,BIT,1
1770601973.0151832,BIT,1
1770601973.0151832,BIT,0
1770601973.2899008,BIT,0
1770601973.2899008,BIT,0
1770601973.2899008,BIT,0
1770601973.2899008,BIT,0
1770601973.2899008,BIT,0
1770601973.2899008,BIT,0
1770601973.2899008,BIT,0
1770601973.2899008,BIT,0
1770601973.2899008,BIT,0
1770601973.2899008,BIT,1
1770601973.5607686,BIT,0
1770601973.5607686,BIT,0
1770601973.5607686,BIT,0
1770601973.5607686,BIT,1
1770601973.5607686,BIT,1
1770601973.5607686,BIT,0
1770601973.5607686,BIT,0
1770601973.5607686,BIT,1
1770601973.5607686,BIT,0
1770601973.5607686,BIT,0
1770601973.8483083,BIT,0
1770601973.8483083,BIT,0
1770601973.8483083,BIT,0
1770601973.8483083,BIT,0
1770601973.8483083,BIT,1
1770601973.8483083,BIT,1
1770601973.8483083,BIT,1
1770601973.8483083,BIT,1
1770601973.8483083,BIT,1
1770601973.8483083,BIT,0
1770601974.1894386,BIT,0
1770601974.1894386,BIT,0
1770601974.1894386,BIT,1
1770601974.1894386,BIT,1
1770601974.1894386,BIT,0
1770601974.1894386,BIT,1
1770601974.1894386,BIT,0
1770601974.1894386,BIT,1
1770601974.1894386,BIT,1
1770601974.1894386,BIT,0
1770601974.5103173,BIT,0
1770601974.5103173,BIT,1
1770601974.5103173,BIT,0
1770601974.5103173,BIT,1
1770601974.5103173,BIT,0
1770601974.5103173,BIT,1
1770601974.5103173,BIT,0
1770601974.5103173,BIT,1
1770601974.5103173,BIT,1
1770601974.5103173,BIT,1
1770601974.7727072,BIT,1
1770601974.7727072,BIT,0
1770601974.7727072,BIT,1
1770601974.7727072,BIT,0
1770601974.7727072,BIT,1
1770601974.7727072,BIT,1
1770601974.7727072,BIT,0
1770601974.7727072,BIT,0
1770601974.7727072,BIT,0
1770601974.7727072,BIT,0
1770601975.189727,BIT,1
1770601975.189727,BIT,0
1770601975.189727,BIT,1
1770601975.189727,BIT,0
1770601975.189727,BIT,1
1770601975.189727,BIT,1
1770601975.189727,BIT,0
1770601975.189727,BIT,1
1770601975.189727,BIT,0
1770601975.189727,BIT,1
1770601975.5027816,BIT,1
1770601975.5027816,BIT,0
1770601975.5027816,BIT,0
1770601975.5027816,BIT,0
1770601975.5027816,BIT,0
1770601975.5027816,BIT,0
1770601975.5027816,BIT,0
1770601975.5027816,BIT,1
1770601975.5027816,BIT,0
1770601975.5027816,BIT,1
1770601975.8027422,BIT,0
1770601975.8027422,BIT,1
1770601975.8027422,BIT,1
1770601975.8027422,BIT,1
1770601975.8027422,BIT,0
1770601975.8027422,BIT,0
1770601975.8027422,BIT,0
1770601975.8027422,BIT,1
1770601975.8027422,BIT,0
1770601975.8027422,BIT,1
1770601976.1167772,BIT,1
1770601976.1167772,BIT,0
1770601976.1167772,BIT,0
1770601976.1167772,BIT,1
1770601976.1167772,BIT,0
1770601976.1167772,BIT,1
1770601976.1167772,BIT,1
1770601976.1167772,BIT,0
1770601976.1167772,BIT,1
1770601976.1167772,BIT,1
1770601976.4243903,BIT,1
1770601976.4243903,BIT,0
1770601976.4243903,BIT,1
1770601976.4243903,BIT,1
1770601976.4243903,BIT,0
1770601976.4243903,BIT,0
1770601976.4243903,BIT,0
1770601976.4243903,BIT,1
1770601976.4243903,BIT,1
1770601976.4243903,BIT,0
1770601976.7714849,BIT,1
1770601976.7714849,BIT,0
1770601976.7714849,BIT,0
1770601976.7714849,BIT,0
1770601976.7714849,BIT,1
1770601976.7714849,BIT,0
1770601976.7714849,BIT,0
1770601976.7714849,BIT,0
1770601976.7714849,BIT,1
1770601976.7714849,BIT,0
1770601977.1080768,BIT,1
1770601977.1080768,BIT,0
1770601977.1080768,BIT,1
1770601977.1080768,BIT,0
1770601977.1080768,BIT,0
1770601977.1080768,BIT,1
1770601977.1080768,BIT,0
1770601977.1080768,BIT,0
1770601977.1080768,BIT,0
1770601977.1080768,BIT,1
1770601977.4354365,BIT,0
1770601977.4354365,BIT,0
1770601977.4354365,BIT,0
1770601977.4354365,BIT,0
1770601977.4354365,BIT,1
1770601977.4354365,BIT,1
1770601977.4354365,BIT,0
1770601977.4354365,BIT,1
1770601977.4354365,BIT,0
1770601977.4354365,BIT,1
1770601977.7461271,BIT,0
1770601977.7461271,BIT,1
1770601977.7461271,BIT,1
1770601977.7461271,BIT,1
1770601977.7461271,BIT,1
1770601977.7461271,BIT,1
1770601977.7461271,BIT,1
1770601977.7461271,BIT,0
1770601977.7461271,BIT,1
1770601977.7461271,BIT,0
1770601978.0565705,BIT,0
1770601978.0565705,BIT,1
1770601978.0565705,BIT,1
1770601978.0565705,BIT,0
1770601978.0565705,BIT,1
1770601978.0565705,BIT,0
1770601978.0565705,BIT,0
1770601978.0565705,BIT,0
1770601978.0565705,BIT,1
1770601978.0565705,BIT,0
1770601978.3737488,BIT,0
1770601978.3737488,BIT,1
1770601978.3737488,BIT,1
1770601978.3737488,BIT,1
1770601978.3737488,BIT,0
1770601978.3737488,BIT,1
1770601978.3737488,BIT,0
1770601978.3737488,BIT,1
1770601978.3737488,BIT,1
1770601978.3737488,BIT,1
1770601978.7926955,BIT,0
1770601978.7926955,BIT,0
1770601978.7926955,BIT,0
1770601978.7926955,BIT,1
1770601978.7926955,BIT,1
1770601978.7926955,BIT,0
1770601978.7926955,BIT,1
1770601978.7926955,BIT,0
1770601978.7926955,BIT,1
1770601978.7926955,BIT,0
1770601979.1496115,BIT,0
1770601979.1496115,BIT,0
1770601979.1496115,BIT,0
1770601979.1496115,BIT,1
1770601979.1496115,BIT,1
1770601979.1496115,BIT,0
1770601979.1496115,BIT,0
1770601979.1496115,BIT,0
1770601979.1496115,BIT,1
1770601979.1496115,BIT,0
1770601979.4474168,BIT,1
1770601979.4474168,BIT,0
1770601979.4474168,BIT,0
1770601979.4474168,BIT,0
1770601979.4474168,BIT,0
1770601979.4474168,BIT,1
1770601979.4474168,BIT,1
1770601979.4474168,BIT,0
1770601979.4474168,BIT,1
1770601979.4474168,BIT,0
1770601979.7520297,BIT,1
1770601979.7520297,BIT,0
1770601979.7520297,BIT,1
1770601979.7520297,BIT,0
1770601979.7520297,BIT,0
1770601979.7520297,BIT,0
1770601979.7520297,BIT,1
1770601979.7520297,BIT,1
1770601979.7520297,BIT,1
1770601979.7520297,BIT,1
1770601980.0396004,BIT,0
1770601980.0396004,BIT,0
1770601980.0396004,BIT,1
1770601980.0396004,BIT,1
1770601980.0396004,BIT,1
1770601980.0396004,BIT,0
1770601980.0396004,BIT,0
1770601980.0396004,BIT,0
1770601980.0396004,BIT,1
1770601980.0396004,BIT,1
1770601980.3662417,BIT,0
1770601980.3662417,BIT,1
1770601980.3662417,BIT,0
1770601980.3662417,BIT,1
1770601980.3662417,BIT,0
1770601980.3662417,BIT,0
1770601980.3662417,BIT,0
1770601980.3662417,BIT,1
1770601980.3662417,BIT,1
1770601980.3662417,BIT,0
1770601980.8210332,BIT,0
1770601980.8210332,BIT,1
1770601980.8210332,BIT,1
1770601980.8210332,BIT,0
1770601980.8210332,BIT,0
1770601980.8210332,BIT,0
1770601980.8210332,BIT,1
1770601980.8210332,BIT,0
1770601980.8210332,BIT,0
1770601980.8210332,BIT,1
1770601981.128742,BIT,0
1770601981.128742,BIT,1
1770601981.128742,BIT,0
1770601981.128742,BIT,0
1770601981.128742,BIT,1
1770601981.128742,BIT,1
1770601981.128742,BIT,0
1770601981.128742,BIT,1
1770601981.128742,BIT,1
1770601981.128742,BIT,1
1770601981.397136,BIT,0
1770601981.397136,BIT,1
1770601981.397136,BIT,1
1770601981.397136,BIT,0
1770601981.397136,BIT,0
1770601981.397136,BIT,0
1770601981.397136,BIT,1
1770601981.397136,BIT,1
1770601981.397136,BIT,0
1770601981.397136,BIT,1
1770601981.6727312,BIT,0
1770601981.6727312,BIT,0
1770601981.6727312,BIT,1
1770601981.6727312,BIT,0
1770601981.6727312,BIT,0
1770601981.6727312,BIT,0
1770601981.6727312,BIT,1
1770601981.6727312,BIT,1
1770601981.6727312,BIT,1
1770601981.6727312,BIT,1
1770601981.9614632,BIT,1
1770601981.9614632,BIT,0
1770601981.9614632,BIT,0
1770601981.9614632,BIT,0
1770601981.9614632,BIT,1
1770601981.9614632,BIT,1
1770601981.9614632,BIT,1
1770601981.9614632,BIT,1
1770601981.9614632,BIT,1
1770601981.9614632,BIT,0
1770601982.2137506,BIT,1
1770601982.2137506,BIT,1
1770601982.2137506,BIT,1
1770601982.2137506,BIT,0
1770601982.2137506,BIT,1
1770601982.2137506,BIT,1
1770601982.2137506,BIT,1
1770601982.2137506,BIT,1
1770601982.2137506,BIT,0
1770601982.2137506,BIT,1
1770601982.523275,BIT,0
1770601982.523275,BIT,0
1770601982.523275,BIT,0
1770601982.523275,BIT,1
1770601982.523275,BIT,1
1770601982.523275,BIT,0
1770601982.523275,BIT,0
1770601982.523275,BIT,1
1770601982.523275,BIT,0
1770601982.523275,BIT,0
1770601982.8481758,BIT,0
1770601982.8481758,BIT,0
1770601982.8481758,BIT,1
1770601982.8481758,BIT,0
1770601982.8481758,BIT,1
1770601982.8481758,BIT,1
1770601982.8481758,BIT,1
1770601982.8481758,BIT,1
1770601982.8481758,BIT,0
1770601982.8481758,BIT,1
1770601983.1196349,BIT,0
1770601983.1196349,BIT,1
1770601983.1196349,BIT,1
1770601983.1196349,BIT,0
1770601983.1196349,BIT,1
1770601983.1196349,BIT,1
1770601983.1196349,BIT,1
1770601983.1196349,BIT,1
1770601983.1196349,BIT,1
1770601983.1196349,BIT,1
1770601983.4129858,BIT,1
1770601983.4129858,BIT,1
1770601983.4129858,BIT,1
1770601983.4129858,BIT,0
1770601983.4129858,BIT,1
1770601983.4129858,BIT,1
1770601983.4129858,BIT,1
1770601983.4129858,BIT,0
1770601983.4129858,BIT,0
1770601983.4129858,BIT,1
1770601983.6865752,BIT,1
1770601983.6865752,BIT,0
1770601983.6865752,BIT,0
1770601983.6865752,BIT,1
1770601983.6865752,BIT,1
1770601983.6865752,BIT,1
1770601983.6865752,BIT,1
1770601983.6865752,BIT,1
1770601983.6865752,BIT,1
1770601983.6865752,BIT,0
1770601983.9773016,BIT,1
1770601983.9773016,BIT,1
1770601983.9773016,BIT,0
1770601983.9773016,BIT,0
1770601983.9773016,BIT,0
1770601983.9773016,BIT,1
1770601983.9773016,BIT,0
1770601983.9773016,BIT,0
1770601983.9773016,BIT,1
1770601983.9773016,BIT,1
1770601984.2539017,BIT,0
1770601984.2539017,BIT,1
1770601984.2539017,BIT,0
1770601984.2539017,BIT,0
1770601984.2539017,BIT,0
1770601984.2539017,BIT,1
1770601984.2539017,BIT,0
1770601984.2539017,BIT,0
1770601984.2539017,BIT,1
1770601984.2539017,BIT,1
1770601984.5780978,BIT,1
1770601984.5780978,BIT,0
1770601984.5780978,BIT,1
1770601984.5780978,BIT,1
1770601984.5780978,BIT,1
1770601984.5780978,BIT,1
1770601984.5780978,BIT,0
1770601984.5780978,BIT,1
1770601984.5780978,BIT,1
1770601984.5780978,BIT,1
1770601984.896754,BIT,0
1770601984.896754,BIT,0
1770601984.896754,BIT,1
1770601984.896754,BIT,0
1770601984.896754,BIT,0
1770601984.896754,BIT,0
1770601984.896754,BIT,1
1770601984.896754,BIT,0
1770601984.896754,BIT,0
1770601984.896754,BIT,1
1770601985.212207,BIT,0
1770601985.212207,BIT,0
1770601985.212207,BIT,0
1770601985.212207,BIT,0
1770601985.212207,BIT,0
1770601985.212207,BIT,1
1770601985.212207,BIT,0
1770601985.212207,BIT,0
1770601985.212207,BIT,1
1770601985.212207,BIT,1
1770601985.4973574,BIT,0
1770601985.4973574,BIT,0
1770601985.4973574,BIT,1
1770601985.4973574,BIT,1
1770601985.4973574,BIT,1
1770601985.4973574,BIT,1
1770601985.4973574,BIT,1
1770601985.4973574,BIT,1
1770601985.4973574,BIT,0
1770601985.4973574,BIT,0
1770601985.8176546,BIT,1
1770601985.8176546,BIT,0
1770601985.8176546,BIT,1
1770601985.8176546,BIT,0
1770601985.8176546,BIT,0
1770601985.8176546,BIT,1
1770601985.8176546,BIT,0
1770601985.8176546,BIT,0
1770601985.8176546,BIT,0
1770601985.8176546,BIT,0
1770601986.0985343,BIT,0
1770601986.0985343,BIT,0
1770601986.0985343,BIT,0
1770601986.0985343,BIT,0
1770601986.0985343,BIT,1
1770601986.0985343,BIT,1
1770601986.0985343,BIT,1
1770601986.0985343,BIT,0
1770601986.0985343,BIT,0
1770601986.0985343,BIT,1
1770601986.3901093,BIT,0
1770601986.3901093,BIT,1
1770601986.3901093,BIT,1
1770601986.3901093,BIT,0
1770601986.3901093,BIT,1
1770601986.3901093,BIT,0
1770601986.3901093,BIT,1
1770601986.3901093,BIT,1
1770601986.3901093,BIT,1
1770601986.3901093,BIT,0
1770601986.7008326,BIT,1
1770601986.7008326,BIT,1
1770601986.7008326,BIT,0
1770601986.7008326,BIT,0
1770601986.7008326,BIT,1
1770601986.7008326,BIT,1
1770601986.7008326,BIT,1
1770601986.7008326,BIT,0
1770601986.7008326,BIT,1
1770601986.7008326,BIT,0
1770601987.0198996,BIT,0
1770601987.0198996,BIT,0
1770601987.0198996,BIT,0
1770601987.0198996,BIT,1
1770601987.0198996,BIT,0
1770601987.0198996,BIT,0
1770601987.0198996,BIT,1
1770601987.0198996,BIT,0
1770601987.0198996,BIT,0
1770601987.0198996,BIT,0
1770601987.3106263,BIT,0
1770601987.3106263,BIT,1
1770601987.3106263,BIT,0
1770601987.3106263,BIT,0
1770601987.3106263,BIT,0
1770601987.3106263,BIT,0
1770601987.3106263,BIT,0
1770601987.3106263,BIT,0
1770601987.3106263,BIT,0
1770601987.3106263,BIT,1
1770601987.633667,BIT,1
1770601987.633667,BIT,1
1770601987.633667,BIT,0
1770601987.633667,BIT,1
1770601987.633667,BIT,0
1770601987.633667,BIT,0
1770601987.633667,BIT,1
1770601987.633667,BIT,0
1770601987.633667,BIT,0
1770601987.633667,BIT,0
1770601987.9413562,BIT,1
1770601987.9413562,BIT,1
1770601987.9413562,BIT,1
1770601987.9413562,BIT,0
1770601987.9413562,BIT,0
1770601987.9413562,BIT,1
1770601987.9413562,BIT,0
1770601987.9413562,BIT,1
1770601987.9413562,BIT,0
1770601987.9413562,BIT,1
1770601988.228971,BIT,0
1770601988.228971,BIT,0
1770601988.228971,BIT,0
1770601988.228971,BIT,0
1770601988.228971,BIT,1
1770601988.228971,BIT,1
1770601988.228971,BIT,0
1770601988.228971,BIT,1
1770601988.228971,BIT,0
1770601988.228971,BIT,0
1770601988.5514011,BIT,0
1770601988.5514011,BIT,1
1770601988.5514011,BIT,1
1770601988.5514011,BIT,0
1770601988.5514011,BIT,0
1770601988.5514011,BIT,1
1770601988.5514011,BIT,1
1770601988.5514011,BIT,0
1770601988.5514011,BIT,1
1770601988.5514011,BIT,1
1770601988.840046,BIT,0
1770601988.840046,BIT,1
1770601988.840046,BIT,1
1770601988.840046,BIT,1
1770601988.840046,BIT,1
1770601988.840046,BIT,1
1770601988.840046,BIT,1
1770601988.840046,BIT,0
1770601988.840046,BIT,1
1770601988.840046,BIT,0
1770601989.2432237,BIT,0
1770601989.2432237,BIT,1
1770601989.2432237,BIT,1
1770601989.2432237,BIT,0
1770601989.2432237,BIT,1
1770601989.2432237,BIT,0
1770601989.2432237,BIT,0
1770601989.2432237,BIT,1
1770601989.2432237,BIT,0
1770601989.2432237,BIT,1
1770601989.6057694,BIT,1
1770601989.6057694,BIT,0
1770601989.6057694,BIT,1
1770601989.6057694,BIT,1
1770601989.6057694,BIT,1
1770601989.6057694,BIT,0
1770601989.6057694,BIT,0
1770601989.6057694,BIT,1
1770601989.6057694,BIT,0
1770601989.6057694,BIT,1
1770601989.8935978,BIT,1
1770601989.8935978,BIT,1
1770601989.8935978,BIT,1
1770601989.8935978,BIT,1
1770601989.8935978,BIT,0
1770601989.8935978,BIT,1
1770601989.8935978,BIT,0
1770601989.8935978,BIT,1
1770601989.8935978,BIT,0
1770601989.8935978,BIT,1
1770601990.1591873,BIT,0
1770601990.1591873,BIT,1
1770601990.1591873,BIT,1
1770601990.1591873,BIT,1
1770601990.1591873,BIT,1
1770601990.1591873,BIT,1
1770601990.1591873,BIT,0
1770601990.1591873,BIT,0
1770601990.1591873,BIT,1
1770601990.1591873,BIT,0
1770601990.4194868,BIT,0
1770601990.4194868,BIT,0
1770601990.4194868,BIT,0
1770601990.4194868,BIT,0
1770601990.4194868,BIT,0
1770601990.4194868,BIT,1
1770601990.4194868,BIT,1
1770601990.4194868,BIT,1
1770601990.4194868,BIT,0
1770601990.4194868,BIT,1
1770601990.608538,BIT,0
1770601990.608538,BIT,1
1770601990.608538,BIT,0
1770601990.608538,BIT,0
1770601990.608538,BIT,1
1770601990.608538,BIT,1
1770601990.608538,BIT,1
1770601990.608538,BIT,1
1770601990.608538,BIT,1
1770601990.608538,BIT,1
1770601990.800004,BIT,1
1770601990.800004,BIT,0
1770601990.800004,BIT,1
1770601990.800004,BIT,1
1770601990.800004,BIT,1
1770601990.800004,BIT,1
1770601990.800004,BIT,0
1770601990.800004,BIT,0
1770601990.800004,BIT,0
1770601990.800004,BIT,0
1770601990.9928513,BIT,0
1770601990.9928513,BIT,1
1770601990.9928513,BIT,0
1770601990.9928513,BIT,1
1770601990.9928513,BIT,0
1770601990.9928513,BIT,0
1770601990.9928513,BIT,0
1770601990.9928513,BIT,0
1770601990.9928513,BIT,0
1770601990.9928513,BIT,1
1770601991.1755784,BIT,0
1770601991.1755784,BIT,1
1770601991.1755784,BIT,0
1770601991.1755784,BIT,0
1770601991.1755784,BIT,0
1770601991.1755784,BIT,1
1770601991.1755784,BIT,0
1770601991.1755784,BIT,0
1770601991.1755784,BIT,0
1770601991.1755784,BIT,0
1770601991.3600125,BIT,1
1770601991.3600125,BIT,1
1770601991.3600125,BIT,0
1770601991.3600125,BIT,1
1770601991.3600125,BIT,1
1770601991.3600125,BIT,1
1770601991.3600125,BIT,1
1770601991.3600125,BIT,1
1770601991.3600125,BIT,1
1770601991.3600125,BIT,0
1770601991.5274878,BIT,0
1770601991.5274878,BIT,1
1770601991.5274878,BIT,1
1770601991.5274878,BIT,1
1770601991.5274878,BIT,0
1770601991.5274878,BIT,1
1770601991.5274878,BIT,1
1770601991.5274878,BIT,1
1770601991.5274878,BIT,1
1770601991.5274878,BIT,0
1770601991.701865,BIT,0
1770601991.701865,BIT,1
1770601991.701865,BIT,1
1770601991.701865,BIT,0
1770601991.701865,BIT,1
1770601991.701865,BIT,0
1770601991.701865,BIT,1
1770601991.701865,BIT,1
1770601991.701865,BIT,1
1770601991.701865,BIT,1
1770601991.891678,BIT,0
1770601991.891678,BIT,1
1770601991.891678,BIT,0
1770601991.891678,BIT,0
1770601991.891678,BIT,0
1770601991.891678,BIT,0
1770601991.891678,BIT,1
1770601991.891678,BIT,1
1770601991.891678,BIT,1
1770601991.891678,BIT,1
1770601992.057515,BIT,1
1770601992.057515,BIT,0
1770601992.057515,BIT,0
1770601992.057515,BIT,1
1770601992.057515,BIT,0
1770601992.057515,BIT,0
1770601992.057515,BIT,0
1770601992.057515,BIT,0
1770601992.057515,BIT,0
1770601992.057515,BIT,0
1770601992.2466688,BIT,0
1770601992.2466688,BIT,0
1770601992.2466688,BIT,1
1770601992.2466688,BIT,1
1770601992.2466688,BIT,1
1770601992.2466688,BIT,1
1770601992.2466688,BIT,0
1770601992.2466688,BIT,1
1770601992.2466688,BIT,0
1770601992.2466688,BIT,1
1770601992.413443,BIT,0
1770601992.413443,BIT,0
1770601992.413443,BIT,0
1770601992.413443,BIT,1
1770601992.413443,BIT,0
1770601992.413443,BIT,0
1770601992.413443,BIT,1
1770601992.413443,BIT,1
1770601992.413443,BIT,1
1770601992.413443,BIT,0
1770601992.5757012,BIT,0
1770601992.5757012,BIT,1
1770601992.5757012,BIT,1
1770601992.5757012,BIT,1
1770601992.5757012,BIT,1
1770601992.5757012,BIT,1
1770601992.5757012,BIT,0
1770601992.5757012,BIT,0
1770601992.5757012,BIT,0
1770601992.5757012,BIT,0
1770601992.7421181,BIT,1
1770601992.7421181,BIT,0
1770601992.7421181,BIT,0
1770601992.7421181,BIT,1
1770601992.7421181,BIT,0
1770601992.7421181,BIT,0
1770601992.7421181,BIT,0
1770601992.7421181,BIT,1
1770601992.7421181,BIT,0
1770601992.7421181,BIT,0
1770601992.9240296,BIT,1
1770601992.9240296,BIT,1
1770601992.9240296,BIT,1
1770601992.9240296,BIT,1
1770601992.9240296,BIT,1
1770601992.9240296,BIT,1
1770601992.9240296,BIT,0
1770601992.9240296,BIT,0
1770601992.9240296,BIT,1
1770601992.9240296,BIT,0
1770601993.0797584,BIT,0
1770601993.0797584,BIT,0
1770601993.0797584,BIT,1
1770601993.0797584,BIT,1
1770601993.0797584,BIT,0
1770601993.0797584,BIT,0
1770601993.0797584,BIT,1
1770601993.0797584,BIT,0
1770601993.0797584,BIT,0
1770601993.0797584,BIT,1
1770601993.275098,BIT,1
1770601993.275098,BIT,0
1770601993.275098,BIT,0
1770601993.275098,BIT,1
1770601993.275098,BIT,1
1770601993.275098,BIT,0
1770601993.275098,BIT,1
1770601993.275098,BIT,0
1770601993.275098,BIT,0
1770601993.275098,BIT,0
1770601993.4452748,BIT,0
1770601993.4452748,BIT,1
1770601993.4452748,BIT,0
1770601993.4452748,BIT,1
1770601993.4452748,BIT,1
1770601993.4452748,BIT,0
1770601993.4452748,BIT,1
1770601993.4452748,BIT,0
1770601993.4452748,BIT,1
1770601993.4452748,BIT,0
1770601993.602768,BIT,1
1770601993.602768,BIT,0
1770601993.602768,BIT,1
1770601993.602768,BIT,0
1770601993.602768,BIT,0
1770601993.602768,BIT,1
1770601993.602768,BIT,0
1770601993.602768,BIT,1
1770601993.602768,BIT,1
1770601993.602768,BIT,1
1770601993.7724118,BIT,1
1770601993.7724118,BIT,1
1770601993.7724118,BIT,1
1770601993.7724118,BIT,0
1770601993.7724118,BIT,1
1770601993.7724118,BIT,0
1770601993.7724118,BIT,1
1770601993.7724118,BIT,1
1770601993.7724118,BIT,0
1770601993.7724118,BIT,0
1770601993.9427142,BIT,1
1770601993.9427142,BIT,0
1770601993.9427142,BIT,0
1770601993.9427142,BIT,0
1770601993.9427142,BIT,1
1770601993.9427142,BIT,0
1770601993.9427142,BIT,0
1770601993.9427142,BIT,1
1770601993.9427142,BIT,1
1770601993.9427142,BIT,1
1770601994.102536,BIT,0
1770601994.102536,BIT,0
1770601994.102536,BIT,1
1770601994.102536,BIT,1
1770601994.102536,BIT,1
1770601994.102536,BIT,1
1770601994.102536,BIT,0
1770601994.102536,BIT,0
1770601994.102536,BIT,1
1770601994.102536,BIT,0
1770601994.2855024,BIT,0
1770601994.2855024,BIT,0
1770601994.2855024,BIT,0
1770601994.2855024,BIT,1
1770601994.2855024,BIT,1
1770601994.2855024,BIT,1
1770601994.2855024,BIT,0
1770601994.2855024,BIT,0
1770601994.2855024,BIT,1
1770601994.2855024,BIT,1
1770601994.4451275,BIT,1
1770601994.4451275,BIT,1
1770601994.4451275,BIT,0
1770601994.4451275,BIT,0
1770601994.4451275,BIT,0
1770601994.4451275,BIT,1
1770601994.4451275,BIT,0
1770601994.4451275,BIT,0
1770601994.4451275,BIT,0
1770601994.4451275,BIT,0
1770601994.6196709,BIT,1
1770601994.6196709,BIT,1
1770601994.6196709,BIT,1
1770601994.6196709,BIT,0
1770601994.6196709,BIT,0
1770601994.6196709,BIT,1
1770601994.6196709,BIT,0
1770601994.6196709,BIT,1
1770601994.6196709,BIT,1
1770601994.6196709,BIT,0
1770601994.801679,BIT,1
1770601994.801679,BIT,0
1770601994.801679,BIT,1
1770601994.801679,BIT,0
1770601994.801679,BIT,0
1770601994.801679,BIT,0
1770601994.801679,BIT,1
1770601994.801679,BIT,0
1770601994.801679,BIT,1
1770601994.801679,BIT,1
1770601994.9682326,BIT,1
1770601994.9682326,BIT,0
1770601994.9682326,BIT,0
1770601994.9682326,BIT,0
1770601994.9682326,BIT,0
1770601994.9682326,BIT,0
1770601994.9682326,BIT,0
1770601994.9682326,BIT,1
1770601994.9682326,BIT,1
1770601994.9682326,BIT,1
1770601995.1434045,BIT,1
1770601995.1434045,BIT,0
1770601995.1434045,BIT,1
1770601995.1434045,BIT,0
1770601995.1434045,BIT,0
1770601995.1434045,BIT,0
1770601995.1434045,BIT,0
1770601995.1434045,BIT,0
1770601995.1434045,BIT,1
1770601995.1434045,BIT,1
1770601995.3199363,BIT,0
1770601995.3199363,BIT,0
1770601995.3199363,BIT,0
1770601995.3199363,BIT,1
1770601995.3199363,BIT,0
1770601995.3199363,BIT,0
1770601995.3199363,BIT,1
1770601995.3199363,BIT,1
1770601995.3199363,BIT,0
1770601995.3199363,BIT,0
1770601995.4881947,BIT,0
1770601995.4881947,BIT,1
1770601995.4881947,BIT,1
1770601995.4881947,BIT,0
1770601995.4881947,BIT,1
1770601995.4881947,BIT,1
1770601995.4881947,BIT,0
1770601995.4881947,BIT,1
1770601995.4881947,BIT,1
1770601995.4881947,BIT,0
1770601995.6563478,BIT,1
1770601995.6563478,BIT,0
1770601995.6563478,BIT,1
1770601995.6563478,BIT,1
1770601995.6563478,BIT,0
1770601995.6563478,BIT,1
1770601995.6563478,BIT,0
1770601995.6563478,BIT,1
1770601995.6563478,BIT,0
1770601995.6563478,BIT,1
1770601995.8278973,BIT,1
1770601995.8278973,BIT,0
1770601995.8278973,BIT,0
1770601995.8278973,BIT,0
1770601995.8278973,BIT,1
1770601995.8278973,BIT,0
1770601995.8278973,BIT,0
1770601995.8278973,BIT,0
1770601995.8278973,BIT,0
1770601995.8278973,BIT,1
1770601995.9978428,BIT,0
1770601995.9978428,BIT,1
1770601995.9978428,BIT,1
1770601995.9978428,BIT,0
1770601995.9978428,BIT,1
1770601995.9978428,BIT,1
1770601995.9978428,BIT,1
1770601995.9978428,BIT,1
1770601995.9978428,BIT,1
1770601995.9978428,BIT,0
1770601996.1691608,BIT,1
1770601996.1691608,BIT,1
1770601996.1691608,BIT,1
1770601996.1691608,BIT,0
1770601996.1691608,BIT,0
1770601996.1691608,BIT,0
1770601996.1691608,BIT,0
1770601996.1691608,BIT,0
1770601996.1691608,BIT,0
1770601996.1691608,BIT,0
1770601996.3460302,BIT,1
1770601996.3460302,BIT,0
1770601996.3460302,BIT,0
1770601996.3460302,BIT,1
1770601996.3460302,BIT,1
1770601996.3460302,BIT,0
1770601996.3460302,BIT,0
1770601996.3460302,BIT,1
1770601996.3460302,BIT,0
1770601996.3460302,BIT,1
1770601996.502466,BIT,1
1770601996.502466,BIT,0
1770601996.502466,BIT,1
1770601996.502466,BIT,0
1770601996.502466,BIT,0
1770601996.502466,BIT,0
1770601996.502466,BIT,0
1770601996.502466,BIT,0
1770601996.502466,BIT,0
1770601996.502466,BIT,0
1770601996.6626816,BIT,1
1770601996.6626816,BIT,1
1770601996.6626816,BIT,1
1770601996.6626816,BIT,1
1770601996.6626816,BIT,1
1770601996.6626816,BIT,1
1770601996.6626816,BIT,1
1770601996.6626816,BIT,0
1770601996.6626816,BIT,0
1770601996.6626816,BIT,0
1770601996.8420594,BIT,1
1770601996.8420594,BIT,1
1770601996.8420594,BIT,1
1770601996.8420594,BIT,0
1770601996.8420594,BIT,0
1770601996.8420594,BIT,1
1770601996.8420594,BIT,0
1770601996.8420594,BIT,0
1770601996.8420594,BIT,1
1770601996.8420594,BIT,1
1770601997.0127826,BIT,1
1770601997.0127826,BIT,0
1770601997.0127826,BIT,1
1770601997.0127826,BIT,1
1770601997.0127826,BIT,0
1770601997.0127826,BIT,0
1770601997.0127826,BIT,1
1770601997.0127826,BIT,1
1770601997.0127826,BIT,0
1770601997.0127826,BIT,1
1770601997.1911032,BIT,0
1770601997.1911032,BIT,0
1770601997.1911032,BIT,0
1770601997.1911032,BIT,0
1770601997.1911032,BIT,1
1770601997.1911032,BIT,1
1770601997.1911032,BIT,0
1770601997.1911032,BIT,1
1770601997.1911032,BIT,1
1770601997.1911032,BIT,0
1770601997.3648705,BIT,0
1770601997.3648705,BIT,1
1770601997.3648705,BIT,0
1770601997.3648705,BIT,0
1770601997.3648705,BIT,1
1770601997.3648705,BIT,1
1770601997.3648705,BIT,1
1770601997.3648705,BIT,0
1770601997.3648705,BIT,0
1770601997.3648705,BIT,1
1770601997.5341544,BIT,1
1770601997.5341544,BIT,0
1770601997.5341544,BIT,0
1770601997.5341544,BIT,1
1770601997.5341544,BIT,0
1770601997.5341544,BIT,1
1770601997.5341544,BIT,1
1770601997.5341544,BIT,1
1770601997.5341544,BIT,0
1770601997.5341544,BIT,0
1770601997.6907916,BIT,0
1770601997.6907916,BIT,0
1770601997.6907916,BIT,1
1770601997.6907916,BIT,1
1770601997.6907916,BIT,0
1770601997.6907916,BIT,0
1770601997.6907916,BIT,0
1770601997.6907916,BIT,1
1770601997.6907916,BIT,1
1770601997.6907916,BIT,1
1770601997.86698,BIT,0
1770601997.86698,BIT,1
1770601997.86698,BIT,0
1770601997.86698,BIT,1
1770601997.86698,BIT,1
1770601997.86698,BIT,1
1770601997.86698,BIT,0
1770601997.86698,BIT,0
1770601997.86698,BIT,0
1770601997.86698,BIT,0
1770601998.0298042,BIT,1
1770601998.0298042,BIT,0
1770601998.0298042,BIT,1
1770601998.0298042,BIT,0
1770601998.0298042,BIT,1
1770601998.0298042,BIT,0
1770601998.0298042,BIT,1
1770601998.0298042,BIT,0
1770601998.0298042,BIT,1
1770601998.0298042,BIT,1
1770601998.2049453,BIT,0
1770601998.2049453,BIT,1
1770601998.2049453,BIT,0
1770601998.2049453,BIT,0
1770601998.2049453,BIT,1
1770601998.2049453,BIT,1
1770601998.2049453,BIT,0
1770601998.2049453,BIT,0
1770601998.2049453,BIT,1
1770601998.2049453,BIT,0
1770601998.3769956,BIT,1
1770601998.3769956,BIT,0
1770601998.3769956,BIT,1
1770601998.3769956,BIT,0
1770601998.3769956,BIT,1
1770601998.3769956,BIT,1
1770601998.3769956,BIT,1
1770601998.3769956,BIT,0
1770601998.3769956,BIT,1
1770601998.3769956,BIT,1
1770601998.5434928,BIT,1
1770601998.5434928,BIT,0
1770601998.5434928,BIT,1
1770601998.5434928,BIT,0
1770601998.5434928,BIT,1
1770601998.5434928,BIT,1
1770601998.5434928,BIT,0
1770601998.5434928,BIT,1
1770601998.5434928,BIT,0
1770601998.5434928,BIT,0
1770601998.7032804,BIT,1
1770601998.7032804,BIT,1
1770601998.7032804,BIT,0
1770601998.7032804,BIT,0
1770601998.7032804,BIT,0
1770601998.7032804,BIT,1
1770601998.7032804,BIT,1
1770601998.7032804,BIT,1
1770601998.7032804,BIT,1
1770601998.7032804,BIT,0
1770601998.8752408,BIT,1
1770601998.8752408,BIT,0
1770601998.8752408,BIT,1
1770601998.8752408,BIT,0
1770601998.8752408,BIT,0
1770601998.8752408,BIT,1
1770601998.8752408,BIT,0
1770601998.8752408,BIT,0
1770601998.8752408,BIT,0
1770601998.8752408,BIT,0
1770601999.0418818,BIT,0
1770601999.0418818,BIT,1
1770601999.0418818,BIT,0
1770601999.0418818,BIT,0
1770601999.0418818,BIT,1
1770601999.0418818,BIT,1
1770601999.0418818,BIT,1
1770601999.0418818,BIT,1
1770601999.0418818,BIT,1
1770601999.0418818,BIT,0
1770601999.217871,BIT,1
1770601999.217871,BIT,0
1770601999.217871,BIT,1
1770601999.217871,BIT,0
1770601999.217871,BIT,1
1770601999.217871,BIT,1
1770601999.217871,BIT,1
1770601999.217871,BIT,0
1770601999.217871,BIT,1
1770601999.217871,BIT,1
1770601999.3855872,BIT,0
1770601999.3855872,BIT,0
1770601999.3855872,BIT,0
1770601999.3855872,BIT,1
1770601999.3855872,BIT,1
1770601999.3855872,BIT,1
1770601999.3855872,BIT,0
1770601999.3855872,BIT,1
1770601999.3855872,BIT,0
1770601999.3855872,BIT,1
1770601999.5458052,BIT,0
1770601999.5458052,BIT,1
1770601999.5458052,BIT,0
1770601999.5458052,BIT,1
1770601999.5458052,BIT,0
1770601999.5458052,BIT,0
1770601999.5458052,BIT,1
1770601999.5458052,BIT,0
1770601999.5458052,BIT,0
1770601999.5458052,BIT,0
1770601999.7048948,BIT,1
1770601999.7048948,BIT,1
1770601999.7048948,BIT,0
1770601999.7048948,BIT,0
1770601999.7048948,BIT,1
1770601999.7048948,BIT,0
1770601999.7048948,BIT,0
1770601999.7048948,BIT,0
1770601999.7048948,BIT,0
1770601999.7048948,BIT,0
1770601999.8773043,BIT,1
1770601999.8773043,BIT,0
1770601999.8773043,BIT,1
1770601999.8773043,BIT,0
1770601999.8773043,BIT,0
1770601999.8773043,BIT,1
1770601999.8773043,BIT,1
1770601999.8773043,BIT,0
1770601999.8773043,BIT,0
1770601999.8773043,BIT,0
1770602000.0394483,BIT,1
1770602000.0394483,BIT,1
1770602000.0394483,BIT,1
1770602000.0394483,BIT,0
1770602000.0394483,BIT,1
1770602000.0394483,BIT,0
1770602000.0394483,BIT,1
1770602000.0394483,BIT,0
1770602000.0394483,BIT,1
1770602000.0394483,BIT,0
1770602000.2212052,BIT,0
1770602000.2212052,BIT,1
1770602000.2212052,BIT,0
1770602000.2212052,BIT,0
1770602000.2212052,BIT,0
1770602000.2212052,BIT,0
1770602000.2212052,BIT,1
1770602000.2212052,BIT,1
1770602000.2212052,BIT,0
1770602000.2212052,BIT,0
1770602000.3951972,BIT,1
1770602000.3951972,BIT,1
1770602000.3951972,BIT,0
1770602000.3951972,BIT,1
1770602000.3951972,BIT,0
1770602000.3951972,BIT,0
1770602000.3951972,BIT,0
1770602000.3951972,BIT,1
1770602000.3951972,BIT,0
1770602000.3951972,BIT,0
1770602000.568341,BIT,1
1770602000.568341,BIT,0
1770602000.568341,BIT,0
1770602000.568341,BIT,0
1770602000.568341,BIT,0
1770602000.568341,BIT,1
1770602000.568341,BIT,1
1770602000.568341,BIT,1
1770602000.568341,BIT,0
1770602000.568341,BIT,0
1770602000.7495646,BIT,0
1770602000.7495646,BIT,0
1770602000.7495646,BIT,0
1770602000.7495646,BIT,0
1770602000.7495646,BIT,0
1770602000.7495646,BIT,1
1770602000.7495646,BIT,0
1770602000.7495646,BIT,1
1770602000.7495646,BIT,1
1770602000.7495646,BIT,1
1770602000.9279623,BIT,1
1770602000.9279623,BIT,0
1770602000.9279623,BIT,1
1770602000.9279623,BIT,1
1770602000.9279623,BIT,1
1770602000.9279623,BIT,0
1770602000.9279623,BIT,1
1770602000.9279623,BIT,0
1770602000.9279623,BIT,1
1770602000.9279623,BIT,0
1770602001.082633,BIT,0
1770602001.082633,BIT,1
1770602001.082633,BIT,1
1770602001.082633,BIT,0
1770602001.082633,BIT,1
1770602001.082633,BIT,0
1770602001.082633,BIT,0
1770602001.082633,BIT,1
1770602001.082633,BIT,0
1770602001.082633,BIT,1
1770602001.254218,BIT,0
1770602001.254218,BIT,1
1770602001.254218,BIT,0
1770602001.254218,BIT,0
1770602001.254218,BIT,0
1770602001.254218,BIT,1
1770602001.254218,BIT,1
1770602001.254218,BIT,1
1770602001.254218,BIT,0
1770602001.254218,BIT,0
1770602001.4288576,BIT,1
1770602001.4288576,BIT,1
1770602001.4288576,BIT,1
1770602001.4288576,BIT,0
1770602001.4288576,BIT,0
1770602001.4288576,BIT,0
1770602001.4288576,BIT,1
1770602001.4288576,BIT,0
1770602001.4288576,BIT,0
1770602001.4288576,BIT,1
1770602001.5935137,BIT,0
1770602001.5935137,BIT,1
1770602001.5935137,BIT,1
1770602001.5935137,BIT,0
1770602001.5935137,BIT,1
1770602001.5935137,BIT,0
1770602001.5935137,BIT,0
1770602001.5935137,BIT,0
1770602001.5935137,BIT,1
1770602001.5935137,BIT,1
1770602001.8060908,BIT,1
1770602001.8060908,BIT,1
1770602001.8060908,BIT,0
1770602001.8060908,BIT,1
1770602001.8060908,BIT,1
1770602001.8060908,BIT,1
1770602001.8060908,BIT,0
1770602001.8060908,BIT,1
1770602001.8060908,BIT,0
1770602001.8060908,BIT,1
1770602002.018015,BIT,0
1770602002.018015,BIT,1
1770602002.018015,BIT,1
1770602002.018015,BIT,1
1770602002.018015,BIT,0
1770602002.018015,BIT,0
1770602002.018015,BIT,0
1770602002.018015,BIT,0
1770602002.018015,BIT,1
1770602002.018015,BIT,1
1770602002.2218857,BIT,0
1770602002.2218857,BIT,0
1770602002.2218857,BIT,0
1770602002.2218857,BIT,1
1770602002.2218857,BIT,1
1770602002.2218857,BIT,0
1770602002.2218857,BIT,1
1770602002.2218857,BIT,0
1770602002.2218857,BIT,1
1770602002.2218857,BIT,1
1770602002.3936396,BIT,0
1770602002.3936396,BIT,1
1770602002.3936396,BIT,1
1770602002.3936396,BIT,0
1770602002.3936396,BIT,0
1770602002.3936396,BIT,1
1770602002.3936396,BIT,1
1770602002.3936396,BIT,0
1770602002.3936396,BIT,0
1770602002.3936396,BIT,0
1770602002.5564137,BIT,1
1770602002.5564137,BIT,1
1770602002.5564137,BIT,0
1770602002.5564137,BIT,1
1770602002.5564137,BIT,0
1770602002.5564137,BIT,0
1770602002.5564137,BIT,0
1770602002.5564137,BIT,1
1770602002.5564137,BIT,1
1770602002.5564137,BIT,1
1770602002.7249146,BIT,1
1770602002.7249146,BIT,0
1770602002.7249146,BIT,0
1770602002.7249146,BIT,0
1770602002.7249146,BIT,0
1770602002.7249146,BIT,1
1770602002.7249146,BIT,1
1770602002.7249146,BIT,1
1770602002.7249146,BIT,1
1770602002.7249146,BIT,0
1770602002.900856,BIT,1
1770602002.900856,BIT,1
1770602002.900856,BIT,0
1770602002.900856,BIT,0
1770602002.900856,BIT,1
1770602002.900856,BIT,1
1770602002.900856,BIT,0
1770602002.900856,BIT,0
1770602002.900856,BIT,1
1770602002.900856,BIT,0
1770602003.0715744,BIT,1
1770602003.0715744,BIT,1
1770602003.0715744,BIT,1
1770602003.0715744,BIT,0
1770602003.0715744,BIT,1
1770602003.0715744,BIT,1
1770602003.0715744,BIT,1
1770602003.0715744,BIT,0
1770602003.0715744,BIT,0
1770602003.0715744,BIT,1
1770602003.246732,BIT,0
1770602003.246732,BIT,1
1770602003.246732,BIT,0
1770602003.246732,BIT,0
1770602003.246732,BIT,1
1770602003.246732,BIT,1
1770602003.246732,BIT,1
1770602003.246732,BIT,1
1770602003.246732,BIT,1
1770602003.246732,BIT,0
1770602003.42869,BIT,0
1770602003.42869,BIT,1
1770602003.42869,BIT,0
1770602003.42869,BIT,1
1770602003.42869,BIT,0
1770602003.42869,BIT,1
1770602003.42869,BIT,0
1770602003.42869,BIT,1
1770602003.42869,BIT,0
1770602003.42869,BIT,1
1770602003.5934567,BIT,0
1770602003.5934567,BIT,1
1770602003.5934567,BIT,0
1770602003.5934567,BIT,0
1770602003.5934567,BIT,1
1770602003.5934567,BIT,0
1770602003.5934567,BIT,1
1770602003.5934567,BIT,1
1770602003.5934567,BIT,0
1770602003.5934567,BIT,0
1770602003.812317,BIT,1
1770602003.812317,BIT,1
1770602003.812317,BIT,1
1770602003.812317,BIT,0
1770602003.812317,BIT,0
1770602003.812317,BIT,0
1770602003.812317,BIT,0
1770602003.812317,BIT,0
1770602003.812317,BIT,0
1770602003.812317,BIT,0
1770602004.0201387,BIT,0
1770602004.0201387,BIT,1
1770602004.0201387,BIT,0
1770602004.0201387,BIT,0
1770602004.0201387,BIT,0
1770602004.0201387,BIT,1
1770602004.0201387,BIT,0
1770602004.0201387,BIT,0
1770602004.0201387,BIT,0
1770602004.0201387,BIT,0
1770602004.2433045,BIT,1
1770602004.2433045,BIT,0
1770602004.2433045,BIT,0
1770602004.2433045,BIT,1
1770602004.2433045,BIT,1
1770602004.2433045,BIT,1
1770602004.2433045,BIT,0
1770602004.2433045,BIT,1
1770602004.2433045,BIT,0
1770602004.2433045,BIT,0
1770602004.4481866,BIT,1
1770602004.4481866,BIT,0
1770602004.4481866,BIT,1
1770602004.4481866,BIT,1
1770602004.4481866,BIT,1
1770602004.4481866,BIT,0
1770602004.4481866,BIT,0
1770602004.4481866,BIT,1
1770602004.4481866,BIT,1
1770602004.4481866,BIT,1
1770602004.6589003,BIT,1
1770602004.6589003,BIT,1
1770602004.6589003,BIT,0
1770602004.6589003,BIT,0
1770602004.6589003,BIT,0
1770602004.6589003,BIT,0
1770602004.6589003,BIT,1
1770602004.6589003,BIT,0
1770602004.6589003,BIT,1
1770602004.6589003,BIT,0
1770602004.8663325,BIT,1
1770602004.8663325,BIT,1
1770602004.8663325,BIT,0
1770602004.8663325,BIT,0
1770602004.8663325,BIT,1
1770602004.8663325,BIT,0
1770602004.8663325,BIT,0
1770602004.8663325,BIT,0
1770602004.8663325,BIT,0
1770602004.8663325,BIT,0
1770602005.060272,BIT,0
1770602005.060272,BIT,0
1770602005.060272,BIT,1
1770602005.060272,BIT,1
1770602005.060272,BIT,1
1770602005.060272,BIT,1
1770602005.060272,BIT,1
1770602005.060272,BIT,0
1770602005.060272,BIT,0
1770602005.060272,BIT,1
1770602005.2755673,BIT,1
1770602005.2755673,BIT,0
1770602005.2755673,BIT,1
1770602005.2755673,BIT,0
1770602005.2755673,BIT,0
1770602005.2755673,BIT,0
1770602005.2755673,BIT,0
1770602005.2755673,BIT,0
1770602005.2755673,BIT,1
1770602005.2755673,BIT,1
1770602005.4918566,BIT,0
1770602005.4918566,BIT,0
1770602005.4918566,BIT,1
1770602005.4918566,BIT,1
1770602005.4918566,BIT,1
1770602005.4918566,BIT,1
1770602005.4918566,BIT,0
1770602005.4918566,BIT,0
1770602005.4918566,BIT,0
1770602005.4918566,BIT,0
1770602005.694591,BIT,1
1770602005.694591,BIT,1
1770602005.694591,BIT,1
1770602005.694591,BIT,1
1770602005.694591,BIT,1
1770602005.694591,BIT,1
1770602005.694591,BIT,0
1770602005.694591,BIT,1
1770602005.694591,BIT,1
1770602005.694591,BIT,0
1770602005.9099984,BIT,0
1770602005.9099984,BIT,0
1770602005.9099984,BIT,1
1770602005.9099984,BIT,0
1770602005.9099984,BIT,0
1770602005.9099984,BIT,1
1770602005.9099984,BIT,0
1770602005.9099984,BIT,0
1770602005.9099984,BIT,0
1770602005.9099984,BIT,1
1770602006.1000583,BIT,1
1770602006.1000583,BIT,0
1770602006.1000583,BIT,1
1770602006.1000583,BIT,0
1770602006.1000583,BIT,1
1770602006.1000583,BIT,0
1770602006.1000583,BIT,1
1770602006.1000583,BIT,0
1770602006.1000583,BIT,0
1770602006.1000583,BIT,1
1770602006.321061,BIT,1
1770602006.321061,BIT,0
1770602006.321061,BIT,0
1770602006.321061,BIT,1
1770602006.321061,BIT,1
1770602006.321061,BIT,1
1770602006.321061,BIT,0
1770602006.321061,BIT,0
1770602006.321061,BIT,1
1770602006.321061,BIT,1
1770602006.529691,BIT,1
1770602006.529691,BIT,1
1770602006.529691,BIT,1
1770602006.529691,BIT,0
1770602006.529691,BIT,1
1770602006.529691,BIT,1
1770602006.529691,BIT,0
1770602006.529691,BIT,1
1770602006.529691,BIT,1
1770602006.529691,BIT,1
1770602006.7484758,BIT,0
1770602006.7484758,BIT,0
1770602006.7484758,BIT,1
1770602006.7484758,BIT,0
1770602006.7484758,BIT,0
1770602006.7484758,BIT,0
1770602006.7484758,BIT,0
1770602006.7484758,BIT,1
1770602006.7484758,BIT,0
1770602006.7484758,BIT,1
1770602006.9566474,BIT,1
1770602006.9566474,BIT,0
1770602006.9566474,BIT,1
1770602006.9566474,BIT,1
1770602006.9566474,BIT,1
1770602006.9566474,BIT,1
1770602006.9566474,BIT,1
1770602006.9566474,BIT,0
1770602006.9566474,BIT,0
1770602006.9566474,BIT,1
1770602007.2240617,BIT,1
1770602007.2240617,BIT,1
1770602007.2240617,BIT,1
1770602007.2240617,BIT,1
1770602007.2240617,BIT,1
1770602007.2240617,BIT,1
1770602007.2240617,BIT,1
1770602007.2240617,BIT,1
1770602007.2240617,BIT,1
1770602007.2240617,BIT,0
1770602007.452906,BIT,1
1770602007.452906,BIT,0
1770602007.452906,BIT,0
1770602007.452906,BIT,1
1770602007.452906,BIT,0
1770602007.452906,BIT,0
1770602007.452906,BIT,1
1770602007.452906,BIT,1
1770602007.452906,BIT,1
1770602007.452906,BIT,0
1770602007.6755505,BIT,0
1770602007.6755505,BIT,1
1770602007.6755505,BIT,0
1770602007.6755505,BIT,0
1770602007.6755505,BIT,1
1770602007.6755505,BIT,1
1770602007.6755505,BIT,0
1770602007.6755505,BIT,1
1770602007.6755505,BIT,0
1770602007.6755505,BIT,1
1770602007.91084,BIT,0
1770602007.91084,BIT,0
1770602007.91084,BIT,1
1770602007.91084,BIT,1
1770602007.91084,BIT,0
1770602007.91084,BIT,0
1770602007.91084,BIT,1
1770602007.91084,BIT,1
1770602007.91084,BIT,0
1770602007.91084,BIT,1
1770602008.1248224,BIT,0
1770602008.1248224,BIT,1
1770602008.1248224,BIT,0
1770602008.1248224,BIT,1
1770602008.1248224,BIT,1
1770602008.1248224,BIT,1
1770602008.1248224,BIT,1
1770602008.1248224,BIT,1
1770602008.1248224,BIT,1
1770602008.1248224,BIT,0
1770602008.3433933,BIT,1
1770602008.3433933,BIT,0
1770602008.3433933,BIT,1
1770602008.3433933,BIT,0
1770602008.3433933,BIT,1
1770602008.3433933,BIT,0
1770602008.3433933,BIT,1
1770602008.3433933,BIT,0
1770602008.3433933,BIT,0
1770602008.3433933,BIT,0
1770602008.5691578,BIT,1
1770602008.5691578,BIT,0
1770602008.5691578,BIT,1
1770602008.5691578,BIT,1
1770602008.5691578,BIT,0
1770602008.5691578,BIT,0
1770602008.5691578,BIT,0
1770602008.5691578,BIT,0
1770602008.5691578,BIT,0
1770602008.5691578,BIT,0
1770602008.7982728,BIT,0
1770602008.7982728,BIT,1
1770602008.7982728,BIT,1
1770602008.7982728,BIT,0
1770602008.7982728,BIT,1
1770602008.7982728,BIT,0
1770602008.7982728,BIT,0
1770602008.7982728,BIT,0
1770602008.7982728,BIT,0
1770602008.7982728,BIT,1
1770602009.0118425,BIT,1
1770602009.0118425,BIT,1
1770602009.0118425,BIT,0
1770602009.0118425,BIT,0
1770602009.0118425,BIT,1
1770602009.0118425,BIT,0
1770602009.0118425,BIT,1
1770602009.0118425,BIT,0
1770602009.0118425,BIT,0
1770602009.0118425,BIT,0
1770602009.227877,BIT,0
1770602009.227877,BIT,1
1770602009.227877,BIT,1
1770602009.227877,BIT,0
1770602009.227877,BIT,1
1770602009.227877,BIT,1
1770602009.227877,BIT,1
1770602009.227877,BIT,1
1770602009.227877,BIT,0
1770602009.227877,BIT,0
1770602009.4621077,BIT,0
1770602009.4621077,BIT,0
1770602009.4621077,BIT,0
1770602009.4621077,BIT,1
1770602009.4621077,BIT,0
1770602009.4621077,BIT,0
1770602009.4621077,BIT,1
1770602009.4621077,BIT,0
1770602009.4621077,BIT,0
1770602009.4621077,BIT,0
1770602009.6578088,BIT,0
1770602009.6578088,BIT,0
1770602009.6578088,BIT,0
1770602009.6578088,BIT,0
1770602009.6578088,BIT,1
1770602009.6578088,BIT,1
1770602009.6578088,BIT,1
1770602009.6578088,BIT,0
1770602009.6578088,BIT,0
1770602009.6578088,BIT,0
1770602009.910333,BIT,0
1770602009.910333,BIT,0
1770602009.910333,BIT,0
1770602009.910333,BIT,1
1770602009.910333,BIT,0
1770602009.910333,BIT,1
1770602009.910333,BIT,0
1770602009.910333,BIT,1
1770602009.910333,BIT,1
1770602009.910333,BIT,1
1770602010.147354,BIT,1
1770602010.147354,BIT,0
1770602010.147354,BIT,0
1770602010.147354,BIT,0
1770602010.147354,BIT,0
1770602010.147354,BIT,0
1770602010.147354,BIT,1
1770602010.147354,BIT,0
1770602010.147354,BIT,0
1770602010.147354,BIT,0
1770602010.4266007,BIT,1
1770602010.4266007,BIT,1
1770602010.4266007,BIT,1
1770602010.4266007,BIT,0
1770602010.4266007,BIT,0
1770602010.4266007,BIT,0
1770602010.4266007,BIT,1
1770602010.4266007,BIT,0
1770602010.4266007,BIT,1
1770602010.4266007,BIT,1
1770602010.7020664,BIT,0
1770602010.7020664,BIT,1
1770602010.7020664,BIT,0
1770602010.7020664,BIT,1
1770602010.7020664,BIT,0
1770602010.7020664,BIT,0
1770602010.7020664,BIT,0
1770602010.7020664,BIT,0
1770602010.7020664,BIT,1
1770602010.7020664,BIT,1
1770602011.0291493,BIT,1
1770602011.0291493,BIT,0
1770602011.0291493,BIT,0
1770602011.0291493,BIT,0
1770602011.0291493,BIT,0
1770602011.0291493,BIT,0
1770602011.0291493,BIT,0
1770602011.0291493,BIT,0
1770602011.0291493,BIT,1
1770602011.0291493,BIT,1
1770602011.337599,BIT,0
1770602011.337599,BIT,0
1770602011.337599,BIT,1
1770602011.337599,BIT,1
1770602011.337599,BIT,0
1770602011.337599,BIT,0
1770602011.337599,BIT,1
1770602011.337599,BIT,0
1770602011.337599,BIT,0
1770602011.337599,BIT,1
1770602011.6441534,BIT,0
1770602011.6441534,BIT,0
1770602011.6441534,BIT,0
1770602011.6441534,BIT,0
1770602011.6441534,BIT,1
1770602011.6441534,BIT,0
1770602011.6441534,BIT,0
1770602011.6441534,BIT,0
1770602011.6441534,BIT,1
1770602011.6441534,BIT,1
1770602011.9388795,BIT,0
1770602011.9388795,BIT,0
1770602011.9388795,BIT,1
1770602011.9388795,BIT,0
1770602011.9388795,BIT,1
1770602011.9388795,BIT,0
1770602011.9388795,BIT,1
1770602011.9388795,BIT,1
1770602011.9388795,BIT,1
1770602011.9388795,BIT,1
1770602012.1950202,BIT,0
1770602012.1950202,BIT,1
1770602012.1950202,BIT,1
1770602012.1950202,BIT,1
1770602012.1950202,BIT,0
1770602012.1950202,BIT,1
1770602012.1950202,BIT,0
1770602012.1950202,BIT,0
1770602012.1950202,BIT,1
1770602012.1950202,BIT,1
1770602012.4545498,BIT,0
1770602012.4545498,BIT,1
1770602012.4545498,BIT,0
1770602012.4545498,BIT,0
1770602012.4545498,BIT,0
1770602012.4545498,BIT,1
1770602012.4545498,BIT,1
1770602012.4545498,BIT,1
1770602012.4545498,BIT,1
1770602012.4545498,BIT,1
1770602012.7240872,BIT,1
1770602012.7240872,BIT,1
1770602012.7240872,BIT,0
1770602012.7240872,BIT,1
1770602012.7240872,BIT,0
1770602012.7240872,BIT,0
1770602012.7240872,BIT,0
1770602012.7240872,BIT,0
1770602012.7240872,BIT,1
1770602012.7240872,BIT,0
1770602012.9730132,BIT,1
1770602012.9730132,BIT,1
1770602012.9730132,BIT,0
1770602012.9730132,BIT,0
1770602012.9730132,BIT,1
1770602012.9730132,BIT,0
1770602012.9730132,BIT,0
1770602012.9730132,BIT,0
1770602012.9730132,BIT,0
1770602012.9730132,BIT,1
1770602013.2537923,BIT,1
1770602013.2537923,BIT,0
1770602013.2537923,BIT,0
1770602013.2537923,BIT,1
1770602013.2537923,BIT,0
1770602013.2537923,BIT,1
1770602013.2537923,BIT,0
1770602013.2537923,BIT,1
1770602013.2537923,BIT,1
1770602013.2537923,BIT,1
1770602013.5503767,BIT,1
1770602013.5503767,BIT,1
1770602013.5503767,BIT,1
1770602013.5503767,BIT,1
1770602013.5503767,BIT,1
1770602013.5503767,BIT,0
1770602013.5503767,BIT,1
1770602013.5503767,BIT,1
1770602013.5503767,BIT,1
1770602013.5503767,BIT,0
1770602013.7632747,BIT,0
1770602013.7632747,BIT,0
1770602013.7632747,BIT,1
1770602013.7632747,BIT,1
1770602013.7632747,BIT,1
1770602013.7632747,BIT,1
1770602013.7632747,BIT,0
1770602013.7632747,BIT,0
1770602013.7632747,BIT,0
1770602013.7632747,BIT,1
1770602014.0318358,BIT,0
1770602014.0318358,BIT,1
1770602014.0318358,BIT,1
1770602014.0318358,BIT,1
1770602014.0318358,BIT,0
1770602014.0318358,BIT,1
1770602014.0318358,BIT,1
1770602014.0318358,BIT,0
1770602014.0318358,BIT,0
1770602014.0318358,BIT,1
1770602014.242961,BIT,1
1770602014.242961,BIT,0
1770602014.242961,BIT,1
1770602014.242961,BIT,0
1770602014.242961,BIT,0
1770602014.242961,BIT,1
1770602014.242961,BIT,0
1770602014.242961,BIT,1
1770602014.242961,BIT,1
1770602014.242961,BIT,0
1770602014.4795568,BIT,0
1770602014.4795568,BIT,0
1770602014.4795568,BIT,1
1770602014.4795568,BIT,1
1770602014.4795568,BIT,0
1770602014.4795568,BIT,1
1770602014.4795568,BIT,1
1770602014.4795568,BIT,1
1770602014.4795568,BIT,0
1770602014.4795568,BIT,0
1770602014.6745079,BIT,1
1770602014.6745079,BIT,0
1770602014.6745079,BIT,1
1770602014.6745079,BIT,0
1770602014.6745079,BIT,1
1770602014.6745079,BIT,0
1770602014.6745079,BIT,0
1770602014.6745079,BIT,0
1770602014.6745079,BIT,1
1770602014.6745079,BIT,0
1770602014.8927002,BIT,1
1770602014.8927002,BIT,1
1770602014.8927002,BIT,1
1770602014.8927002,BIT,1
1770602014.8927002,BIT,1
1770602014.8927002,BIT,1
1770602014.8927002,BIT,0
1770602014.8927002,BIT,0
1770602014.8927002,BIT,1
1770602014.8927002,BIT,1
1770602015.1095972,BIT,0
1770602015.1095972,BIT,1
1770602015.1095972,BIT,1
1770602015.1095972,BIT,0
1770602015.1095972,BIT,1
1770602015.1095972,BIT,0
1770602015.1095972,BIT,0
1770602015.1095972,BIT,1
1770602015.1095972,BIT,1
1770602015.1095972,BIT,0
1770602015.3145041,BIT,0
1770602015.3145041,BIT,0
1770602015.3145041,BIT,0
1770602015.3145041,BIT,1
1770602015.3145041,BIT,1
1770602015.3145041,BIT,0
1770602015.3145041,BIT,1
1770602015.3145041,BIT,1
1770602015.3145041,BIT,0
1770602015.3145041,BIT,1
1770602015.507166,BIT,0
1770602015.507166,BIT,1
1770602015.507166,BIT,0
1770602015.507166,BIT,0
1770602015.507166,BIT,1
1770602015.507166,BIT,0
1770602015.507166,BIT,0
1770602015.507166,BIT,1
1770602015.507166,BIT,1
1770602015.507166,BIT,1
1770602015.7228332,BIT,1
1770602015.7228332,BIT,0
1770602015.7228332,BIT,1
1770602015.7228332,BIT,1
1770602015.7228332,BIT,0
1770602015.7228332,BIT,1
1770602015.7228332,BIT,1
1770602015.7228332,BIT,0
1770602015.7228332,BIT,0
1770602015.7228332,BIT,0
1770602016.1295056,BIT,1
1770602016.1295056,BIT,1
1770602016.1295056,BIT,1
1770602016.1295056,BIT,0
1770602016.1295056,BIT,0
1770602016.1295056,BIT,1
1770602016.1295056,BIT,0
1770602016.1295056,BIT,1
1770602016.1295056,BIT,0
1770602016.1295056,BIT,1
1770602016.444729,BIT,1
1770602016.444729,BIT,1
1770602016.444729,BIT,0
1770602016.444729,BIT,1
1770602016.444729,BIT,0
1770602016.444729,BIT,0
1770602016.444729,BIT,1
1770602016.444729,BIT,1
1770602016.444729,BIT,1
1770602016.444729,BIT,1
1770602016.7634618,BIT,1
1770602016.7634618,BIT,1
1770602016.7634618,BIT,1
1770602016.7634618,BIT,1
1770602016.7634618,BIT,0
1770602016.7634618,BIT,0
1770602016.7634618,BIT,1
1770602016.7634618,BIT,1
1770602016.7634618,BIT,0
1770602016.7634618,BIT,1
1770602017.1102734,BIT,1
1770602017.1102734,BIT,1
1770602017.1102734,BIT,1
1770602017.1102734,BIT,0
1770602017.1102734,BIT,1
1770602017.1102734,BIT,1
1770602017.1102734,BIT,1
1770602017.1102734,BIT,1
1770602017.1102734,BIT,0
1770602017.1102734,BIT,0
1770602017.3590846,BIT,0
1770602017.3590846,BIT,0
1770602017.3590846,BIT,1
1770602017.3590846,BIT,0
1770602017.3590846,BIT,1
1770602017.3590846,BIT,0
1770602017.3590846,BIT,0
1770602017.3590846,BIT,0
1770602017.3590846,BIT,0
1770602017.3590846,BIT,0
1770602017.5756457,BIT,0
1770602017.5756457,BIT,0
1770602017.5756457,BIT,0
1770602017.5756457,BIT,0
1770602017.5756457,BIT,0
1770602017.5756457,BIT,1
1770602017.5756457,BIT,1
1770602017.5756457,BIT,1
1770602017.5756457,BIT,0
1770602017.5756457,BIT,1
1770602017.7755277,BIT,1
1770602017.7755277,BIT,1
1770602017.7755277,BIT,1
1770602017.7755277,BIT,0
1770602017.7755277,BIT,1
1770602017.7755277,BIT,0
1770602017.7755277,BIT,0
1770602017.7755277,BIT,1
1770602017.7755277,BIT,1
1770602017.7755277,BIT,0
1770602017.9828832,BIT,1
1770602017.9828832,BIT,0
1770602017.9828832,BIT,0
1770602017.9828832,BIT,0
1770602017.9828832,BIT,0
1770602017.9828832,BIT,1
1770602017.9828832,BIT,0
1770602017.9828832,BIT,0
1770602017.9828832,BIT,1
1770602017.9828832,BIT,0
1770602018.1684139,BIT,0
1770602018.1684139,BIT,1
1770602018.1684139,BIT,1
1770602018.1684139,BIT,0
1770602018.1684139,BIT,0
1770602018.1684139,BIT,0
1770602018.1684139,BIT,0
1770602018.1684139,BIT,0
1770602018.1684139,BIT,0
1770602018.1684139,BIT,1
1770602018.3996851,BIT,0
1770602018.3996851,BIT,0
1770602018.3996851,BIT,1
1770602018.3996851,BIT,1
1770602018.3996851,BIT,0
1770602018.3996851,BIT,0
1770602018.3996851,BIT,1
1770602018.3996851,BIT,0
1770602018.3996851,BIT,1
1770602018.3996851,BIT,1
1770602018.6170774,BIT,1
1770602018.6170774,BIT,0
1770602018.6170774,BIT,1
1770602018.6170774,BIT,0
1770602018.6170774,BIT,0
1770602018.6170774,BIT,0
1770602018.6170774,BIT,0
1770602018.6170774,BIT,1
1770602018.6170774,BIT,0
1770602018.6170774,BIT,0
1770602018.854074,BIT,1
1770602018.854074,BIT,0
1770602018.854074,BIT,0
1770602018.854074,BIT,0
1770602018.854074,BIT,0
1770602018.854074,BIT,0
1770602018.854074,BIT,0
1770602018.854074,BIT,1
1770602018.854074,BIT,1
1770602018.854074,BIT,1
1770602019.079806,BIT,0
1770602019.079806,BIT,0
1770602019.079806,BIT,0
1770602019.079806,BIT,0
1770602019.079806,BIT,1
1770602019.079806,BIT,0
1770602019.079806,BIT,1
1770602019.079806,BIT,0
1770602019.079806,BIT,0
1770602019.079806,BIT,1
1770602019.287595,BIT,1
1770602019.287595,BIT,0
1770602019.287595,BIT,0
1770602019.287595,BIT,1
1770602019.287595,BIT,0
1770602019.287595,BIT,0
1770602019.287595,BIT,0
1770602019.287595,BIT,1
1770602019.287595,BIT,0
1770602019.287595,BIT,1
1770602019.5035632,BIT,0
1770602019.5035632,BIT,0
1770602019.5035632,BIT,0
1770602019.5035632,BIT,1
1770602019.5035632,BIT,0
1770602019.5035632,BIT,0
1770602019.5035632,BIT,0
1770602019.5035632,BIT,1
1770602019.5035632,BIT,1
1770602019.5035632,BIT,0
1770602019.687083,BIT,1
1770602019.687083,BIT,0
1770602019.687083,BIT,1
1770602019.687083,BIT,0
1770602019.687083,BIT,0
1770602019.687083,BIT,1
1770602019.687083,BIT,1
1770602019.687083,BIT,1
1770602019.687083,BIT,0
1770602019.687083,BIT,0
1770602019.8841674,BIT,1
1770602019.8841674,BIT,1
1770602019.8841674,BIT,0
1770602019.8841674,BIT,0
1770602019.8841674,BIT,1
1770602019.8841674,BIT,0
1770602019.8841674,BIT,0
1770602019.8841674,BIT,0
1770602019.8841674,BIT,0
1770602019.8841674,BIT,0
1770602020.0719523,BIT,1
1770602020.0719523,BIT,1
1770602020.0719523,BIT,0
1770602020.0719523,BIT,1
1770602020.0719523,BIT,1
1770602020.0719523,BIT,1
1770602020.0719523,BIT,1
1770602020.0719523,BIT,1
1770602020.0719523,BIT,1
1770602020.0719523,BIT,0
1770602020.250341,BIT,0
1770602020.250341,BIT,0
1770602020.250341,BIT,0
1770602020.250341,BIT,1
1770602020.250341,BIT,1
1770602020.250341,BIT,0
1770602020.250341,BIT,1
1770602020.250341,BIT,0
1770602020.250341,BIT,0
1770602020.250341,BIT,0
1770602020.4277935,BIT,1
1770602020.4277935,BIT,1
1770602020.4277935,BIT,0
1770602020.4277935,BIT,1
1770602020.4277935,BIT,0
1770602020.4277935,BIT,1
1770602020.4277935,BIT,1
1770602020.4277935,BIT,1
1770602020.4277935,BIT,1
1770602020.4277935,BIT,0
1770602020.6158817,BIT,1
1770602020.6158817,BIT,0
1770602020.6158817,BIT,0
1770602020.6158817,BIT,0
1770602020.6158817,BIT,0
1770602020.6158817,BIT,1
1770602020.6158817,BIT,1
1770602020.6158817,BIT,1
1770602020.6158817,BIT,0
1770602020.6158817,BIT,1
1770602020.820896,BIT,0
1770602020.820896,BIT,1
1770602020.820896,BIT,1
1770602020.820896,BIT,1
1770602020.820896,BIT,0
1770602020.820896,BIT,1
1770602020.820896,BIT,0
1770602020.820896,BIT,0
1770602020.820896,BIT,1
1770602020.820896,BIT,1
1770602020.997327,BIT,0
1770602020.997327,BIT,0
1770602020.997327,BIT,0
1770602020.997327,BIT,1
1770602020.997327,BIT,1
1770602020.997327,BIT,0
1770602020.997327,BIT,1
1770602020.997327,BIT,1
1770602020.997327,BIT,0
1770602020.997327,BIT,0
1770602021.191135,BIT,1
1770602021.191135,BIT,0
1770602021.191135,BIT,0
1770602021.191135,BIT,0
1770602021.191135,BIT,1
1770602021.191135,BIT,0
1770602021.191135,BIT,1
1770602021.191135,BIT,0
1770602021.191135,BIT,0
1770602021.191135,BIT,0
1770602021.382153,BIT,1
1770602021.382153,BIT,1
1770602021.382153,BIT,0
1770602021.382153,BIT,0
1770602021.382153,BIT,0
1770602021.382153,BIT,0
1770602021.382153,BIT,0
1770602021.382153,BIT,0
1770602021.382153,BIT,0
1770602021.382153,BIT,1
1770602021.5556066,BIT,1
1770602021.5556066,BIT,1
1770602021.5556066,BIT,0
1770602021.5556066,BIT,0
1770602021.5556066,BIT,1
1770602021.5556066,BIT,0
1770602021.5556066,BIT,1
1770602021.5556066,BIT,0
1770602021.5556066,BIT,0
1770602021.5556066,BIT,0
1770602021.7518127,BIT,1
1770602021.7518127,BIT,0
1770602021.7518127,BIT,1
1770602021.7518127,BIT,1
1770602021.7518127,BIT,0
1770602021.7518127,BIT,0
1770602021.7518127,BIT,0
1770602021.7518127,BIT,1
1770602021.7518127,BIT,1
1770602021.7518127,BIT,0
1770602021.9468114,BIT,0
1770602021.9468114,BIT,1
1770602021.9468114,BIT,0
1770602021.9468114,BIT,1
1770602021.9468114,BIT,0
1770602021.9468114,BIT,0
1770602021.9468114,BIT,0
1770602021.9468114,BIT,0
1770602021.9468114,BIT,0
1770602021.9468114,BIT,0
1770602022.1157284,BIT,0
1770602022.1157284,BIT,1
1770602022.1157284,BIT,0
1770602022.1157284,BIT,1
1770602022.1157284,BIT,0
1770602022.1157284,BIT,0
1770602022.1157284,BIT,0
1770602022.1157284,BIT,1
1770602022.1157284,BIT,1
1770602022.1157284,BIT,1
1770602022.3063843,BIT,1
1770602022.3063843,BIT,1
1770602022.3063843,BIT,0
1770602022.3063843,BIT,1
1770602022.3063843,BIT,1
1770602022.3063843,BIT,0
1770602022.3063843,BIT,1
1770602022.3063843,BIT,1
1770602022.3063843,BIT,1
1770602022.3063843,BIT,1
1770602022.475485,BIT,0
1770602022.475485,BIT,1
1770602022.475485,BIT,1
1770602022.475485,BIT,1
1770602022.475485,BIT,1
1770602022.475485,BIT,0
1770602022.475485,BIT,1
1770602022.475485,BIT,0
1770602022.475485,BIT,1
1770602022.475485,BIT,0
1770602022.6858828,BIT,0
1770602022.6858828,BIT,1
1770602022.6858828,BIT,0
1770602022.6858828,BIT,1
1770602022.6858828,BIT,1
1770602022.6858828,BIT,1
1770602022.6858828,BIT,0
1770602022.6858828,BIT,1
1770602022.6858828,BIT,1
1770602022.6858828,BIT,0
1770602022.8952231,BIT,0
1770602022.8952231,BIT,1
1770602022.8952231,BIT,1
1770602022.8952231,BIT,1
1770602022.8952231,BIT,0
1770602022.8952231,BIT,1
1770602022.8952231,BIT,1
1770602022.8952231,BIT,0
1770602022.8952231,BIT,1
1770602022.8952231,BIT,0
1770602023.0731866,BIT,1
1770602023.0731866,BIT,1
1770602023.0731866,BIT,1
1770602023.0731866,BIT,0
1770602023.0731866,BIT,1
1770602023.0731866,BIT,0
1770602023.0731866,BIT,1
1770602023.0731866,BIT,1
1770602023.0731866,BIT,1
1770602023.0731866,BIT,0
1770602023.2657468,BIT,1
1770602023.2657468,BIT,1
1770602023.2657468,BIT,1
1770602023.2657468,BIT,0
1770602023.2657468,BIT,0
1770602023.2657468,BIT,0
1770602023.2657468,BIT,1
1770602023.2657468,BIT,1
1770602023.2657468,BIT,0
1770602023.2657468,BIT,0
1770602023.4617906,BIT,0
1770602023.4617906,BIT,1
1770602023.4617906,BIT,1
1770602023.4617906,BIT,0
1770602023.4617906,BIT,1
1770602023.4617906,BIT,0
1770602023.4617906,BIT,0
1770602023.4617906,BIT,1
1770602023.4617906,BIT,1
1770602023.4617906,BIT,0
1770602023.6457865,BIT,1
1770602023.6457865,BIT,1
1770602023.6457865,BIT,1
1770602023.6457865,BIT,1
1770602023.6457865,BIT,1
1770602023.6457865,BIT,0
1770602023.6457865,BIT,1
1770602023.6457865,BIT,1
1770602023.6457865,BIT,1
1770602023.6457865,BIT,1
1770602023.8698337,BIT,0
1770602023.8698337,BIT,0
1770602023.8698337,BIT,1
1770602023.8698337,BIT,0
1770602023.8698337,BIT,0
1770602023.8698337,BIT,0
1770602023.8698337,BIT,0
1770602023.8698337,BIT,0
1770602023.8698337,BIT,0
1770602023.8698337,BIT,1
1770602024.0912924,BIT,0
1770602024.0912924,BIT,0
1770602024.0912924,BIT,1
1770602024.0912924,BIT,1
1770602024.0912924,BIT,0
1770602024.0912924,BIT,0
1770602024.0912924,BIT,1
1770602024.0912924,BIT,0
1770602024.0912924,BIT,1
1770602024.0912924,BIT,0
1770602024.2898924,BIT,0
1770602024.2898924,BIT,0
1770602024.2898924,BIT,1
1770602024.2898924,BIT,0
1770602024.2898924,BIT,1
1770602024.2898924,BIT,1
1770602024.2898924,BIT,0
1770602024.2898924,BIT,0
1770602024.2898924,BIT,1
1770602024.2898924,BIT,0
1770602024.489424,BIT,1
1770602024.489424,BIT,0
1770602024.489424,BIT,0
1770602024.489424,BIT,1
1770602024.489424,BIT,0
1770602024.489424,BIT,0
1770602024.489424,BIT,0
1770602024.489424,BIT,0
1770602024.489424,BIT,0
1770602024.489424,BIT,0
1770602024.670406,BIT,0
1770602024.670406,BIT,0
1770602024.670406,BIT,1
1770602024.670406,BIT,1
1770602024.670406,BIT,1
1770602024.670406,BIT,0
1770602024.670406,BIT,1
1770602024.670406,BIT,1
1770602024.670406,BIT,1
1770602024.670406,BIT,1
1770602024.9340844,BIT,1
1770602024.9340844,BIT,0
1770602024.9340844,BIT,1
1770602024.9340844,BIT,0
1770602024.9340844,BIT,0
1770602024.9340844,BIT,0
1770602024.9340844,BIT,1
1770602024.9340844,BIT,0
1770602024.9340844,BIT,1
1770602024.9340844,BIT,0
1770602025.190091,BIT,0
1770602025.190091,BIT,1
1770602025.190091,BIT,1
1770602025.190091,BIT,0
1770602025.190091,BIT,1
1770602025.190091,BIT,1
1770602025.190091,BIT,1
1770602025.190091,BIT,0
1770602025.190091,BIT,1
1770602025.190091,BIT,1
1770602025.4637375,BIT,0
1770602025.4637375,BIT,0
1770602025.4637375,BIT,0
1770602025.4637375,BIT,0
1770602025.4637375,BIT,1
1770602025.4637375,BIT,1
1770602025.4637375,BIT,0
1770602025.4637375,BIT,1
1770602025.4637375,BIT,1
1770602025.4637375,BIT,1
1770602025.7147877,BIT,1
1770602025.7147877,BIT,1
1770602025.7147877,BIT,0
1770602025.7147877,BIT,1
1770602025.7147877,BIT,0
1770602025.7147877,BIT,0
1770602025.7147877,BIT,1
1770602025.7147877,BIT,1
1770602025.7147877,BIT,1
1770602025.7147877,BIT,1
1770602025.9430912,BIT,0
1770602025.9430912,BIT,0
1770602025.9430912,BIT,1
1770602025.9430912,BIT,0
1770602025.9430912,BIT,1
1770602025.9430912,BIT,1
1770602025.9430912,BIT,1
1770602025.9430912,BIT,1
1770602025.9430912,BIT,0
1770602025.9430912,BIT,0
1770602026.1434412,BIT,0
1770602026.1434412,BIT,0
1770602026.1434412,BIT,1
1770602026.1434412,BIT,1
1770602026.1434412,BIT,0
1770602026.1434412,BIT,1
1770602026.1434412,BIT,0
1770602026.1434412,BIT,0
1770602026.1434412,BIT,0
1770602026.1434412,BIT,1
1770602026.3308191,BIT,0
1770602026.3308191,BIT,0
1770602026.3308191,BIT,0
1770602026.3308191,BIT,0
1770602026.3308191,BIT,0
1770602026.3308191,BIT,1
1770602026.3308191,BIT,1
1770602026.3308191,BIT,0
1770602026.3308191,BIT,0
1770602026.3308191,BIT,0
1770602026.5070953,BIT,0
1770602026.5070953,BIT,0
1770602026.5070953,BIT,1
1770602026.5070953,BIT,1
1770602026.5070953,BIT,1
1770602026.5070953,BIT,0
1770602026.5070953,BIT,1
1770602026.5070953,BIT,0
1770602026.5070953,BIT,0
1770602026.5070953,BIT,0
1770602026.6966884,BIT,1
1770602026.6966884,BIT,0
1770602026.6966884,BIT,1
1770602026.6966884,BIT,0
1770602026.6966884,BIT,1
1770602026.6966884,BIT,0
1770602026.6966884,BIT,0
1770602026.6966884,BIT,0
1770602026.6966884,BIT,1
1770602026.6966884,BIT,1
1770602026.881732,BIT,0
1770602026.881732,BIT,0
1770602026.881732,BIT,0
1770602026.881732,BIT,1
1770602026.881732,BIT,1
1770602026.881732,BIT,1
1770602026.881732,BIT,0
1770602026.881732,BIT,0
1770602026.881732,BIT,0
1770602026.881732,BIT,1
1770602027.0521748,BIT,0
1770602027.0521748,BIT,0
1770602027.0521748,BIT,0
1770602027.0521748,BIT,1
1770602027.0521748,BIT,1
1770602027.0521748,BIT,0
1770602027.0521748,BIT,0
1770602027.0521748,BIT,0
1770602027.0521748,BIT,1
1770602027.0521748,BIT,0
1770602027.2295382,BIT,1
1770602027.2295382,BIT,0
1770602027.2295382,BIT,0
1770602027.2295382,BIT,1
1770602027.2295382,BIT,1
1770602027.2295382,BIT,0
1770602027.2295382,BIT,0
1770602027.2295382,BIT,0
1770602027.2295382,BIT,0
1770602027.2295382,BIT,1
1770602027.422619,BIT,0
1770602027.422619,BIT,0
1770602027.422619,BIT,0
1770602027.422619,BIT,1
1770602027.422619,BIT,1
1770602027.422619,BIT,1
1770602027.422619,BIT,1
1770602027.422619,BIT,0
1770602027.422619,BIT,0
1770602027.422619,BIT,0
1770602027.6466002,BIT,0
1770602027.6466002,BIT,1
1770602027.6466002,BIT,0
1770602027.6466002,BIT,1
1770602027.6466002,BIT,0
1770602027.6466002,BIT,0
1770602027.6466002,BIT,0
1770602027.6466002,BIT,0
1770602027.6466002,BIT,0
1770602027.6466002,BIT,0
1770602027.8516216,BIT,1
1770602027.8516216,BIT,0
1770602027.8516216,BIT,1
1770602027.8516216,BIT,0
1770602027.8516216,BIT,1
1770602027.8516216,BIT,1
1770602027.8516216,BIT,1
1770602027.8516216,BIT,1
1770602027.8516216,BIT,0
1770602027.8516216,BIT,0
1770602028.03081,BIT,1
1770602028.03081,BIT,0
1770602028.03081,BIT,0
1770602028.03081,BIT,0
1770602028.03081,BIT,0
1770602028.03081,BIT,0
1770602028.03081,BIT,0
1770602028.03081,BIT,1
1770602028.03081,BIT,0
1770602028.03081,BIT,1
1770602028.2175872,BIT,0
1770602028.2175872,BIT,1
1770602028.2175872,BIT,0
1770602028.2175872,BIT,0
1770602028.2175872,BIT,0
1770602028.2175872,BIT,1
1770602028.2175872,BIT,0
1770602028.2175872,BIT,1
1770602028.2175872,BIT,1
1770602028.2175872,BIT,0
1770602028.406023,BIT,0
1770602028.406023,BIT,0
1770602028.406023,BIT,0
1770602028.406023,BIT,1
1770602028.406023,BIT,1
1770602028.406023,BIT,1
1770602028.406023,BIT,0
1770602028.406023,BIT,1
1770602028.406023,BIT,1
1770602028.406023,BIT,0
1770602028.57819,BIT,1
1770602028.57819,BIT,0
1770602028.57819,BIT,1
1770602028.57819,BIT,0
1770602028.57819,BIT,1
1770602028.57819,BIT,1
1770602028.57819,BIT,1
1770602028.57819,BIT,1
1770602028.57819,BIT,0
1770602028.57819,BIT,1
1770602028.7629128,BIT,1
1770602028.7629128,BIT,0
1770602028.7629128,BIT,0
1770602028.7629128,BIT,0
1770602028.7629128,BIT,0
1770602028.7629128,BIT,1
1770602028.7629128,BIT,1
1770602028.7629128,BIT,0
1770602028.7629128,BIT,1
1770602028.7629128,BIT,0
1770602028.9563696,BIT,0
1770602028.9563696,BIT,1
1770602028.9563696,BIT,0
1770602028.9563696,BIT,0
1770602028.9563696,BIT,1
1770602028.9563696,BIT,1
1770602028.9563696,BIT,1
1770602028.9563696,BIT,0
1770602028.9563696,BIT,0
1770602028.9563696,BIT,0
1770602029.1422088,BIT,1
1770602029.1422088,BIT,0
1770602029.1422088,BIT,1
1770602029.1422088,BIT,0
1770602029.1422088,BIT,0
1770602029.1422088,BIT,0
1770602029.1422088,BIT,0
1770602029.1422088,BIT,1
1770602029.1422088,BIT,1
1770602029.1422088,BIT,0
1770602029.3839405,BIT,1
1770602029.3839405,BIT,1
1770602029.3839405,BIT,0
1770602029.3839405,BIT,0
1770602029.3839405,BIT,0
1770602029.3839405,BIT,1
1770602029.3839405,BIT,1
1770602029.3839405,BIT,0
1770602029.3839405,BIT,0
1770602029.3839405,BIT,0
1770602029.6966417,BIT,1
1770602029.6966417,BIT,0
1770602029.6966417,BIT,0
1770602029.6966417,BIT,0
1770602029.6966417,BIT,0
1770602029.6966417,BIT,1
1770602029.6966417,BIT,0
1770602029.6966417,BIT,0
1770602029.6966417,BIT,1
1770602029.6966417,BIT,1
1770602029.9163437,BIT,0
1770602029.9163437,BIT,1
1770602029.9163437,BIT,0
1770602029.9163437,BIT,1
1770602029.9163437,BIT,0
1770602029.9163437,BIT,1
1770602029.9163437,BIT,1
1770602029.9163437,BIT,1
1770602029.9163437,BIT,1
1770602029.9163437,BIT,0
1770602030.1137197,BIT,0
1770602030.1137197,BIT,1
1770602030.1137197,BIT,0
1770602030.1137197,BIT,0
1770602030.1137197,BIT,0
1770602030.1137197,BIT,1
1770602030.1137197,BIT,1
1770602030.1137197,BIT,1
1770602030.1137197,BIT,1
1770602030.1137197,BIT,1
1770602030.335849,BIT,1
1770602030.335849,BIT,0
1770602030.335849,BIT,0
1770602030.335849,BIT,1
1770602030.335849,BIT,1
1770602030.335849,BIT,0
1770602030.335849,BIT,1
1770602030.335849,BIT,1
1770602030.335849,BIT,0
1770602030.335849,BIT,0
1770602030.5295355,BIT,0
1770602030.5295355,BIT,1
1770602030.5295355,BIT,0
1770602030.5295355,BIT,1
1770602030.5295355,BIT,1
1770602030.5295355,BIT,0
1770602030.5295355,BIT,1
1770602030.5295355,BIT,1
1770602030.5295355,BIT,0
1770602030.5295355,BIT,1
1770602030.7141502,BIT,1
1770602030.7141502,BIT,0
1770602030.7141502,BIT,0
1770602030.7141502,BIT,1
1770602030.7141502,BIT,0
1770602030.7141502,BIT,0
1770602030.7141502,BIT,1
1770602030.7141502,BIT,1
1770602030.7141502,BIT,0
1770602030.7141502,BIT,1
1770602030.9217157,BIT,0
1770602030.9217157,BIT,1
1770602030.9217157,BIT,1
1770602030.9217157,BIT,1
1770602030.9217157,BIT,0
1770602030.9217157,BIT,1
1770602030.9217157,BIT,0
1770602030.9217157,BIT,0
1770602030.9217157,BIT,1
1770602030.9217157,BIT,0
1770602031.0949328,BIT,1
1770602031.0949328,BIT,1
1770602031.0949328,BIT,0
1770602031.0949328,BIT,0
1770602031.0949328,BIT,1
1770602031.0949328,BIT,0
1770602031.0949328,BIT,0
1770602031.0949328,BIT,1
1770602031.0949328,BIT,0
1770602031.0949328,BIT,1
1770602031.2833738,BIT,1
1770602031.2833738,BIT,1
1770602031.2833738,BIT,0
1770602031.2833738,BIT,0
1770602031.2833738,BIT,1
1770602031.2833738,BIT,1
1770602031.2833738,BIT,1
1770602031.2833738,BIT,1
1770602031.2833738,BIT,1
1770602031.2833738,BIT,1
1770602031.4579873,BIT,1
1770602031.4579873,BIT,1
1770602031.4579873,BIT,0
1770602031.4579873,BIT,1
1770602031.4579873,BIT,1
1770602031.4579873,BIT,0
1770602031.4579873,BIT,1
1770602031.4579873,BIT,0
1770602031.4579873,BIT,1
1770602031.4579873,BIT,0
1770602031.6498342,BIT,1
1770602031.6498342,BIT,0
1770602031.6498342,BIT,0
1770602031.6498342,BIT,0
1770602031.6498342,BIT,0
1770602031.6498342,BIT,1
1770602031.6498342,BIT,1
1770602031.6498342,BIT,1
1770602031.6498342,BIT,1
1770602031.6498342,BIT,0
1770602031.8386838,BIT,0
1770602031.8386838,BIT,0
1770602031.8386838,BIT,0
1770602031.8386838,BIT,0
1770602031.8386838,BIT,0
1770602031.8386838,BIT,1
1770602031.8386838,BIT,0
1770602031.8386838,BIT,1
1770602031.8386838,BIT,0
1770602031.8386838,BIT,0
1770602032.0231977,BIT,1
1770602032.0231977,BIT,0
1770602032.0231977,BIT,1
1770602032.0231977,BIT,0
1770602032.0231977,BIT,0
1770602032.0231977,BIT,1
1770602032.0231977,BIT,0
1770602032.0231977,BIT,1
1770602032.0231977,BIT,1
1770602032.0231977,BIT,0
1770602032.1976285,BIT,0
1770602032.1976285,BIT,0
1770602032.1976285,BIT,0
1770602032.1976285,BIT,0
1770602032.1976285,BIT,0
1770602032.1976285,BIT,0
1770602032.1976285,BIT,1
1770602032.1976285,BIT,0
1770602032.1976285,BIT,1
1770602032.1976285,BIT,1
1770602032.400666,BIT,0
1770602032.400666,BIT,1
1770602032.400666,BIT,0
1770602032.400666,BIT,1
1770602032.400666,BIT,1
1770602032.400666,BIT,0
1770602032.400666,BIT,0
1770602032.400666,BIT,0
1770602032.400666,BIT,1
1770602032.400666,BIT,1
1770602032.5635507,BIT,1
1770602032.5635507,BIT,1
1770602032.5635507,BIT,0
1770602032.5635507,BIT,1
1770602032.5635507,BIT,1
1770602032.5635507,BIT,1
1770602032.5635507,BIT,1
1770602032.5635507,BIT,0
1770602032.5635507,BIT,0
1770602032.5635507,BIT,1
1770602032.7418864,BIT,1
1770602032.7418864,BIT,0
1770602032.7418864,BIT,1
1770602032.7418864,BIT,1
1770602032.7418864,BIT,1
1770602032.7418864,BIT,1
1770602032.7418864,BIT,0
1770602032.7418864,BIT,1
1770602032.7418864,BIT,1
1770602032.7418864,BIT,1
1770602032.9696581,BIT,1
1770602032.9696581,BIT,1
1770602032.9696581,BIT,1
1770602032.9696581,BIT,1
1770602032.9696581,BIT,1
1770602032.9696581,BIT,1
1770602032.9696581,BIT,1
1770602032.9696581,BIT,0
1770602032.9696581,BIT,1
1770602032.9696581,BIT,0
1770602033.17903,BIT,1
1770602033.17903,BIT,1
1770602033.17903,BIT,0
1770602033.17903,BIT,0
1770602033.17903,BIT,0
1770602033.17903,BIT,1
1770602033.17903,BIT,1
1770602033.17903,BIT,1
1770602033.17903,BIT,0
1770602033.17903,BIT,0
1770602033.4033353,BIT,0
1770602033.4033353,BIT,1
1770602033.4033353,BIT,1
1770602033.4033353,BIT,0
1770602033.4033353,BIT,0
1770602033.4033353,BIT,1
1770602033.4033353,BIT,1
1770602033.4033353,BIT,0
1770602033.4033353,BIT,1
1770602033.4033353,BIT,0
1770602033.6179652,BIT,0
1770602033.6179652,BIT,1
1770602033.6179652,BIT,1
1770602033.6179652,BIT,0
1770602033.6179652,BIT,0
1770602033.6179652,BIT,0
1770602033.6179652,BIT,1
1770602033.6179652,BIT,1
1770602033.6179652,BIT,1
1770602033.6179652,BIT,1
1770602033.926221,BIT,1
1770602033.926221,BIT,0
1770602033.926221,BIT,1
1770602033.926221,BIT,1
1770602033.926221,BIT,0
1770602033.926221,BIT,0
1770602033.926221,BIT,1
1770602033.926221,BIT,0
1770602033.926221,BIT,0
1770602033.926221,BIT,1
1770602034.1133018,BIT,0
1770602034.1133018,BIT,1
1770602034.1133018,BIT,1
1770602034.1133018,BIT,0
1770602034.1133018,BIT,0
1770602034.1133018,BIT,0
1770602034.1133018,BIT,1
1770602034.1133018,BIT,1
1770602034.1133018,BIT,1
1770602034.1133018,BIT,1
1770602034.3100922,BIT,1
1770602034.3100922,BIT,0
1770602034.3100922,BIT,0
1770602034.3100922,BIT,1
1770602034.3100922,BIT,1
1770602034.3100922,BIT,1
1770602034.3100922,BIT,1
1770602034.3100922,BIT,1
1770602034.3100922,BIT,0
1770602034.3100922,BIT,1
1770602034.486573,BIT,0
1770602034.486573,BIT,0
1770602034.486573,BIT,1
1770602034.486573,BIT,0
1770602034.486573,BIT,0
1770602034.486573,BIT,1
1770602034.486573,BIT,0
1770602034.486573,BIT,1
1770602034.486573,BIT,1
1770602034.486573,BIT,0
1770602034.6774144,BIT,0
1770602034.6774144,BIT,0
1770602034.6774144,BIT,1
1770602034.6774144,BIT,1
1770602034.6774144,BIT,1
1770602034.6774144,BIT,1
1770602034.6774144,BIT,0
1770602034.6774144,BIT,1
1770602034.6774144,BIT,0
1770602034.6774144,BIT,1
1770602034.8564937,BIT,1
1770602034.8564937,BIT,1
1770602034.8564937,BIT,0
1770602034.8564937,BIT,0
1770602034.8564937,BIT,0
1770602034.8564937,BIT,1
1770602034.8564937,BIT,1
1770602034.8564937,BIT,0
1770602034.8564937,BIT,1
1770602034.8564937,BIT,0
1770602035.031153,BIT,0
1770602035.031153,BIT,0
1770602035.031153,BIT,0
1770602035.031153,BIT,1
1770602035.031153,BIT,1
1770602035.031153,BIT,1
1770602035.031153,BIT,1
1770602035.031153,BIT,1
1770602035.031153,BIT,1
1770602035.031153,BIT,0
1770602035.2168067,BIT,1
1770602035.2168067,BIT,0
1770602035.2168067,BIT,0
1770602035.2168067,BIT,1
1770602035.2168067,BIT,0
1770602035.2168067,BIT,0
1770602035.2168067,BIT,0
1770602035.2168067,BIT,0
1770602035.2168067,BIT,1
1770602035.2168067,BIT,0
1770602035.4007714,BIT,1
1770602035.4007714,BIT,1
1770602035.4007714,BIT,0
1770602035.4007714,BIT,1
1770602035.4007714,BIT,1
1770602035.4007714,BIT,1
1770602035.4007714,BIT,1
1770602035.4007714,BIT,1
1770602035.4007714,BIT,0
1770602035.4007714,BIT,0
1770602035.5678875,BIT,0
1770602035.5678875,BIT,1
1770602035.5678875,BIT,1
1770602035.5678875,BIT,0
1770602035.5678875,BIT,0
1770602035.5678875,BIT,0
1770602035.5678875,BIT,0
1770602035.5678875,BIT,1
1770602035.5678875,BIT,1
1770602035.5678875,BIT,0
1770602035.7510555,BIT,0
1770602035.7510555,BIT,1
1770602035.7510555,BIT,0
1770602035.7510555,BIT,1
1770602035.7510555,BIT,1
1770602035.7510555,BIT,1
1770602035.7510555,BIT,1
1770602035.7510555,BIT,0
1770602035.7510555,BIT,0
1770602035.7510555,BIT,1
1770602035.936185,BIT,0
1770602035.936185,BIT,0
1770602035.936185,BIT,1
1770602035.936185,BIT,0
1770602035.936185,BIT,1
1770602035.936185,BIT,1
1770602035.936185,BIT,1
1770602035.936185,BIT,1
1770602035.936185,BIT,1
1770602035.936185,BIT,0
1770602036.109888,BIT,1
1770602036.109888,BIT,1
1770602036.109888,BIT,0
1770602036.109888,BIT,0
1770602036.109888,BIT,1
1770602036.109888,BIT,0
1770602036.109888,BIT,0
1770602036.109888,BIT,0
1770602036.109888,BIT,0
1770602036.109888,BIT,0
1770602036.2958279,BIT,1
1770602036.2958279,BIT,1
1770602036.2958279,BIT,1
1770602036.2958279,BIT,0
1770602036.2958279,BIT,1
1770602036.2958279,BIT,1
1770602036.2958279,BIT,1
1770602036.2958279,BIT,0
1770602036.2958279,BIT,0
1770602036.2958279,BIT,0
1770602036.4723487,BIT,1
1770602036.4723487,BIT,1
1770602036.4723487,BIT,1
1770602036.4723487,BIT,0
1770602036.4723487,BIT,1
1770602036.4723487,BIT,1
1770602036.4723487,BIT,1
1770602036.4723487,BIT,1
1770602036.4723487,BIT,0
1770602036.4723487,BIT,1
1770602036.65508,BIT,0
1770602036.65508,BIT,0
1770602036.65508,BIT,0
1770602036.65508,BIT,1
1770602036.65508,BIT,1
1770602036.65508,BIT,0
1770602036.65508,BIT,1
1770602036.65508,BIT,1
1770602036.65508,BIT,1
1770602036.65508,BIT,0
1770602036.8340409,BIT,1
1770602036.8340409,BIT,1
1770602036.8340409,BIT,0
1770602036.8340409,BIT,0
1770602036.8340409,BIT,0
1770602036.8340409,BIT,0
1770602036.8340409,BIT,1
1770602036.8340409,BIT,0
1770602036.8340409,BIT,0
1770602036.8340409,BIT,1
1770602037.0156875,BIT,0
1770602037.0156875,BIT,1
1770602037.0156875,BIT,0
1770602037.0156875,BIT,1
1770602037.0156875,BIT,1
1770602037.0156875,BIT,0
1770602037.0156875,BIT,1
1770602037.0156875,BIT,0
1770602037.0156875,BIT,1
1770602037.0156875,BIT,1
1770602037.199919,BIT,0
1770602037.199919,BIT,0
1770602037.199919,BIT,0
1770602037.199919,BIT,0
1770602037.199919,BIT,1
1770602037.199919,BIT,0
1770602037.199919,BIT,1
1770602037.199919,BIT,0
1770602037.199919,BIT,0
1770602037.199919,BIT,1
1770602037.4176629,BIT,1
1770602037.4176629,BIT,0
1770602037.4176629,BIT,0
1770602037.4176629,BIT,0
1770602037.4176629,BIT,1
1770602037.4176629,BIT,0
1770602037.4176629,BIT,1
1770602037.4176629,BIT,0
1770602037.4176629,BIT,0
1770602037.4176629,BIT,1
1770602037.6130433,BIT,1
1770602037.6130433,BIT,0
1770602037.6130433,BIT,0
1770602037.6130433,BIT,0
1770602037.6130433,BIT,1
1770602037.6130433,BIT,0
1770602037.6130433,BIT,1
1770602037.6130433,BIT,1
1770602037.6130433,BIT,0
1770602037.6130433,BIT,1
1770602037.8127995,BIT,0
1770602037.8127995,BIT,0
1770602037.8127995,BIT,1
1770602037.8127995,BIT,0
1770602037.8127995,BIT,0
1770602037.8127995,BIT,0
1770602037.8127995,BIT,0
1770602037.8127995,BIT,0
1770602037.8127995,BIT,0
1770602037.8127995,BIT,0
1770602037.9955218,BIT,1
1770602037.9955218,BIT,0
1770602037.9955218,BIT,0
1770602037.9955218,BIT,0
1770602037.9955218,BIT,1
1770602037.9955218,BIT,0
1770602037.9955218,BIT,1
1770602037.9955218,BIT,1
1770602037.9955218,BIT,0
1770602037.9955218,BIT,0
1770602038.1919086,BIT,0
1770602038.1919086,BIT,1
1770602038.1919086,BIT,1
1770602038.1919086,BIT,1
1770602038.1919086,BIT,1
1770602038.1919086,BIT,0
1770602038.1919086,BIT,0
1770602038.1919086,BIT,1
1770602038.1919086,BIT,1
1770602038.1919086,BIT,1
1770602038.3828573,BIT,0
1770602038.3828573,BIT,1
1770602038.3828573,BIT,0
1770602038.3828573,BIT,1
1770602038.3828573,BIT,0
1770602038.3828573,BIT,1
1770602038.3828573,BIT,1
1770602038.3828573,BIT,1
1770602038.3828573,BIT,0
1770602038.3828573,BIT,0
1770602038.547368,BIT,1
1770602038.547368,BIT,0
1770602038.547368,BIT,1
1770602038.547368,BIT,0
1770602038.547368,BIT,1
1770602038.547368,BIT,0
1770602038.547368,BIT,1
1770602038.547368,BIT,1
1770602038.547368,BIT,1
1770602038.547368,BIT,0
1770602038.734087,BIT,0
1770602038.734087,BIT,0
1770602038.734087,BIT,1
1770602038.734087,BIT,0
1770602038.734087,BIT,1
1770602038.734087,BIT,1
1770602038.734087,BIT,0
1770602038.734087,BIT,1
1770602038.734087,BIT,0
1770602038.734087,BIT,1
1770602038.9344563,BIT,0
1770602038.9344563,BIT,1
1770602038.9344563,BIT,1
1770602038.9344563,BIT,0
1770602038.9344563,BIT,0
1770602038.9344563,BIT,0
1770602038.9344563,BIT,1
1770602038.9344563,BIT,1
1770602038.9344563,BIT,1
1770602038.9344563,BIT,0
1770602039.1131654,BIT,0
1770602039.1131654,BIT,1
1770602039.1131654,BIT,1
1770602039.1131654,BIT,0
1770602039.1131654,BIT,1
1770602039.1131654,BIT,1
1770602039.1131654,BIT,1
1770602039.1131654,BIT,1
1770602039.1131654,BIT,1
1770602039.1131654,BIT,1
1770602039.2955008,BIT,1
1770602039.2955008,BIT,0
1770602039.2955008,BIT,1
1770602039.2955008,BIT,1
1770602039.2955008,BIT,1
1770602039.2955008,BIT,1
1770602039.2955008,BIT,0
1770602039.2955008,BIT,1
1770602039.2955008,BIT,1
1770602039.2955008,BIT,0
1770602039.5771816,BIT,1
1770602039.5771816,BIT,0
1770602039.5771816,BIT,0
1770602039.5771816,BIT,0
1770602039.5771816,BIT,1
1770602039.5771816,BIT,0
1770602039.5771816,BIT,1
1770602039.5771816,BIT,1
1770602039.5771816,BIT,1
1770602039.5771816,BIT,0
1770602040.0749466,BIT,1
1770602040.0749466,BIT,1
1770602040.0749466,BIT,1
1770602040.0749466,BIT,0
1770602040.0749466,BIT,1
1770602040.0749466,BIT,1
1770602040.0749466,BIT,1
1770602040.0749466,BIT,0
1770602040.0749466,BIT,1
1770602040.0749466,BIT,1
1770602040.4104736,BIT,0
1770602040.4104736,BIT,0
1770602040.4104736,BIT,0
1770602040.4104736,BIT,1
1770602040.4104736,BIT,0
1770602040.4104736,BIT,1
1770602040.4104736,BIT,0
1770602040.4104736,BIT,1
1770602040.4104736,BIT,0
1770602040.4104736,BIT,1
1770602040.8127744,BIT,0
1770602040.8127744,BIT,0
1770602040.8127744,BIT,0
1770602040.8127744,BIT,0
1770602040.8127744,BIT,0
1770602040.8127744,BIT,0
1770602040.8127744,BIT,0
1770602040.8127744,BIT,1
1770602040.8127744,BIT,0
1770602040.8127744,BIT,1
1770602041.2074676,BIT,0
1770602041.2074676,BIT,1
1770602041.2074676,BIT,0
1770602041.2074676,BIT,0
1770602041.2074676,BIT,0
1770602041.2074676,BIT,1
1770602041.2074676,BIT,1
1770602041.2074676,BIT,1
1770602041.2074676,BIT,0
1770602041.2074676,BIT,1
1770602041.5297413,BIT,1
1770602041.5297413,BIT,1
1770602041.5297413,BIT,0
1770602041.5297413,BIT,1
1770602041.5297413,BIT,1
1770602041.5297413,BIT,0
1770602041.5297413,BIT,0
1770602041.5297413,BIT,1
1770602041.5297413,BIT,1
1770602041.5297413,BIT,1
1770602041.832987,BIT,1
1770602041.832987,BIT,1
1770602041.832987,BIT,1
1770602041.832987,BIT,0
1770602041.832987,BIT,1
1770602041.832987,BIT,1
1770602041.832987,BIT,1
1770602041.832987,BIT,0
1770602041.832987,BIT,1
1770602041.832987,BIT,0
1770602042.1168993,BIT,1
1770602042.1168993,BIT,0
1770602042.1168993,BIT,1
1770602042.1168993,BIT,1
1770602042.1168993,BIT,0
1770602042.1168993,BIT,1
1770602042.1168993,BIT,0
1770602042.1168993,BIT,1
1770602042.1168993,BIT,1
1770602042.1168993,BIT,0
1770602042.4071746,BIT,0
1770602042.4071746,BIT,0
1770602042.4071746,BIT,0
1770602042.4071746,BIT,0
1770602042.4071746,BIT,1
1770602042.4071746,BIT,0
1770602042.4071746,BIT,0
1770602042.4071746,BIT,0
1770602042.4071746,BIT,0
1770602042.4071746,BIT,1
1770602042.6707473,BIT,0
1770602042.6707473,BIT,1
1770602042.6707473,BIT,1
1770602042.6707473,BIT,1
1770602042.6707473,BIT,1
1770602042.6707473,BIT,0
1770602042.6707473,BIT,1
1770602042.6707473,BIT,0
1770602042.6707473,BIT,0
1770602042.6707473,BIT,1
1770602042.956103,BIT,0
1770602042.956103,BIT,0
1770602042.956103,BIT,1
1770602042.956103,BIT,0
1770602042.956103,BIT,0
1770602042.956103,BIT,0
1770602042.956103,BIT,1
1770602042.956103,BIT,0
1770602042.956103,BIT,1
1770602042.956103,BIT,0
1770602043.217942,BIT,0
1770602043.217942,BIT,0
1770602043.217942,BIT,1
1770602043.217942,BIT,0
1770602043.217942,BIT,1
1770602043.217942,BIT,0
1770602043.217942,BIT,1
1770602043.217942,BIT,0
1770602043.217942,BIT,1
1770602043.217942,BIT,0
1770602043.4996195,BIT,1
1770602043.4996195,BIT,0
1770602043.4996195,BIT,1
1770602043.4996195,BIT,0
1770602043.4996195,BIT,0
1770602043.4996195,BIT,0
1770602043.4996195,BIT,0
1770602043.4996195,BIT,0
1770602043.4996195,BIT,1
1770602043.4996195,BIT,0
1770602043.759072,BIT,1
1770602043.759072,BIT,1
1770602043.759072,BIT,0
1770602043.759072,BIT,0
1770602043.759072,BIT,0
1770602043.759072,BIT,0
1770602043.759072,BIT,0
1770602043.759072,BIT,0
1770602043.759072,BIT,1
1770602043.759072,BIT,1
1770602043.9772515,BIT,1
1770602043.9772515,BIT,1
1770602043.9772515,BIT,1
1770602043.9772515,BIT,1
1770602043.9772515,BIT,1
1770602043.9772515,BIT,1
1770602043.9772515,BIT,0
1770602043.9772515,BIT,1
1770602043.9772515,BIT,1
1770602043.9772515,BIT,0
1770602044.1704564,BIT,1
1770602044.1704564,BIT,0
1770602044.1704564,BIT,1
1770602044.1704564,BIT,1
1770602044.1704564,BIT,0
1770602044.1704564,BIT,1
1770602044.1704564,BIT,1
1770602044.1704564,BIT,1
1770602044.1704564,BIT,0
1770602044.1704564,BIT,0
1770602044.3783815,BIT,1
1770602044.3783815,BIT,0
1770602044.3783815,BIT,1
1770602044.3783815,BIT,1
1770602044.3783815,BIT,1
1770602044.3783815,BIT,1
1770602044.3783815,BIT,1
1770602044.3783815,BIT,0
1770602044.3783815,BIT,0
1770602044.3783815,BIT,1
1770602044.557202,BIT,0
1770602044.557202,BIT,0
1770602044.557202,BIT,0
1770602044.557202,BIT,1
1770602044.557202,BIT,0
1770602044.557202,BIT,1
1770602044.557202,BIT,1
1770602044.557202,BIT,0
1770602044.557202,BIT,1
1770602044.557202,BIT,0
1770602044.7389426,BIT,0
1770602044.7389426,BIT,0
1770602044.7389426,BIT,0
1770602044.7389426,BIT,0
1770602044.7389426,BIT,1
1770602044.7389426,BIT,0
1770602044.7389426,BIT,1
1770602044.7389426,BIT,1
1770602044.7389426,BIT,0
1770602044.7389426,BIT,1
1770602044.9367964,BIT,1
1770602044.9367964,BIT,0
1770602044.9367964,BIT,1
1770602044.9367964,BIT,0
1770602044.9367964,BIT,1
1770602044.9367964,BIT,0
1770602044.9367964,BIT,0
1770602044.9367964,BIT,0
1770602044.9367964,BIT,1
1770602044.9367964,BIT,0
1770602045.106615,BIT,0
1770602045.106615,BIT,1
1770602045.106615,BIT,1
1770602045.106615,BIT,0
1770602045.106615,BIT,1
1770602045.106615,BIT,0
1770602045.106615,BIT,1
1770602045.106615,BIT,1
1770602045.106615,BIT,0
1770602045.106615,BIT,1
1770602045.2994053,BIT,0
1770602045.2994053,BIT,1
1770602045.2994053,BIT,1
1770602045.2994053,BIT,0
1770602045.2994053,BIT,1
1770602045.2994053,BIT,1
1770602045.2994053,BIT,0
1770602045.2994053,BIT,1
1770602045.2994053,BIT,1
1770602045.2994053,BIT,1
1770602045.4825652,BIT,1
1770602045.4825652,BIT,0
1770602045.4825652,BIT,1
1770602045.4825652,BIT,1
1770602045.4825652,BIT,1
1770602045.4825652,BIT,1
1770602045.4825652,BIT,1
1770602045.4825652,BIT,0
1770602045.4825652,BIT,1
1770602045.4825652,BIT,1
1770602045.6595027,BIT,1
1770602045.6595027,BIT,1
1770602045.6595027,BIT,0
1770602045.6595027,BIT,1
1770602045.6595027,BIT,0
1770602045.6595027,BIT,1
1770602045.6595027,BIT,0
1770602045.6595027,BIT,0
1770602045.6595027,BIT,0
1770602045.6595027,BIT,0
1770602045.8526726,BIT,1
1770602045.8526726,BIT,1
1770602045.8526726,BIT,1
1770602045.8526726,BIT,1
1770602045.8526726,BIT,0
1770602045.8526726,BIT,1
1770602045.8526726,BIT,0
1770602045.8526726,BIT,0
1770602045.8526726,BIT,0
1770602045.8526726,BIT,1
1770602046.0428379,BIT,0
1770602046.0428379,BIT,1
1770602046.0428379,BIT,1
1770602046.0428379,BIT,0
1770602046.0428379,BIT,1
1770602046.0428379,BIT,1
1770602046.0428379,BIT,0
1770602046.0428379,BIT,1
1770602046.0428379,BIT,0
1770602046.0428379,BIT,0
1770602046.2288873,BIT,1
1770602046.2288873,BIT,0
1770602046.2288873,BIT,0
1770602046.2288873,BIT,1
1770602046.2288873,BIT,1
1770602046.2288873,BIT,1
1770602046.2288873,BIT,1
1770602046.2288873,BIT,1
1770602046.2288873,BIT,0
1770602046.2288873,BIT,1
1770602046.47142,BIT,0
1770602046.47142,BIT,1
1770602046.47142,BIT,0
1770602046.47142,BIT,0
1770602046.47142,BIT,1
1770602046.47142,BIT,1
1770602046.47142,BIT,0
1770602046.47142,BIT,1
1770602046.47142,BIT,0
1770602046.47142,BIT,1
1770602046.6768122,BIT,0
1770602046.6768122,BIT,1
1770602046.6768122,BIT,1
1770602046.6768122,BIT,0
1770602046.6768122,BIT,0
1770602046.6768122,BIT,0
1770602046.6768122,BIT,1
1770602046.6768122,BIT,1
1770602046.6768122,BIT,1
1770602046.6768122,BIT,1
1770602046.8774493,BIT,1
1770602046.8774493,BIT,1
1770602046.8774493,BIT,1
1770602046.8774493,BIT,1
1770602046.8774493,BIT,1
1770602046.8774493,BIT,1
1770602046.8774493,BIT,0
1770602046.8774493,BIT,0
1770602046.8774493,BIT,0
1770602046.8774493,BIT,0
1770602047.088695,BIT,0
1770602047.088695,BIT,1
1770602047.088695,BIT,0
1770602047.088695,BIT,0
1770602047.088695,BIT,0
1770602047.088695,BIT,0
1770602047.088695,BIT,0
1770602047.088695,BIT,0
1770602047.088695,BIT,0
1770602047.088695,BIT,0
1770602047.2893667,BIT,0
1770602047.2893667,BIT,0
1770602047.2893667,BIT,0
1770602047.2893667,BIT,1
1770602047.2893667,BIT,0
1770602047.2893667,BIT,1
1770602047.2893667,BIT,0
1770602047.2893667,BIT,0
1770602047.2893667,BIT,1
1770602047.2893667,BIT,0
1770602047.4909635,BIT,1
1770602047.4909635,BIT,0
1770602047.4909635,BIT,1
1770602047.4909635,BIT,1
1770602047.4909635,BIT,1
1770602047.4909635,BIT,0
1770602047.4909635,BIT,0
1770602047.4909635,BIT,1
1770602047.4909635,BIT,0
1770602047.4909635,BIT,0
1770602047.700036,BIT,0
1770602047.700036,BIT,0
1770602047.700036,BIT,1
1770602047.700036,BIT,0
1770602047.700036,BIT,1
1770602047.700036,BIT,1
1770602047.700036,BIT,0
1770602047.700036,BIT,1
1770602047.700036,BIT,1
1770602047.700036,BIT,1
1770602047.9064615,BIT,1
1770602047.9064615,BIT,1
1770602047.9064615,BIT,0
1770602047.9064615,BIT,1
1770602047.9064615,BIT,0
1770602047.9064615,BIT,0
1770602047.9064615,BIT,1
1770602047.9064615,BIT,1
1770602047.9064615,BIT,1
1770602047.9064615,BIT,0
1770602048.0820973,BIT,0
1770602048.0820973,BIT,1
1770602048.0820973,BIT,1
1770602048.0820973,BIT,0
1770602048.0820973,BIT,0
1770602048.0820973,BIT,1
1770602048.0820973,BIT,0
1770602048.0820973,BIT,1
1770602048.0820973,BIT,0
1770602048.0820973,BIT,1
1770602048.2566142,BIT,1
1770602048.2566142,BIT,0
1770602048.2566142,BIT,1
1770602048.2566142,BIT,0
1770602048.2566142,BIT,0
1770602048.2566142,BIT,1
1770602048.2566142,BIT,0
1770602048.2566142,BIT,1
1770602048.2566142,BIT,1
1770602048.2566142,BIT,1
1770602048.4328136,BIT,1
1770602048.4328136,BIT,0
1770602048.4328136,BIT,1
1770602048.4328136,BIT,0
1770602048.4328136,BIT,1
1770602048.4328136,BIT,0
1770602048.4328136,BIT,0
1770602048.4328136,BIT,1
1770602048.4328136,BIT,0
1770602048.4328136,BIT,0
1770602048.6007004,BIT,0
1770602048.6007004,BIT,1
1770602048.6007004,BIT,0
1770602048.6007004,BIT,1
1770602048.6007004,BIT,0
1770602048.6007004,BIT,0
1770602048.6007004,BIT,1
1770602048.6007004,BIT,0
1770602048.6007004,BIT,1
1770602048.6007004,BIT,0
1770602048.7964408,BIT,1
1770602048.7964408,BIT,1
1770602048.7964408,BIT,1
1770602048.7964408,BIT,1
1770602048.7964408,BIT,1
1770602048.7964408,BIT,1
1770602048.7964408,BIT,0
1770602048.7964408,BIT,1
1770602048.7964408,BIT,1
1770602048.7964408,BIT,1
1770602048.9711273,BIT,0
1770602048.9711273,BIT,0
1770602048.9711273,BIT,1
1770602048.9711273,BIT,0
1770602048.9711273,BIT,1
1770602048.9711273,BIT,0
1770602048.9711273,BIT,0
1770602048.9711273,BIT,1
1770602048.9711273,BIT,0
1770602048.9711273,BIT,1
1770602049.1536205,BIT,1
1770602049.1536205,BIT,1
1770602049.1536205,BIT,0
1770602049.1536205,BIT,0
1770602049.1536205,BIT,1
1770602049.1536205,BIT,1
1770602049.1536205,BIT,0
1770602049.1536205,BIT,1
1770602049.1536205,BIT,1
1770602049.1536205,BIT,1
1770602049.336067,BIT,0
1770602049.336067,BIT,0
1770602049.336067,BIT,0
1770602049.336067,BIT,0
1770602049.336067,BIT,1
1770602049.336067,BIT,0
1770602049.336067,BIT,0
1770602049.336067,BIT,0
1770602049.336067,BIT,0
1770602049.336067,BIT,1
1770602049.5181675,BIT,1
1770602049.5181675,BIT,0
1770602049.5181675,BIT,0
1770602049.5181675,BIT,0
1770602049.5181675,BIT,0
1770602049.5181675,BIT,1
1770602049.5181675,BIT,0
1770602049.5181675,BIT,1
1770602049.5181675,BIT,1
1770602049.5181675,BIT,1
1770602049.6915345,BIT,1
1770602049.6915345,BIT,0
1770602049.6915345,BIT,0
1770602049.6915345,BIT,0
1770602049.6915345,BIT,1
1770602049.6915345,BIT,0
1770602049.6915345,BIT,1
1770602049.6915345,BIT,0
1770602049.6915345,BIT,0
1770602049.6915345,BIT,0
1770602049.871975,BIT,0
1770602049.871975,BIT,0
1770602049.871975,BIT,0
1770602049.871975,BIT,0
1770602049.871975,BIT,0
1770602049.871975,BIT,0
1770602049.871975,BIT,1
1770602049.871975,BIT,0
1770602049.871975,BIT,1
1770602049.871975,BIT,1
1770602050.0637212,BIT,0
1770602050.0637212,BIT,1
1770602050.0637212,BIT,0
1770602050.0637212,BIT,1
1770602050.0637212,BIT,1
1770602050.0637212,BIT,1
1770602050.0637212,BIT,1
1770602050.0637212,BIT,0
1770602050.0637212,BIT,0
1770602050.0637212,BIT,0
1770602050.2859814,BIT,0
1770602050.2859814,BIT,0
1770602050.2859814,BIT,1
1770602050.2859814,BIT,0
1770602050.2859814,BIT,1
1770602050.2859814,BIT,1
1770602050.2859814,BIT,1
1770602050.2859814,BIT,0
1770602050.2859814,BIT,0
1770602050.2859814,BIT,1
1770602050.5394754,BIT,1
1770602050.5394754,BIT,1
1770602050.5394754,BIT,1
1770602050.5394754,BIT,1
1770602050.5394754,BIT,1
1770602050.5394754,BIT,1
1770602050.5394754,BIT,0
1770602050.5394754,BIT,1
1770602050.5394754,BIT,1
1770602050.5394754,BIT,1
1770602050.7613046,BIT,0
1770602050.7613046,BIT,1
1770602050.7613046,BIT,1
1770602050.7613046,BIT,0
1770602050.7613046,BIT,1
1770602050.7613046,BIT,1
1770602050.7613046,BIT,1
1770602050.7613046,BIT,1
1770602050.7613046,BIT,1
1770602050.7613046,BIT,1
1770602050.973606,BIT,1
1770602050.973606,BIT,1
1770602050.973606,BIT,0
1770602050.973606,BIT,1
1770602050.973606,BIT,1
1770602050.973606,BIT,1
1770602050.973606,BIT,0
1770602050.973606,BIT,1
1770602050.973606,BIT,0
1770602050.973606,BIT,1
1770602051.1642265,BIT,1
1770602051.1642265,BIT,1
1770602051.1642265,BIT,0
1770602051.1642265,BIT,1
1770602051.1642265,BIT,1
1770602051.1642265,BIT,1
1770602051.1642265,BIT,1
1770602051.1642265,BIT,1
1770602051.1642265,BIT,0
1770602051.1642265,BIT,1
1770602051.3753285,BIT,1
1770602051.3753285,BIT,1
1770602051.3753285,BIT,0
1770602051.3753285,BIT,1
1770602051.3753285,BIT,1
1770602051.3753285,BIT,1
1770602051.3753285,BIT,1
1770602051.3753285,BIT,1
1770602051.3753285,BIT,0
1770602051.3753285,BIT,0
1770602051.5611286,BIT,1
1770602051.5611286,BIT,1
1770602051.5611286,BIT,1
1770602051.5611286,BIT,1
1770602051.5611286,BIT,1
1770602051.5611286,BIT,1
1770602051.5611286,BIT,1
1770602051.5611286,BIT,0
1770602051.5611286,BIT,1
1770602051.5611286,BIT,0
1770602051.7483082,BIT,1
1770602051.7483082,BIT,0
1770602051.7483082,BIT,0
1770602051.7483082,BIT,1
1770602051.7483082,BIT,0
1770602051.7483082,BIT,1
1770602051.7483082,BIT,0
1770602051.7483082,BIT,0
1770602051.7483082,BIT,0
1770602051.7483082,BIT,1
1770602051.952214,BIT,0
1770602051.952214,BIT,0
1770602051.952214,BIT,0
1770602051.952214,BIT,0
1770602051.952214,BIT,0
1770602051.952214,BIT,1
1770602051.952214,BIT,0
1770602051.952214,BIT,0
1770602051.952214,BIT,1
1770602051.952214,BIT,0
1770602052.1456857,BIT,0
1770602052.1456857,BIT,0
1770602052.1456857,BIT,0
1770602052.1456857,BIT,1
1770602052.1456857,BIT,1
1770602052.1456857,BIT,1
1770602052.1456857,BIT,1
1770602052.1456857,BIT,1
1770602052.1456857,BIT,1
1770602052.1456857,BIT,1
1770602052.3366163,BIT,0
1770602052.3366163,BIT,0
1770602052.3366163,BIT,1
1770602052.3366163,BIT,0
1770602052.3366163,BIT,0
1770602052.3366163,BIT,0
1770602052.3366163,BIT,0
1770602052.3366163,BIT,1
1770602052.3366163,BIT,0
1770602052.3366163,BIT,0
1770602052.5195587,BIT,1
1770602052.5195587,BIT,1
1770602052.5195587,BIT,0
1770602052.5195587,BIT,0
1770602052.5195587,BIT,1
1770602052.5195587,BIT,1
1770602052.5195587,BIT,1
1770602052.5195587,BIT,1
1770602052.5195587,BIT,1
1770602052.5195587,BIT,0
1770602052.7118409,BIT,1
1770602052.7118409,BIT,0
1770602052.7118409,BIT,1
1770602052.7118409,BIT,1
1770602052.7118409,BIT,1
1770602052.7118409,BIT,0
1770602052.7118409,BIT,0
1770602052.7118409,BIT,0
1770602052.7118409,BIT,0
1770602052.7118409,BIT,0
1770602053.0506663,BIT,1
1770602053.0506663,BIT,1
1770602053.0506663,BIT,1
1770602053.0506663,BIT,1
1770602053.0506663,BIT,1
1770602053.0506663,BIT,1
1770602053.0506663,BIT,1
1770602053.0506663,BIT,0
1770602053.0506663,BIT,0
1770602053.0506663,BIT,0
1770602053.4565644,BIT,0
1770602053.4565644,BIT,1
1770602053.4565644,BIT,0
1770602053.4565644,BIT,1
1770602053.4565644,BIT,1
1770602053.4565644,BIT,0
1770602053.4565644,BIT,0
1770602053.4565644,BIT,1
1770602053.4565644,BIT,0
1770602053.4565644,BIT,0
1770602053.786509,BIT,1
1770602053.786509,BIT,1
1770602053.786509,BIT,0
1770602053.786509,BIT,0
1770602053.786509,BIT,0
1770602053.786509,BIT,0
1770602053.786509,BIT,0
1770602053.786509,BIT,1
1770602053.786509,BIT,0
1770602053.786509,BIT,0
1770602054.0970793,BIT,1
1770602054.0970793,BIT,1
1770602054.0970793,BIT,0
1770602054.0970793,BIT,1
1770602054.0970793,BIT,1
1770602054.0970793,BIT,1
1770602054.0970793,BIT,1
1770602054.0970793,BIT,1
1770602054.0970793,BIT,0
1770602054.0970793,BIT,0
1770602054.4587984,BIT,0
1770602054.4587984,BIT,0
1770602054.4587984,BIT,1
1770602054.4587984,BIT,0
1770602054.4587984,BIT,0
1770602054.4587984,BIT,1
1770602054.4587984,BIT,1
1770602054.4587984,BIT,1
1770602054.4587984,BIT,1
1770602054.4587984,BIT,1
1770602054.7574878,BIT,0
1770602054.7574878,BIT,1
1770602054.7574878,BIT,1
1770602054.7574878,BIT,1
1770602054.7574878,BIT,0
1770602054.7574878,BIT,1
1770602054.7574878,BIT,0
1770602054.7574878,BIT,1
1770602054.7574878,BIT,1
1770602054.7574878,BIT,1
1770602055.0373843,BIT,0
1770602055.0373843,BIT,0
1770602055.0373843,BIT,0
1770602055.0373843,BIT,0
1770602055.0373843,BIT,1
1770602055.0373843,BIT,0
1770602055.0373843,BIT,1
1770602055.0373843,BIT,1
1770602055.0373843,BIT,0
1770602055.0373843,BIT,0
1770602055.3062024,BIT,1
1770602055.3062024,BIT,0
1770602055.3062024,BIT,1
1770602055.3062024,BIT,0
1770602055.3062024,BIT,1
1770602055.3062024,BIT,1
1770602055.3062024,BIT,1
1770602055.3062024,BIT,0
1770602055.3062024,BIT,0
1770602055.3062024,BIT,0
1770602055.5525184,BIT,1
1770602055.5525184,BIT,1
1770602055.5525184,BIT,1
1770602055.5525184,BIT,1
1770602055.5525184,BIT,0
1770602055.5525184,BIT,1
1770602055.5525184,BIT,1
1770602055.5525184,BIT,0
1770602055.5525184,BIT,1
1770602055.5525184,BIT,1
1770602055.815633,BIT,1
1770602055.815633,BIT,1
1770602055.815633,BIT,1
1770602055.815633,BIT,0
1770602055.815633,BIT,1
1770602055.815633,BIT,0
1770602055.815633,BIT,0
1770602055.815633,BIT,0
1770602055.815633,BIT,1
1770602055.815633,BIT,1
1770602056.082577,BIT,0
1770602056.082577,BIT,0
1770602056.082577,BIT,0
1770602056.082577,BIT,0
1770602056.082577,BIT,0
1770602056.082577,BIT,1
1770602056.082577,BIT,1
1770602056.082577,BIT,1
1770602056.082577,BIT,1
1770602056.082577,BIT,0
1770602056.4128308,BIT,0
1770602056.4128308,BIT,1
1770602056.4128308,BIT,0
1770602056.4128308,BIT,0
1770602056.4128308,BIT,0
1770602056.4128308,BIT,1
1770602056.4128308,BIT,0
1770602056.4128308,BIT,0
1770602056.4128308,BIT,1
1770602056.4128308,BIT,1
1770602056.6363246,BIT,1
1770602056.6363246,BIT,0
1770602056.6363246,BIT,0
1770602056.6363246,BIT,1
1770602056.6363246,BIT,1
1770602056.6363246,BIT,1
1770602056.6363246,BIT,1
1770602056.6363246,BIT,1
1770602056.6363246,BIT,1
1770602056.6363246,BIT,0
1770602056.858583,BIT,0
1770602056.858583,BIT,1
1770602056.858583,BIT,0
1770602056.858583,BIT,1
1770602056.858583,BIT,1
1770602056.858583,BIT,1
1770602056.858583,BIT,1
1770602056.858583,BIT,1
1770602056.858583,BIT,1
1770602056.858583,BIT,0
1770602057.0542712,BIT,0
1770602057.0542712,BIT,1
1770602057.0542712,BIT,1
1770602057.0542712,BIT,1
1770602057.0542712,BIT,0
1770602057.0542712,BIT,1
1770602057.0542712,BIT,0
1770602057.0542712,BIT,1
1770602057.0542712,BIT,1
1770602057.0542712,BIT,0
1770602057.2525117,BIT,1
1770602057.2525117,BIT,1
1770602057.2525117,BIT,0
1770602057.2525117,BIT,0
1770602057.2525117,BIT,1
1770602057.2525117,BIT,0
1770602057.2525117,BIT,1
1770602057.2525117,BIT,0
1770602057.2525117,BIT,0
1770602057.2525117,BIT,1
1770602057.440514,BIT,1
1770602057.440514,BIT,0
1770602057.440514,BIT,0
1770602057.440514,BIT,1
1770602057.440514,BIT,0
1770602057.440514,BIT,1
1770602057.440514,BIT,0
1770602057.440514,BIT,1
1770602057.440514,BIT,1
1770602057.440514,BIT,1
1770602057.626212,BIT,0
1770602057.626212,BIT,1
1770602057.626212,BIT,1
1770602057.626212,BIT,0
1770602057.626212,BIT,1
1770602057.626212,BIT,0
1770602057.626212,BIT,0
1770602057.626212,BIT,0
1770602057.626212,BIT,0
1770602057.626212,BIT,1
1770602057.804498,BIT,0
1770602057.804498,BIT,1
1770602057.804498,BIT,1
1770602057.804498,BIT,1
1770602057.804498,BIT,1
1770602057.804498,BIT,0
1770602057.804498,BIT,0
1770602057.804498,BIT,0
1770602057.804498,BIT,0
1770602057.804498,BIT,1
1770602058.0017405,BIT,0
1770602058.0017405,BIT,0
1770602058.0017405,BIT,1
1770602058.0017405,BIT,0
1770602058.0017405,BIT,1
1770602058.0017405,BIT,1
1770602058.0017405,BIT,1
1770602058.0017405,BIT,1
1770602058.0017405,BIT,1
1770602058.0017405,BIT,0
1770602058.1853595,BIT,1
1770602058.1853595,BIT,0
1770602058.1853595,BIT,1
1770602058.1853595,BIT,1
1770602058.1853595,BIT,1
1770602058.1853595,BIT,0
1770602058.1853595,BIT,0
1770602058.1853595,BIT,1
1770602058.1853595,BIT,0
1770602058.1853595,BIT,1
1770602058.3774772,BIT,1
1770602058.3774772,BIT,0
1770602058.3774772,BIT,0
1770602058.3774772,BIT,0
1770602058.3774772,BIT,0
1770602058.3774772,BIT,0
1770602058.3774772,BIT,0
1770602058.3774772,BIT,0
1770602058.3774772,BIT,1
1770602058.3774772,BIT,1
1770602058.5447116,BIT,0
1770602058.5447116,BIT,0
1770602058.5447116,BIT,1
1770602058.5447116,BIT,0
1770602058.5447116,BIT,0
1770602058.5447116,BIT,0
1770602058.5447116,BIT,0
1770602058.5447116,BIT,1
1770602058.5447116,BIT,0
1770602058.5447116,BIT,0
1770602058.7253306,BIT,1
1770602058.7253306,BIT,1
1770602058.7253306,BIT,1
1770602058.7253306,BIT,0
1770602058.7253306,BIT,0
1770602058.7253306,BIT,1
1770602058.7253306,BIT,1
1770602058.7253306,BIT,0
1770602058.7253306,BIT,1
1770602058.7253306,BIT,1
1770602058.915506,BIT,1
1770602058.915506,BIT,0
1770602058.915506,BIT,0
1770602058.915506,BIT,0
1770602058.915506,BIT,1
1770602058.915506,BIT,0
1770602058.915506,BIT,0
1770602058.915506,BIT,0
1770602058.915506,BIT,0
1770602058.915506,BIT,1
1770602059.0899684,BIT,0
1770602059.0899684,BIT,0
1770602059.0899684,BIT,1
1770602059.0899684,BIT,1
1770602059.0899684,BIT,1
1770602059.0899684,BIT,0
1770602059.0899684,BIT,0
1770602059.0899684,BIT,1
1770602059.0899684,BIT,1
1770602059.0899684,BIT,0
1770602059.2625263,BIT,1
1770602059.2625263,BIT,0
1770602059.2625263,BIT,0
1770602059.2625263,BIT,1
1770602059.2625263,BIT,1
1770602059.2625263,BIT,1
1770602059.2625263,BIT,0
1770602059.2625263,BIT,1
1770602059.2625263,BIT,0
1770602059.2625263,BIT,0
1770602059.4443846,BIT,0
1770602059.4443846,BIT,1
1770602059.4443846,BIT,0
1770602059.4443846,BIT,0
1770602059.4443846,BIT,1
1770602059.4443846,BIT,0
1770602059.4443846,BIT,0
1770602059.4443846,BIT,0
1770602059.4443846,BIT,1
1770602059.4443846,BIT,1
1770602059.6148942,BIT,0
1770602059.6148942,BIT,0
1770602059.6148942,BIT,0
1770602059.6148942,BIT,0
1770602059.6148942,BIT,1
1770602059.6148942,BIT,0
1770602059.6148942,BIT,1
1770602059.6148942,BIT,1
1770602059.6148942,BIT,1
1770602059.6148942,BIT,1
1770602059.7969775,BIT,0
1770602059.7969775,BIT,0
1770602059.7969775,BIT,1
1770602059.7969775,BIT,1
1770602059.7969775,BIT,1
1770602059.7969775,BIT,0
1770602059.7969775,BIT,1
1770602059.7969775,BIT,0
1770602059.7969775,BIT,0
1770602059.7969775,BIT,1
1770602059.964381,BIT,0
1770602059.964381,BIT,1
1770602059.964381,BIT,0
1770602059.964381,BIT,0
1770602059.964381,BIT,1
1770602059.964381,BIT,1
1770602059.964381,BIT,1
1770602059.964381,BIT,0
1770602059.964381,BIT,1
1770602059.964381,BIT,1
1770602060.146296,BIT,0
1770602060.146296,BIT,1
1770602060.146296,BIT,0
1770602060.146296,BIT,1
1770602060.146296,BIT,1
1770602060.146296,BIT,1
1770602060.146296,BIT,0
1770602060.146296,BIT,0
1770602060.146296,BIT,1
1770602060.146296,BIT,1
1770602060.338976,BIT,0
1770602060.338976,BIT,1
1770602060.338976,BIT,1
1770602060.338976,BIT,0
1770602060.338976,BIT,0
1770602060.338976,BIT,1
1770602060.338976,BIT,1
1770602060.338976,BIT,1
1770602060.338976,BIT,1
1770602060.338976,BIT,1
1770602060.5194697,BIT,0
1770602060.5194697,BIT,0
1770602060.5194697,BIT,0
1770602060.5194697,BIT,0
1770602060.5194697,BIT,0
1770602060.5194697,BIT,0
1770602060.5194697,BIT,1
1770602060.5194697,BIT,1
1770602060.5194697,BIT,0
1770602060.5194697,BIT,1
1770602060.7010524,BIT,0
1770602060.7010524,BIT,1
1770602060.7010524,BIT,0
1770602060.7010524,BIT,1
1770602060.7010524,BIT,0
1770602060.7010524,BIT,1
1770602060.7010524,BIT,0
1770602060.7010524,BIT,1
1770602060.7010524,BIT,1
1770602060.7010524,BIT,1
1770602060.8917325,BIT,0
1770602060.8917325,BIT,1
1770602060.8917325,BIT,1
1770602060.8917325,BIT,1
1770602060.8917325,BIT,0
1770602060.8917325,BIT,0
1770602060.8917325,BIT,1
1770602060.8917325,BIT,1
1770602060.8917325,BIT,1
1770602060.8917325,BIT,0
1770602061.0903118,BIT,0
1770602061.0903118,BIT,1
1770602061.0903118,BIT,0
1770602061.0903118,BIT,1
1770602061.0903118,BIT,0
1770602061.0903118,BIT,0
1770602061.0903118,BIT,0
1770602061.0903118,BIT,1
1770602061.0903118,BIT,1
1770602061.0903118,BIT,0
1770602061.2603118,BIT,1
1770602061.2603118,BIT,1
1770602061.2603118,BIT,0
1770602061.2603118,BIT,1
1770602061.2603118,BIT,1
1770602061.2603118,BIT,1
1770602061.2603118,BIT,1
1770602061.2603118,BIT,0
1770602061.2603118,BIT,1
1770602061.2603118,BIT,0
1770602061.451353,BIT,1
1770602061.451353,BIT,1
1770602061.451353,BIT,1
1770602061.451353,BIT,1
1770602061.451353,BIT,1
1770602061.451353,BIT,1
1770602061.451353,BIT,1
1770602061.451353,BIT,0
1770602061.451353,BIT,0
1770602061.451353,BIT,0
1770602061.6390514,BIT,1
1770602061.6390514,BIT,1
1770602061.6390514,BIT,0
1770602061.6390514,BIT,0
1770602061.6390514,BIT,0
1770602061.6390514,BIT,1
1770602061.6390514,BIT,1
1770602061.6390514,BIT,1
1770602061.6390514,BIT,0
1770602061.6390514,BIT,0
1770602061.8427312,BIT,0
1770602061.8427312,BIT,1
1770602061.8427312,BIT,1
1770602061.8427312,BIT,1
1770602061.8427312,BIT,1
1770602061.8427312,BIT,0
1770602061.8427312,BIT,1
1770602061.8427312,BIT,1
1770602061.8427312,BIT,1
1770602061.8427312,BIT,0
1770602062.0212886,BIT,1
1770602062.0212886,BIT,0
1770602062.0212886,BIT,0
1770602062.0212886,BIT,0
1770602062.0212886,BIT,0
1770602062.0212886,BIT,0
1770602062.0212886,BIT,0
1770602062.0212886,BIT,0
1770602062.0212886,BIT,0
1770602062.0212886,BIT,1
1770602062.2095177,BIT,1
1770602062.2095177,BIT,0
1770602062.2095177,BIT,0
1770602062.2095177,BIT,1
1770602062.2095177,BIT,1
1770602062.2095177,BIT,0
1770602062.2095177,BIT,1
1770602062.2095177,BIT,1
1770602062.2095177,BIT,0
1770602062.2095177,BIT,1
1770602062.400401,BIT,1
1770602062.400401,BIT,0
1770602062.400401,BIT,1
1770602062.400401,BIT,1
1770602062.400401,BIT,0
1770602062.400401,BIT,0
1770602062.400401,BIT,0
1770602062.400401,BIT,0
1770602062.400401,BIT,1
1770602062.400401,BIT,1
1770602062.5852256,BIT,1
1770602062.5852256,BIT,0
1770602062.5852256,BIT,0
1770602062.5852256,BIT,0
1770602062.5852256,BIT,0
1770602062.5852256,BIT,1
1770602062.5852256,BIT,0
1770602062.5852256,BIT,1
1770602062.5852256,BIT,0
1770602062.5852256,BIT,1
1770602062.7800033,BIT,0
1770602062.7800033,BIT,0
1770602062.7800033,BIT,0
1770602062.7800033,BIT,0
1770602062.7800033,BIT,0
1770602062.7800033,BIT,0
1770602062.7800033,BIT,0
1770602062.7800033,BIT,1
1770602062.7800033,BIT,0
1770602062.7800033,BIT,1
1770602062.9813275,BIT,1
1770602062.9813275,BIT,0
1770602062.9813275,BIT,0
1770602062.9813275,BIT,1
1770602062.9813275,BIT,0
1770602062.9813275,BIT,1
1770602062.9813275,BIT,0
1770602062.9813275,BIT,1
1770602062.9813275,BIT,0
1770602062.9813275,BIT,0
1770602063.172633,BIT,1
1770602063.172633,BIT,1
1770602063.172633,BIT,1
1770602063.172633,BIT,0
1770602063.172633,BIT,0
1770602063.172633,BIT,0
1770602063.172633,BIT,1
1770602063.172633,BIT,1
1770602063.172633,BIT,0
1770602063.172633,BIT,0
1770602063.3678071,BIT,1
1770602063.3678071,BIT,1
1770602063.3678071,BIT,1
1770602063.3678071,BIT,1
1770602063.3678071,BIT,0
1770602063.3678071,BIT,1
1770602063.3678071,BIT,0
1770602063.3678071,BIT,0
1770602063.3678071,BIT,1
1770602063.3678071,BIT,1
1770602063.5626037,BIT,1
1770602063.5626037,BIT,0
1770602063.5626037,BIT,1
1770602063.5626037,BIT,1
1770602063.5626037,BIT,0
1770602063.5626037,BIT,0
1770602063.5626037,BIT,0
1770602063.5626037,BIT,1
1770602063.5626037,BIT,0
1770602063.5626037,BIT,0
1770602063.7551315,BIT,1
1770602063.7551315,BIT,0
1770602063.7551315,BIT,0
1770602063.7551315,BIT,1
1770602063.7551315,BIT,1
1770602063.7551315,BIT,1
1770602063.7551315,BIT,0
1770602063.7551315,BIT,0
1770602063.7551315,BIT,0
1770602063.7551315,BIT,1
1770602063.9934132,BIT,0
1770602063.9934132,BIT,0
1770602063.9934132,BIT,0
1770602063.9934132,BIT,0
1770602063.9934132,BIT,0
1770602063.9934132,BIT,1
1770602063.9934132,BIT,1
1770602063.9934132,BIT,1
1770602063.9934132,BIT,0
1770602063.9934132,BIT,1
1770602064.2301166,BIT,1
1770602064.2301166,BIT,1
1770602064.2301166,BIT,0
1770602064.2301166,BIT,1
1770602064.2301166,BIT,0
1770602064.2301166,BIT,1
1770602064.2301166,BIT,0
1770602064.2301166,BIT,0
1770602064.2301166,BIT,0
1770602064.2301166,BIT,1
1770602064.4646633,BIT,0
1770602064.4646633,BIT,0
1770602064.4646633,BIT,0
1770602064.4646633,BIT,1
1770602064.4646633,BIT,1
1770602064.4646633,BIT,0
1770602064.4646633,BIT,1
1770602064.4646633,BIT,1
1770602064.4646633,BIT,0
1770602064.4646633,BIT,1
1770602064.7265267,BIT,1
1770602064.7265267,BIT,1
1770602064.7265267,BIT,0
1770602064.7265267,BIT,0
1770602064.7265267,BIT,0
1770602064.7265267,BIT,0
1770602064.7265267,BIT,1
1770602064.7265267,BIT,0
1770602064.7265267,BIT,0
1770602064.7265267,BIT,1
1770602065.0155234,BIT,1
1770602065.0155234,BIT,0
1770602065.0155234,BIT,1
1770602065.0155234,BIT,1
1770602065.0155234,BIT,0
1770602065.0155234,BIT,1
1770602065.0155234,BIT,0
1770602065.0155234,BIT,1
1770602065.0155234,BIT,1
1770602065.0155234,BIT,0
1770602065.2766368,BIT,0
1770602065.2766368,BIT,0
1770602065.2766368,BIT,0
1770602065.2766368,BIT,0
1770602065.2766368,BIT,1
1770602065.2766368,BIT,1
1770602065.2766368,BIT,0
1770602065.2766368,BIT,1
1770602065.2766368,BIT,1
1770602065.2766368,BIT,1
1770602065.555291,BIT,0
1770602065.555291,BIT,0
1770602065.555291,BIT,1
1770602065.555291,BIT,1
1770602065.555291,BIT,0
1770602065.555291,BIT,1
1770602065.555291,BIT,0
1770602065.555291,BIT,0
1770602065.555291,BIT,0
1770602065.555291,BIT,1
1770602065.8832011,BIT,1
1770602065.8832011,BIT,0
1770602065.8832011,BIT,0
1770602065.8832011,BIT,0
1770602065.8832011,BIT,0
1770602065.8832011,BIT,0
1770602065.8832011,BIT,0
1770602065.8832011,BIT,0
1770602065.8832011,BIT,0
1770602065.8832011,BIT,1
1770602066.1158414,BIT,1
1770602066.1158414,BIT,0
1770602066.1158414,BIT,0
1770602066.1158414,BIT,1
1770602066.1158414,BIT,0
1770602066.1158414,BIT,1
1770602066.1158414,BIT,0
1770602066.1158414,BIT,1
1770602066.1158414,BIT,0
1770602066.1158414,BIT,1
1770602066.3429642,BIT,1
1770602066.3429642,BIT,0
1770602066.3429642,BIT,1
1770602066.3429642,BIT,1
1770602066.3429642,BIT,1
1770602066.3429642,BIT,1
1770602066.3429642,BIT,1
1770602066.3429642,BIT,1
1770602066.3429642,BIT,0
1770602066.3429642,BIT,1
1770602066.550566,BIT,0
1770602066.550566,BIT,1
1770602066.550566,BIT,1
1770602066.550566,BIT,1
1770602066.550566,BIT,1
1770602066.550566,BIT,0
1770602066.550566,BIT,1
1770602066.550566,BIT,1
1770602066.550566,BIT,1
1770602066.550566,BIT,1
1770602066.8449664,BIT,1
1770602066.8449664,BIT,1
1770602066.8449664,BIT,1
1770602066.8449664,BIT,1
1770602066.8449664,BIT,0
1770602066.8449664,BIT,1
1770602066.8449664,BIT,0
1770602066.8449664,BIT,1
1770602066.8449664,BIT,1
1770602066.8449664,BIT,1
1770602067.1379855,BIT,0
1770602067.1379855,BIT,1
1770602067.1379855,BIT,0
1770602067.1379855,BIT,1
1770602067.1379855,BIT,1
1770602067.1379855,BIT,0
1770602067.1379855,BIT,1
1770602067.1379855,BIT,1
1770602067.1379855,BIT,1
1770602067.1379855,BIT,1
1770602067.4232655,BIT,0
1770602067.4232655,BIT,0
1770602067.4232655,BIT,1
1770602067.4232655,BIT,1
1770602067.4232655,BIT,0
1770602067.4232655,BIT,0
1770602067.4232655,BIT,0
1770602067.4232655,BIT,0
1770602067.4232655,BIT,1
1770602067.4232655,BIT,1
1770602067.658173,BIT,0
1770602067.658173,BIT,1
1770602067.658173,BIT,0
1770602067.658173,BIT,0
1770602067.658173,BIT,0
1770602067.658173,BIT,0
1770602067.658173,BIT,0
1770602067.658173,BIT,0
1770602067.658173,BIT,1
1770602067.658173,BIT,1
1770602067.9211361,BIT,0
1770602067.9211361,BIT,0
1770602067.9211361,BIT,1
1770602067.9211361,BIT,1
1770602067.9211361,BIT,1
1770602067.9211361,BIT,1
1770602067.9211361,BIT,0
1770602067.9211361,BIT,0
1770602067.9211361,BIT,1
1770602067.9211361,BIT,0
1770602068.1505446,BIT,0
1770602068.1505446,BIT,1
1770602068.1505446,BIT,1
1770602068.1505446,BIT,0
1770602068.1505446,BIT,0
1770602068.1505446,BIT,0
1770602068.1505446,BIT,1
1770602068.1505446,BIT,0
1770602068.1505446,BIT,1
1770602068.1505446,BIT,0
1770602068.3711507,BIT,0
1770602068.3711507,BIT,1
1770602068.3711507,BIT,0
1770602068.3711507,BIT,0
1770602068.3711507,BIT,0
1770602068.3711507,BIT,1
1770602068.3711507,BIT,1
1770602068.3711507,BIT,0
1770602068.3711507,BIT,1
1770602068.3711507,BIT,1
1770602068.5874133,BIT,0
1770602068.5874133,BIT,0
1770602068.5874133,BIT,1
1770602068.5874133,BIT,1
1770602068.5874133,BIT,0
1770602068.5874133,BIT,0
1770602068.5874133,BIT,0
1770602068.5874133,BIT,0
1770602068.5874133,BIT,1
1770602068.5874133,BIT,1
1770602068.8094037,BIT,1
1770602068.8094037,BIT,0
1770602068.8094037,BIT,1
1770602068.8094037,BIT,0
1770602068.8094037,BIT,0
1770602068.8094037,BIT,1
1770602068.8094037,BIT,1
1770602068.8094037,BIT,1
1770602068.8094037,BIT,1
1770602068.8094037,BIT,1
1770602069.037268,BIT,1
1770602069.037268,BIT,0
1770602069.037268,BIT,0
1770602069.037268,BIT,0
1770602069.037268,BIT,1
1770602069.037268,BIT,1
1770602069.037268,BIT,0
1770602069.037268,BIT,1
1770602069.037268,BIT,0
1770602069.037268,BIT,1
1770602069.26185,BIT,1
1770602069.26185,BIT,1
1770602069.26185,BIT,1
1770602069.26185,BIT,0
1770602069.26185,BIT,0
1770602069.26185,BIT,1
1770602069.26185,BIT,1
1770602069.26185,BIT,0
1770602069.26185,BIT,0
1770602069.26185,BIT,0
1770602069.5241954,BIT,0
1770602069.5241954,BIT,1
1770602069.5241954,BIT,1
1770602069.5241954,BIT,1
1770602069.5241954,BIT,0
1770602069.5241954,BIT,1
1770602069.5241954,BIT,0
1770602069.5241954,BIT,0
1770602069.5241954,BIT,1
1770602069.5241954,BIT,1
1770602069.7587142,BIT,0
1770602069.7587142,BIT,1
1770602069.7587142,BIT,1
1770602069.7587142,BIT,1
1770602069.7587142,BIT,0
1770602069.7587142,BIT,0
1770602069.7587142,BIT,0
1770602069.7587142,BIT,0
1770602069.7587142,BIT,1
1770602069.7587142,BIT,0
1770602070.0279803,BIT,0
1770602070.0279803,BIT,1
1770602070.0279803,BIT,1
1770602070.0279803,BIT,0
1770602070.0279803,BIT,1
1770602070.0279803,BIT,0
1770602070.0279803,BIT,1
1770602070.0279803,BIT,0
1770602070.0279803,BIT,0
1770602070.0279803,BIT,1
1770602070.2657673,BIT,1
1770602070.2657673,BIT,1
1770602070.2657673,BIT,0
1770602070.2657673,BIT,1
1770602070.2657673,BIT,1
1770602070.2657673,BIT,1
1770602070.2657673,BIT,0
1770602070.2657673,BIT,0
1770602070.2657673,BIT,0
1770602070.2657673,BIT,1
1770602070.4786434,BIT,0
1770602070.4786434,BIT,0
1770602070.4786434,BIT,1
1770602070.4786434,BIT,0
1770602070.4786434,BIT,0
1770602070.4786434,BIT,0
1770602070.4786434,BIT,1
1770602070.4786434,BIT,1
1770602070.4786434,BIT,0
1770602070.4786434,BIT,1
1770602070.7003434,BIT,1
1770602070.7003434,BIT,1
1770602070.7003434,BIT,0
1770602070.7003434,BIT,0
1770602070.7003434,BIT,0
1770602070.7003434,BIT,0
1770602070.7003434,BIT,0
1770602070.7003434,BIT,0
1770602070.7003434,BIT,1
1770602070.7003434,BIT,1
1770602070.9291646,BIT,1
1770602070.9291646,BIT,1
1770602070.9291646,BIT,0
1770602070.9291646,BIT,0
1770602070.9291646,BIT,1
1770602070.9291646,BIT,1
1770602070.9291646,BIT,1
1770602070.9291646,BIT,1
1770602070.9291646,BIT,1
1770602070.9291646,BIT,1
1770602071.1704907,BIT,0
1770602071.1704907,BIT,1
1770602071.1704907,BIT,0
1770602071.1704907,BIT,1
1770602071.1704907,BIT,1
1770602071.1704907,BIT,1
1770602071.1704907,BIT,1
1770602071.1704907,BIT,1
1770602071.1704907,BIT,1
1770602071.1704907,BIT,1
1770602071.4190683,BIT,0
1770602071.4190683,BIT,0
1770602071.4190683,BIT,0
1770602071.4190683,BIT,0
1770602071.4190683,BIT,0
1770602071.4190683,BIT,1
1770602071.4190683,BIT,1
1770602071.4190683,BIT,1
1770602071.4190683,BIT,0
1770602071.4190683,BIT,1
1770602071.6662192,BIT,1
1770602071.6662192,BIT,0
1770602071.6662192,BIT,1
1770602071.6662192,BIT,1
1770602071.6662192,BIT,1
1770602071.6662192,BIT,1
1770602071.6662192,BIT,1
1770602071.6662192,BIT,1
1770602071.6662192,BIT,0
1770602071.6662192,BIT,1
1770602071.931904,BIT,0
1770602071.931904,BIT,0
1770602071.931904,BIT,0
1770602071.931904,BIT,0
1770602071.931904,BIT,0
1770602071.931904,BIT,0
1770602071.931904,BIT,1
1770602071.931904,BIT,0
1770602071.931904,BIT,0
1770602071.931904,BIT,1
1770602072.166998,BIT,0
1770602072.166998,BIT,0
1770602072.166998,BIT,1
1770602072.166998,BIT,0
1770602072.166998,BIT,0
1770602072.166998,BIT,1
1770602072.166998,BIT,0
1770602072.166998,BIT,1
1770602072.166998,BIT,1
1770602072.166998,BIT,1
1770602072.4297948,BIT,0
1770602072.4297948,BIT,1
1770602072.4297948,BIT,0
1770602072.4297948,BIT,0
1770602072.4297948,BIT,1
1770602072.4297948,BIT,0
1770602072.4297948,BIT,0
1770602072.4297948,BIT,1
1770602072.4297948,BIT,1
1770602072.4297948,BIT,0
1770602072.6696942,BIT,1
1770602072.6696942,BIT,0
1770602072.6696942,BIT,1
1770602072.6696942,BIT,0
1770602072.6696942,BIT,1
1770602072.6696942,BIT,0
1770602072.6696942,BIT,0
1770602072.6696942,BIT,0
1770602072.6696942,BIT,0
1770602072.6696942,BIT,1
1770602072.927355,BIT,0
1770602072.927355,BIT,1
1770602072.927355,BIT,0
1770602072.927355,BIT,1
1770602072.927355,BIT,0
1770602072.927355,BIT,0
1770602072.927355,BIT,0
1770602072.927355,BIT,1
1770602072.927355,BIT,0
1770602072.927355,BIT,1
1770602073.1298113,BIT,0
1770602073.1298113,BIT,1
1770602073.1298113,BIT,1
1770602073.1298113,BIT,1
1770602073.1298113,BIT,0
1770602073.1298113,BIT,1
1770602073.1298113,BIT,1
1770602073.1298113,BIT,0
1770602073.1298113,BIT,1
1770602073.1298113,BIT,0
1770602073.3867357,BIT,1
1770602073.3867357,BIT,1
1770602073.3867357,BIT,1
1770602073.3867357,BIT,1
1770602073.3867357,BIT,1
1770602073.3867357,BIT,0
1770602073.3867357,BIT,0
1770602073.3867357,BIT,1
1770602073.3867357,BIT,1
1770602073.3867357,BIT,1
1770602073.6205883,BIT,0
1770602073.6205883,BIT,1
1770602073.6205883,BIT,0
1770602073.6205883,BIT,0
1770602073.6205883,BIT,0
1770602073.6205883,BIT,0
1770602073.6205883,BIT,1
1770602073.6205883,BIT,0
1770602073.6205883,BIT,1
1770602073.6205883,BIT,1
1770602073.8877063,BIT,0
1770602073.8877063,BIT,0
1770602073.8877063,BIT,1
1770602073.8877063,BIT,0
1770602073.8877063,BIT,0
1770602073.8877063,BIT,0
1770602073.8877063,BIT,1
1770602073.8877063,BIT,1
1770602073.8877063,BIT,1
1770602073.8877063,BIT,1
1770602074.215713,BIT,1
1770602074.215713,BIT,0
1770602074.215713,BIT,0
1770602074.215713,BIT,1
1770602074.215713,BIT,0
1770602074.215713,BIT,0
1770602074.215713,BIT,1
1770602074.215713,BIT,0
1770602074.215713,BIT,0
1770602074.215713,BIT,0
1770602074.4664845,BIT,1
1770602074.4664845,BIT,0
1770602074.4664845,BIT,0
1770602074.4664845,BIT,1
1770602074.4664845,BIT,1
1770602074.4664845,BIT,1
1770602074.4664845,BIT,1
1770602074.4664845,BIT,1
1770602074.4664845,BIT,0
1770602074.4664845,BIT,0
1770602074.703115,BIT,1
1770602074.703115,BIT,0
1770602074.703115,BIT,1
1770602074.703115,BIT,1
1770602074.703115,BIT,1
1770602074.703115,BIT,0
1770602074.703115,BIT,1
1770602074.703115,BIT,1
1770602074.703115,BIT,0
1770602074.703115,BIT,0
1770602074.9700391,BIT,0
1770602074.9700391,BIT,0
1770602074.9700391,BIT,1
1770602074.9700391,BIT,0
1770602074.9700391,BIT,1
1770602074.9700391,BIT,0
1770602074.9700391,BIT,0
1770602074.9700391,BIT,1
1770602074.9700391,BIT,1
1770602074.9700391,BIT,0
1770602075.2030442,BIT,1
1770602075.2030442,BIT,1
1770602075.2030442,BIT,1
1770602075.2030442,BIT,1
1770602075.2030442,BIT,0
1770602075.2030442,BIT,0
1770602075.2030442,BIT,1
1770602075.2030442,BIT,1
1770602075.2030442,BIT,0
1770602075.2030442,BIT,0
1770602075.4242265,BIT,1
1770602075.4242265,BIT,0
1770602075.4242265,BIT,0
1770602075.4242265,BIT,1
1770602075.4242265,BIT,1
1770602075.4242265,BIT,0
1770602075.4242265,BIT,1
1770602075.4242265,BIT,0
1770602075.4242265,BIT,0
1770602075.4242265,BIT,1
1770602075.6471994,BIT,0
1770602075.6471994,BIT,0
1770602075.6471994,BIT,0
1770602075.6471994,BIT,1
1770602075.6471994,BIT,1
1770602075.6471994,BIT,0
1770602075.6471994,BIT,1
1770602075.6471994,BIT,1
1770602075.6471994,BIT,1
1770602075.6471994,BIT,0
1770602075.8847044,BIT,0
1770602075.8847044,BIT,0
1770602075.8847044,BIT,0
1770602075.8847044,BIT,0
1770602075.8847044,BIT,1
1770602075.8847044,BIT,0
1770602075.8847044,BIT,0
1770602075.8847044,BIT,0
1770602075.8847044,BIT,1
1770602075.8847044,BIT,1
1770602076.1530454,BIT,1
1770602076.1530454,BIT,0
1770602076.1530454,BIT,0
1770602076.1530454,BIT,1
1770602076.1530454,BIT,0
1770602076.1530454,BIT,1
1770602076.1530454,BIT,0
1770602076.1530454,BIT,1
1770602076.1530454,BIT,0
1770602076.1530454,BIT,1
1770602076.3575673,BIT,1
1770602076.3575673,BIT,1
1770602076.3575673,BIT,1
1770602076.3575673,BIT,0
1770602076.3575673,BIT,0
1770602076.3575673,BIT,0
1770602076.3575673,BIT,1
1770602076.3575673,BIT,1
1770602076.3575673,BIT,0
1770602076.3575673,BIT,1
1770602076.5586138,BIT,0
1770602076.5586138,BIT,1
1770602076.5586138,BIT,1
1770602076.5586138,BIT,0
1770602076.5586138,BIT,1
1770602076.5586138,BIT,0
1770602076.5586138,BIT,0
1770602076.5586138,BIT,0
1770602076.5586138,BIT,1
1770602076.5586138,BIT,1
1770602076.7791815,BIT,1
1770602076.7791815,BIT,1
1770602076.7791815,BIT,0
1770602076.7791815,BIT,0
1770602076.7791815,BIT,1
1770602076.7791815,BIT,0
1770602076.7791815,BIT,1
1770602076.7791815,BIT,0
1770602076.7791815,BIT,1
1770602076.7791815,BIT,0
1770602077.0690544,BIT,0
1770602077.0690544,BIT,1
1770602077.0690544,BIT,0
1770602077.0690544,BIT,1
1770602077.0690544,BIT,0
1770602077.0690544,BIT,1
1770602077.0690544,BIT,0
1770602077.0690544,BIT,0
1770602077.0690544,BIT,1
1770602077.0690544,BIT,1
1770602077.319496,BIT,1
1770602077.319496,BIT,0
1770602077.319496,BIT,0
1770602077.319496,BIT,0
1770602077.319496,BIT,1
1770602077.319496,BIT,0
1770602077.319496,BIT,1
1770602077.319496,BIT,1
1770602077.319496,BIT,1
1770602077.319496,BIT,0
1770602077.5456395,BIT,0
1770602077.5456395,BIT,0
1770602077.5456395,BIT,0
1770602077.5456395,BIT,0
1770602077.5456395,BIT,1
1770602077.5456395,BIT,1
1770602077.5456395,BIT,1
1770602077.5456395,BIT,1
1770602077.5456395,BIT,0
1770602077.5456395,BIT,1
1770602077.7759697,BIT,1
1770602077.7759697,BIT,0
1770602077.7759697,BIT,0
1770602077.7759697,BIT,0
1770602077.7759697,BIT,1
1770602077.7759697,BIT,0
1770602077.7759697,BIT,1
1770602077.7759697,BIT,1
1770602077.7759697,BIT,0
1770602077.7759697,BIT,1
1770602078.0192394,BIT,1
1770602078.0192394,BIT,1
1770602078.0192394,BIT,0
1770602078.0192394,BIT,1
1770602078.0192394,BIT,1
1770602078.0192394,BIT,0
1770602078.0192394,BIT,1
1770602078.0192394,BIT,1
1770602078.0192394,BIT,0
1770602078.0192394,BIT,1
1770602078.2479937,BIT,0
1770602078.2479937,BIT,0
1770602078.2479937,BIT,0
1770602078.2479937,BIT,0
1770602078.2479937,BIT,0
1770602078.2479937,BIT,1
1770602078.2479937,BIT,0
1770602078.2479937,BIT,0
1770602078.2479937,BIT,0
1770602078.2479937,BIT,0
1770602078.4467049,BIT,1
1770602078.4467049,BIT,1
1770602078.4467049,BIT,0
1770602078.4467049,BIT,1
1770602078.4467049,BIT,0
1770602078.4467049,BIT,1
1770602078.4467049,BIT,1
1770602078.4467049,BIT,0
1770602078.4467049,BIT,1
1770602078.4467049,BIT,0
1770602078.6333504,BIT,0
1770602078.6333504,BIT,0
1770602078.6333504,BIT,0
1770602078.6333504,BIT,0
1770602078.6333504,BIT,1
1770602078.6333504,BIT,1
1770602078.6333504,BIT,0
1770602078.6333504,BIT,0
1770602078.6333504,BIT,0
1770602078.6333504,BIT,1
1770602078.8419766,BIT,0
1770602078.8419766,BIT,0
1770602078.8419766,BIT,1
1770602078.8419766,BIT,0
1770602078.8419766,BIT,1
1770602078.8419766,BIT,0
1770602078.8419766,BIT,1
1770602078.8419766,BIT,0
1770602078.8419766,BIT,0
1770602078.8419766,BIT,1
1770602079.0298693,BIT,0
1770602079.0298693,BIT,1
1770602079.0298693,BIT,0
1770602079.0298693,BIT,0
1770602079.0298693,BIT,0
1770602079.0298693,BIT,0
1770602079.0298693,BIT,1
1770602079.0298693,BIT,1
1770602079.0298693,BIT,1
1770602079.0298693,BIT,1
1770602079.2193742,BIT,1
1770602079.2193742,BIT,1
1770602079.2193742,BIT,1
1770602079.2193742,BIT,0
1770602079.2193742,BIT,0
1770602079.2193742,BIT,0
1770602079.2193742,BIT,0
1770602079.2193742,BIT,1
1770602079.2193742,BIT,0
1770602079.2193742,BIT,1
1770602079.39888,BIT,0
1770602079.39888,BIT,0
1770602079.39888,BIT,0
1770602079.39888,BIT,0
1770602079.39888,BIT,1
1770602079.39888,BIT,0
1770602079.39888,BIT,1
1770602079.39888,BIT,0
1770602079.39888,BIT,1
1770602079.39888,BIT,0
1770602079.5637243,BIT,1
1770602079.5637243,BIT,0
1770602079.5637243,BIT,1
1770602079.5637243,BIT,1
1770602079.5637243,BIT,0
1770602079.5637243,BIT,1
1770602079.5637243,BIT,1
1770602079.5637243,BIT,1
1770602079.5637243,BIT,0
1770602079.5637243,BIT,1
1770602079.747888,BIT,0
1770602079.747888,BIT,1
1770602079.747888,BIT,0
1770602079.747888,BIT,1
1770602079.747888,BIT,1
1770602079.747888,BIT,1
1770602079.747888,BIT,0
1770602079.747888,BIT,0
1770602079.747888,BIT,0
1770602079.747888,BIT,0
1770602079.9401147,BIT,1
1770602079.9401147,BIT,1
1770602079.9401147,BIT,0
1770602079.9401147,BIT,0
1770602079.9401147,BIT,1
1770602079.9401147,BIT,0
1770602079.9401147,BIT,1
1770602079.9401147,BIT,1
1770602079.9401147,BIT,0
1770602079.9401147,BIT,1
1770602080.124289,BIT,1
1770602080.124289,BIT,0
1770602080.124289,BIT,0
1770602080.124289,BIT,1
1770602080.124289,BIT,1
1770602080.124289,BIT,0
1770602080.124289,BIT,0
1770602080.124289,BIT,0
1770602080.124289,BIT,0
1770602080.124289,BIT,1
1770602080.3122485,BIT,0
1770602080.3122485,BIT,0
1770602080.3122485,BIT,1
1770602080.3122485,BIT,1
1770602080.3122485,BIT,1
1770602080.3122485,BIT,1
1770602080.3122485,BIT,0
1770602080.3122485,BIT,1
1770602080.3122485,BIT,0
1770602080.3122485,BIT,0
1770602080.48676,BIT,0
1770602080.48676,BIT,0
1770602080.48676,BIT,1
1770602080.48676,BIT,1
1770602080.48676,BIT,0
1770602080.48676,BIT,1
1770602080.48676,BIT,0
1770602080.48676,BIT,0
1770602080.48676,BIT,0
1770602080.48676,BIT,0
1770602080.6939962,BIT,0
1770602080.6939962,BIT,0
1770602080.6939962,BIT,0
1770602080.6939962,BIT,0
1770602080.6939962,BIT,0
1770602080.6939962,BIT,1
1770602080.6939962,BIT,0
1770602080.6939962,BIT,0
1770602080.6939962,BIT,0
1770602080.6939962,BIT,0
1770602080.926582,BIT,0
1770602080.926582,BIT,1
1770602080.926582,BIT,1
1770602080.926582,BIT,1
1770602080.926582,BIT,1
1770602080.926582,BIT,0
1770602080.926582,BIT,0
1770602080.926582,BIT,0
1770602080.926582,BIT,1
1770602080.926582,BIT,1
1770602081.2558265,BIT,0
1770602081.2558265,BIT,0
1770602081.2558265,BIT,1
1770602081.2558265,BIT,1
1770602081.2558265,BIT,0
1770602081.2558265,BIT,1
1770602081.2558265,BIT,0
1770602081.2558265,BIT,0
1770602081.2558265,BIT,0
1770602081.2558265,BIT,0
1770602081.550766,BIT,1
1770602081.550766,BIT,0
1770602081.550766,BIT,0
1770602081.550766,BIT,1
1770602081.550766,BIT,1
1770602081.550766,BIT,1
1770602081.550766,BIT,1
1770602081.550766,BIT,1
1770602081.550766,BIT,1
1770602081.550766,BIT,1
1770602081.8520525,BIT,0
1770602081.8520525,BIT,1
1770602081.8520525,BIT,1
1770602081.8520525,BIT,0
1770602081.8520525,BIT,0
1770602081.8520525,BIT,0
1770602081.8520525,BIT,1
1770602081.8520525,BIT,0
1770602081.8520525,BIT,1
1770602081.8520525,BIT,1
1770602082.4480848,BIT,1
1770602082.4480848,BIT,1
1770602082.4480848,BIT,1
1770602082.4480848,BIT,0
1770602082.4480848,BIT,1
1770602082.4480848,BIT,0
1770602082.4480848,BIT,0
1770602082.4480848,BIT,1
1770602082.4480848,BIT,1
1770602082.4480848,BIT,1
1770602082.891201,BIT,1
1770602082.891201,BIT,0
1770602082.891201,BIT,0
1770602082.891201,BIT,0
1770602082.891201,BIT,0
1770602082.891201,BIT,1
1770602082.891201,BIT,0
1770602082.891201,BIT,1
1770602082.891201,BIT,0
1770602082.891201,BIT,1
1770602083.2712193,BIT,1
1770602083.2712193,BIT,1
1770602083.2712193,BIT,1
1770602083.2712193,BIT,0
1770602083.2712193,BIT,1
1770602083.2712193,BIT,1
1770602083.2712193,BIT,1
1770602083.2712193,BIT,1
1770602083.2712193,BIT,1
1770602083.2712193,BIT,0
1770602083.5957093,BIT,0
1770602083.5957093,BIT,1
1770602083.5957093,BIT,1
1770602083.5957093,BIT,0
1770602083.5957093,BIT,0
1770602083.5957093,BIT,1
1770602083.5957093,BIT,1
1770602083.5957093,BIT,0
1770602083.5957093,BIT,0
1770602083.5957093,BIT,0
1770602083.9431138,BIT,1
1770602083.9431138,BIT,0
1770602083.9431138,BIT,0
1770602083.9431138,BIT,1
1770602083.9431138,BIT,1
1770602083.9431138,BIT,1
1770602083.9431138,BIT,1
1770602083.9431138,BIT,0
1770602083.9431138,BIT,1
1770602083.9431138,BIT,1
1770602084.3489702,BIT,0
1770602084.3489702,BIT,1
1770602084.3489702,BIT,0
1770602084.3489702,BIT,1
1770602084.3489702,BIT,0
1770602084.3489702,BIT,1
1770602084.3489702,BIT,1
1770602084.3489702,BIT,0
1770602084.3489702,BIT,1
1770602084.3489702,BIT,0
1770602084.778749,BIT,1
1770602084.778749,BIT,0
1770602084.778749,BIT,0
1770602084.778749,BIT,1
1770602084.778749,BIT,0
1770602084.778749,BIT,1
1770602084.778749,BIT,0
1770602084.778749,BIT,1
1770602084.778749,BIT,1
1770602084.778749,BIT,0
1770602085.0507257,BIT,1
1770602085.0507257,BIT,0
1770602085.0507257,BIT,0
1770602085.0507257,BIT,0
1770602085.0507257,BIT,0
1770602085.0507257,BIT,0
1770602085.0507257,BIT,0
1770602085.0507257,BIT,0
1770602085.0507257,BIT,1
1770602085.0507257,BIT,1
1770602085.312977,BIT,0
1770602085.312977,BIT,0
1770602085.312977,BIT,1
1770602085.312977,BIT,1
1770602085.312977,BIT,1
1770602085.312977,BIT,0
1770602085.312977,BIT,0
1770602085.312977,BIT,1
1770602085.312977,BIT,1
1770602085.312977,BIT,1
1770602085.5866718,BIT,0
1770602085.5866718,BIT,0
1770602085.5866718,BIT,1
1770602085.5866718,BIT,0
1770602085.5866718,BIT,0
1770602085.5866718,BIT,1
1770602085.5866718,BIT,1
1770602085.5866718,BIT,0
1770602085.5866718,BIT,1
1770602085.5866718,BIT,0
1770602085.8220673,BIT,0
1770602085.8220673,BIT,1
1770602085.8220673,BIT,0
1770602085.8220673,BIT,0
1770602085.8220673,BIT,1
1770602085.8220673,BIT,0
1770602085.8220673,BIT,0
1770602085.8220673,BIT,1
1770602085.8220673,BIT,1
1770602085.8220673,BIT,1
1770602086.0900638,BIT,1
1770602086.0900638,BIT,0
1770602086.0900638,BIT,1
1770602086.0900638,BIT,0
1770602086.0900638,BIT,1
1770602086.0900638,BIT,0
1770602086.0900638,BIT,0
1770602086.0900638,BIT,1
1770602086.0900638,BIT,0
1770602086.0900638,BIT,1
1770602086.3831942,BIT,1
1770602086.3831942,BIT,0
1770602086.3831942,BIT,1
1770602086.3831942,BIT,0
1770602086.3831942,BIT,1
1770602086.3831942,BIT,0
1770602086.3831942,BIT,0
1770602086.3831942,BIT,0
1770602086.3831942,BIT,1
1770602086.3831942,BIT,0
1770602086.6712031,BIT,0
1770602086.6712031,BIT,1
1770602086.6712031,BIT,1
1770602086.6712031,BIT,1
1770602086.6712031,BIT,1
1770602086.6712031,BIT,1
1770602086.6712031,BIT,1
1770602086.6712031,BIT,1
1770602086.6712031,BIT,0
1770602086.6712031,BIT,1
1770602086.9443061,BIT,0
1770602086.9443061,BIT,1
1770602086.9443061,BIT,0
1770602086.9443061,BIT,0
1770602086.9443061,BIT,0
1770602086.9443061,BIT,1
1770602086.9443061,BIT,0
1770602086.9443061,BIT,0
1770602086.9443061,BIT,0
1770602086.9443061,BIT,1
1770602087.2229261,BIT,0
1770602087.2229261,BIT,0
1770602087.2229261,BIT,1
1770602087.2229261,BIT,0
1770602087.2229261,BIT,0
1770602087.2229261,BIT,1
1770602087.2229261,BIT,1
1770602087.2229261,BIT,0
1770602087.2229261,BIT,0
1770602087.2229261,BIT,0
1770602087.5693078,BIT,1
1770602087.5693078,BIT,1
1770602087.5693078,BIT,0
1770602087.5693078,BIT,1
1770602087.5693078,BIT,0
1770602087.5693078,BIT,0
1770602087.5693078,BIT,1
1770602087.5693078,BIT,1
1770602087.5693078,BIT,0
1770602087.5693078,BIT,1
1770602087.8791897,BIT,0
1770602087.8791897,BIT,0
1770602087.8791897,BIT,0
1770602087.8791897,BIT,0
1770602087.8791897,BIT,0
1770602087.8791897,BIT,1
1770602087.8791897,BIT,1
1770602087.8791897,BIT,1
1770602087.8791897,BIT,1
1770602087.8791897,BIT,1
1770602088.1590436,BIT,0
1770602088.1590436,BIT,0
1770602088.1590436,BIT,1
1770602088.1590436,BIT,1
1770602088.1590436,BIT,0
1770602088.1590436,BIT,1
1770602088.1590436,BIT,1
1770602088.1590436,BIT,1
1770602088.1590436,BIT,1
1770602088.1590436,BIT,0
1770602088.4414654,BIT,0
1770602088.4414654,BIT,0
1770602088.4414654,BIT,0
1770602088.4414654,BIT,0
1770602088.4414654,BIT,1
1770602088.4414654,BIT,0
1770602088.4414654,BIT,1
1770602088.4414654,BIT,1
1770602088.4414654,BIT,0
1770602088.4414654,BIT,0
1770602088.7294075,BIT,1
1770602088.7294075,BIT,0
1770602088.7294075,BIT,0
1770602088.7294075,BIT,0
1770602088.7294075,BIT,0
1770602088.7294075,BIT,1
1770602088.7294075,BIT,0
1770602088.7294075,BIT,0
1770602088.7294075,BIT,1
1770602088.7294075,BIT,1
1770602089.032606,BIT,0
1770602089.032606,BIT,0
1770602089.032606,BIT,0
1770602089.032606,BIT,0
1770602089.032606,BIT,0
1770602089.032606,BIT,0
1770602089.032606,BIT,0
1770602089.032606,BIT,0
1770602089.032606,BIT,1
1770602089.032606,BIT,1
1770602089.3273904,BIT,0
1770602089.3273904,BIT,0
1770602089.3273904,BIT,0
1770602089.3273904,BIT,0
1770602089.3273904,BIT,0
1770602089.3273904,BIT,1
1770602089.3273904,BIT,0
1770602089.3273904,BIT,1
1770602089.3273904,BIT,1
1770602089.3273904,BIT,1
1770602089.621692,BIT,0
1770602089.621692,BIT,1
1770602089.621692,BIT,0
1770602089.621692,BIT,0
1770602089.621692,BIT,0
1770602089.621692,BIT,1
1770602089.621692,BIT,1
1770602089.621692,BIT,1
1770602089.621692,BIT,0
1770602089.621692,BIT,1
1770602089.919329,BIT,0
1770602089.919329,BIT,1
1770602089.919329,BIT,0
1770602089.919329,BIT,1
1770602089.919329,BIT,1
1770602089.919329,BIT,0
1770602089.919329,BIT,0
1770602089.919329,BIT,0
1770602089.919329,BIT,1
1770602089.919329,BIT,1
1770602090.2914135,BIT,1
1770602090.2914135,BIT,1
1770602090.2914135,BIT,1
1770602090.2914135,BIT,0
1770602090.2914135,BIT,1
1770602090.2914135,BIT,0
1770602090.2914135,BIT,0
1770602090.2914135,BIT,1
1770602090.2914135,BIT,0
1770602090.2914135,BIT,1
1770602090.7773561,BIT,0
1770602090.7773561,BIT,1
1770602090.7773561,BIT,1
1770602090.7773561,BIT,0
1770602090.7773561,BIT,0
1770602090.7773561,BIT,1
1770602090.7773561,BIT,1
1770602090.7773561,BIT,1
1770602090.7773561,BIT,0
1770602090.7773561,BIT,1
1770602091.0997224,BIT,1
1770602091.0997224,BIT,0
1770602091.0997224,BIT,1
1770602091.0997224,BIT,1
1770602091.0997224,BIT,0
1770602091.0997224,BIT,1
1770602091.0997224,BIT,0
1770602091.0997224,BIT,0
1770602091.0997224,BIT,1
1770602091.0997224,BIT,1
1770602091.4567149,BIT,1
1770602091.4567149,BIT,0
1770602091.4567149,BIT,1
1770602091.4567149,BIT,0
1770602091.4567149,BIT,0
1770602091.4567149,BIT,0
1770602091.4567149,BIT,0
1770602091.4567149,BIT,1
1770602091.4567149,BIT,1
1770602091.4567149,BIT,1
1770602091.7461157,BIT,1
1770602091.7461157,BIT,1
1770602091.7461157,BIT,1
1770602091.7461157,BIT,0
1770602091.7461157,BIT,1
1770602091.7461157,BIT,0
1770602091.7461157,BIT,0
1770602091.7461157,BIT,1
1770602091.7461157,BIT,0
1770602091.7461157,BIT,0
1770602092.0023913,BIT,0
1770602092.0023913,BIT,0
1770602092.0023913,BIT,1
1770602092.0023913,BIT,0
1770602092.0023913,BIT,1
1770602092.0023913,BIT,1
1770602092.0023913,BIT,1
1770602092.0023913,BIT,1
1770602092.0023913,BIT,1
1770602092.0023913,BIT,1
1770602092.255809,BIT,1
1770602092.255809,BIT,0
1770602092.255809,BIT,0
1770602092.255809,BIT,0
1770602092.255809,BIT,0
1770602092.255809,BIT,0
1770602092.255809,BIT,1
1770602092.255809,BIT,0
1770602092.255809,BIT,1
1770602092.255809,BIT,0
1770602092.5056,BIT,1
1770602092.5056,BIT,0
1770602092.5056,BIT,0
1770602092.5056,BIT,0
1770602092.5056,BIT,1
1770602092.5056,BIT,1
1770602092.5056,BIT,0
1770602092.5056,BIT,1
1770602092.5056,BIT,1
1770602092.5056,BIT,1
1770602092.7312815,BIT,1
1770602092.7312815,BIT,0
1770602092.7312815,BIT,0
1770602092.7312815,BIT,1
1770602092.7312815,BIT,1
1770602092.7312815,BIT,0
1770602092.7312815,BIT,0
1770602092.7312815,BIT,0
1770602092.7312815,BIT,1
1770602092.7312815,BIT,1
1770602092.9942038,BIT,0
1770602092.9942038,BIT,0
1770602092.9942038,BIT,1
1770602092.9942038,BIT,1
1770602092.9942038,BIT,0
1770602092.9942038,BIT,0
1770602092.9942038,BIT,1
1770602092.9942038,BIT,0
1770602092.9942038,BIT,1
1770602092.9942038,BIT,0
1770602093.2350838,BIT,0
1770602093.2350838,BIT,1
1770602093.2350838,BIT,1
1770602093.2350838,BIT,0
1770602093.2350838,BIT,0
1770602093.2350838,BIT,1
1770602093.2350838,BIT,1
1770602093.2350838,BIT,0
1770602093.2350838,BIT,1
1770602093.2350838,BIT,1
1770602093.6332011,BIT,1
1770602093.6332011,BIT,1
1770602093.6332011,BIT,1
1770602093.6332011,BIT,0
1770602093.6332011,BIT,0
1770602093.6332011,BIT,0
1770602093.6332011,BIT,1
1770602093.6332011,BIT,0
1770602093.6332011,BIT,1
1770602093.6332011,BIT,0
1770602094.0690503,BIT,0
1770602094.0690503,BIT,1
1770602094.0690503,BIT,1
1770602094.0690503,BIT,1
1770602094.0690503,BIT,0
1770602094.0690503,BIT,0
1770602094.0690503,BIT,0
1770602094.0690503,BIT,1
1770602094.0690503,BIT,1
1770602094.0690503,BIT,1
1770602094.2884936,BIT,1
1770602094.2884936,BIT,1
1770602094.2884936,BIT,1
1770602094.2884936,BIT,0
1770602094.2884936,BIT,1
1770602094.2884936,BIT,1
1770602094.2884936,BIT,0
1770602094.2884936,BIT,0
1770602094.2884936,BIT,0
1770602094.2884936,BIT,0
1770602094.5063844,BIT,1
1770602094.5063844,BIT,0
1770602094.5063844,BIT,0
1770602094.5063844,BIT,1
1770602094.5063844,BIT,0
1770602094.5063844,BIT,0
1770602094.5063844,BIT,1
1770602094.5063844,BIT,1
1770602094.5063844,BIT,0
1770602094.5063844,BIT,0
1770602094.7206068,BIT,0
1770602094.7206068,BIT,1
1770602094.7206068,BIT,1
1770602094.7206068,BIT,1
1770602094.7206068,BIT,1
1770602094.7206068,BIT,1
1770602094.7206068,BIT,1
1770602094.7206068,BIT,1
1770602094.7206068,BIT,1
1770602094.7206068,BIT,1
1770602094.9171956,BIT,0
1770602094.9171956,BIT,1
1770602094.9171956,BIT,0
1770602094.9171956,BIT,0
1770602094.9171956,BIT,1
1770602094.9171956,BIT,0
1770602094.9171956,BIT,1
1770602094.9171956,BIT,1
1770602094.9171956,BIT,1
1770602094.9171956,BIT,0
1770602095.111553,BIT,1
1770602095.111553,BIT,0
1770602095.111553,BIT,1
1770602095.111553,BIT,0
1770602095.111553,BIT,1
1770602095.111553,BIT,1
1770602095.111553,BIT,1
1770602095.111553,BIT,1
1770602095.111553,BIT,1
1770602095.111553,BIT,1
1770602095.303315,BIT,1
1770602095.303315,BIT,1
1770602095.303315,BIT,0
1770602095.303315,BIT,1
1770602095.303315,BIT,0
1770602095.303315,BIT,0
1770602095.303315,BIT,0
1770602095.303315,BIT,1
1770602095.303315,BIT,1
1770602095.303315,BIT,0
1770602095.5064003,BIT,1
1770602095.5064003,BIT,0
1770602095.5064003,BIT,1
1770602095.5064003,BIT,1
1770602095.5064003,BIT,1
1770602095.5064003,BIT,1
1770602095.5064003,BIT,1
1770602095.5064003,BIT,0
1770602095.5064003,BIT,1
1770602095.5064003,BIT,0
1770602095.6948526,BIT,0
1770602095.6948526,BIT,0
1770602095.6948526,BIT,1
1770602095.6948526,BIT,1
1770602095.6948526,BIT,1
1770602095.6948526,BIT,0
1770602095.6948526,BIT,1
1770602095.6948526,BIT,1
1770602095.6948526,BIT,0
1770602095.6948526,BIT,1
1770602095.9028625,BIT,1
1770602095.9028625,BIT,1
1770602095.9028625,BIT,0
1770602095.9028625,BIT,1
1770602095.9028625,BIT,0
1770602095.9028625,BIT,1
1770602095.9028625,BIT,1
1770602095.9028625,BIT,1
1770602095.9028625,BIT,1
1770602095.9028625,BIT,0
1770602096.0928192,BIT,0
1770602096.0928192,BIT,1
1770602096.0928192,BIT,1
1770602096.0928192,BIT,0
1770602096.0928192,BIT,1
1770602096.0928192,BIT,1
1770602096.0928192,BIT,1
1770602096.0928192,BIT,1
1770602096.0928192,BIT,1
1770602096.0928192,BIT,0
1770602096.27818,BIT,0
1770602096.27818,BIT,0
1770602096.27818,BIT,1
1770602096.27818,BIT,0
1770602096.27818,BIT,1
1770602096.27818,BIT,1
1770602096.27818,BIT,1
1770602096.27818,BIT,1
1770602096.27818,BIT,0
1770602096.27818,BIT,0
1770602096.4618902,BIT,0
1770602096.4618902,BIT,0
1770602096.4618902,BIT,0
1770602096.4618902,BIT,0
1770602096.4618902,BIT,0
1770602096.4618902,BIT,0
1770602096.4618902,BIT,0
1770602096.4618902,BIT,1
1770602096.4618902,BIT,1
1770602096.4618902,BIT,0
1770602096.6432717,BIT,0
1770602096.6432717,BIT,1
1770602096.6432717,BIT,0
1770602096.6432717,BIT,1
1770602096.6432717,BIT,0
1770602096.6432717,BIT,1
1770602096.6432717,BIT,0
1770602096.6432717,BIT,0
1770602096.6432717,BIT,0
1770602096.6432717,BIT,0
1770602096.8300934,BIT,0
1770602096.8300934,BIT,0
1770602096.8300934,BIT,1
1770602096.8300934,BIT,1
1770602096.8300934,BIT,0
1770602096.8300934,BIT,1
1770602096.8300934,BIT,0
1770602096.8300934,BIT,1
1770602096.8300934,BIT,0
1770602096.8300934,BIT,0
1770602097.017507,BIT,1
1770602097.017507,BIT,1
1770602097.017507,BIT,0
1770602097.017507,BIT,0
1770602097.017507,BIT,1
1770602097.017507,BIT,0
1770602097.017507,BIT,1
1770602097.017507,BIT,1
1770602097.017507,BIT,0
1770602097.017507,BIT,0
1770602097.2003,BIT,0
1770602097.2003,BIT,1
1770602097.2003,BIT,0
1770602097.2003,BIT,1
1770602097.2003,BIT,0
1770602097.2003,BIT,0
1770602097.2003,BIT,1
1770602097.2003,BIT,1
1770602097.2003,BIT,1
1770602097.2003,BIT,0
1770602097.407603,BIT,0
1770602097.407603,BIT,0
1770602097.407603,BIT,1
1770602097.407603,BIT,1
1770602097.407603,BIT,1
1770602097.407603,BIT,0
1770602097.407603,BIT,0
1770602097.407603,BIT,0
1770602097.407603,BIT,0
1770602097.407603,BIT,1
1770602097.6378937,BIT,0
1770602097.6378937,BIT,1
1770602097.6378937,BIT,0
1770602097.6378937,BIT,0
1770602097.6378937,BIT,1
1770602097.6378937,BIT,0
1770602097.6378937,BIT,1
1770602097.6378937,BIT,0
1770602097.6378937,BIT,0
1770602097.6378937,BIT,1
1770602097.878624,BIT,1
1770602097.878624,BIT,0
1770602097.878624,BIT,1
1770602097.878624,BIT,1
1770602097.878624,BIT,0
1770602097.878624,BIT,1
1770602097.878624,BIT,1
1770602097.878624,BIT,1
1770602097.878624,BIT,1
1770602097.878624,BIT,0
1770602098.07835,BIT,0
1770602098.07835,BIT,1
1770602098.07835,BIT,1
1770602098.07835,BIT,0
1770602098.07835,BIT,1
1770602098.07835,BIT,0
1770602098.07835,BIT,0
1770602098.07835,BIT,1
1770602098.07835,BIT,0
1770602098.07835,BIT,1
1770602098.28402,BIT,0
1770602098.28402,BIT,0
1770602098.28402,BIT,0
1770602098.28402,BIT,0
1770602098.28402,BIT,1
1770602098.28402,BIT,1
1770602098.28402,BIT,0
1770602098.28402,BIT,1
1770602098.28402,BIT,0
1770602098.28402,BIT,1
1770602098.4968414,BIT,0
1770602098.4968414,BIT,1
1770602098.4968414,BIT,1
1770602098.4968414,BIT,1
1770602098.4968414,BIT,1
1770602098.4968414,BIT,0
1770602098.4968414,BIT,0
1770602098.4968414,BIT,1
1770602098.4968414,BIT,0
1770602098.4968414,BIT,0
1770602098.6972682,BIT,1
1770602098.6972682,BIT,1
1770602098.6972682,BIT,1
1770602098.6972682,BIT,0
1770602098.6972682,BIT,1
1770602098.6972682,BIT,0
1770602098.6972682,BIT,1
1770602098.6972682,BIT,0
1770602098.6972682,BIT,1
1770602098.6972682,BIT,1
1770602098.9242442,BIT,1
1770602098.9242442,BIT,0
1770602098.9242442,BIT,1
1770602098.9242442,BIT,1
1770602098.9242442,BIT,0
1770602098.9242442,BIT,0
1770602098.9242442,BIT,0
1770602098.9242442,BIT,0
1770602098.9242442,BIT,0
1770602098.9242442,BIT,0
1770602099.1172643,BIT,0
1770602099.1172643,BIT,1
1770602099.1172643,BIT,1
1770602099.1172643,BIT,1
1770602099.1172643,BIT,0
1770602099.1172643,BIT,0
1770602099.1172643,BIT,1
1770602099.1172643,BIT,1
1770602099.1172643,BIT,1
1770602099.1172643,BIT,1
1770602099.307953,BIT,0
1770602099.307953,BIT,1
1770602099.307953,BIT,1
1770602099.307953,BIT,1
1770602099.307953,BIT,0
1770602099.307953,BIT,1
1770602099.307953,BIT,0
1770602099.307953,BIT,1
1770602099.307953,BIT,0
1770602099.307953,BIT,1
1770602099.5036557,BIT,1
1770602099.5036557,BIT,1
1770602099.5036557,BIT,0
1770602099.5036557,BIT,1
1770602099.5036557,BIT,0
1770602099.5036557,BIT,0
1770602099.5036557,BIT,1
1770602099.5036557,BIT,1
1770602099.5036557,BIT,1
1770602099.5036557,BIT,1
1770602099.7001064,BIT,0
1770602099.7001064,BIT,0
1770602099.7001064,BIT,0
1770602099.7001064,BIT,0
1770602099.7001064,BIT,1
1770602099.7001064,BIT,1
1770602099.7001064,BIT,0
1770602099.7001064,BIT,1
1770602099.7001064,BIT,1
1770602099.7001064,BIT,0
1770602099.927617,BIT,0
1770602099.927617,BIT,1
1770602099.927617,BIT,0
1770602099.927617,BIT,0
1770602099.927617,BIT,1
1770602099.927617,BIT,1
1770602099.927617,BIT,1
1770602099.927617,BIT,1
1770602099.927617,BIT,0
1770602099.927617,BIT,1
1770602100.1172411,BIT,1
1770602100.1172411,BIT,1
1770602100.1172411,BIT,0
1770602100.1172411,BIT,0
1770602100.1172411,BIT,0
1770602100.1172411,BIT,1
1770602100.1172411,BIT,0
1770602100.1172411,BIT,0
1770602100.1172411,BIT,1
1770602100.1172411,BIT,0
1770602100.3137777,BIT,0
1770602100.3137777,BIT,1
1770602100.3137777,BIT,1
1770602100.3137777,BIT,0
1770602100.3137777,BIT,1
1770602100.3137777,BIT,0
1770602100.3137777,BIT,0
1770602100.3137777,BIT,1
1770602100.3137777,BIT,1
1770602100.3137777,BIT,1
1770602100.5886683,BIT,1
1770602100.5886683,BIT,0
1770602100.5886683,BIT,1
1770602100.5886683,BIT,1
1770602100.5886683,BIT,0
1770602100.5886683,BIT,1
1770602100.5886683,BIT,0
1770602100.5886683,BIT,1
1770602100.5886683,BIT,0
1770602100.5886683,BIT,1
1770602100.840264,BIT,0
1770602100.840264,BIT,1
1770602100.840264,BIT,0
1770602100.840264,BIT,0
1770602100.840264,BIT,0
1770602100.840264,BIT,1
1770602100.840264,BIT,0
1770602100.840264,BIT,0
1770602100.840264,BIT,1
1770602100.840264,BIT,1
1770602101.0807676,BIT,1
1770602101.0807676,BIT,0
1770602101.0807676,BIT,1
1770602101.0807676,BIT,0
1770602101.0807676,BIT,1
1770602101.0807676,BIT,1
1770602101.0807676,BIT,1
1770602101.0807676,BIT,1
1770602101.0807676,BIT,1
1770602101.0807676,BIT,1
1770602101.2946088,BIT,1
1770602101.2946088,BIT,1
1770602101.2946088,BIT,0
1770602101.2946088,BIT,1
1770602101.2946088,BIT,0
1770602101.2946088,BIT,1
1770602101.2946088,BIT,0
1770602101.2946088,BIT,1
1770602101.2946088,BIT,0
1770602101.2946088,BIT,0
1770602101.5048554,BIT,1
1770602101.5048554,BIT,1
1770602101.5048554,BIT,0
1770602101.5048554,BIT,1
1770602101.5048554,BIT,1
1770602101.5048554,BIT,1
1770602101.5048554,BIT,0
1770602101.5048554,BIT,0
1770602101.5048554,BIT,1
1770602101.5048554,BIT,0
1770602101.7096243,BIT,1
1770602101.7096243,BIT,0
1770602101.7096243,BIT,1
1770602101.7096243,BIT,1
1770602101.7096243,BIT,1
1770602101.7096243,BIT,0
1770602101.7096243,BIT,1
1770602101.7096243,BIT,0
1770602101.7096243,BIT,0
1770602101.7096243,BIT,0
1770602101.9361053,BIT,0
1770602101.9361053,BIT,1
1770602101.9361053,BIT,0
1770602101.9361053,BIT,1
1770602101.9361053,BIT,0
1770602101.9361053,BIT,1
1770602101.9361053,BIT,1
1770602101.9361053,BIT,0
1770602101.9361053,BIT,0
1770602101.9361053,BIT,0
1770602102.1264722,BIT,1
1770602102.1264722,BIT,1
1770602102.1264722,BIT,1
1770602102.1264722,BIT,1
1770602102.1264722,BIT,0
1770602102.1264722,BIT,1
1770602102.1264722,BIT,1
1770602102.1264722,BIT,0
1770602102.1264722,BIT,1
1770602102.1264722,BIT,1
1770602102.3249109,BIT,1
1770602102.3249109,BIT,0
1770602102.3249109,BIT,1
1770602102.3249109,BIT,1
1770602102.3249109,BIT,0
1770602102.3249109,BIT,0
1770602102.3249109,BIT,0
1770602102.3249109,BIT,1
1770602102.3249109,BIT,0
1770602102.3249109,BIT,0
1770602102.515867,BIT,0
1770602102.515867,BIT,1
1770602102.515867,BIT,0
1770602102.515867,BIT,1
1770602102.515867,BIT,1
1770602102.515867,BIT,0
1770602102.515867,BIT,0
1770602102.515867,BIT,1
1770602102.515867,BIT,0
1770602102.515867,BIT,1
1770602102.721328,BIT,0
1770602102.721328,BIT,1
1770602102.721328,BIT,1
1770602102.721328,BIT,0
1770602102.721328,BIT,0
1770602102.721328,BIT,1
1770602102.721328,BIT,0
1770602102.721328,BIT,1
1770602102.721328,BIT,1
1770602102.721328,BIT,0
1770602102.920525,BIT,1
1770602102.920525,BIT,1
1770602102.920525,BIT,1
1770602102.920525,BIT,1
1770602102.920525,BIT,1
1770602102.920525,BIT,1
1770602102.920525,BIT,1
1770602102.920525,BIT,0
1770602102.920525,BIT,0
1770602102.920525,BIT,0
1770602103.1000035,BIT,1
1770602103.1000035,BIT,0
1770602103.1000035,BIT,0
1770602103.1000035,BIT,0
1770602103.1000035,BIT,1
1770602103.1000035,BIT,0
1770602103.1000035,BIT,1
1770602103.1000035,BIT,1
1770602103.1000035,BIT,1
1770602103.1000035,BIT,1
1770602103.2853742,BIT,0
1770602103.2853742,BIT,1
1770602103.2853742,BIT,0
1770602103.2853742,BIT,0
1770602103.2853742,BIT,1
1770602103.2853742,BIT,0
1770602103.2853742,BIT,0
1770602103.2853742,BIT,0
1770602103.2853742,BIT,1
1770602103.2853742,BIT,1
1770602103.4890957,BIT,0
1770602103.4890957,BIT,0
1770602103.4890957,BIT,1
1770602103.4890957,BIT,0
1770602103.4890957,BIT,1
1770602103.4890957,BIT,1
1770602103.4890957,BIT,1
1770602103.4890957,BIT,1
1770602103.4890957,BIT,1
1770602103.4890957,BIT,0
1770602103.6719596,BIT,0
1770602103.6719596,BIT,0
1770602103.6719596,BIT,1
1770602103.6719596,BIT,1
1770602103.6719596,BIT,1
1770602103.6719596,BIT,0
1770602103.6719596,BIT,1
1770602103.6719596,BIT,1
1770602103.6719596,BIT,1
1770602103.6719596,BIT,0
1770602103.8867583,BIT,0
1770602103.8867583,BIT,0
1770602103.8867583,BIT,1
1770602103.8867583,BIT,0
1770602103.8867583,BIT,0
1770602103.8867583,BIT,1
1770602103.8867583,BIT,0
1770602103.8867583,BIT,1
1770602103.8867583,BIT,0
1770602103.8867583,BIT,0
1770602104.0753136,BIT,0
1770602104.0753136,BIT,1
1770602104.0753136,BIT,0
1770602104.0753136,BIT,1
1770602104.0753136,BIT,0
1770602104.0753136,BIT,0
1770602104.0753136,BIT,1
1770602104.0753136,BIT,0
1770602104.0753136,BIT,0
1770602104.0753136,BIT,0
1770602104.2782733,BIT,1
1770602104.2782733,BIT,1
1770602104.2782733,BIT,1
1770602104.2782733,BIT,1
1770602104.2782733,BIT,0
1770602104.2782733,BIT,1
1770602104.2782733,BIT,1
1770602104.2782733,BIT,0
1770602104.2782733,BIT,0
1770602104.2782733,BIT,0
1770602104.477917,BIT,1
1770602104.477917,BIT,1
1770602104.477917,BIT,0
1770602104.477917,BIT,0
1770602104.477917,BIT,1
1770602104.477917,BIT,0
1770602104.477917,BIT,1
1770602104.477917,BIT,1
1770602104.477917,BIT,0
1770602104.477917,BIT,0
1770602104.6577592,BIT,0
1770602104.6577592,BIT,0
1770602104.6577592,BIT,0
1770602104.6577592,BIT,0
1770602104.6577592,BIT,1
1770602104.6577592,BIT,0
1770602104.6577592,BIT,0
1770602104.6577592,BIT,0
1770602104.6577592,BIT,0
1770602104.6577592,BIT,1
1770602104.8716779,BIT,0
1770602104.8716779,BIT,1
1770602104.8716779,BIT,1
1770602104.8716779,BIT,0
1770602104.8716779,BIT,0
1770602104.8716779,BIT,1
1770602104.8716779,BIT,1
1770602104.8716779,BIT,1
1770602104.8716779,BIT,1
1770602104.8716779,BIT,0
1770602105.0629642,BIT,1
1770602105.0629642,BIT,1
1770602105.0629642,BIT,1
1770602105.0629642,BIT,1
1770602105.0629642,BIT,1
1770602105.0629642,BIT,0
1770602105.0629642,BIT,1
1770602105.0629642,BIT,0
1770602105.0629642,BIT,0
1770602105.0629642,BIT,1
1770602105.2496605,BIT,1
1770602105.2496605,BIT,1
1770602105.2496605,BIT,1
1770602105.2496605,BIT,1
1770602105.2496605,BIT,1
1770602105.2496605,BIT,1
1770602105.2496605,BIT,1
1770602105.2496605,BIT,1
1770602105.2496605,BIT,1
1770602105.2496605,BIT,0
1770602105.4583616,BIT,0
1770602105.4583616,BIT,0
1770602105.4583616,BIT,0
1770602105.4583616,BIT,0
1770602105.4583616,BIT,1
1770602105.4583616,BIT,0
1770602105.4583616,BIT,1
1770602105.4583616,BIT,0
1770602105.4583616,BIT,0
1770602105.4583616,BIT,0
1770602105.6367319,BIT,0
1770602105.6367319,BIT,1
1770602105.6367319,BIT,0
1770602105.6367319,BIT,1
1770602105.6367319,BIT,0
1770602105.6367319,BIT,0
1770602105.6367319,BIT,0
1770602105.6367319,BIT,0
1770602105.6367319,BIT,0
1770602105.6367319,BIT,0
1770602105.8397949,BIT,1
1770602105.8397949,BIT,1
1770602105.8397949,BIT,1
1770602105.8397949,BIT,0
1770602105.8397949,BIT,1
1770602105.8397949,BIT,0
1770602105.8397949,BIT,0
1770602105.8397949,BIT,1
1770602105.8397949,BIT,0
1770602105.8397949,BIT,1
1770602106.028755,BIT,0
1770602106.028755,BIT,1
1770602106.028755,BIT,0
1770602106.028755,BIT,0
1770602106.028755,BIT,1
1770602106.028755,BIT,0
1770602106.028755,BIT,0
1770602106.028755,BIT,0
1770602106.028755,BIT,1
1770602106.028755,BIT,1
1770602106.2253873,BIT,0
1770602106.2253873,BIT,0
1770602106.2253873,BIT,1
1770602106.2253873,BIT,0
1770602106.2253873,BIT,1
1770602106.2253873,BIT,0
1770602106.2253873,BIT,0
1770602106.2253873,BIT,0
1770602106.2253873,BIT,0
1770602106.2253873,BIT,1
1770602106.4127903,BIT,1
1770602106.4127903,BIT,1
1770602106.4127903,BIT,1
1770602106.4127903,BIT,1
1770602106.4127903,BIT,0
1770602106.4127903,BIT,1
1770602106.4127903,BIT,1
1770602106.4127903,BIT,1
1770602106.4127903,BIT,0
1770602106.4127903,BIT,1
1770602106.5947602,BIT,0
1770602106.5947602,BIT,0
1770602106.5947602,BIT,0
1770602106.5947602,BIT,0
1770602106.5947602,BIT,0
1770602106.5947602,BIT,0
1770602106.5947602,BIT,1
1770602106.5947602,BIT,1
1770602106.5947602,BIT,0
1770602106.5947602,BIT,1
1770602106.8074472,BIT,0
1770602106.8074472,BIT,1
1770602106.8074472,BIT,1
1770602106.8074472,BIT,1
1770602106.8074472,BIT,1
1770602106.8074472,BIT,1
1770602106.8074472,BIT,0
1770602106.8074472,BIT,1
1770602106.8074472,BIT,1
1770602106.8074472,BIT,1
1770602107.0455182,BIT,1
1770602107.0455182,BIT,0
1770602107.0455182,BIT,1
1770602107.0455182,BIT,0
1770602107.0455182,BIT,1
1770602107.0455182,BIT,0
1770602107.0455182,BIT,0
1770602107.0455182,BIT,1
1770602107.0455182,BIT,1
1770602107.0455182,BIT,1
1770602107.2735028,BIT,1
1770602107.2735028,BIT,1
1770602107.2735028,BIT,0
1770602107.2735028,BIT,1
1770602107.2735028,BIT,1
1770602107.2735028,BIT,0
1770602107.2735028,BIT,0
1770602107.2735028,BIT,1
1770602107.2735028,BIT,1
1770602107.2735028,BIT,1
1770602107.4793882,BIT,0
1770602107.4793882,BIT,0
1770602107.4793882,BIT,0
1770602107.4793882,BIT,0
1770602107.4793882,BIT,1
1770602107.4793882,BIT,1
1770602107.4793882,BIT,1
1770602107.4793882,BIT,1
1770602107.4793882,BIT,1
1770602107.4793882,BIT,1
1770602107.6917725,BIT,1
1770602107.6917725,BIT,1
1770602107.6917725,BIT,0
1770602107.6917725,BIT,0
1770602107.6917725,BIT,1
1770602107.6917725,BIT,0
1770602107.6917725,BIT,1
1770602107.6917725,BIT,1
1770602107.6917725,BIT,1
1770602107.6917725,BIT,0
1770602107.8969433,BIT,1
1770602107.8969433,BIT,0
1770602107.8969433,BIT,0
1770602107.8969433,BIT,0
1770602107.8969433,BIT,0
1770602107.8969433,BIT,1
1770602107.8969433,BIT,0
1770602107.8969433,BIT,1
1770602107.8969433,BIT,1
1770602107.8969433,BIT,1
1770602108.09989,BIT,1
1770602108.09989,BIT,1
1770602108.09989,BIT,1
1770602108.09989,BIT,1
1770602108.09989,BIT,0
1770602108.09989,BIT,0
1770602108.09989,BIT,1
1770602108.09989,BIT,1
1770602108.09989,BIT,0
1770602108.09989,BIT,0
1770602108.4284613,BIT,1
1770602108.4284613,BIT,0
1770602108.4284613,BIT,1
1770602108.4284613,BIT,1
1770602108.4284613,BIT,1
1770602108.4284613,BIT,1
1770602108.4284613,BIT,0
1770602108.4284613,BIT,0
1770602108.4284613,BIT,1
1770602108.4284613,BIT,1
1770602108.7655537,BIT,1
1770602108.7655537,BIT,1
1770602108.7655537,BIT,0
1770602108.7655537,BIT,1
1770602108.7655537,BIT,1
1770602108.7655537,BIT,1
1770602108.7655537,BIT,1
1770602108.7655537,BIT,0
1770602108.7655537,BIT,1
1770602108.7655537,BIT,1
1770602109.0405824,BIT,0
1770602109.0405824,BIT,0
1770602109.0405824,BIT,1
1770602109.0405824,BIT,0
1770602109.0405824,BIT,1
1770602109.0405824,BIT,1
1770602109.0405824,BIT,1
1770602109.0405824,BIT,1
1770602109.0405824,BIT,0
1770602109.0405824,BIT,1
1770602109.2482803,BIT,1
1770602109.2482803,BIT,0
1770602109.2482803,BIT,0
1770602109.2482803,BIT,0
1770602109.2482803,BIT,0
1770602109.2482803,BIT,0
1770602109.2482803,BIT,1
1770602109.2482803,BIT,0
1770602109.2482803,BIT,0
1770602109.2482803,BIT,0
1770602109.4741185,BIT,1
1770602109.4741185,BIT,1
1770602109.4741185,BIT,0
1770602109.4741185,BIT,1
1770602109.4741185,BIT,1
1770602109.4741185,BIT,0
1770602109.4741185,BIT,1
1770602109.4741185,BIT,1
1770602109.4741185,BIT,0
1770602109.4741185,BIT,1
1770602110.0220788,BIT,0
1770602110.0220788,BIT,1
1770602110.0220788,BIT,1
1770602110.0220788,BIT,1
1770602110.0220788,BIT,1
1770602110.0220788,BIT,1
1770602110.0220788,BIT,0
1770602110.0220788,BIT,0
1770602110.0220788,BIT,1
1770602110.0220788,BIT,1
1770602110.401789,BIT,0
1770602110.401789,BIT,1
1770602110.401789,BIT,1
1770602110.401789,BIT,0
1770602110.401789,BIT,1
1770602110.401789,BIT,0
1770602110.401789,BIT,1
1770602110.401789,BIT,1
1770602110.401789,BIT,1
1770602110.401789,BIT,0
1770602110.6792464,BIT,0
1770602110.6792464,BIT,1
1770602110.6792464,BIT,1
1770602110.6792464,BIT,0
1770602110.6792464,BIT,0
1770602110.6792464,BIT,1
1770602110.6792464,BIT,1
1770602110.6792464,BIT,0
1770602110.6792464,BIT,0
1770602110.6792464,BIT,1
1770602110.9542046,BIT,0
1770602110.9542046,BIT,1
1770602110.9542046,BIT,1
1770602110.9542046,BIT,0
1770602110.9542046,BIT,1
1770602110.9542046,BIT,1
1770602110.9542046,BIT,0
1770602110.9542046,BIT,1
1770602110.9542046,BIT,1
1770602110.9542046,BIT,0
1770602111.1479244,BIT,1
1770602111.1479244,BIT,0
1770602111.1479244,BIT,0
1770602111.1479244,BIT,1
1770602111.1479244,BIT,0
1770602111.1479244,BIT,0
1770602111.1479244,BIT,1
1770602111.1479244,BIT,1
1770602111.1479244,BIT,0
1770602111.1479244,BIT,1
1770602111.3404503,BIT,0
1770602111.3404503,BIT,0
1770602111.3404503,BIT,0
1770602111.3404503,BIT,1
1770602111.3404503,BIT,1
1770602111.3404503,BIT,0
1770602111.3404503,BIT,1
1770602111.3404503,BIT,0
1770602111.3404503,BIT,0
1770602111.3404503,BIT,0
1770602111.52376,BIT,0
1770602111.52376,BIT,1
1770602111.52376,BIT,0
1770602111.52376,BIT,1
1770602111.52376,BIT,1
1770602111.52376,BIT,0
1770602111.52376,BIT,1
1770602111.52376,BIT,0
1770602111.52376,BIT,0
1770602111.52376,BIT,1
1770602111.6989832,BIT,0
1770602111.6989832,BIT,1
1770602111.6989832,BIT,1
1770602111.6989832,BIT,0
1770602111.6989832,BIT,0
1770602111.6989832,BIT,0
1770602111.6989832,BIT,1
1770602111.6989832,BIT,0
1770602111.6989832,BIT,1
1770602111.6989832,BIT,1
1770602111.902849,BIT,1
1770602111.902849,BIT,1
1770602111.902849,BIT,0
1770602111.902849,BIT,0
1770602111.902849,BIT,0
1770602111.902849,BIT,0
1770602111.902849,BIT,1
1770602111.902849,BIT,1
1770602111.902849,BIT,0
1770602111.902849,BIT,1
1770602112.0745354,BIT,1
1770602112.0745354,BIT,1
1770602112.0745354,BIT,1
1770602112.0745354,BIT,0
1770602112.0745354,BIT,1
1770602112.0745354,BIT,1
1770602112.0745354,BIT,1
1770602112.0745354,BIT,0
1770602112.0745354,BIT,1
1770602112.0745354,BIT,0
1770602112.259123,BIT,0
1770602112.259123,BIT,0
1770602112.259123,BIT,1
1770602112.259123,BIT,1
1770602112.259123,BIT,1
1770602112.259123,BIT,1
1770602112.259123,BIT,0
1770602112.259123,BIT,1
1770602112.259123,BIT,0
1770602112.259123,BIT,0
1770602112.448157,BIT,0
1770602112.448157,BIT,1
1770602112.448157,BIT,1
1770602112.448157,BIT,0
1770602112.448157,BIT,0
1770602112.448157,BIT,1
1770602112.448157,BIT,0
1770602112.448157,BIT,0
1770602112.448157,BIT,1
1770602112.448157,BIT,0
1770602112.6076086,BIT,1
1770602112.6076086,BIT,0
1770602112.6076086,BIT,1
1770602112.6076086,BIT,0
1770602112.6076086,BIT,1
1770602112.6076086,BIT,1
1770602112.6076086,BIT,0
1770602112.6076086,BIT,0
1770602112.6076086,BIT,0
1770602112.6076086,BIT,1
1770602112.7731633,BIT,1
1770602112.7731633,BIT,0
1770602112.7731633,BIT,0
1770602112.7731633,BIT,0
1770602112.7731633,BIT,0
1770602112.7731633,BIT,1
1770602112.7731633,BIT,0
1770602112.7731633,BIT,0
1770602112.7731633,BIT,1
1770602112.7731633,BIT,0
1770602112.9663446,BIT,0
1770602112.9663446,BIT,0
1770602112.9663446,BIT,0
1770602112.9663446,BIT,0
1770602112.9663446,BIT,1
1770602112.9663446,BIT,0
1770602112.9663446,BIT,0
1770602112.9663446,BIT,1
1770602112.9663446,BIT,0
1770602112.9663446,BIT,1
1770602113.1319737,BIT,1
1770602113.1319737,BIT,0
1770602113.1319737,BIT,0
1770602113.1319737,BIT,0
1770602113.1319737,BIT,1
1770602113.1319737,BIT,0
1770602113.1319737,BIT,1
1770602113.1319737,BIT,1
1770602113.1319737,BIT,0
1770602113.1319737,BIT,1
1770602113.331228,BIT,1
1770602113.331228,BIT,1
1770602113.331228,BIT,1
1770602113.331228,BIT,1
1770602113.331228,BIT,0
1770602113.331228,BIT,0
1770602113.331228,BIT,0
1770602113.331228,BIT,1
1770602113.331228,BIT,0
1770602113.331228,BIT,1
1770602113.5420225,BIT,1
1770602113.5420225,BIT,0
1770602113.5420225,BIT,0
1770602113.5420225,BIT,0
1770602113.5420225,BIT,0
1770602113.5420225,BIT,0
1770602113.5420225,BIT,0
1770602113.5420225,BIT,0
1770602113.5420225,BIT,1
1770602113.5420225,BIT,0
1770602113.8366015,BIT,0
1770602113.8366015,BIT,1
1770602113.8366015,BIT,0
1770602113.8366015,BIT,1
1770602113.8366015,BIT,0
1770602113.8366015,BIT,0
1770602113.8366015,BIT,0
1770602113.8366015,BIT,1
1770602113.8366015,BIT,0
1770602113.8366015,BIT,1
1770602114.11232,BIT,1
1770602114.11232,BIT,0
1770602114.11232,BIT,0
1770602114.11232,BIT,0
1770602114.11232,BIT,0
1770602114.11232,BIT,0
1770602114.11232,BIT,0
1770602114.11232,BIT,0
1770602114.11232,BIT,1
1770602114.11232,BIT,1
1770602114.3489943,BIT,0
1770602114.3489943,BIT,0
1770602114.3489943,BIT,1
1770602114.3489943,BIT,1
1770602114.3489943,BIT,1
1770602114.3489943,BIT,1
1770602114.3489943,BIT,1
1770602114.3489943,BIT,0
1770602114.3489943,BIT,1
1770602114.3489943,BIT,1
1770602114.5604572,BIT,0
1770602114.5604572,BIT,1
1770602114.5604572,BIT,0
1770602114.5604572,BIT,0
1770602114.5604572,BIT,1
1770602114.5604572,BIT,1
1770602114.5604572,BIT,1
1770602114.5604572,BIT,0
1770602114.5604572,BIT,0
1770602114.5604572,BIT,0
1770602114.7646198,BIT,0
1770602114.7646198,BIT,1
1770602114.7646198,BIT,0
1770602114.7646198,BIT,1
1770602114.7646198,BIT,1
1770602114.7646198,BIT,0
1770602114.7646198,BIT,1
1770602114.7646198,BIT,0
1770602114.7646198,BIT,0
1770602114.7646198,BIT,0
1770602115.0200388,BIT,0
1770602115.0200388,BIT,0
1770602115.0200388,BIT,1
1770602115.0200388,BIT,0
1770602115.0200388,BIT,0
1770602115.0200388,BIT,0
1770602115.0200388,BIT,0
1770602115.0200388,BIT,0
1770602115.0200388,BIT,1
1770602115.0200388,BIT,0
1770602115.2384903,BIT,0
1770602115.2384903,BIT,1
1770602115.2384903,BIT,1
1770602115.2384903,BIT,1
1770602115.2384903,BIT,0
1770602115.2384903,BIT,0
1770602115.2384903,BIT,1
1770602115.2384903,BIT,0
1770602115.2384903,BIT,1
1770602115.2384903,BIT,0
1770602115.4661472,BIT,1
1770602115.4661472,BIT,1
1770602115.4661472,BIT,0
1770602115.4661472,BIT,1
1770602115.4661472,BIT,0
1770602115.4661472,BIT,1
1770602115.4661472,BIT,1
1770602115.4661472,BIT,0
1770602115.4661472,BIT,1
1770602115.4661472,BIT,1
1770602115.69739,BIT,0
1770602115.69739,BIT,0
1770602115.69739,BIT,1
1770602115.69739,BIT,0
1770602115.69739,BIT,0
1770602115.69739,BIT,1
1770602115.69739,BIT,0
1770602115.69739,BIT,1
1770602115.69739,BIT,1
1770602115.69739,BIT,1
1770602115.9113572,BIT,0
1770602115.9113572,BIT,1
1770602115.9113572,BIT,0
1770602115.9113572,BIT,0
1770602115.9113572,BIT,0
1770602115.9113572,BIT,0
1770602115.9113572,BIT,0
1770602115.9113572,BIT,1
1770602115.9113572,BIT,1
1770602115.9113572,BIT,1
1770602116.1065013,BIT,1
1770602116.1065013,BIT,1
1770602116.1065013,BIT,0
1770602116.1065013,BIT,0
1770602116.1065013,BIT,0
1770602116.1065013,BIT,1
1770602116.1065013,BIT,1
1770602116.1065013,BIT,1
1770602116.1065013,BIT,1
1770602116.1065013,BIT,0
1770602116.340163,BIT,1
1770602116.340163,BIT,0
1770602116.340163,BIT,0
1770602116.340163,BIT,1
1770602116.340163,BIT,0
1770602116.340163,BIT,0
1770602116.340163,BIT,0
1770602116.340163,BIT,1
1770602116.340163,BIT,0
1770602116.340163,BIT,1
1770602116.5532393,BIT,0
1770602116.5532393,BIT,1
1770602116.5532393,BIT,0
1770602116.5532393,BIT,1
1770602116.5532393,BIT,1
1770602116.5532393,BIT,0
1770602116.5532393,BIT,1
1770602116.5532393,BIT,1
1770602116.5532393,BIT,1
1770602116.5532393,BIT,1
1770602116.757486,BIT,1
1770602116.757486,BIT,1
1770602116.757486,BIT,0
1770602116.757486,BIT,1
1770602116.757486,BIT,1
1770602116.757486,BIT,1
1770602116.757486,BIT,1
1770602116.757486,BIT,0
1770602116.757486,BIT,1
1770602116.757486,BIT,1
1770602116.999947,BIT,0
1770602116.999947,BIT,1
1770602116.999947,BIT,1
1770602116.999947,BIT,0
1770602116.999947,BIT,1
1770602116.999947,BIT,1
1770602116.999947,BIT,0
1770602116.999947,BIT,1
1770602116.999947,BIT,0
1770602116.999947,BIT,1
1770602117.2175546,BIT,1
1770602117.2175546,BIT,0
1770602117.2175546,BIT,0
1770602117.2175546,BIT,1
1770602117.2175546,BIT,0
1770602117.2175546,BIT,1
1770602117.2175546,BIT,1
1770602117.2175546,BIT,0
1770602117.2175546,BIT,1
1770602117.2175546,BIT,1
1770602117.418217,BIT,0
1770602117.418217,BIT,1
1770602117.418217,BIT,0
1770602117.418217,BIT,0
1770602117.418217,BIT,1
1770602117.418217,BIT,1
1770602117.418217,BIT,1
1770602117.418217,BIT,1
1770602117.418217,BIT,0
1770602117.418217,BIT,1
1770602117.6110542,BIT,0
1770602117.6110542,BIT,1
1770602117.6110542,BIT,1
1770602117.6110542,BIT,1
1770602117.6110542,BIT,0
1770602117.6110542,BIT,0
1770602117.6110542,BIT,1
1770602117.6110542,BIT,0
1770602117.6110542,BIT,0
1770602117.6110542,BIT,1
1770602117.8716877,BIT,0
1770602117.8716877,BIT,0
1770602117.8716877,BIT,0
1770602117.8716877,BIT,1
1770602117.8716877,BIT,1
1770602117.8716877,BIT,1
1770602117.8716877,BIT,1
1770602117.8716877,BIT,1
1770602117.8716877,BIT,1
1770602117.8716877,BIT,1
1770602118.0910559,BIT,0
1770602118.0910559,BIT,0
1770602118.0910559,BIT,0
1770602118.0910559,BIT,0
1770602118.0910559,BIT,1
1770602118.0910559,BIT,1
1770602118.0910559,BIT,0
1770602118.0910559,BIT,0
1770602118.0910559,BIT,0
1770602118.0910559,BIT,0
1770602118.2939057,BIT,0
1770602118.2939057,BIT,1
1770602118.2939057,BIT,0
1770602118.2939057,BIT,0
1770602118.2939057,BIT,0
1770602118.2939057,BIT,0
1770602118.2939057,BIT,1
1770602118.2939057,BIT,0
1770602118.2939057,BIT,0
1770602118.2939057,BIT,0
1770602118.4840133,BIT,0
1770602118.4840133,BIT,1
1770602118.4840133,BIT,0
1770602118.4840133,BIT,0
1770602118.4840133,BIT,0
1770602118.4840133,BIT,0
1770602118.4840133,BIT,0
1770602118.4840133,BIT,1
1770602118.4840133,BIT,0
1770602118.4840133,BIT,0
1770602118.6788206,BIT,0
1770602118.6788206,BIT,0
1770602118.6788206,BIT,1
1770602118.6788206,BIT,1
1770602118.6788206,BIT,0
1770602118.6788206,BIT,1
1770602118.6788206,BIT,1
1770602118.6788206,BIT,1
1770602118.6788206,BIT,1
1770602118.6788206,BIT,1
1770602118.8787415,BIT,0
1770602118.8787415,BIT,1
1770602118.8787415,BIT,1
1770602118.8787415,BIT,0
1770602118.8787415,BIT,0
1770602118.8787415,BIT,0
1770602118.8787415,BIT,1
1770602118.8787415,BIT,0
1770602118.8787415,BIT,1
1770602118.8787415,BIT,0
1770602119.0512104,BIT,1
1770602119.0512104,BIT,0
1770602119.0512104,BIT,0
1770602119.0512104,BIT,0
1770602119.0512104,BIT,1
1770602119.0512104,BIT,0
1770602119.0512104,BIT,1
1770602119.0512104,BIT,1
1770602119.0512104,BIT,0
1770602119.0512104,BIT,0
1770602119.2341309,BIT,0
1770602119.2341309,BIT,1
1770602119.2341309,BIT,0
1770602119.2341309,BIT,0
1770602119.2341309,BIT,0
1770602119.2341309,BIT,0
1770602119.2341309,BIT,0
1770602119.2341309,BIT,1
1770602119.2341309,BIT,0
1770602119.2341309,BIT,0
1770602119.4081984,BIT,1
1770602119.4081984,BIT,0
1770602119.4081984,BIT,1
1770602119.4081984,BIT,0
1770602119.4081984,BIT,0
1770602119.4081984,BIT,1
1770602119.4081984,BIT,1
1770602119.4081984,BIT,0
1770602119.4081984,BIT,0
1770602119.4081984,BIT,1
1770602119.5835774,BIT,0
1770602119.5835774,BIT,1
1770602119.5835774,BIT,0
1770602119.5835774,BIT,0
1770602119.5835774,BIT,0
1770602119.5835774,BIT,1
1770602119.5835774,BIT,0
1770602119.5835774,BIT,0
1770602119.5835774,BIT,1
1770602119.5835774,BIT,0
1770602119.7590477,BIT,0
1770602119.7590477,BIT,1
1770602119.7590477,BIT,1
1770602119.7590477,BIT,1
1770602119.7590477,BIT,1
1770602119.7590477,BIT,1
1770602119.7590477,BIT,0
1770602119.7590477,BIT,0
1770602119.7590477,BIT,1
1770602119.7590477,BIT,1
1770602119.9376225,BIT,0
1770602119.9376225,BIT,1
1770602119.9376225,BIT,1
1770602119.9376225,BIT,0
1770602119.9376225,BIT,1
1770602119.9376225,BIT,0
1770602119.9376225,BIT,0
1770602119.9376225,BIT,0
1770602119.9376225,BIT,0
1770602119.9376225,BIT,0
1770602120.1028447,BIT,1
1770602120.1028447,BIT,0
1770602120.1028447,BIT,1
1770602120.1028447,BIT,0
1770602120.1028447,BIT,0
1770602120.1028447,BIT,0
1770602120.1028447,BIT,1
1770602120.1028447,BIT,0
1770602120.1028447,BIT,0
1770602120.1028447,BIT,0
1770602120.2908454,BIT,0
1770602120.2908454,BIT,0
1770602120.2908454,BIT,0
1770602120.2908454,BIT,0
1770602120.2908454,BIT,0
1770602120.2908454,BIT,0
1770602120.2908454,BIT,1
1770602120.2908454,BIT,0
1770602120.2908454,BIT,1
1770602120.2908454,BIT,0
1770602120.4774811,BIT,0
1770602120.4774811,BIT,0
1770602120.4774811,BIT,0
1770602120.4774811,BIT,0
1770602120.4774811,BIT,0
1770602120.4774811,BIT,1
1770602120.4774811,BIT,0
1770602120.4774811,BIT,1
1770602120.4774811,BIT,0
1770602120.4774811,BIT,0
1770602120.6769264,BIT,0
1770602120.6769264,BIT,0
1770602120.6769264,BIT,0
1770602120.6769264,BIT,0
1770602120.6769264,BIT,1
1770602120.6769264,BIT,1
1770602120.6769264,BIT,1
1770602120.6769264,BIT,1
1770602120.6769264,BIT,0
1770602120.6769264,BIT,1
1770602120.874297,BIT,0
1770602120.874297,BIT,0
1770602120.874297,BIT,0
1770602120.874297,BIT,1
1770602120.874297,BIT,0
1770602120.874297,BIT,1
1770602120.874297,BIT,0
1770602120.874297,BIT,0
1770602120.874297,BIT,0
1770602120.874297,BIT,0
1770602121.0641153,BIT,1
1770602121.0641153,BIT,0
1770602121.0641153,BIT,1
1770602121.0641153,BIT,1
1770602121.0641153,BIT,1
1770602121.0641153,BIT,1
1770602121.0641153,BIT,0
1770602121.0641153,BIT,1
1770602121.0641153,BIT,1
1770602121.0641153,BIT,1
1770602121.2593875,BIT,1
1770602121.2593875,BIT,0
1770602121.2593875,BIT,0
1770602121.2593875,BIT,1
1770602121.2593875,BIT,1
1770602121.2593875,BIT,1
1770602121.2593875,BIT,0
1770602121.2593875,BIT,0
1770602121.2593875,BIT,0
1770602121.2593875,BIT,1
1770602121.4485135,BIT,0
1770602121.4485135,BIT,0
1770602121.4485135,BIT,1
1770602121.4485135,BIT,1
1770602121.4485135,BIT,0
1770602121.4485135,BIT,0
1770602121.4485135,BIT,1
1770602121.4485135,BIT,1
1770602121.4485135,BIT,1
1770602121.4485135,BIT,1
1770602121.635303,BIT,1
1770602121.635303,BIT,0
1770602121.635303,BIT,1
1770602121.635303,BIT,0
1770602121.635303,BIT,1
1770602121.635303,BIT,1
1770602121.635303,BIT,0
1770602121.635303,BIT,1
1770602121.635303,BIT,1
1770602121.635303,BIT,0
1770602121.8994842,BIT,1
1770602121.8994842,BIT,1
1770602121.8994842,BIT,0
1770602121.8994842,BIT,1
1770602121.8994842,BIT,0
1770602121.8994842,BIT,1
1770602121.8994842,BIT,0
1770602121.8994842,BIT,0
1770602121.8994842,BIT,1
1770602121.8994842,BIT,0
1770602122.0707762,BIT,1
1770602122.0707762,BIT,0
1770602122.0707762,BIT,1
1770602122.0707762,BIT,1
1770602122.0707762,BIT,0
1770602122.0707762,BIT,0
1770602122.0707762,BIT,0
1770602122.0707762,BIT,1
1770602122.0707762,BIT,1
1770602122.0707762,BIT,0
1770602122.2475681,BIT,0
1770602122.2475681,BIT,1
1770602122.2475681,BIT,1
1770602122.2475681,BIT,1
1770602122.2475681,BIT,1
1770602122.2475681,BIT,0
1770602122.2475681,BIT,1
1770602122.2475681,BIT,0
1770602122.2475681,BIT,1
1770602122.2475681,BIT,1
1770602122.4269843,BIT,0
1770602122.4269843,BIT,0
1770602122.4269843,BIT,1
1770602122.4269843,BIT,1
1770602122.4269843,BIT,0
1770602122.4269843,BIT,1
1770602122.4269843,BIT,1
1770602122.4269843,BIT,0
1770602122.4269843,BIT,0
1770602122.4269843,BIT,0
1770602122.6035771,BIT,1
1770602122.6035771,BIT,1
1770602122.6035771,BIT,0
1770602122.6035771,BIT,0
1770602122.6035771,BIT,0
1770602122.6035771,BIT,0
1770602122.6035771,BIT,0
1770602122.6035771,BIT,0
1770602122.6035771,BIT,1
1770602122.6035771,BIT,1
1770602122.7771776,BIT,0
1770602122.7771776,BIT,1
1770602122.7771776,BIT,0
1770602122.7771776,BIT,0
1770602122.7771776,BIT,0
1770602122.7771776,BIT,0
1770602122.7771776,BIT,1
1770602122.7771776,BIT,0
1770602122.7771776,BIT,0
1770602122.7771776,BIT,1
1770602122.9713192,BIT,1
1770602122.9713192,BIT,1
1770602122.9713192,BIT,0
1770602122.9713192,BIT,0
1770602122.9713192,BIT,0
1770602122.9713192,BIT,1
1770602122.9713192,BIT,0
1770602122.9713192,BIT,1
1770602122.9713192,BIT,1
1770602122.9713192,BIT,1
1770602123.1365507,BIT,1
1770602123.1365507,BIT,0
1770602123.1365507,BIT,0
1770602123.1365507,BIT,1
1770602123.1365507,BIT,0
1770602123.1365507,BIT,1
1770602123.1365507,BIT,0
1770602123.1365507,BIT,0
1770602123.1365507,BIT,1
1770602123.1365507,BIT,0
1770602123.3190575,BIT,1
1770602123.3190575,BIT,1
1770602123.3190575,BIT,1
1770602123.3190575,BIT,1
1770602123.3190575,BIT,0
1770602123.3190575,BIT,1
1770602123.3190575,BIT,1
1770602123.3190575,BIT,1
1770602123.3190575,BIT,0
1770602123.3190575,BIT,1
1770602123.489988,BIT,1
1770602123.489988,BIT,1
1770602123.489988,BIT,0
1770602123.489988,BIT,0
1770602123.489988,BIT,0
1770602123.489988,BIT,0
1770602123.489988,BIT,0
1770602123.489988,BIT,0
1770602123.489988,BIT,1
1770602123.489988,BIT,0
1770602123.6563754,BIT,1
1770602123.6563754,BIT,0
1770602123.6563754,BIT,0
1770602123.6563754,BIT,1
1770602123.6563754,BIT,1
1770602123.6563754,BIT,0
1770602123.6563754,BIT,1
1770602123.6563754,BIT,1
1770602123.6563754,BIT,1
1770602123.6563754,BIT,0
1770602123.8844242,BIT,0
1770602123.8844242,BIT,1
1770602123.8844242,BIT,1
1770602123.8844242,BIT,0
1770602123.8844242,BIT,1
1770602123.8844242,BIT,1
1770602123.8844242,BIT,0
1770602123.8844242,BIT,1
1770602123.8844242,BIT,0
1770602123.8844242,BIT,1
1770602124.0785542,BIT,1
1770602124.0785542,BIT,0
1770602124.0785542,BIT,0
1770602124.0785542,BIT,0
1770602124.0785542,BIT,1
1770602124.0785542,BIT,0
1770602124.0785542,BIT,1
1770602124.0785542,BIT,1
1770602124.0785542,BIT,1
1770602124.0785542,BIT,1
1770602124.2926323,BIT,0
1770602124.2926323,BIT,0
1770602124.2926323,BIT,0
1770602124.2926323,BIT,1
1770602124.2926323,BIT,1
1770602124.2926323,BIT,1
1770602124.2926323,BIT,0
1770602124.2926323,BIT,1
1770602124.2926323,BIT,1
1770602124.2926323,BIT,0
1770602124.5138612,BIT,0
1770602124.5138612,BIT,1
1770602124.5138612,BIT,1
1770602124.5138612,BIT,1
1770602124.5138612,BIT,1
1770602124.5138612,BIT,1
1770602124.5138612,BIT,0
1770602124.5138612,BIT,0
1770602124.5138612,BIT,0
1770602124.5138612,BIT,1
1770602124.7382426,BIT,0
1770602124.7382426,BIT,0
1770602124.7382426,BIT,0
1770602124.7382426,BIT,0
1770602124.7382426,BIT,0
1770602124.7382426,BIT,0
1770602124.7382426,BIT,0
1770602124.7382426,BIT,0
1770602124.7382426,BIT,0
1770602124.7382426,BIT,1
1770602124.9574647,BIT,1
1770602124.9574647,BIT,0
1770602124.9574647,BIT,1
1770602124.9574647,BIT,1
1770602124.9574647,BIT,1
1770602124.9574647,BIT,0
1770602124.9574647,BIT,1
1770602124.9574647,BIT,0
1770602124.9574647,BIT,1
1770602124.9574647,BIT,1
1770602125.1552696,BIT,0
1770602125.1552696,BIT,0
1770602125.1552696,BIT,1
1770602125.1552696,BIT,1
1770602125.1552696,BIT,1
1770602125.1552696,BIT,1
1770602125.1552696,BIT,0
1770602125.1552696,BIT,1
1770602125.1552696,BIT,1
1770602125.1552696,BIT,0
1770602125.3668988,BIT,0
1770602125.3668988,BIT,1
1770602125.3668988,BIT,0
1770602125.3668988,BIT,1
1770602125.3668988,BIT,0
1770602125.3668988,BIT,0
1770602125.3668988,BIT,0
1770602125.3668988,BIT,0
1770602125.3668988,BIT,0
1770602125.3668988,BIT,0
1770602125.591286,BIT,1
1770602125.591286,BIT,1
1770602125.591286,BIT,1
1770602125.591286,BIT,1
1770602125.591286,BIT,1
1770602125.591286,BIT,0
1770602125.591286,BIT,1
1770602125.591286,BIT,0
1770602125.591286,BIT,0
1770602125.591286,BIT,1
1770602125.8171341,BIT,0
1770602125.8171341,BIT,0
1770602125.8171341,BIT,1
1770602125.8171341,BIT,1
1770602125.8171341,BIT,1
1770602125.8171341,BIT,0
1770602125.8171341,BIT,1
1770602125.8171341,BIT,0
1770602125.8171341,BIT,1
1770602125.8171341,BIT,0
1770602126.0290546,BIT,1
1770602126.0290546,BIT,1
1770602126.0290546,BIT,1
1770602126.0290546,BIT,1
1770602126.0290546,BIT,1
1770602126.0290546,BIT,1
1770602126.0290546,BIT,1
1770602126.0290546,BIT,1
1770602126.0290546,BIT,1
1770602126.0290546,BIT,1
1770602126.2522962,BIT,0
1770602126.2522962,BIT,1
1770602126.2522962,BIT,1
1770602126.2522962,BIT,1
1770602126.2522962,BIT,0
1770602126.2522962,BIT,1
1770602126.2522962,BIT,1
1770602126.2522962,BIT,1
1770602126.2522962,BIT,1
1770602126.2522962,BIT,1
1770602126.4548664,BIT,0
1770602126.4548664,BIT,0
1770602126.4548664,BIT,1
1770602126.4548664,BIT,1
1770602126.4548664,BIT,1
1770602126.4548664,BIT,1
1770602126.4548664,BIT,0
1770602126.4548664,BIT,1
1770602126.4548664,BIT,0
1770602126.4548664,BIT,1
1770602126.6562767,BIT,0
1770602126.6562767,BIT,0
1770602126.6562767,BIT,1
1770602126.6562767,BIT,1
1770602126.6562767,BIT,0
1770602126.6562767,BIT,1
1770602126.6562767,BIT,1
1770602126.6562767,BIT,1
1770602126.6562767,BIT,1
1770602126.6562767,BIT,1
1770602126.8765762,BIT,1
1770602126.8765762,BIT,1
1770602126.8765762,BIT,1
1770602126.8765762,BIT,1
1770602126.8765762,BIT,0
1770602126.8765762,BIT,1
1770602126.8765762,BIT,0
1770602126.8765762,BIT,1
1770602126.8765762,BIT,1
1770602126.8765762,BIT,0
1770602127.090189,BIT,1
1770602127.090189,BIT,1
1770602127.090189,BIT,1
1770602127.090189,BIT,0
1770602127.090189,BIT,1
1770602127.090189,BIT,1
1770602127.090189,BIT,1
1770602127.090189,BIT,1
1770602127.090189,BIT,0
1770602127.090189,BIT,1
1770602127.316678,BIT,0
1770602127.316678,BIT,1
1770602127.316678,BIT,0
1770602127.316678,BIT,1
1770602127.316678,BIT,1
1770602127.316678,BIT,1
1770602127.316678,BIT,0
1770602127.316678,BIT,0
1770602127.316678,BIT,0
1770602127.316678,BIT,1
1770602127.5264091,BIT,1
1770602127.5264091,BIT,0
1770602127.5264091,BIT,1
1770602127.5264091,BIT,1
1770602127.5264091,BIT,1
1770602127.5264091,BIT,1
1770602127.5264091,BIT,0
1770602127.5264091,BIT,1
1770602127.5264091,BIT,0
1770602127.5264091,BIT,0
1770602127.7877142,BIT,1
1770602127.7877142,BIT,1
1770602127.7877142,BIT,0
1770602127.7877142,BIT,1
1770602127.7877142,BIT,0
1770602127.7877142,BIT,1
1770602127.7877142,BIT,1
1770602127.7877142,BIT,1
1770602127.7877142,BIT,0
1770602127.7877142,BIT,0
1770602128.0152328,BIT,1
1770602128.0152328,BIT,0
1770602128.0152328,BIT,1
1770602128.0152328,BIT,0
1770602128.0152328,BIT,1
1770602128.0152328,BIT,1
1770602128.0152328,BIT,0
1770602128.0152328,BIT,0
1770602128.0152328,BIT,0
1770602128.0152328,BIT,1
1770602128.2317376,BIT,1
1770602128.2317376,BIT,0
1770602128.2317376,BIT,0
1770602128.2317376,BIT,1
1770602128.2317376,BIT,1
1770602128.2317376,BIT,0
1770602128.2317376,BIT,0
1770602128.2317376,BIT,1
1770602128.2317376,BIT,1
1770602128.2317376,BIT,0
1770602128.4530575,BIT,1
1770602128.4530575,BIT,0
1770602128.4530575,BIT,1
1770602128.4530575,BIT,0
1770602128.4530575,BIT,0
1770602128.4530575,BIT,1
1770602128.4530575,BIT,0
1770602128.4530575,BIT,1
1770602128.4530575,BIT,0
1770602128.4530575,BIT,0
1770602128.671319,BIT,1
1770602128.671319,BIT,0
1770602128.671319,BIT,0
1770602128.671319,BIT,0
1770602128.671319,BIT,1
1770602128.671319,BIT,1
1770602128.671319,BIT,0
1770602128.671319,BIT,1
1770602128.671319,BIT,1
1770602128.671319,BIT,1
1770602128.9130094,BIT,0
1770602128.9130094,BIT,0
1770602128.9130094,BIT,0
1770602128.9130094,BIT,1
1770602128.9130094,BIT,0
1770602128.9130094,BIT,0
1770602128.9130094,BIT,1
1770602128.9130094,BIT,0
1770602128.9130094,BIT,0
1770602128.9130094,BIT,1
1770602129.1125007,BIT,0
1770602129.1125007,BIT,0
1770602129.1125007,BIT,1
1770602129.1125007,BIT,0
1770602129.1125007,BIT,0
1770602129.1125007,BIT,1
1770602129.1125007,BIT,1
1770602129.1125007,BIT,1
1770602129.1125007,BIT,1
1770602129.1125007,BIT,1
1770602129.318321,BIT,1
1770602129.318321,BIT,1
1770602129.318321,BIT,0
1770602129.318321,BIT,1
1770602129.318321,BIT,1
1770602129.318321,BIT,0
1770602129.318321,BIT,1
1770602129.318321,BIT,0
1770602129.318321,BIT,0
1770602129.318321,BIT,1
1770602129.5253258,BIT,1
1770602129.5253258,BIT,0
1770602129.5253258,BIT,0
1770602129.5253258,BIT,1
1770602129.5253258,BIT,1
1770602129.5253258,BIT,0
1770602129.5253258,BIT,0
1770602129.5253258,BIT,0
1770602129.5253258,BIT,1
1770602129.5253258,BIT,0
1770602129.757617,BIT,1
1770602129.757617,BIT,0
1770602129.757617,BIT,0
1770602129.757617,BIT,0
1770602129.757617,BIT,0
1770602129.757617,BIT,0
1770602129.757617,BIT,0
1770602129.757617,BIT,1
1770602129.757617,BIT,0
1770602129.757617,BIT,0
1770602130.0090816,BIT,0
1770602130.0090816,BIT,1
1770602130.0090816,BIT,1
1770602130.0090816,BIT,0
1770602130.0090816,BIT,0
1770602130.0090816,BIT,1
1770602130.0090816,BIT,1
1770602130.0090816,BIT,0
1770602130.0090816,BIT,0
1770602130.0090816,BIT,0
1770602130.4694827,BIT,0
1770602130.4694827,BIT,1
1770602130.4694827,BIT,0
1770602130.4694827,BIT,1
1770602130.4694827,BIT,1
1770602130.4694827,BIT,0
1770602130.4694827,BIT,0
1770602130.4694827,BIT,0
1770602130.4694827,BIT,1
1770602130.4694827,BIT,1
1770602130.8332498,BIT,1
1770602130.8332498,BIT,1
1770602130.8332498,BIT,1
1770602130.8332498,BIT,1
1770602130.8332498,BIT,0
1770602130.8332498,BIT,0
1770602130.8332498,BIT,0
1770602130.8332498,BIT,1
1770602130.8332498,BIT,1
1770602130.8332498,BIT,0
1770602131.210869,BIT,1
1770602131.210869,BIT,1
1770602131.210869,BIT,0
1770602131.210869,BIT,1
1770602131.210869,BIT,1
1770602131.210869,BIT,1
1770602131.210869,BIT,0
1770602131.210869,BIT,1
1770602131.210869,BIT,0
1770602131.210869,BIT,1
1770602131.6504092,BIT,0
1770602131.6504092,BIT,1
1770602131.6504092,BIT,0
1770602131.6504092,BIT,0
1770602131.6504092,BIT,0
1770602131.6504092,BIT,0
1770602131.6504092,BIT,0
1770602131.6504092,BIT,1
1770602131.6504092,BIT,1
1770602131.6504092,BIT,0
1770602132.0382175,BIT,1
1770602132.0382175,BIT,1
1770602132.0382175,BIT,1
1770602132.0382175,BIT,1
1770602132.0382175,BIT,1
1770602132.0382175,BIT,1
1770602132.0382175,BIT,1
1770602132.0382175,BIT,0
1770602132.0382175,BIT,0
1770602132.0382175,BIT,1
1770602132.4102354,BIT,1
1770602132.4102354,BIT,1
1770602132.4102354,BIT,0
1770602132.4102354,BIT,0
1770602132.4102354,BIT,0
1770602132.4102354,BIT,1
1770602132.4102354,BIT,1
1770602132.4102354,BIT,0
1770602132.4102354,BIT,0
1770602132.4102354,BIT,1
1770602132.7857125,BIT,0
1770602132.7857125,BIT,1
1770602132.7857125,BIT,0
1770602132.7857125,BIT,0
1770602132.7857125,BIT,0
1770602132.7857125,BIT,0
1770602132.7857125,BIT,1
1770602132.7857125,BIT,1
1770602132.7857125,BIT,1
1770602132.7857125,BIT,0
1770602133.1602106,BIT,1
1770602133.1602106,BIT,0
1770602133.1602106,BIT,1
1770602133.1602106,BIT,0
1770602133.1602106,BIT,0
1770602133.1602106,BIT,1
1770602133.1602106,BIT,1
1770602133.1602106,BIT,1
1770602133.1602106,BIT,1
1770602133.1602106,BIT,0
1770602133.4598083,BIT,1
1770602133.4598083,BIT,1
1770602133.4598083,BIT,1
1770602133.4598083,BIT,0
1770602133.4598083,BIT,1
1770602133.4598083,BIT,1
1770602133.4598083,BIT,1
1770602133.4598083,BIT,0
1770602133.4598083,BIT,0
1770602133.4598083,BIT,0
1770602133.7630992,BIT,0
1770602133.7630992,BIT,1
1770602133.7630992,BIT,1
1770602133.7630992,BIT,0
1770602133.7630992,BIT,0
1770602133.7630992,BIT,0
1770602133.7630992,BIT,0
1770602133.7630992,BIT,1
1770602133.7630992,BIT,1
1770602133.7630992,BIT,0
1770602134.1470044,BIT,0
1770602134.1470044,BIT,1
1770602134.1470044,BIT,0
1770602134.1470044,BIT,1
1770602134.1470044,BIT,0
1770602134.1470044,BIT,1
1770602134.1470044,BIT,1
1770602134.1470044,BIT,0
1770602134.1470044,BIT,1
1770602134.1470044,BIT,0
1770602134.5088801,BIT,0
1770602134.5088801,BIT,1
1770602134.5088801,BIT,1
1770602134.5088801,BIT,0
1770602134.5088801,BIT,1
1770602134.5088801,BIT,1
1770602134.5088801,BIT,0
1770602134.5088801,BIT,1
1770602134.5088801,BIT,0
1770602134.5088801,BIT,1
1770602134.9327385,BIT,0
1770602134.9327385,BIT,1
1770602134.9327385,BIT,0
1770602134.9327385,BIT,0
1770602134.9327385,BIT,1
1770602134.9327385,BIT,0
1770602134.9327385,BIT,1
1770602134.9327385,BIT,1
1770602134.9327385,BIT,1
1770602134.9327385,BIT,0
1770602135.3235195,BIT,0
1770602135.3235195,BIT,1
1770602135.3235195,BIT,0
1770602135.3235195,BIT,0
1770602135.3235195,BIT,1
1770602135.3235195,BIT,1
1770602135.3235195,BIT,1
1770602135.3235195,BIT,0
1770602135.3235195,BIT,0
1770602135.3235195,BIT,1
1770602135.6483223,BIT,0
1770602135.6483223,BIT,0
1770602135.6483223,BIT,0
1770602135.6483223,BIT,0
1770602135.6483223,BIT,1
1770602135.6483223,BIT,1
1770602135.6483223,BIT,0
1770602135.6483223,BIT,0
1770602135.6483223,BIT,0
1770602135.6483223,BIT,0
1770602136.057488,BIT,0
1770602136.057488,BIT,0
1770602136.057488,BIT,0
1770602136.057488,BIT,0
1770602136.057488,BIT,0
1770602136.057488,BIT,0
1770602136.057488,BIT,1
1770602136.057488,BIT,1
1770602136.057488,BIT,1
1770602136.057488,BIT,1
1770602136.3855236,BIT,0
1770602136.3855236,BIT,0
1770602136.3855236,BIT,1
1770602136.3855236,BIT,0
1770602136.3855236,BIT,0
1770602136.3855236,BIT,0
1770602136.3855236,BIT,0
1770602136.3855236,BIT,1
1770602136.3855236,BIT,1
1770602136.3855236,BIT,1
1770602136.737281,BIT,0
1770602136.737281,BIT,0
1770602136.737281,BIT,0
1770602136.737281,BIT,0
1770602136.737281,BIT,1
1770602136.737281,BIT,0
1770602136.737281,BIT,0
1770602136.737281,BIT,1
1770602136.737281,BIT,1
1770602136.737281,BIT,1
1770602137.127961,BIT,0
1770602137.127961,BIT,0
1770602137.127961,BIT,1
1770602137.127961,BIT,0
1770602137.127961,BIT,1
1770602137.127961,BIT,1
1770602137.127961,BIT,0
1770602137.127961,BIT,1
1770602137.127961,BIT,1
1770602137.127961,BIT,1
1770602137.6034055,BIT,0
1770602137.6034055,BIT,1
1770602137.6034055,BIT,1
1770602137.6034055,BIT,0
1770602137.6034055,BIT,1
1770602137.6034055,BIT,1
1770602137.6034055,BIT,1
1770602137.6034055,BIT,0
1770602137.6034055,BIT,0
1770602137.6034055,BIT,1
1770602138.0900016,BIT,1
1770602138.0900016,BIT,1
1770602138.0900016,BIT,0
1770602138.0900016,BIT,0
1770602138.0900016,BIT,1
1770602138.0900016,BIT,1
1770602138.0900016,BIT,1
1770602138.0900016,BIT,0
1770602138.0900016,BIT,0
1770602138.0900016,BIT,0
1770602138.5170002,BIT,1
1770602138.5170002,BIT,0
1770602138.5170002,BIT,0
1770602138.5170002,BIT,0
1770602138.5170002,BIT,1
1770602138.5170002,BIT,0
1770602138.5170002,BIT,0
1770602138.5170002,BIT,0
1770602138.5170002,BIT,0
1770602138.5170002,BIT,1
1770602139.1016548,BIT,0
1770602139.1016548,BIT,0
1770602139.1016548,BIT,1
1770602139.1016548,BIT,0
1770602139.1016548,BIT,0
1770602139.1016548,BIT,1
1770602139.1016548,BIT,1
1770602139.1016548,BIT,0
1770602139.1016548,BIT,0
1770602139.1016548,BIT,0
1770602139.5994737,BIT,1
1770602139.5994737,BIT,0
1770602139.5994737,BIT,1
1770602139.5994737,BIT,0
1770602139.5994737,BIT,0
1770602139.5994737,BIT,1
1770602139.5994737,BIT,1
1770602139.5994737,BIT,1
1770602139.5994737,BIT,0
1770602139.5994737,BIT,1
1770602140.2035062,BIT,0
1770602140.2035062,BIT,0
1770602140.2035062,BIT,1
1770602140.2035062,BIT,1
1770602140.2035062,BIT,1
1770602140.2035062,BIT,0
1770602140.2035062,BIT,0
1770602140.2035062,BIT,0
1770602140.2035062,BIT,0
1770602140.2035062,BIT,0
1770602140.708669,BIT,0
1770602140.708669,BIT,0
1770602140.708669,BIT,0
1770602140.708669,BIT,0
1770602140.708669,BIT,0
1770602140.708669,BIT,1
1770602140.708669,BIT,1
1770602140.708669,BIT,0
1770602140.708669,BIT,0
1770602140.708669,BIT,0
1770602141.0535643,BIT,0
1770602141.0535643,BIT,0
1770602141.0535643,BIT,0
1770602141.0535643,BIT,1
1770602141.0535643,BIT,1
1770602141.0535643,BIT,1
1770602141.0535643,BIT,0
1770602141.0535643,BIT,0
1770602141.0535643,BIT,1
1770602141.0535643,BIT,1
1770602141.3565965,BIT,0
1770602141.3565965,BIT,1
1770602141.3565965,BIT,1
1770602141.3565965,BIT,0
1770602141.3565965,BIT,0
1770602141.3565965,BIT,0
1770602141.3565965,BIT,1
1770602141.3565965,BIT,0
1770602141.3565965,BIT,1
1770602141.3565965,BIT,1
1770602141.628598,BIT,1
1770602141.628598,BIT,0
1770602141.628598,BIT,1
1770602141.628598,BIT,1
1770602141.628598,BIT,0
1770602141.628598,BIT,1
1770602141.628598,BIT,0
1770602141.628598,BIT,1
1770602141.628598,BIT,0
1770602141.628598,BIT,0
1770602141.9230728,BIT,0
1770602141.9230728,BIT,0
1770602141.9230728,BIT,0
1770602141.9230728,BIT,0
1770602141.9230728,BIT,0
1770602141.9230728,BIT,0
1770602141.9230728,BIT,0
1770602141.9230728,BIT,1
1770602141.9230728,BIT,1
1770602141.9230728,BIT,0
1770602142.1880677,BIT,1
1770602142.1880677,BIT,1
1770602142.1880677,BIT,0
1770602142.1880677,BIT,1
1770602142.1880677,BIT,1
1770602142.1880677,BIT,0
1770602142.1880677,BIT,1
1770602142.1880677,BIT,1
1770602142.1880677,BIT,0
1770602142.1880677,BIT,0
1770602142.5062969,BIT,0
1770602142.5062969,BIT,1
1770602142.5062969,BIT,1
1770602142.5062969,BIT,1
1770602142.5062969,BIT,0
1770602142.5062969,BIT,0
1770602142.5062969,BIT,0
1770602142.5062969,BIT,1
1770602142.5062969,BIT,1
1770602142.5062969,BIT,1
1770602142.81349,BIT,0
1770602142.81349,BIT,1
1770602142.81349,BIT,0
1770602142.81349,BIT,1
1770602142.81349,BIT,1
1770602142.81349,BIT,1
1770602142.81349,BIT,1
1770602142.81349,BIT,1
1770602142.81349,BIT,1
1770602142.81349,BIT,0
1770602143.0944,BIT,0
1770602143.0944,BIT,1
1770602143.0944,BIT,1
1770602143.0944,BIT,0
1770602143.0944,BIT,0
1770602143.0944,BIT,1
1770602143.0944,BIT,1
1770602143.0944,BIT,0
1770602143.0944,BIT,1
1770602143.0944,BIT,1
1770602143.3548083,BIT,1
1770602143.3548083,BIT,1
1770602143.3548083,BIT,0
1770602143.3548083,BIT,0
1770602143.3548083,BIT,1
1770602143.3548083,BIT,1
1770602143.3548083,BIT,1
1770602143.3548083,BIT,0
1770602143.3548083,BIT,0
1770602143.3548083,BIT,0
1770602143.6388032,BIT,0
1770602143.6388032,BIT,0
1770602143.6388032,BIT,1
1770602143.6388032,BIT,0
1770602143.6388032,BIT,0
1770602143.6388032,BIT,0
1770602143.6388032,BIT,0
1770602143.6388032,BIT,0
1770602143.6388032,BIT,1
1770602143.6388032,BIT,1
1770602143.92997,BIT,1
1770602143.92997,BIT,0
1770602143.92997,BIT,0
1770602143.92997,BIT,1
1770602143.92997,BIT,0
1770602143.92997,BIT,0
1770602143.92997,BIT,1
1770602143.92997,BIT,1
1770602143.92997,BIT,0
1770602143.92997,BIT,1
1770602144.2375963,BIT,0
1770602144.2375963,BIT,0
1770602144.2375963,BIT,0
1770602144.2375963,BIT,0
1770602144.2375963,BIT,1
1770602144.2375963,BIT,1
1770602144.2375963,BIT,0
1770602144.2375963,BIT,1
1770602144.2375963,BIT,0
1770602144.2375963,BIT,0
1770602144.5621934,BIT,0
1770602144.5621934,BIT,0
1770602144.5621934,BIT,0
1770602144.5621934,BIT,1
1770602144.5621934,BIT,0
1770602144.5621934,BIT,1
1770602144.5621934,BIT,1
1770602144.5621934,BIT,1
1770602144.5621934,BIT,1
1770602144.5621934,BIT,0
1770602145.0102696,BIT,0
1770602145.0102696,BIT,1
1770602145.0102696,BIT,0
1770602145.0102696,BIT,0
1770602145.0102696,BIT,1
1770602145.0102696,BIT,0
1770602145.0102696,BIT,1
1770602145.0102696,BIT,0
1770602145.0102696,BIT,0
1770602145.0102696,BIT,1
1770602145.3506088,BIT,0
1770602145.3506088,BIT,0
1770602145.3506088,BIT,1
1770602145.3506088,BIT,0
1770602145.3506088,BIT,1
1770602145.3506088,BIT,0
1770602145.3506088,BIT,1
1770602145.3506088,BIT,1
1770602145.3506088,BIT,0
1770602145.3506088,BIT,0
1770602145.8639686,BIT,1
1770602145.8639686,BIT,1
1770602145.8639686,BIT,1
1770602145.8639686,BIT,0
1770602145.8639686,BIT,1
1770602145.8639686,BIT,1
1770602145.8639686,BIT,1
1770602145.8639686,BIT,1
1770602145.8639686,BIT,0
1770602145.8639686,BIT,0
1770602146.3736565,BIT,0
1770602146.3736565,BIT,1
1770602146.3736565,BIT,1
1770602146.3736565,BIT,1
1770602146.3736565,BIT,1
1770602146.3736565,BIT,1
1770602146.3736565,BIT,1
1770602146.3736565,BIT,1
1770602146.3736565,BIT,1
1770602146.3736565,BIT,0
1770602146.9058485,BIT,1
1770602146.9058485,BIT,1
1770602146.9058485,BIT,1
1770602146.9058485,BIT,1
1770602146.9058485,BIT,0
1770602146.9058485,BIT,1
1770602146.9058485,BIT,1
1770602146.9058485,BIT,0
1770602146.9058485,BIT,0
1770602146.9058485,BIT,1
1770602147.3142424,BIT,1
1770602147.3142424,BIT,0
1770602147.3142424,BIT,1
1770602147.3142424,BIT,0
1770602147.3142424,BIT,1
1770602147.3142424,BIT,0
1770602147.3142424,BIT,0
1770602147.3142424,BIT,0
1770602147.3142424,BIT,0
1770602147.3142424,BIT,0
1770602147.7726007,BIT,0
1770602147.7726007,BIT,0
1770602147.7726007,BIT,0
1770602147.7726007,BIT,1
1770602147.7726007,BIT,0
1770602147.7726007,BIT,1
1770602147.7726007,BIT,1
1770602147.7726007,BIT,0
1770602147.7726007,BIT,1
1770602147.7726007,BIT,1
1770602148.2134368,BIT,0
1770602148.2134368,BIT,0
1770602148.2134368,BIT,0
1770602148.2134368,BIT,0
1770602148.2134368,BIT,1
1770602148.2134368,BIT,1
1770602148.2134368,BIT,0
1770602148.2134368,BIT,0
1770602148.2134368,BIT,0
1770602148.2134368,BIT,0
1770602148.647744,BIT,0
1770602148.647744,BIT,1
1770602148.647744,BIT,0
1770602148.647744,BIT,0
1770602148.647744,BIT,1
1770602148.647744,BIT,1
1770602148.647744,BIT,0
1770602148.647744,BIT,0
1770602148.647744,BIT,0
1770602148.647744,BIT,1
1770602149.020839,BIT,1
1770602149.020839,BIT,0
1770602149.020839,BIT,0
1770602149.020839,BIT,1
1770602149.020839,BIT,1
1770602149.020839,BIT,0
1770602149.020839,BIT,1
1770602149.020839,BIT,1
1770602149.020839,BIT,1
1770602149.020839,BIT,1
1770602149.3014302,BIT,0
1770602149.3014302,BIT,0
1770602149.3014302,BIT,0
1770602149.3014302,BIT,1
1770602149.3014302,BIT,0
1770602149.3014302,BIT,0
1770602149.3014302,BIT,1
1770602149.3014302,BIT,0
1770602149.3014302,BIT,0
1770602149.3014302,BIT,0
1770602149.5648162,BIT,1
1770602149.5648162,BIT,0
1770602149.5648162,BIT,1
1770602149.5648162,BIT,0
1770602149.5648162,BIT,0
1770602149.5648162,BIT,0
1770602149.5648162,BIT,0
1770602149.5648162,BIT,1
1770602149.5648162,BIT,0
1770602149.5648162,BIT,1
1770602149.8315032,BIT,1
1770602149.8315032,BIT,1
1770602149.8315032,BIT,1
1770602149.8315032,BIT,1
1770602149.8315032,BIT,1
1770602149.8315032,BIT,0
1770602149.8315032,BIT,1
1770602149.8315032,BIT,0
1770602149.8315032,BIT,1
1770602149.8315032,BIT,1
1770602150.1193123,BIT,1
1770602150.1193123,BIT,0
1770602150.1193123,BIT,0
1770602150.1193123,BIT,1
1770602150.1193123,BIT,1
1770602150.1193123,BIT,0
1770602150.1193123,BIT,1
1770602150.1193123,BIT,0
1770602150.1193123,BIT,1
1770602150.1193123,BIT,0
1770602150.4040046,BIT,1
1770602150.4040046,BIT,0
1770602150.4040046,BIT,1
1770602150.4040046,BIT,1
1770602150.4040046,BIT,1
1770602150.4040046,BIT,1
1770602150.4040046,BIT,1
1770602150.4040046,BIT,0
1770602150.4040046,BIT,0
1770602150.4040046,BIT,1
1770602150.6548574,BIT,0
1770602150.6548574,BIT,1
1770602150.6548574,BIT,0
1770602150.6548574,BIT,1
1770602150.6548574,BIT,1
1770602150.6548574,BIT,1
1770602150.6548574,BIT,0
1770602150.6548574,BIT,1
1770602150.6548574,BIT,1
1770602150.6548574,BIT,0
1770602150.9201443,BIT,0
1770602150.9201443,BIT,1
1770602150.9201443,BIT,1
1770602150.9201443,BIT,1
1770602150.9201443,BIT,1
1770602150.9201443,BIT,1
1770602150.9201443,BIT,1
1770602150.9201443,BIT,1
1770602150.9201443,BIT,1
1770602150.9201443,BIT,1
1770602151.1854205,BIT,0
1770602151.1854205,BIT,1
1770602151.1854205,BIT,0
1770602151.1854205,BIT,1
1770602151.1854205,BIT,0
1770602151.1854205,BIT,0
1770602151.1854205,BIT,0
1770602151.1854205,BIT,1
1770602151.1854205,BIT,1
1770602151.1854205,BIT,1
1770602151.565209,BIT,1
1770602151.565209,BIT,1
1770602151.565209,BIT,1
1770602151.565209,BIT,1
1770602151.565209,BIT,1
1770602151.565209,BIT,1
1770602151.565209,BIT,1
1770602151.565209,BIT,0
1770602151.565209,BIT,0
1770602151.565209,BIT,0
1770602151.8427043,BIT,1
1770602151.8427043,BIT,1
1770602151.8427043,BIT,1
1770602151.8427043,BIT,0
1770602151.8427043,BIT,0
1770602151.8427043,BIT,1
1770602151.8427043,BIT,1
1770602151.8427043,BIT,0
1770602151.8427043,BIT,1
1770602151.8427043,BIT,0
1770602152.2114754,BIT,1
1770602152.2114754,BIT,1
1770602152.2114754,BIT,0
1770602152.2114754,BIT,0
1770602152.2114754,BIT,0
1770602152.2114754,BIT,1
1770602152.2114754,BIT,0
1770602152.2114754,BIT,1
1770602152.2114754,BIT,1
1770602152.2114754,BIT,1
1770602152.4912379,BIT,0
1770602152.4912379,BIT,1
1770602152.4912379,BIT,0
1770602152.4912379,BIT,0
1770602152.4912379,BIT,1
1770602152.4912379,BIT,1
1770602152.4912379,BIT,0
1770602152.4912379,BIT,0
1770602152.4912379,BIT,1
1770602152.4912379,BIT,1
1770602152.817221,BIT,0
1770602152.817221,BIT,1
1770602152.817221,BIT,1
1770602152.817221,BIT,0
1770602152.817221,BIT,1
1770602152.817221,BIT,1
1770602152.817221,BIT,0
1770602152.817221,BIT,0
1770602152.817221,BIT,0
1770602152.817221,BIT,1
1770602153.2390733,BIT,0
1770602153.2390733,BIT,1
1770602153.2390733,BIT,1
1770602153.2390733,BIT,1
1770602153.2390733,BIT,0
1770602153.2390733,BIT,0
1770602153.2390733,BIT,1
1770602153.2390733,BIT,1
1770602153.2390733,BIT,1
1770602153.2390733,BIT,0
1770602153.7222922,BIT,0
1770602153.7222922,BIT,1
1770602153.7222922,BIT,0
1770602153.7222922,BIT,0
1770602153.7222922,BIT,0
1770602153.7222922,BIT,0
1770602153.7222922,BIT,1
1770602153.7222922,BIT,0
1770602153.7222922,BIT,1
1770602153.7222922,BIT,0
1770602154.2298574,BIT,1
1770602154.2298574,BIT,1
1770602154.2298574,BIT,0
1770602154.2298574,BIT,0
1770602154.2298574,BIT,1
1770602154.2298574,BIT,0
1770602154.2298574,BIT,1
1770602154.2298574,BIT,0
1770602154.2298574,BIT,0
1770602154.2298574,BIT,0
1770602154.8255222,BIT,1
1770602154.8255222,BIT,1
1770602154.8255222,BIT,1
1770602154.8255222,BIT,1
1770602154.8255222,BIT,1
1770602154.8255222,BIT,0
1770602154.8255222,BIT,0
1770602154.8255222,BIT,1
1770602154.8255222,BIT,0
1770602154.8255222,BIT,1
1770602155.3832347,BIT,0
1770602155.3832347,BIT,1
1770602155.3832347,BIT,0
1770602155.3832347,BIT,1
1770602155.3832347,BIT,0
1770602155.3832347,BIT,0
1770602155.3832347,BIT,0
1770602155.3832347,BIT,1
1770602155.3832347,BIT,0
1770602155.3832347,BIT,1
1770602155.9111633,BIT,1
1770602155.9111633,BIT,0
1770602155.9111633,BIT,1
1770602155.9111633,BIT,1
1770602155.9111633,BIT,0
1770602155.9111633,BIT,0
1770602155.9111633,BIT,1
1770602155.9111633,BIT,0
1770602155.9111633,BIT,0
1770602155.9111633,BIT,0
1770602156.4351497,BIT,1
1770602156.4351497,BIT,0
1770602156.4351497,BIT,1
1770602156.4351497,BIT,0
1770602156.4351497,BIT,0
1770602156.4351497,BIT,1
1770602156.4351497,BIT,0
1770602156.4351497,BIT,0
1770602156.4351497,BIT,1
1770602156.4351497,BIT,0
1770602157.0997128,BIT,0
1770602157.0997128,BIT,0
1770602157.0997128,BIT,1
1770602157.0997128,BIT,1
1770602157.0997128,BIT,1
1770602157.0997128,BIT,1
1770602157.0997128,BIT,0
1770602157.0997128,BIT,1
1770602157.0997128,BIT,1
1770602157.0997128,BIT,1
1770602157.823126,BIT,0
1770602157.823126,BIT,1
1770602157.823126,BIT,0
1770602157.823126,BIT,1
1770602157.823126,BIT,0
1770602157.823126,BIT,1
1770602157.823126,BIT,0
1770602157.823126,BIT,1
1770602157.823126,BIT,1
1770602157.823126,BIT,0
1770602158.356006,BIT,1
1770602158.356006,BIT,0
1770602158.356006,BIT,1
1770602158.356006,BIT,0
1770602158.356006,BIT,0
1770602158.356006,BIT,0
1770602158.356006,BIT,0
1770602158.356006,BIT,0
1770602158.356006,BIT,0
1770602158.356006,BIT,0
1770602158.8199399,BIT,1
1770602158.8199399,BIT,1
1770602158.8199399,BIT,1
1770602158.8199399,BIT,1
1770602158.8199399,BIT,1
1770602158.8199399,BIT,0
1770602158.8199399,BIT,1
1770602158.8199399,BIT,0
1770602158.8199399,BIT,0
1770602158.8199399,BIT,1
1770602159.288444,BIT,1
1770602159.288444,BIT,0
1770602159.288444,BIT,0
1770602159.288444,BIT,1
1770602159.288444,BIT,1
1770602159.288444,BIT,0
1770602159.288444,BIT,1
1770602159.288444,BIT,1
1770602159.288444,BIT,0
1770602159.288444,BIT,0
1770602159.754994,BIT,1
1770602159.754994,BIT,0
1770602159.754994,BIT,1
1770602159.754994,BIT,1
1770602159.754994,BIT,1
1770602159.754994,BIT,1
1770602159.754994,BIT,0
1770602159.754994,BIT,0
1770602159.754994,BIT,1
1770602159.754994,BIT,0
1770602160.1199107,BIT,0
1770602160.1199107,BIT,1
1770602160.1199107,BIT,1
1770602160.1199107,BIT,0
1770602160.1199107,BIT,0
1770602160.1199107,BIT,0
1770602160.1199107,BIT,1
1770602160.1199107,BIT,1
1770602160.1199107,BIT,0
1770602160.1199107,BIT,0
1770602160.5103106,BIT,0
1770602160.5103106,BIT,1
1770602160.5103106,BIT,0
1770602160.5103106,BIT,1
1770602160.5103106,BIT,1
1770602160.5103106,BIT,1
1770602160.5103106,BIT,1
1770602160.5103106,BIT,1
1770602160.5103106,BIT,0
1770602160.5103106,BIT,0
1770602160.9053001,BIT,1
1770602160.9053001,BIT,0
1770602160.9053001,BIT,0
1770602160.9053001,BIT,0
1770602160.9053001,BIT,1
1770602160.9053001,BIT,0
1770602160.9053001,BIT,1
1770602160.9053001,BIT,0
1770602160.9053001,BIT,0
1770602160.9053001,BIT,0
1770602161.2326798,BIT,1
1770602161.2326798,BIT,0
1770602161.2326798,BIT,1
1770602161.2326798,BIT,1
1770602161.2326798,BIT,0
1770602161.2326798,BIT,0
1770602161.2326798,BIT,0
1770602161.2326798,BIT,0
1770602161.2326798,BIT,1
1770602161.2326798,BIT,1
1770602161.5172126,BIT,0
1770602161.5172126,BIT,0
1770602161.5172126,BIT,0
1770602161.5172126,BIT,0
1770602161.5172126,BIT,1
1770602161.5172126,BIT,1
1770602161.5172126,BIT,0
1770602161.5172126,BIT,0
1770602161.5172126,BIT,0
1770602161.5172126,BIT,1
1770602161.783182,BIT,0
1770602161.783182,BIT,0
1770602161.783182,BIT,1
1770602161.783182,BIT,0
1770602161.783182,BIT,0
1770602161.783182,BIT,0
1770602161.783182,BIT,1
1770602161.783182,BIT,1
1770602161.783182,BIT,1
1770602161.783182,BIT,0
1770602162.0223687,BIT,1
1770602162.0223687,BIT,1
1770602162.0223687,BIT,1
1770602162.0223687,BIT,1
1770602162.0223687,BIT,1
1770602162.0223687,BIT,1
1770602162.0223687,BIT,0
1770602162.0223687,BIT,1
1770602162.0223687,BIT,0
1770602162.0223687,BIT,0
1770602162.2537506,BIT,0
1770602162.2537506,BIT,0
1770602162.2537506,BIT,0
1770602162.2537506,BIT,1
1770602162.2537506,BIT,1
1770602162.2537506,BIT,1
1770602162.2537506,BIT,0
1770602162.2537506,BIT,0
1770602162.2537506,BIT,0
1770602162.2537506,BIT,1
1770602162.4963398,BIT,0
1770602162.4963398,BIT,1
1770602162.4963398,BIT,0
1770602162.4963398,BIT,1
1770602162.4963398,BIT,0
1770602162.4963398,BIT,1
1770602162.4963398,BIT,0
1770602162.4963398,BIT,0
1770602162.4963398,BIT,1
1770602162.4963398,BIT,0
1770602162.7379599,BIT,0
1770602162.7379599,BIT,1
1770602162.7379599,BIT,0
1770602162.7379599,BIT,0
1770602162.7379599,BIT,1
1770602162.7379599,BIT,1
1770602162.7379599,BIT,1
1770602162.7379599,BIT,1
1770602162.7379599,BIT,0
1770602162.7379599,BIT,0
1770602162.989378,BIT,0
1770602162.989378,BIT,1
1770602162.989378,BIT,0
1770602162.989378,BIT,1
1770602162.989378,BIT,1
1770602162.989378,BIT,1
1770602162.989378,BIT,0
1770602162.989378,BIT,1
1770602162.989378,BIT,1
1770602162.989378,BIT,0
1770602163.2238777,BIT,1
1770602163.2238777,BIT,1
1770602163.2238777,BIT,1
1770602163.2238777,BIT,1
1770602163.2238777,BIT,0
1770602163.2238777,BIT,1
1770602163.2238777,BIT,0
1770602163.2238777,BIT,1
1770602163.2238777,BIT,1
1770602163.2238777,BIT,1
1770602163.459282,BIT,1
1770602163.459282,BIT,1
1770602163.459282,BIT,1
1770602163.459282,BIT,1
1770602163.459282,BIT,0
1770602163.459282,BIT,1
1770602163.459282,BIT,1
1770602163.459282,BIT,1
1770602163.459282,BIT,0
1770602163.459282,BIT,1
1770602163.701202,BIT,1
1770602163.701202,BIT,0
1770602163.701202,BIT,0
1770602163.701202,BIT,1
1770602163.701202,BIT,1
1770602163.701202,BIT,1
1770602163.701202,BIT,0
1770602163.701202,BIT,1
1770602163.701202,BIT,0
1770602163.701202,BIT,0
1770602163.9867635,BIT,0
1770602163.9867635,BIT,1
1770602163.9867635,BIT,1
1770602163.9867635,BIT,0
1770602163.9867635,BIT,0
1770602163.9867635,BIT,1
1770602163.9867635,BIT,1
1770602163.9867635,BIT,0
1770602163.9867635,BIT,1
1770602163.9867635,BIT,1
1770602164.2314696,BIT,1
1770602164.2314696,BIT,1
1770602164.2314696,BIT,0
1770602164.2314696,BIT,0
1770602164.2314696,BIT,0
1770602164.2314696,BIT,1
1770602164.2314696,BIT,1
1770602164.2314696,BIT,1
1770602164.2314696,BIT,1
1770602164.2314696,BIT,0
1770602164.520683,BIT,1
1770602164.520683,BIT,1
1770602164.520683,BIT,1
1770602164.520683,BIT,1
1770602164.520683,BIT,1
1770602164.520683,BIT,0
1770602164.520683,BIT,0
1770602164.520683,BIT,1
1770602164.520683,BIT,1
1770602164.520683,BIT,1
1770602164.8010337,BIT,0
1770602164.8010337,BIT,0
1770602164.8010337,BIT,0
1770602164.8010337,BIT,0
1770602164.8010337,BIT,1
1770602164.8010337,BIT,0
1770602164.8010337,BIT,1
1770602164.8010337,BIT,0
1770602164.8010337,BIT,0
1770602164.8010337,BIT,0
1770602165.070229,BIT,1
1770602165.070229,BIT,0
1770602165.070229,BIT,0
1770602165.070229,BIT,1
1770602165.070229,BIT,0
1770602165.070229,BIT,1
1770602165.070229,BIT,1
1770602165.070229,BIT,0
1770602165.070229,BIT,0
1770602165.070229,BIT,1
1770602165.3198225,BIT,1
1770602165.3198225,BIT,1
1770602165.3198225,BIT,0
1770602165.3198225,BIT,1
1770602165.3198225,BIT,1
1770602165.3198225,BIT,0
1770602165.3198225,BIT,0
1770602165.3198225,BIT,0
1770602165.3198225,BIT,1
1770602165.3198225,BIT,0
1770602165.5541487,BIT,1
1770602165.5541487,BIT,1
1770602165.5541487,BIT,1
1770602165.5541487,BIT,1
1770602165.5541487,BIT,1
1770602165.5541487,BIT,0
1770602165.5541487,BIT,0
1770602165.5541487,BIT,1
1770602165.5541487,BIT,0
1770602165.5541487,BIT,1
1770602165.8001733,BIT,0
1770602165.8001733,BIT,1
1770602165.8001733,BIT,0
1770602165.8001733,BIT,1
1770602165.8001733,BIT,0
1770602165.8001733,BIT,0
1770602165.8001733,BIT,1
1770602165.8001733,BIT,0
1770602165.8001733,BIT,1
1770602165.8001733,BIT,0
1770602166.0396135,BIT,0
1770602166.0396135,BIT,0
1770602166.0396135,BIT,1
1770602166.0396135,BIT,1
1770602166.0396135,BIT,1
1770602166.0396135,BIT,1
1770602166.0396135,BIT,0
1770602166.0396135,BIT,0
1770602166.0396135,BIT,0
1770602166.0396135,BIT,0
1770602166.2914798,BIT,1
1770602166.2914798,BIT,0
1770602166.2914798,BIT,0
1770602166.2914798,BIT,1
1770602166.2914798,BIT,0
1770602166.2914798,BIT,1
1770602166.2914798,BIT,0
1770602166.2914798,BIT,0
1770602166.2914798,BIT,0
1770602166.2914798,BIT,1
1770602166.534744,BIT,0
1770602166.534744,BIT,0
1770602166.534744,BIT,0
1770602166.534744,BIT,0
1770602166.534744,BIT,1
1770602166.534744,BIT,1
1770602166.534744,BIT,1
1770602166.534744,BIT,1
1770602166.534744,BIT,1
1770602166.534744,BIT,1
1770602166.794846,BIT,1
1770602166.794846,BIT,1
1770602166.794846,BIT,0
1770602166.794846,BIT,1
1770602166.794846,BIT,0
1770602166.794846,BIT,0
1770602166.794846,BIT,1
1770602166.794846,BIT,0
1770602166.794846,BIT,1
1770602166.794846,BIT,0
1770602167.0499759,BIT,0
1770602167.0499759,BIT,0
1770602167.0499759,BIT,1
1770602167.0499759,BIT,0
1770602167.0499759,BIT,0
1770602167.0499759,BIT,0
1770602167.0499759,BIT,1
1770602167.0499759,BIT,0
1770602167.0499759,BIT,1
1770602167.0499759,BIT,1
1770602167.3023186,BIT,0
1770602167.3023186,BIT,1
1770602167.3023186,BIT,1
1770602167.3023186,BIT,0
1770602167.3023186,BIT,1
1770602167.3023186,BIT,0
1770602167.3023186,BIT,0
1770602167.3023186,BIT,0
1770602167.3023186,BIT,0
1770602167.3023186,BIT,0
1770602167.5463598,BIT,1
1770602167.5463598,BIT,1
1770602167.5463598,BIT,0
1770602167.5463598,BIT,0
1770602167.5463598,BIT,0
1770602167.5463598,BIT,0
1770602167.5463598,BIT,0
1770602167.5463598,BIT,0
1770602167.5463598,BIT,1
1770602167.5463598,BIT,1
1770602167.7857633,BIT,0
1770602167.7857633,BIT,1
1770602167.7857633,BIT,0
1770602167.7857633,BIT,1
1770602167.7857633,BIT,0
1770602167.7857633,BIT,1
1770602167.7857633,BIT,1
1770602167.7857633,BIT,1
1770602167.7857633,BIT,0
1770602167.7857633,BIT,0
1770602168.0457754,BIT,1
1770602168.0457754,BIT,1
1770602168.0457754,BIT,0
1770602168.0457754,BIT,0
1770602168.0457754,BIT,0
1770602168.0457754,BIT,1
1770602168.0457754,BIT,0
1770602168.0457754,BIT,1
1770602168.0457754,BIT,1
1770602168.0457754,BIT,0
1770602168.276066,BIT,0
1770602168.276066,BIT,0
1770602168.276066,BIT,0
1770602168.276066,BIT,0
1770602168.276066,BIT,0
1770602168.276066,BIT,1
1770602168.276066,BIT,1
1770602168.276066,BIT,1
1770602168.276066,BIT,1
1770602168.276066,BIT,0
1770602168.5123696,BIT,1
1770602168.5123696,BIT,1
1770602168.5123696,BIT,0
1770602168.5123696,BIT,1
1770602168.5123696,BIT,1
1770602168.5123696,BIT,0
1770602168.5123696,BIT,1
1770602168.5123696,BIT,0
1770602168.5123696,BIT,0
1770602168.5123696,BIT,0
1770602168.7598846,BIT,0
1770602168.7598846,BIT,0
1770602168.7598846,BIT,1
1770602168.7598846,BIT,0
1770602168.7598846,BIT,0
1770602168.7598846,BIT,1
1770602168.7598846,BIT,0
1770602168.7598846,BIT,1
1770602168.7598846,BIT,0
1770602168.7598846,BIT,1
1770602169.0050032,BIT,0
1770602169.0050032,BIT,0
1770602169.0050032,BIT,1
1770602169.0050032,BIT,1
1770602169.0050032,BIT,0
1770602169.0050032,BIT,1
1770602169.0050032,BIT,1
1770602169.0050032,BIT,1
1770602169.0050032,BIT,0
1770602169.0050032,BIT,1
1770602169.245656,BIT,0
1770602169.245656,BIT,1
1770602169.245656,BIT,0
1770602169.245656,BIT,0
1770602169.245656,BIT,0
1770602169.245656,BIT,1
1770602169.245656,BIT,0
1770602169.245656,BIT,0
1770602169.245656,BIT,0
1770602169.245656,BIT,1
1770602169.497627,BIT,0
1770602169.497627,BIT,0
1770602169.497627,BIT,1
1770602169.497627,BIT,0
1770602169.497627,BIT,0
1770602169.497627,BIT,1
1770602169.497627,BIT,0
1770602169.497627,BIT,0
1770602169.497627,BIT,0
1770602169.497627,BIT,1
1770602169.7337055,BIT,0
1770602169.7337055,BIT,0
1770602169.7337055,BIT,0
1770602169.7337055,BIT,1
1770602169.7337055,BIT,1
1770602169.7337055,BIT,1
1770602169.7337055,BIT,1
1770602169.7337055,BIT,0
1770602169.7337055,BIT,0
1770602169.7337055,BIT,0
1770602169.9949274,BIT,1
1770602169.9949274,BIT,1
1770602169.9949274,BIT,1
1770602169.9949274,BIT,1
1770602169.9949274,BIT,1
1770602169.9949274,BIT,1
1770602169.9949274,BIT,1
1770602169.9949274,BIT,1
1770602169.9949274,BIT,0
1770602169.9949274,BIT,1
1770602170.2252383,BIT,1
1770602170.2252383,BIT,1
1770602170.2252383,BIT,1
1770602170.2252383,BIT,1
1770602170.2252383,BIT,0
1770602170.2252383,BIT,0
1770602170.2252383,BIT,1
1770602170.2252383,BIT,0
1770602170.2252383,BIT,1
1770602170.2252383,BIT,0
1770602170.4618902,BIT,0
1770602170.4618902,BIT,1
1770602170.4618902,BIT,1
1770602170.4618902,BIT,1
1770602170.4618902,BIT,0
1770602170.4618902,BIT,1
1770602170.4618902,BIT,0
1770602170.4618902,BIT,0
1770602170.4618902,BIT,1
1770602170.4618902,BIT,0
1770602170.6957362,BIT,0
1770602170.6957362,BIT,1
1770602170.6957362,BIT,0
1770602170.6957362,BIT,1
1770602170.6957362,BIT,1
1770602170.6957362,BIT,0
1770602170.6957362,BIT,0
1770602170.6957362,BIT,0
1770602170.6957362,BIT,1
1770602170.6957362,BIT,1
1770602170.9483132,BIT,1
1770602170.9483132,BIT,1
1770602170.9483132,BIT,1
1770602170.9483132,BIT,1
1770602170.9483132,BIT,0
1770602170.9483132,BIT,1
1770602170.9483132,BIT,0
1770602170.9483132,BIT,1
1770602170.9483132,BIT,1
1770602170.9483132,BIT,1
1770602171.1988206,BIT,1
1770602171.1988206,BIT,1
1770602171.1988206,BIT,1
1770602171.1988206,BIT,0
1770602171.1988206,BIT,1
1770602171.1988206,BIT,0
1770602171.1988206,BIT,1
1770602171.1988206,BIT,0
1770602171.1988206,BIT,0
1770602171.1988206,BIT,0
1770602171.4337814,BIT,0
1770602171.4337814,BIT,0
1770602171.4337814,BIT,0
1770602171.4337814,BIT,1
1770602171.4337814,BIT,0
1770602171.4337814,BIT,1
1770602171.4337814,BIT,0
1770602171.4337814,BIT,0
1770602171.4337814,BIT,0
1770602171.4337814,BIT,1
1770602171.6712873,BIT,0
1770602171.6712873,BIT,1
1770602171.6712873,BIT,1
1770602171.6712873,BIT,1
1770602171.6712873,BIT,1
1770602171.6712873,BIT,1
1770602171.6712873,BIT,0
1770602171.6712873,BIT,0
1770602171.6712873,BIT,0
1770602171.6712873,BIT,1
1770602171.926469,BIT,0
1770602171.926469,BIT,1
1770602171.926469,BIT,1
1770602171.926469,BIT,1
1770602171.926469,BIT,0
1770602171.926469,BIT,1
1770602171.926469,BIT,0
1770602171.926469,BIT,0
1770602171.926469,BIT,0
1770602171.926469,BIT,0
1770602172.182236,BIT,0
1770602172.182236,BIT,0
1770602172.182236,BIT,1
1770602172.182236,BIT,1
1770602172.182236,BIT,1
1770602172.182236,BIT,1
1770602172.182236,BIT,0
1770602172.182236,BIT,1
1770602172.182236,BIT,1
1770602172.182236,BIT,1
1770602172.3513558,BIT,1
1770602172.3513558,BIT,1
1770602172.3513558,BIT,0
1770602172.3513558,BIT,0
1770602172.3513558,BIT,1
1770602172.3513558,BIT,0
1770602172.3513558,BIT,1
1770602172.3513558,BIT,1
1770602172.3513558,BIT,0
1770602172.3513558,BIT,0
1770602172.524277,BIT,1
1770602172.524277,BIT,0
1770602172.524277,BIT,0
1770602172.524277,BIT,1
1770602172.524277,BIT,1
1770602172.524277,BIT,0
1770602172.524277,BIT,0
1770602172.524277,BIT,0
1770602172.524277,BIT,0
1770602172.524277,BIT,1
1770602172.695806,BIT,1
1770602172.695806,BIT,1
1770602172.695806,BIT,0
1770602172.695806,BIT,1
1770602172.695806,BIT,0
1770602172.695806,BIT,1
1770602172.695806,BIT,1
1770602172.695806,BIT,0
1770602172.695806,BIT,0
1770602172.695806,BIT,0
1770602172.8899138,BIT,0
1770602172.8899138,BIT,1
1770602172.8899138,BIT,1
1770602172.8899138,BIT,1
1770602172.8899138,BIT,1
1770602172.8899138,BIT,1
1770602172.8899138,BIT,0
1770602172.8899138,BIT,0
1770602172.8899138,BIT,0
1770602172.8899138,BIT,0
1770602173.0720232,BIT,0
1770602173.0720232,BIT,0
1770602173.0720232,BIT,0
1770602173.0720232,BIT,0
1770602173.0720232,BIT,1
1770602173.0720232,BIT,1
1770602173.0720232,BIT,0
1770602173.0720232,BIT,1
1770602173.0720232,BIT,0
1770602173.0720232,BIT,0
1770602173.2364368,BIT,1
1770602173.2364368,BIT,0
1770602173.2364368,BIT,0
1770602173.2364368,BIT,0
1770602173.2364368,BIT,0
1770602173.2364368,BIT,0
1770602173.2364368,BIT,0
1770602173.2364368,BIT,1
1770602173.2364368,BIT,1
1770602173.2364368,BIT,1
1770602173.4029717,BIT,0
1770602173.4029717,BIT,1
1770602173.4029717,BIT,1
1770602173.4029717,BIT,0
1770602173.4029717,BIT,1
1770602173.4029717,BIT,0
1770602173.4029717,BIT,0
1770602173.4029717,BIT,0
1770602173.4029717,BIT,1
1770602173.4029717,BIT,1
1770602173.5673835,BIT,1
1770602173.5673835,BIT,1
1770602173.5673835,BIT,1
1770602173.5673835,BIT,1
1770602173.5673835,BIT,1
1770602173.5673835,BIT,1
1770602173.5673835,BIT,0
1770602173.5673835,BIT,0
1770602173.5673835,BIT,1
1770602173.5673835,BIT,1
1770602173.7336414,BIT,1
1770602173.7336414,BIT,1
1770602173.7336414,BIT,0
1770602173.7336414,BIT,0
1770602173.7336414,BIT,0
1770602173.7336414,BIT,1
1770602173.7336414,BIT,0
1770602173.7336414,BIT,1
1770602173.7336414,BIT,0
1770602173.7336414,BIT,1
1770602173.9155624,BIT,0
1770602173.9155624,BIT,0
1770602173.9155624,BIT,1
1770602173.9155624,BIT,0
1770602173.9155624,BIT,0
1770602173.9155624,BIT,0
1770602173.9155624,BIT,0
1770602173.9155624,BIT,0
1770602173.9155624,BIT,0
1770602173.9155624,BIT,1
1770602174.080594,BIT,1
1770602174.080594,BIT,1
1770602174.080594,BIT,1
1770602174.080594,BIT,0
1770602174.080594,BIT,1
1770602174.080594,BIT,1
1770602174.080594,BIT,1
1770602174.080594,BIT,1
1770602174.080594,BIT,0
1770602174.080594,BIT,0
1770602174.251037,BIT,0
1770602174.251037,BIT,0
1770602174.251037,BIT,1
1770602174.251037,BIT,1
1770602174.251037,BIT,1
1770602174.251037,BIT,0
1770602174.251037,BIT,0
1770602174.251037,BIT,0
1770602174.251037,BIT,1
1770602174.251037,BIT,1
1770602174.4198043,BIT,1
1770602174.4198043,BIT,1
1770602174.4198043,BIT,0
1770602174.4198043,BIT,1
1770602174.4198043,BIT,1
1770602174.4198043,BIT,1
1770602174.4198043,BIT,0
1770602174.4198043,BIT,1
1770602174.4198043,BIT,1
1770602174.4198043,BIT,0
1770602174.57523,BIT,0
1770602174.57523,BIT,0
1770602174.57523,BIT,1
1770602174.57523,BIT,0
1770602174.57523,BIT,0
1770602174.57523,BIT,1
1770602174.57523,BIT,1
1770602174.57523,BIT,1
1770602174.57523,BIT,1
1770602174.57523,BIT,0
1770602174.7442532,BIT,0
1770602174.7442532,BIT,0
1770602174.7442532,BIT,1
1770602174.7442532,BIT,0
1770602174.7442532,BIT,0
1770602174.7442532,BIT,1
1770602174.7442532,BIT,0
1770602174.7442532,BIT,1
1770602174.7442532,BIT,0
1770602174.7442532,BIT,1
1770602174.9151483,BIT,0
1770602174.9151483,BIT,0
1770602174.9151483,BIT,1
1770602174.9151483,BIT,1
1770602174.9151483,BIT,1
1770602174.9151483,BIT,1
1770602174.9151483,BIT,1
1770602174.9151483,BIT,0
1770602174.9151483,BIT,1
1770602174.9151483,BIT,0
1770602175.087285,BIT,1
1770602175.087285,BIT,1
1770602175.087285,BIT,0
1770602175.087285,BIT,0
1770602175.087285,BIT,0
1770602175.087285,BIT,0
1770602175.087285,BIT,1
1770602175.087285,BIT,0
1770602175.087285,BIT,1
1770602175.087285,BIT,1
1770602175.2600758,BIT,0
1770602175.2600758,BIT,1
1770602175.2600758,BIT,1
1770602175.2600758,BIT,0
1770602175.2600758,BIT,0
1770602175.2600758,BIT,0
1770602175.2600758,BIT,0
1770602175.2600758,BIT,0
1770602175.2600758,BIT,0
1770602175.2600758,BIT,0
1770602175.4299657,BIT,1
1770602175.4299657,BIT,0
1770602175.4299657,BIT,1
1770602175.4299657,BIT,0
1770602175.4299657,BIT,0
1770602175.4299657,BIT,1
1770602175.4299657,BIT,0
1770602175.4299657,BIT,1
1770602175.4299657,BIT,0
1770602175.4299657,BIT,1
1770602175.589647,BIT,0
1770602175.589647,BIT,1
1770602175.589647,BIT,1
1770602175.589647,BIT,0
1770602175.589647,BIT,1
1770602175.589647,BIT,1
1770602175.589647,BIT,1
1770602175.589647,BIT,1
1770602175.589647,BIT,0
1770602175.589647,BIT,0
1770602175.7569284,BIT,0
1770602175.7569284,BIT,0
1770602175.7569284,BIT,0
1770602175.7569284,BIT,1
1770602175.7569284,BIT,1
1770602175.7569284,BIT,1
1770602175.7569284,BIT,0
1770602175.7569284,BIT,0
1770602175.7569284,BIT,0
1770602175.7569284,BIT,0
1770602175.9288661,BIT,0
1770602175.9288661,BIT,1
1770602175.9288661,BIT,1
1770602175.9288661,BIT,0
1770602175.9288661,BIT,0
1770602175.9288661,BIT,1
1770602175.9288661,BIT,0
1770602175.9288661,BIT,0
1770602175.9288661,BIT,0
1770602175.9288661,BIT,1
1770602176.1039357,BIT,0
1770602176.1039357,BIT,1
1770602176.1039357,BIT,1
1770602176.1039357,BIT,0
1770602176.1039357,BIT,0
1770602176.1039357,BIT,1
1770602176.1039357,BIT,1
1770602176.1039357,BIT,0
1770602176.1039357,BIT,0
1770602176.1039357,BIT,1
1770602176.2697048,BIT,1
1770602176.2697048,BIT,0
1770602176.2697048,BIT,1
1770602176.2697048,BIT,1
1770602176.2697048,BIT,0
1770602176.2697048,BIT,0
1770602176.2697048,BIT,0
1770602176.2697048,BIT,1
1770602176.2697048,BIT,1
1770602176.2697048,BIT,1
1770602176.4365008,BIT,1
1770602176.4365008,BIT,0
1770602176.4365008,BIT,1
1770602176.4365008,BIT,1
1770602176.4365008,BIT,0
1770602176.4365008,BIT,0
1770602176.4365008,BIT,1
1770602176.4365008,BIT,1
1770602176.4365008,BIT,0
1770602176.4365008,BIT,0
1770602176.6025047,BIT,1
1770602176.6025047,BIT,1
1770602176.6025047,BIT,1
1770602176.6025047,BIT,0
1770602176.6025047,BIT,0
1770602176.6025047,BIT,0
1770602176.6025047,BIT,1
1770602176.6025047,BIT,1
1770602176.6025047,BIT,0
1770602176.6025047,BIT,0
1770602176.7790082,BIT,1
1770602176.7790082,BIT,0
1770602176.7790082,BIT,0
1770602176.7790082,BIT,1
1770602176.7790082,BIT,1
1770602176.7790082,BIT,0
1770602176.7790082,BIT,0
1770602176.7790082,BIT,0
1770602176.7790082,BIT,1
1770602176.7790082,BIT,0
1770602176.9668925,BIT,0
1770602176.9668925,BIT,1
1770602176.9668925,BIT,0
1770602176.9668925,BIT,0
1770602176.9668925,BIT,0
1770602176.9668925,BIT,1
1770602176.9668925,BIT,1
1770602176.9668925,BIT,1
1770602176.9668925,BIT,0
1770602176.9668925,BIT,1
1770602177.1364582,BIT,0
1770602177.1364582,BIT,1
1770602177.1364582,BIT,1
1770602177.1364582,BIT,1
1770602177.1364582,BIT,1
1770602177.1364582,BIT,1
1770602177.1364582,BIT,0
1770602177.1364582,BIT,0
1770602177.1364582,BIT,0
1770602177.1364582,BIT,1
1770602177.315878,BIT,0
1770602177.315878,BIT,0
1770602177.315878,BIT,1
1770602177.315878,BIT,0
1770602177.315878,BIT,0
1770602177.315878,BIT,0
1770602177.315878,BIT,1
1770602177.315878,BIT,1
1770602177.315878,BIT,1
1770602177.315878,BIT,0
1770602177.4807758,BIT,0
1770602177.4807758,BIT,0
1770602177.4807758,BIT,1
1770602177.4807758,BIT,0
1770602177.4807758,BIT,0
1770602177.4807758,BIT,1
1770602177.4807758,BIT,0
1770602177.4807758,BIT,1
1770602177.4807758,BIT,0
1770602177.4807758,BIT,0
1770602177.6373627,BIT,1
1770602177.6373627,BIT,0
1770602177.6373627,BIT,0
1770602177.6373627,BIT,1
1770602177.6373627,BIT,0
1770602177.6373627,BIT,0
1770602177.6373627,BIT,1
1770602177.6373627,BIT,0
1770602177.6373627,BIT,1
1770602177.6373627,BIT,1
1770602177.8084142,BIT,0
1770602177.8084142,BIT,0
1770602177.8084142,BIT,1
1770602177.8084142,BIT,1
1770602177.8084142,BIT,0
1770602177.8084142,BIT,1
1770602177.8084142,BIT,1
1770602177.8084142,BIT,0
1770602177.8084142,BIT,1
1770602177.8084142,BIT,0
1770602177.97858,BIT,1
1770602177.97858,BIT,1
1770602177.97858,BIT,0
1770602177.97858,BIT,1
1770602177.97858,BIT,1
1770602177.97858,BIT,0
1770602177.97858,BIT,1
1770602177.97858,BIT,1
1770602177.97858,BIT,0
1770602177.97858,BIT,1
1770602178.1579006,BIT,1
1770602178.1579006,BIT,1
1770602178.1579006,BIT,1
1770602178.1579006,BIT,0
1770602178.1579006,BIT,1
1770602178.1579006,BIT,0
1770602178.1579006,BIT,1
1770602178.1579006,BIT,0
1770602178.1579006,BIT,1
1770602178.1579006,BIT,0
1770602178.3268158,BIT,0
1770602178.3268158,BIT,0
1770602178.3268158,BIT,0
1770602178.3268158,BIT,1
1770602178.3268158,BIT,0
1770602178.3268158,BIT,0
1770602178.3268158,BIT,0
1770602178.3268158,BIT,0
1770602178.3268158,BIT,0
1770602178.3268158,BIT,1
1770602178.4970868,BIT,1
1770602178.4970868,BIT,1
1770602178.4970868,BIT,1
1770602178.4970868,BIT,1
1770602178.4970868,BIT,1
1770602178.4970868,BIT,0
1770602178.4970868,BIT,1
1770602178.4970868,BIT,0
1770602178.4970868,BIT,1
1770602178.4970868,BIT,0
1770602178.6531553,BIT,1
1770602178.6531553,BIT,0
1770602178.6531553,BIT,0
1770602178.6531553,BIT,1
1770602178.6531553,BIT,1
1770602178.6531553,BIT,1
1770602178.6531553,BIT,0
1770602178.6531553,BIT,0
1770602178.6531553,BIT,0
1770602178.6531553,BIT,0
1770602178.8345652,BIT,0
1770602178.8345652,BIT,1
1770602178.8345652,BIT,1
1770602178.8345652,BIT,0
1770602178.8345652,BIT,1
1770602178.8345652,BIT,1
1770602178.8345652,BIT,1
1770602178.8345652,BIT,0
1770602178.8345652,BIT,0
1770602178.8345652,BIT,0
1770602178.9973192,BIT,0
1770602178.9973192,BIT,1
1770602178.9973192,BIT,0
1770602178.9973192,BIT,0
1770602178.9973192,BIT,1
1770602178.9973192,BIT,0
1770602178.9973192,BIT,0
1770602178.9973192,BIT,0
1770602178.9973192,BIT,0
1770602178.9973192,BIT,0
1770602179.1718366,BIT,1
1770602179.1718366,BIT,0
1770602179.1718366,BIT,1
1770602179.1718366,BIT,0
1770602179.1718366,BIT,1
1770602179.1718366,BIT,0
1770602179.1718366,BIT,1
1770602179.1718366,BIT,1
1770602179.1718366,BIT,1
1770602179.1718366,BIT,0
1770602179.3499544,BIT,1
1770602179.3499544,BIT,1
1770602179.3499544,BIT,1
1770602179.3499544,BIT,0
1770602179.3499544,BIT,1
1770602179.3499544,BIT,1
1770602179.3499544,BIT,1
1770602179.3499544,BIT,0
1770602179.3499544,BIT,0
1770602179.3499544,BIT,0
1770602179.5159895,BIT,1
1770602179.5159895,BIT,1
1770602179.5159895,BIT,1
1770602179.5159895,BIT,0
1770602179.5159895,BIT,1
1770602179.5159895,BIT,1
1770602179.5159895,BIT,1
1770602179.5159895,BIT,1
1770602179.5159895,BIT,1
1770602179.5159895,BIT,0
1770602179.6731372,BIT,1
1770602179.6731372,BIT,0
1770602179.6731372,BIT,0
1770602179.6731372,BIT,1
1770602179.6731372,BIT,1
1770602179.6731372,BIT,1
1770602179.6731372,BIT,1
1770602179.6731372,BIT,0
1770602179.6731372,BIT,0
1770602179.6731372,BIT,1
1770602179.842601,BIT,0
1770602179.842601,BIT,0
1770602179.842601,BIT,1
1770602179.842601,BIT,1
1770602179.842601,BIT,1
1770602179.842601,BIT,1
1770602179.842601,BIT,1
1770602179.842601,BIT,0
1770602179.842601,BIT,1
1770602179.842601,BIT,1
1770602180.0118732,BIT,0
1770602180.0118732,BIT,0
1770602180.0118732,BIT,0
1770602180.0118732,BIT,1
1770602180.0118732,BIT,1
1770602180.0118732,BIT,1
1770602180.0118732,BIT,1
1770602180.0118732,BIT,0
1770602180.0118732,BIT,0
1770602180.0118732,BIT,0
1770602180.1859503,BIT,1
1770602180.1859503,BIT,0
1770602180.1859503,BIT,0
1770602180.1859503,BIT,0
1770602180.1859503,BIT,0
1770602180.1859503,BIT,0
1770602180.1859503,BIT,0
1770602180.1859503,BIT,1
1770602180.1859503,BIT,0
1770602180.1859503,BIT,1
1770602180.3518734,BIT,1
1770602180.3518734,BIT,0
1770602180.3518734,BIT,0
1770602180.3518734,BIT,1
1770602180.3518734,BIT,1
1770602180.3518734,BIT,0
1770602180.3518734,BIT,1
1770602180.3518734,BIT,1
1770602180.3518734,BIT,1
1770602180.3518734,BIT,0
1770602180.517867,BIT,0
1770602180.517867,BIT,1
1770602180.517867,BIT,0
1770602180.517867,BIT,0
1770602180.517867,BIT,1
1770602180.517867,BIT,0
1770602180.517867,BIT,1
1770602180.517867,BIT,1
1770602180.517867,BIT,1
1770602180.517867,BIT,0
1770602180.6781213,BIT,1
1770602180.6781213,BIT,0
1770602180.6781213,BIT,0
1770602180.6781213,BIT,1
1770602180.6781213,BIT,1
1770602180.6781213,BIT,0
1770602180.6781213,BIT,0
1770602180.6781213,BIT,1
1770602180.6781213,BIT,0
1770602180.6781213,BIT,0
1770602180.8494072,BIT,1
1770602180.8494072,BIT,1
1770602180.8494072,BIT,1
1770602180.8494072,BIT,0
1770602180.8494072,BIT,1
1770602180.8494072,BIT,0
1770602180.8494072,BIT,0
1770602180.8494072,BIT,1
1770602180.8494072,BIT,0
1770602180.8494072,BIT,1
1770602181.0109215,BIT,1
1770602181.0109215,BIT,1
1770602181.0109215,BIT,1
1770602181.0109215,BIT,0
1770602181.0109215,BIT,0
1770602181.0109215,BIT,0
1770602181.0109215,BIT,0
1770602181.0109215,BIT,1
1770602181.0109215,BIT,0
1770602181.0109215,BIT,0
1770602181.1857243,BIT,0
1770602181.1857243,BIT,0
1770602181.1857243,BIT,1
1770602181.1857243,BIT,1
1770602181.1857243,BIT,1
1770602181.1857243,BIT,1
1770602181.1857243,BIT,1
1770602181.1857243,BIT,1
1770602181.1857243,BIT,1
1770602181.1857243,BIT,1
1770602181.3612719,BIT,0
1770602181.3612719,BIT,1
1770602181.3612719,BIT,1
1770602181.3612719,BIT,0
1770602181.3612719,BIT,0
1770602181.3612719,BIT,1
1770602181.3612719,BIT,1
1770602181.3612719,BIT,1
1770602181.3612719,BIT,1
1770602181.3612719,BIT,0
1770602181.5226026,BIT,0
1770602181.5226026,BIT,0
1770602181.5226026,BIT,1
1770602181.5226026,BIT,1
1770602181.5226026,BIT,1
1770602181.5226026,BIT,0
1770602181.5226026,BIT,0
1770602181.5226026,BIT,0
1770602181.5226026,BIT,1
1770602181.5226026,BIT,1
1770602181.703277,BIT,1
1770602181.703277,BIT,0
1770602181.703277,BIT,0
1770602181.703277,BIT,0
1770602181.703277,BIT,0
1770602181.703277,BIT,0
1770602181.703277,BIT,0
1770602181.703277,BIT,1
1770602181.703277,BIT,1
1770602181.703277,BIT,1
1770602181.8747942,BIT,1
1770602181.8747942,BIT,1
1770602181.8747942,BIT,0
1770602181.8747942,BIT,1
1770602181.8747942,BIT,0
1770602181.8747942,BIT,1
1770602181.8747942,BIT,0
1770602181.8747942,BIT,1
1770602181.8747942,BIT,0
1770602181.8747942,BIT,1
1770602182.0380402,BIT,1
1770602182.0380402,BIT,1
1770602182.0380402,BIT,0
1770602182.0380402,BIT,1
1770602182.0380402,BIT,0
1770602182.0380402,BIT,0
1770602182.0380402,BIT,1
1770602182.0380402,BIT,1
1770602182.0380402,BIT,0
1770602182.0380402,BIT,0
1770602182.2129078,BIT,1
1770602182.2129078,BIT,1
1770602182.2129078,BIT,0
1770602182.2129078,BIT,0
1770602182.2129078,BIT,0
1770602182.2129078,BIT,1
1770602182.2129078,BIT,0
1770602182.2129078,BIT,0
1770602182.2129078,BIT,0
1770602182.2129078,BIT,1
1770602182.3729846,BIT,1
1770602182.3729846,BIT,1
1770602182.3729846,BIT,1
1770602182.3729846,BIT,1
1770602182.3729846,BIT,0
1770602182.3729846,BIT,1
1770602182.3729846,BIT,0
1770602182.3729846,BIT,1
1770602182.3729846,BIT,1
1770602182.3729846,BIT,1
1770602182.5397627,BIT,0
1770602182.5397627,BIT,0
1770602182.5397627,BIT,1
1770602182.5397627,BIT,1
1770602182.5397627,BIT,0
1770602182.5397627,BIT,0
1770602182.5397627,BIT,1
1770602182.5397627,BIT,0
1770602182.5397627,BIT,0
1770602182.5397627,BIT,1
1770602182.7048633,BIT,0
1770602182.7048633,BIT,1
1770602182.7048633,BIT,1
1770602182.7048633,BIT,1
1770602182.7048633,BIT,0
1770602182.7048633,BIT,0
1770602182.7048633,BIT,0
1770602182.7048633,BIT,0
1770602182.7048633,BIT,0
1770602182.7048633,BIT,1
1770602182.8735318,BIT,1
1770602182.8735318,BIT,1
1770602182.8735318,BIT,1
1770602182.8735318,BIT,1
1770602182.8735318,BIT,1
1770602182.8735318,BIT,1
1770602182.8735318,BIT,0
1770602182.8735318,BIT,1
1770602182.8735318,BIT,1
1770602182.8735318,BIT,1
1770602183.0472145,BIT,0
1770602183.0472145,BIT,0
1770602183.0472145,BIT,0
1770602183.0472145,BIT,0
1770602183.0472145,BIT,1
1770602183.0472145,BIT,1
1770602183.0472145,BIT,0
1770602183.0472145,BIT,0
1770602183.0472145,BIT,1
1770602183.0472145,BIT,0
1770602183.2267694,BIT,1
1770602183.2267694,BIT,1
1770602183.2267694,BIT,0
1770602183.2267694,BIT,0
1770602183.2267694,BIT,1
1770602183.2267694,BIT,0
1770602183.2267694,BIT,1
1770602183.2267694,BIT,1
1770602183.2267694,BIT,1
1770602183.2267694,BIT,1
1770602183.4150724,BIT,1
1770602183.4150724,BIT,1
1770602183.4150724,BIT,1
1770602183.4150724,BIT,0
1770602183.4150724,BIT,0
1770602183.4150724,BIT,0
1770602183.4150724,BIT,1
1770602183.4150724,BIT,0
1770602183.4150724,BIT,0
1770602183.4150724,BIT,1
1770602183.5714366,BIT,1
1770602183.5714366,BIT,0
1770602183.5714366,BIT,0
1770602183.5714366,BIT,0
1770602183.5714366,BIT,1
1770602183.5714366,BIT,0
1770602183.5714366,BIT,1
1770602183.5714366,BIT,0
1770602183.5714366,BIT,0
1770602183.5714366,BIT,1
1770602183.7466483,BIT,0
1770602183.7466483,BIT,1
1770602183.7466483,BIT,0
1770602183.7466483,BIT,1
1770602183.7466483,BIT,0
1770602183.7466483,BIT,1
1770602183.7466483,BIT,0
1770602183.7466483,BIT,1
1770602183.7466483,BIT,0
1770602183.7466483,BIT,1
1770602183.9572413,BIT,0
1770602183.9572413,BIT,0
1770602183.9572413,BIT,0
1770602183.9572413,BIT,0
1770602183.9572413,BIT,1
1770602183.9572413,BIT,1
1770602183.9572413,BIT,0
1770602183.9572413,BIT,0
1770602183.9572413,BIT,0
1770602183.9572413,BIT,0
1770602184.137648,BIT,1
1770602184.137648,BIT,0
1770602184.137648,BIT,1
1770602184.137648,BIT,1
1770602184.137648,BIT,0
1770602184.137648,BIT,0
1770602184.137648,BIT,1
1770602184.137648,BIT,1
1770602184.137648,BIT,0
1770602184.137648,BIT,0
1770602184.3440645,BIT,1
1770602184.3440645,BIT,0
1770602184.3440645,BIT,0
1770602184.3440645,BIT,0
1770602184.3440645,BIT,0
1770602184.3440645,BIT,0
1770602184.3440645,BIT,1
1770602184.3440645,BIT,0
1770602184.3440645,BIT,0
1770602184.3440645,BIT,1
1770602184.5389538,BIT,0
1770602184.5389538,BIT,1
1770602184.5389538,BIT,1
1770602184.5389538,BIT,0
1770602184.5389538,BIT,1
1770602184.5389538,BIT,0
1770602184.5389538,BIT,1
1770602184.5389538,BIT,1
1770602184.5389538,BIT,0
1770602184.5389538,BIT,1
1770602184.773826,BIT,1
1770602184.773826,BIT,0
1770602184.773826,BIT,0
1770602184.773826,BIT,0
1770602184.773826,BIT,0
1770602184.773826,BIT,1
1770602184.773826,BIT,1
1770602184.773826,BIT,0
1770602184.773826,BIT,1
1770602184.773826,BIT,0
1770602184.991594,BIT,0
1770602184.991594,BIT,1
1770602184.991594,BIT,0
1770602184.991594,BIT,1
1770602184.991594,BIT,1
1770602184.991594,BIT,1
1770602184.991594,BIT,0
1770602184.991594,BIT,0
1770602184.991594,BIT,0
1770602184.991594,BIT,1
1770602185.2032351,BIT,0
1770602185.2032351,BIT,0
1770602185.2032351,BIT,0
1770602185.2032351,BIT,0
1770602185.2032351,BIT,1
1770602185.2032351,BIT,1
1770602185.2032351,BIT,0
1770602185.2032351,BIT,1
1770602185.2032351,BIT,1
1770602185.2032351,BIT,0
1770602185.420265,BIT,0
1770602185.420265,BIT,0
1770602185.420265,BIT,0
1770602185.420265,BIT,1
1770602185.420265,BIT,1
1770602185.420265,BIT,0
1770602185.420265,BIT,1
1770602185.420265,BIT,1
1770602185.420265,BIT,1
1770602185.420265,BIT,1
1770602185.6154637,BIT,1
1770602185.6154637,BIT,1
1770602185.6154637,BIT,0
1770602185.6154637,BIT,1
1770602185.6154637,BIT,1
1770602185.6154637,BIT,0
1770602185.6154637,BIT,0
1770602185.6154637,BIT,1
1770602185.6154637,BIT,0
1770602185.6154637,BIT,1
1770602185.8182774,BIT,0
1770602185.8182774,BIT,1
1770602185.8182774,BIT,1
1770602185.8182774,BIT,1
1770602185.8182774,BIT,1
1770602185.8182774,BIT,0
1770602185.8182774,BIT,1
1770602185.8182774,BIT,0
1770602185.8182774,BIT,0
1770602185.8182774,BIT,1
1770602186.0169532,BIT,1
1770602186.0169532,BIT,0
1770602186.0169532,BIT,1
1770602186.0169532,BIT,0
1770602186.0169532,BIT,0
1770602186.0169532,BIT,1
1770602186.0169532,BIT,1
1770602186.0169532,BIT,1
1770602186.0169532,BIT,1
1770602186.0169532,BIT,1
1770602186.232964,BIT,1
1770602186.232964,BIT,0
1770602186.232964,BIT,0
1770602186.232964,BIT,0
1770602186.232964,BIT,0
1770602186.232964,BIT,0
1770602186.232964,BIT,1
1770602186.232964,BIT,0
1770602186.232964,BIT,0
1770602186.232964,BIT,1
1770602186.428425,BIT,0
1770602186.428425,BIT,1
1770602186.428425,BIT,1
1770602186.428425,BIT,0
1770602186.428425,BIT,1
1770602186.428425,BIT,0
1770602186.428425,BIT,0
1770602186.428425,BIT,0
1770602186.428425,BIT,0
1770602186.428425,BIT,0
1770602186.6189167,BIT,1
1770602186.6189167,BIT,1
1770602186.6189167,BIT,0
1770602186.6189167,BIT,0
1770602186.6189167,BIT,1
1770602186.6189167,BIT,1
1770602186.6189167,BIT,1
1770602186.6189167,BIT,1
1770602186.6189167,BIT,0
1770602186.6189167,BIT,0
1770602186.817313,BIT,1
1770602186.817313,BIT,0
1770602186.817313,BIT,1
1770602186.817313,BIT,1
1770602186.817313,BIT,1
1770602186.817313,BIT,0
1770602186.817313,BIT,1
1770602186.817313,BIT,1
1770602186.817313,BIT,1
1770602186.817313,BIT,1
1770602187.0461824,BIT,1
1770602187.0461824,BIT,0
1770602187.0461824,BIT,1
1770602187.0461824,BIT,1
1770602187.0461824,BIT,0
1770602187.0461824,BIT,0
1770602187.0461824,BIT,0
1770602187.0461824,BIT,0
1770602187.0461824,BIT,1
1770602187.0461824,BIT,1
1770602187.2452586,BIT,1
1770602187.2452586,BIT,1
1770602187.2452586,BIT,1
1770602187.2452586,BIT,1
1770602187.2452586,BIT,0
1770602187.2452586,BIT,1
1770602187.2452586,BIT,1
1770602187.2452586,BIT,1
1770602187.2452586,BIT,0
1770602187.2452586,BIT,0
1770602187.4522986,BIT,1
1770602187.4522986,BIT,1
1770602187.4522986,BIT,0
1770602187.4522986,BIT,1
1770602187.4522986,BIT,1
1770602187.4522986,BIT,1
1770602187.4522986,BIT,0
1770602187.4522986,BIT,1
1770602187.4522986,BIT,1
1770602187.4522986,BIT,1
1770602187.6567693,BIT,0
1770602187.6567693,BIT,1
1770602187.6567693,BIT,1
1770602187.6567693,BIT,0
1770602187.6567693,BIT,0
1770602187.6567693,BIT,1
1770602187.6567693,BIT,1
1770602187.6567693,BIT,0
1770602187.6567693,BIT,0
1770602187.6567693,BIT,1
1770602187.864044,BIT,1
1770602187.864044,BIT,1
1770602187.864044,BIT,0
1770602187.864044,BIT,0
1770602187.864044,BIT,0
1770602187.864044,BIT,0
1770602187.864044,BIT,0
1770602187.864044,BIT,1
1770602187.864044,BIT,1
1770602187.864044,BIT,1
1770602188.0793436,BIT,1
1770602188.0793436,BIT,1
1770602188.0793436,BIT,1
1770602188.0793436,BIT,1
1770602188.0793436,BIT,1
1770602188.0793436,BIT,0
1770602188.0793436,BIT,1
1770602188.0793436,BIT,1
1770602188.0793436,BIT,1
1770602188.0793436,BIT,0
1770602188.3065948,BIT,1
1770602188.3065948,BIT,0
1770602188.3065948,BIT,0
1770602188.3065948,BIT,0
1770602188.3065948,BIT,0
1770602188.3065948,BIT,0
1770602188.3065948,BIT,1
1770602188.3065948,BIT,0
1770602188.3065948,BIT,1
1770602188.3065948,BIT,1
1770602188.5330489,BIT,0
1770602188.5330489,BIT,1
1770602188.5330489,BIT,0
1770602188.5330489,BIT,1
1770602188.5330489,BIT,1
1770602188.5330489,BIT,0
1770602188.5330489,BIT,1
1770602188.5330489,BIT,0
1770602188.5330489,BIT,1
1770602188.5330489,BIT,1
1770602188.7473252,BIT,0
1770602188.7473252,BIT,1
1770602188.7473252,BIT,1
1770602188.7473252,BIT,0
1770602188.7473252,BIT,0
1770602188.7473252,BIT,1
1770602188.7473252,BIT,0
1770602188.7473252,BIT,1
1770602188.7473252,BIT,1
1770602188.7473252,BIT,1
1770602188.9726794,BIT,0
1770602188.9726794,BIT,0
1770602188.9726794,BIT,1
1770602188.9726794,BIT,1
1770602188.9726794,BIT,1
1770602188.9726794,BIT,1
1770602188.9726794,BIT,0
1770602188.9726794,BIT,0
1770602188.9726794,BIT,1
1770602188.9726794,BIT,1
1770602189.1929848,BIT,0
1770602189.1929848,BIT,0
1770602189.1929848,BIT,1
1770602189.1929848,BIT,0
1770602189.1929848,BIT,1
1770602189.1929848,BIT,1
1770602189.1929848,BIT,0
1770602189.1929848,BIT,1
1770602189.1929848,BIT,0
1770602189.1929848,BIT,1
1770602189.4279435,BIT,1
1770602189.4279435,BIT,1
1770602189.4279435,BIT,1
1770602189.4279435,BIT,1
1770602189.4279435,BIT,0
1770602189.4279435,BIT,1
1770602189.4279435,BIT,1
1770602189.4279435,BIT,1
1770602189.4279435,BIT,1
1770602189.4279435,BIT,1
1770602189.626961,BIT,1
1770602189.626961,BIT,1
1770602189.626961,BIT,1
1770602189.626961,BIT,0
1770602189.626961,BIT,0
1770602189.626961,BIT,0
1770602189.626961,BIT,0
1770602189.626961,BIT,1
1770602189.626961,BIT,0
1770602189.626961,BIT,1
1770602189.8293488,BIT,0
1770602189.8293488,BIT,1
1770602189.8293488,BIT,1
1770602189.8293488,BIT,0
1770602189.8293488,BIT,0
1770602189.8293488,BIT,0
1770602189.8293488,BIT,0
1770602189.8293488,BIT,1
1770602189.8293488,BIT,0
1770602189.8293488,BIT,1
1770602190.0291512,BIT,0
1770602190.0291512,BIT,1
1770602190.0291512,BIT,1
1770602190.0291512,BIT,0
1770602190.0291512,BIT,1
1770602190.0291512,BIT,1
1770602190.0291512,BIT,0
1770602190.0291512,BIT,1
1770602190.0291512,BIT,1
1770602190.0291512,BIT,0
1770602190.2306373,BIT,0
1770602190.2306373,BIT,1
1770602190.2306373,BIT,1
1770602190.2306373,BIT,1
1770602190.2306373,BIT,1
1770602190.2306373,BIT,1
1770602190.2306373,BIT,0
1770602190.2306373,BIT,1
1770602190.2306373,BIT,1
1770602190.2306373,BIT,0
1770602190.4311721,BIT,0
1770602190.4311721,BIT,0
1770602190.4311721,BIT,0
1770602190.4311721,BIT,0
1770602190.4311721,BIT,0
1770602190.4311721,BIT,0
1770602190.4311721,BIT,0
1770602190.4311721,BIT,0
1770602190.4311721,BIT,0
1770602190.4311721,BIT,0
1770602190.6438153,BIT,1
1770602190.6438153,BIT,0
1770602190.6438153,BIT,0
1770602190.6438153,BIT,0
1770602190.6438153,BIT,1
1770602190.6438153,BIT,1
1770602190.6438153,BIT,0
1770602190.6438153,BIT,0
1770602190.6438153,BIT,0
1770602190.6438153,BIT,0
1770602190.8992739,BIT,0
1770602190.8992739,BIT,0
1770602190.8992739,BIT,1
1770602190.8992739,BIT,0
1770602190.8992739,BIT,1
1770602190.8992739,BIT,1
1770602190.8992739,BIT,0
1770602190.8992739,BIT,1
1770602190.8992739,BIT,1
1770602190.8992739,BIT,1
1770602191.1297295,BIT,1
1770602191.1297295,BIT,0
1770602191.1297295,BIT,1
1770602191.1297295,BIT,0
1770602191.1297295,BIT,1
1770602191.1297295,BIT,1
1770602191.1297295,BIT,1
1770602191.1297295,BIT,0
1770602191.1297295,BIT,1
1770602191.1297295,BIT,1
1770602191.3421428,BIT,0
1770602191.3421428,BIT,0
1770602191.3421428,BIT,1
1770602191.3421428,BIT,0
1770602191.3421428,BIT,0
1770602191.3421428,BIT,1
1770602191.3421428,BIT,1
1770602191.3421428,BIT,0
1770602191.3421428,BIT,0
1770602191.3421428,BIT,1
1770602191.5767152,BIT,1
1770602191.5767152,BIT,0
1770602191.5767152,BIT,1
1770602191.5767152,BIT,1
1770602191.5767152,BIT,1
1770602191.5767152,BIT,0
1770602191.5767152,BIT,1
1770602191.5767152,BIT,0
1770602191.5767152,BIT,1
1770602191.5767152,BIT,1
1770602191.8019044,BIT,0
1770602191.8019044,BIT,0
1770602191.8019044,BIT,0
1770602191.8019044,BIT,1
1770602191.8019044,BIT,1
1770602191.8019044,BIT,1
1770602191.8019044,BIT,1
1770602191.8019044,BIT,0
1770602191.8019044,BIT,0
1770602191.8019044,BIT,1
1770602192.0395913,BIT,1
1770602192.0395913,BIT,0
1770602192.0395913,BIT,1
1770602192.0395913,BIT,0
1770602192.0395913,BIT,0
1770602192.0395913,BIT,1
1770602192.0395913,BIT,0
1770602192.0395913,BIT,0
1770602192.0395913,BIT,0
1770602192.0395913,BIT,0
1770602192.2796106,BIT,0
1770602192.2796106,BIT,0
1770602192.2796106,BIT,1
1770602192.2796106,BIT,1
1770602192.2796106,BIT,1
1770602192.2796106,BIT,1
1770602192.2796106,BIT,1
1770602192.2796106,BIT,1
1770602192.2796106,BIT,0
1770602192.2796106,BIT,0
1770602192.500758,BIT,1
1770602192.500758,BIT,1
1770602192.500758,BIT,0
1770602192.500758,BIT,0
1770602192.500758,BIT,0
1770602192.500758,BIT,0
1770602192.500758,BIT,1
1770602192.500758,BIT,0
1770602192.500758,BIT,1
1770602192.500758,BIT,0
1770602192.7194152,BIT,1
1770602192.7194152,BIT,0
1770602192.7194152,BIT,1
1770602192.7194152,BIT,1
1770602192.7194152,BIT,0
1770602192.7194152,BIT,0
1770602192.7194152,BIT,1
1770602192.7194152,BIT,1
1770602192.7194152,BIT,0
1770602192.7194152,BIT,1
1770602193.003008,BIT,1
1770602193.003008,BIT,1
1770602193.003008,BIT,0
1770602193.003008,BIT,0
1770602193.003008,BIT,1
1770602193.003008,BIT,0
1770602193.003008,BIT,0
1770602193.003008,BIT,1
1770602193.003008,BIT,1
1770602193.003008,BIT,1
1770602193.2943661,BIT,0
1770602193.2943661,BIT,1
1770602193.2943661,BIT,0
1770602193.2943661,BIT,0
1770602193.2943661,BIT,0
1770602193.2943661,BIT,0
1770602193.2943661,BIT,0
1770602193.2943661,BIT,1
1770602193.2943661,BIT,0
1770602193.2943661,BIT,0
