timestamp,type,value
1770606068.0258002,BIT,0
1770606068.0258002,BIT,1
1770606068.0258002,BIT,0
1770606068.0258002,BIT,0
1770606068.0258002,BIT,1
1770606068.0258002,BIT,1
1770606068.0258002,BIT,0
1770606068.0258002,BIT,0
1770606068.0258002,BIT,0
1770606068.0258002,BIT,1
1770606068.233886,BIT,0
1770606068.233886,BIT,0
1770606068.233886,BIT,1
1770606068.233886,BIT,1
1770606068.233886,BIT,0
1770606068.233886,BIT,0
1770606068.233886,BIT,1
1770606068.233886,BIT,1
1770606068.233886,BIT,1
1770606068.233886,BIT,1
1770606068.606148,BIT,1
1770606068.606148,BIT,1
1770606068.606148,BIT,1
1770606068.606148,BIT,0
1770606068.606148,BIT,0
1770606068.606148,BIT,0
1770606068.606148,BIT,0
1770606068.606148,BIT,1
1770606068.606148,BIT,0
1770606068.606148,BIT,0
1770606068.840524,BIT,0
1770606068.840524,BIT,1
1770606068.840524,BIT,0
1770606068.840524,BIT,1
1770606068.840524,BIT,1
1770606068.840524,BIT,1
1770606068.840524,BIT,1
1770606068.840524,BIT,0
1770606068.840524,BIT,1
1770606068.840524,BIT,1
1770606069.076064,BIT,0
1770606069.076064,BIT,1
1770606069.076064,BIT,0
1770606069.076064,BIT,1
1770606069.076064,BIT,1
1770606069.076064,BIT,0
1770606069.076064,BIT,1
1770606069.076064,BIT,0
1770606069.076064,BIT,1
1770606069.076064,BIT,0
1770606069.2902596,BIT,1
1770606069.2902596,BIT,0
1770606069.2902596,BIT,0
1770606069.2902596,BIT,0
1770606069.2902596,BIT,1
1770606069.2902596,BIT,1
1770606069.2902596,BIT,0
1770606069.2902596,BIT,0
1770606069.2902596,BIT,1
1770606069.2902596,BIT,1
1770606069.525867,BIT,1
1770606069.525867,BIT,1
1770606069.525867,BIT,1
1770606069.525867,BIT,1
1770606069.525867,BIT,1
1770606069.525867,BIT,1
1770606069.525867,BIT,1
1770606069.525867,BIT,1
1770606069.525867,BIT,0
1770606069.525867,BIT,1
1770606069.745439,BIT,0
1770606069.745439,BIT,1
1770606069.745439,BIT,0
1770606069.745439,BIT,0
1770606069.745439,BIT,0
1770606069.745439,BIT,1
1770606069.745439,BIT,0
1770606069.745439,BIT,0
1770606069.745439,BIT,1
1770606069.745439,BIT,0
1770606069.9834673,BIT,0
1770606069.9834673,BIT,1
1770606069.9834673,BIT,0
1770606069.9834673,BIT,1
1770606069.9834673,BIT,0
1770606069.9834673,BIT,0
1770606069.9834673,BIT,0
1770606069.9834673,BIT,1
1770606069.9834673,BIT,0
1770606069.9834673,BIT,1
1770606070.267974,BIT,0
1770606070.267974,BIT,1
1770606070.267974,BIT,0
1770606070.267974,BIT,0
1770606070.267974,BIT,0
1770606070.267974,BIT,0
1770606070.267974,BIT,0
1770606070.267974,BIT,1
1770606070.267974,BIT,0
1770606070.267974,BIT,0
1770606070.5778573,BIT,1
1770606070.5778573,BIT,1
1770606070.5778573,BIT,1
1770606070.5778573,BIT,0
1770606070.5778573,BIT,1
1770606070.5778573,BIT,0
1770606070.5778573,BIT,1
1770606070.5778573,BIT,1
1770606070.5778573,BIT,0
1770606070.5778573,BIT,0
1770606070.823921,BIT,0
1770606070.823921,BIT,1
1770606070.823921,BIT,1
1770606070.823921,BIT,1
1770606070.823921,BIT,1
1770606070.823921,BIT,1
1770606070.823921,BIT,1
1770606070.823921,BIT,1
1770606070.823921,BIT,1
1770606070.823921,BIT,1
1770606071.0584023,BIT,0
1770606071.0584023,BIT,0
1770606071.0584023,BIT,1
1770606071.0584023,BIT,1
1770606071.0584023,BIT,1
1770606071.0584023,BIT,1
1770606071.0584023,BIT,0
1770606071.0584023,BIT,1
1770606071.0584023,BIT,1
1770606071.0584023,BIT,0
1770606071.318749,BIT,0
1770606071.318749,BIT,0
1770606071.318749,BIT,0
1770606071.318749,BIT,1
1770606071.318749,BIT,1
1770606071.318749,BIT,1
1770606071.318749,BIT,0
1770606071.318749,BIT,0
1770606071.318749,BIT,1
1770606071.318749,BIT,1
1770606071.6590025,BIT,1
1770606071.6590025,BIT,1
1770606071.6590025,BIT,1
1770606071.6590025,BIT,0
1770606071.6590025,BIT,0
1770606071.6590025,BIT,0
1770606071.6590025,BIT,1
1770606071.6590025,BIT,1
1770606071.6590025,BIT,1
1770606071.6590025,BIT,0
1770606071.9867342,BIT,1
1770606071.9867342,BIT,1
1770606071.9867342,BIT,1
1770606071.9867342,BIT,1
1770606071.9867342,BIT,1
1770606071.9867342,BIT,1
1770606071.9867342,BIT,0
1770606071.9867342,BIT,0
1770606071.9867342,BIT,1
1770606071.9867342,BIT,0
1770606072.245495,BIT,1
1770606072.245495,BIT,0
1770606072.245495,BIT,1
1770606072.245495,BIT,1
1770606072.245495,BIT,0
1770606072.245495,BIT,0
1770606072.245495,BIT,0
1770606072.245495,BIT,1
1770606072.245495,BIT,1
1770606072.245495,BIT,0
1770606072.5287018,BIT,0
1770606072.5287018,BIT,1
1770606072.5287018,BIT,1
1770606072.5287018,BIT,1
1770606072.5287018,BIT,1
1770606072.5287018,BIT,1
1770606072.5287018,BIT,0
1770606072.5287018,BIT,0
1770606072.5287018,BIT,1
1770606072.5287018,BIT,1
1770606072.7683222,BIT,1
1770606072.7683222,BIT,1
1770606072.7683222,BIT,1
1770606072.7683222,BIT,0
1770606072.7683222,BIT,0
1770606072.7683222,BIT,1
1770606072.7683222,BIT,1
1770606072.7683222,BIT,0
1770606072.7683222,BIT,1
1770606072.7683222,BIT,1
1770606073.0576618,BIT,1
1770606073.0576618,BIT,0
1770606073.0576618,BIT,1
1770606073.0576618,BIT,1
1770606073.0576618,BIT,0
1770606073.0576618,BIT,1
1770606073.0576618,BIT,1
1770606073.0576618,BIT,1
1770606073.0576618,BIT,1
1770606073.0576618,BIT,0
1770606073.323662,BIT,0
1770606073.323662,BIT,0
1770606073.323662,BIT,1
1770606073.323662,BIT,1
1770606073.323662,BIT,1
1770606073.323662,BIT,0
1770606073.323662,BIT,0
1770606073.323662,BIT,0
1770606073.323662,BIT,0
1770606073.323662,BIT,1
1770606073.5553348,BIT,0
1770606073.5553348,BIT,0
1770606073.5553348,BIT,1
1770606073.5553348,BIT,0
1770606073.5553348,BIT,0
1770606073.5553348,BIT,0
1770606073.5553348,BIT,1
1770606073.5553348,BIT,1
1770606073.5553348,BIT,1
1770606073.5553348,BIT,1
1770606073.8044071,BIT,1
1770606073.8044071,BIT,1
1770606073.8044071,BIT,0
1770606073.8044071,BIT,1
1770606073.8044071,BIT,0
1770606073.8044071,BIT,1
1770606073.8044071,BIT,0
1770606073.8044071,BIT,1
1770606073.8044071,BIT,0
1770606073.8044071,BIT,0
1770606074.010608,BIT,1
1770606074.010608,BIT,0
1770606074.010608,BIT,1
1770606074.010608,BIT,0
1770606074.010608,BIT,1
1770606074.010608,BIT,1
1770606074.010608,BIT,1
1770606074.010608,BIT,1
1770606074.010608,BIT,0
1770606074.010608,BIT,1
1770606074.209295,BIT,0
1770606074.209295,BIT,1
1770606074.209295,BIT,1
1770606074.209295,BIT,0
1770606074.209295,BIT,1
1770606074.209295,BIT,1
1770606074.209295,BIT,1
1770606074.209295,BIT,1
1770606074.209295,BIT,1
1770606074.209295,BIT,0
1770606074.4030168,BIT,1
1770606074.4030168,BIT,1
1770606074.4030168,BIT,0
1770606074.4030168,BIT,1
1770606074.4030168,BIT,0
1770606074.4030168,BIT,0
1770606074.4030168,BIT,0
1770606074.4030168,BIT,0
1770606074.4030168,BIT,1
1770606074.4030168,BIT,0
1770606074.5712984,BIT,0
1770606074.5712984,BIT,0
1770606074.5712984,BIT,1
1770606074.5712984,BIT,0
1770606074.5712984,BIT,0
1770606074.5712984,BIT,0
1770606074.5712984,BIT,1
1770606074.5712984,BIT,0
1770606074.5712984,BIT,0
1770606074.5712984,BIT,1
1770606074.7433817,BIT,1
1770606074.7433817,BIT,0
1770606074.7433817,BIT,0
1770606074.7433817,BIT,0
1770606074.7433817,BIT,0
1770606074.7433817,BIT,0
1770606074.7433817,BIT,0
1770606074.7433817,BIT,1
1770606074.7433817,BIT,1
1770606074.7433817,BIT,1
1770606074.9313865,BIT,0
1770606074.9313865,BIT,1
1770606074.9313865,BIT,1
1770606074.9313865,BIT,0
1770606074.9313865,BIT,0
1770606074.9313865,BIT,1
1770606074.9313865,BIT,1
1770606074.9313865,BIT,0
1770606074.9313865,BIT,1
1770606074.9313865,BIT,1
1770606075.096377,BIT,1
1770606075.096377,BIT,1
1770606075.096377,BIT,1
1770606075.096377,BIT,0
1770606075.096377,BIT,0
1770606075.096377,BIT,0
1770606075.096377,BIT,1
1770606075.096377,BIT,0
1770606075.096377,BIT,0
1770606075.096377,BIT,0
1770606075.279061,BIT,0
1770606075.279061,BIT,1
1770606075.279061,BIT,0
1770606075.279061,BIT,0
1770606075.279061,BIT,0
1770606075.279061,BIT,1
1770606075.279061,BIT,0
1770606075.279061,BIT,0
1770606075.279061,BIT,0
1770606075.279061,BIT,0
1770606075.4528737,BIT,1
1770606075.4528737,BIT,0
1770606075.4528737,BIT,0
1770606075.4528737,BIT,1
1770606075.4528737,BIT,1
1770606075.4528737,BIT,1
1770606075.4528737,BIT,0
1770606075.4528737,BIT,0
1770606075.4528737,BIT,0
1770606075.4528737,BIT,1
1770606075.6300569,BIT,1
1770606075.6300569,BIT,0
1770606075.6300569,BIT,0
1770606075.6300569,BIT,1
1770606075.6300569,BIT,1
1770606075.6300569,BIT,0
1770606075.6300569,BIT,0
1770606075.6300569,BIT,0
1770606075.6300569,BIT,0
1770606075.6300569,BIT,0
1770606075.8120294,BIT,1
1770606075.8120294,BIT,0
1770606075.8120294,BIT,1
1770606075.8120294,BIT,0
1770606075.8120294,BIT,1
1770606075.8120294,BIT,0
1770606075.8120294,BIT,0
1770606075.8120294,BIT,1
1770606075.8120294,BIT,0
1770606075.8120294,BIT,0
1770606075.980736,BIT,1
1770606075.980736,BIT,1
1770606075.980736,BIT,1
1770606075.980736,BIT,1
1770606075.980736,BIT,1
1770606075.980736,BIT,0
1770606075.980736,BIT,1
1770606075.980736,BIT,1
1770606075.980736,BIT,0
1770606075.980736,BIT,0
1770606076.1469874,BIT,0
1770606076.1469874,BIT,1
1770606076.1469874,BIT,0
1770606076.1469874,BIT,1
1770606076.1469874,BIT,1
1770606076.1469874,BIT,0
1770606076.1469874,BIT,1
1770606076.1469874,BIT,1
1770606076.1469874,BIT,0
1770606076.1469874,BIT,0
1770606076.315853,BIT,0
1770606076.315853,BIT,0
1770606076.315853,BIT,0
1770606076.315853,BIT,0
1770606076.315853,BIT,1
1770606076.315853,BIT,0
1770606076.315853,BIT,1
1770606076.315853,BIT,0
1770606076.315853,BIT,0
1770606076.315853,BIT,0
1770606076.4862428,BIT,1
1770606076.4862428,BIT,0
1770606076.4862428,BIT,1
1770606076.4862428,BIT,1
1770606076.4862428,BIT,0
1770606076.4862428,BIT,1
1770606076.4862428,BIT,0
1770606076.4862428,BIT,0
1770606076.4862428,BIT,1
1770606076.4862428,BIT,1
1770606076.6786938,BIT,0
1770606076.6786938,BIT,1
1770606076.6786938,BIT,0
1770606076.6786938,BIT,0
1770606076.6786938,BIT,1
1770606076.6786938,BIT,1
1770606076.6786938,BIT,1
1770606076.6786938,BIT,0
1770606076.6786938,BIT,0
1770606076.6786938,BIT,1
1770606076.858303,BIT,0
1770606076.858303,BIT,1
1770606076.858303,BIT,0
1770606076.858303,BIT,1
1770606076.858303,BIT,0
1770606076.858303,BIT,1
1770606076.858303,BIT,1
1770606076.858303,BIT,0
1770606076.858303,BIT,1
1770606076.858303,BIT,1
1770606077.0272405,BIT,1
1770606077.0272405,BIT,0
1770606077.0272405,BIT,0
1770606077.0272405,BIT,0
1770606077.0272405,BIT,0
1770606077.0272405,BIT,0
1770606077.0272405,BIT,1
1770606077.0272405,BIT,0
1770606077.0272405,BIT,0
1770606077.0272405,BIT,1
1770606077.1960745,BIT,0
1770606077.1960745,BIT,0
1770606077.1960745,BIT,0
1770606077.1960745,BIT,0
1770606077.1960745,BIT,0
1770606077.1960745,BIT,0
1770606077.1960745,BIT,1
1770606077.1960745,BIT,0
1770606077.1960745,BIT,0
1770606077.1960745,BIT,1
1770606077.3695147,BIT,1
1770606077.3695147,BIT,0
1770606077.3695147,BIT,1
1770606077.3695147,BIT,1
1770606077.3695147,BIT,0
1770606077.3695147,BIT,0
1770606077.3695147,BIT,0
1770606077.3695147,BIT,0
1770606077.3695147,BIT,1
1770606077.3695147,BIT,1
1770606077.5402658,BIT,0
1770606077.5402658,BIT,0
1770606077.5402658,BIT,1
1770606077.5402658,BIT,0
1770606077.5402658,BIT,1
1770606077.5402658,BIT,0
1770606077.5402658,BIT,0
1770606077.5402658,BIT,0
1770606077.5402658,BIT,0
1770606077.5402658,BIT,1
1770606077.702221,BIT,1
1770606077.702221,BIT,1
1770606077.702221,BIT,0
1770606077.702221,BIT,1
1770606077.702221,BIT,0
1770606077.702221,BIT,1
1770606077.702221,BIT,0
1770606077.702221,BIT,1
1770606077.702221,BIT,0
1770606077.702221,BIT,1
1770606077.8595285,BIT,1
1770606077.8595285,BIT,1
1770606077.8595285,BIT,1
1770606077.8595285,BIT,1
1770606077.8595285,BIT,0
1770606077.8595285,BIT,1
1770606077.8595285,BIT,1
1770606077.8595285,BIT,0
1770606077.8595285,BIT,0
1770606077.8595285,BIT,1
1770606078.012636,BIT,1
1770606078.012636,BIT,1
1770606078.012636,BIT,1
1770606078.012636,BIT,0
1770606078.012636,BIT,1
1770606078.012636,BIT,0
1770606078.012636,BIT,0
1770606078.012636,BIT,0
1770606078.012636,BIT,1
1770606078.012636,BIT,0
1770606078.1875448,BIT,1
1770606078.1875448,BIT,1
1770606078.1875448,BIT,1
1770606078.1875448,BIT,0
1770606078.1875448,BIT,1
1770606078.1875448,BIT,0
1770606078.1875448,BIT,1
1770606078.1875448,BIT,1
1770606078.1875448,BIT,1
1770606078.1875448,BIT,0
1770606078.3479474,BIT,1
1770606078.3479474,BIT,1
1770606078.3479474,BIT,0
1770606078.3479474,BIT,1
1770606078.3479474,BIT,1
1770606078.3479474,BIT,1
1770606078.3479474,BIT,0
1770606078.3479474,BIT,0
1770606078.3479474,BIT,0
1770606078.3479474,BIT,0
1770606078.5144646,BIT,0
1770606078.5144646,BIT,1
1770606078.5144646,BIT,0
1770606078.5144646,BIT,0
1770606078.5144646,BIT,0
1770606078.5144646,BIT,1
1770606078.5144646,BIT,1
1770606078.5144646,BIT,1
1770606078.5144646,BIT,1
1770606078.5144646,BIT,0
1770606078.68135,BIT,1
1770606078.68135,BIT,0
1770606078.68135,BIT,1
1770606078.68135,BIT,0
1770606078.68135,BIT,0
1770606078.68135,BIT,0
1770606078.68135,BIT,1
1770606078.68135,BIT,0
1770606078.68135,BIT,0
1770606078.68135,BIT,1
1770606078.858477,BIT,1
1770606078.858477,BIT,0
1770606078.858477,BIT,1
1770606078.858477,BIT,0
1770606078.858477,BIT,0
1770606078.858477,BIT,1
1770606078.858477,BIT,1
1770606078.858477,BIT,1
1770606078.858477,BIT,0
1770606078.858477,BIT,0
1770606079.0761654,BIT,0
1770606079.0761654,BIT,1
1770606079.0761654,BIT,1
1770606079.0761654,BIT,1
1770606079.0761654,BIT,0
1770606079.0761654,BIT,1
1770606079.0761654,BIT,0
1770606079.0761654,BIT,1
1770606079.0761654,BIT,1
1770606079.0761654,BIT,0
1770606079.3111286,BIT,0
1770606079.3111286,BIT,1
1770606079.3111286,BIT,1
1770606079.3111286,BIT,0
1770606079.3111286,BIT,1
1770606079.3111286,BIT,1
1770606079.3111286,BIT,0
1770606079.3111286,BIT,0
1770606079.3111286,BIT,0
1770606079.3111286,BIT,1
1770606079.6365404,BIT,1
1770606079.6365404,BIT,1
1770606079.6365404,BIT,0
1770606079.6365404,BIT,1
1770606079.6365404,BIT,0
1770606079.6365404,BIT,1
1770606079.6365404,BIT,1
1770606079.6365404,BIT,1
1770606079.6365404,BIT,0
1770606079.6365404,BIT,1
1770606079.965628,BIT,1
1770606079.965628,BIT,1
1770606079.965628,BIT,0
1770606079.965628,BIT,0
1770606079.965628,BIT,0
1770606079.965628,BIT,1
1770606079.965628,BIT,0
1770606079.965628,BIT,1
1770606079.965628,BIT,1
1770606079.965628,BIT,1
1770606080.2798061,BIT,0
1770606080.2798061,BIT,0
1770606080.2798061,BIT,1
1770606080.2798061,BIT,0
1770606080.2798061,BIT,1
1770606080.2798061,BIT,1
1770606080.2798061,BIT,1
1770606080.2798061,BIT,1
1770606080.2798061,BIT,0
1770606080.2798061,BIT,0
1770606080.6234243,BIT,0
1770606080.6234243,BIT,1
1770606080.6234243,BIT,1
1770606080.6234243,BIT,0
1770606080.6234243,BIT,1
1770606080.6234243,BIT,0
1770606080.6234243,BIT,0
1770606080.6234243,BIT,0
1770606080.6234243,BIT,0
1770606080.6234243,BIT,1
1770606080.975028,BIT,0
1770606080.975028,BIT,0
1770606080.975028,BIT,1
1770606080.975028,BIT,0
1770606080.975028,BIT,1
1770606080.975028,BIT,1
1770606080.975028,BIT,1
1770606080.975028,BIT,1
1770606080.975028,BIT,1
1770606080.975028,BIT,0
1770606081.2695968,BIT,0
1770606081.2695968,BIT,0
1770606081.2695968,BIT,0
1770606081.2695968,BIT,0
1770606081.2695968,BIT,0
1770606081.2695968,BIT,0
1770606081.2695968,BIT,0
1770606081.2695968,BIT,1
1770606081.2695968,BIT,1
1770606081.2695968,BIT,1
1770606081.553166,BIT,0
1770606081.553166,BIT,1
1770606081.553166,BIT,1
1770606081.553166,BIT,0
1770606081.553166,BIT,0
1770606081.553166,BIT,0
1770606081.553166,BIT,0
1770606081.553166,BIT,1
1770606081.553166,BIT,1
1770606081.553166,BIT,0
1770606081.854739,BIT,0
1770606081.854739,BIT,1
1770606081.854739,BIT,0
1770606081.854739,BIT,0
1770606081.854739,BIT,0
1770606081.854739,BIT,0
1770606081.854739,BIT,0
1770606081.854739,BIT,0
1770606081.854739,BIT,1
1770606081.854739,BIT,0
1770606082.1436563,BIT,1
1770606082.1436563,BIT,1
1770606082.1436563,BIT,0
1770606082.1436563,BIT,0
1770606082.1436563,BIT,1
1770606082.1436563,BIT,0
1770606082.1436563,BIT,1
1770606082.1436563,BIT,0
1770606082.1436563,BIT,1
1770606082.1436563,BIT,0
1770606082.4743588,BIT,1
1770606082.4743588,BIT,0
1770606082.4743588,BIT,1
1770606082.4743588,BIT,0
1770606082.4743588,BIT,1
1770606082.4743588,BIT,1
1770606082.4743588,BIT,1
1770606082.4743588,BIT,1
1770606082.4743588,BIT,1
1770606082.4743588,BIT,1
1770606082.7737756,BIT,1
1770606082.7737756,BIT,1
1770606082.7737756,BIT,0
1770606082.7737756,BIT,0
1770606082.7737756,BIT,1
1770606082.7737756,BIT,1
1770606082.7737756,BIT,1
1770606082.7737756,BIT,0
1770606082.7737756,BIT,1
1770606082.7737756,BIT,1
1770606083.1201432,BIT,0
1770606083.1201432,BIT,0
1770606083.1201432,BIT,1
1770606083.1201432,BIT,0
1770606083.1201432,BIT,1
1770606083.1201432,BIT,0
1770606083.1201432,BIT,1
1770606083.1201432,BIT,0
1770606083.1201432,BIT,1
1770606083.1201432,BIT,1
1770606083.4596374,BIT,1
1770606083.4596374,BIT,0
1770606083.4596374,BIT,0
1770606083.4596374,BIT,0
1770606083.4596374,BIT,1
1770606083.4596374,BIT,0
1770606083.4596374,BIT,1
1770606083.4596374,BIT,0
1770606083.4596374,BIT,0
1770606083.4596374,BIT,1
1770606083.795656,BIT,0
1770606083.795656,BIT,1
1770606083.795656,BIT,0
1770606083.795656,BIT,1
1770606083.795656,BIT,0
1770606083.795656,BIT,0
1770606083.795656,BIT,0
1770606083.795656,BIT,1
1770606083.795656,BIT,0
1770606083.795656,BIT,1
1770606084.084961,BIT,1
1770606084.084961,BIT,1
1770606084.084961,BIT,0
1770606084.084961,BIT,1
1770606084.084961,BIT,0
1770606084.084961,BIT,0
1770606084.084961,BIT,1
1770606084.084961,BIT,0
1770606084.084961,BIT,1
1770606084.084961,BIT,1
1770606084.3794737,BIT,1
1770606084.3794737,BIT,1
1770606084.3794737,BIT,1
1770606084.3794737,BIT,0
1770606084.3794737,BIT,1
1770606084.3794737,BIT,1
1770606084.3794737,BIT,0
1770606084.3794737,BIT,0
1770606084.3794737,BIT,0
1770606084.3794737,BIT,1
1770606084.6902997,BIT,0
1770606084.6902997,BIT,0
1770606084.6902997,BIT,1
1770606084.6902997,BIT,0
1770606084.6902997,BIT,1
1770606084.6902997,BIT,1
1770606084.6902997,BIT,1
1770606084.6902997,BIT,0
1770606084.6902997,BIT,1
1770606084.6902997,BIT,1
1770606085.0551295,BIT,0
1770606085.0551295,BIT,1
1770606085.0551295,BIT,0
1770606085.0551295,BIT,1
1770606085.0551295,BIT,1
1770606085.0551295,BIT,1
1770606085.0551295,BIT,0
1770606085.0551295,BIT,0
1770606085.0551295,BIT,0
1770606085.0551295,BIT,0
1770606085.3656292,BIT,1
1770606085.3656292,BIT,0
1770606085.3656292,BIT,0
1770606085.3656292,BIT,1
1770606085.3656292,BIT,1
1770606085.3656292,BIT,1
1770606085.3656292,BIT,1
1770606085.3656292,BIT,0
1770606085.3656292,BIT,1
1770606085.3656292,BIT,0
1770606085.8975298,BIT,1
1770606085.8975298,BIT,0
1770606085.8975298,BIT,1
1770606085.8975298,BIT,1
1770606085.8975298,BIT,1
1770606085.8975298,BIT,1
1770606085.8975298,BIT,0
1770606085.8975298,BIT,1
1770606085.8975298,BIT,1
1770606085.8975298,BIT,0
1770606086.4047313,BIT,1
1770606086.4047313,BIT,0
1770606086.4047313,BIT,0
1770606086.4047313,BIT,0
1770606086.4047313,BIT,0
1770606086.4047313,BIT,1
1770606086.4047313,BIT,0
1770606086.4047313,BIT,1
1770606086.4047313,BIT,0
1770606086.4047313,BIT,0
1770606086.7821941,BIT,1
1770606086.7821941,BIT,1
1770606086.7821941,BIT,0
1770606086.7821941,BIT,0
1770606086.7821941,BIT,0
1770606086.7821941,BIT,1
1770606086.7821941,BIT,0
1770606086.7821941,BIT,0
1770606086.7821941,BIT,1
1770606086.7821941,BIT,0
1770606087.3156617,BIT,1
1770606087.3156617,BIT,1
1770606087.3156617,BIT,1
1770606087.3156617,BIT,0
1770606087.3156617,BIT,0
1770606087.3156617,BIT,1
1770606087.3156617,BIT,1
1770606087.3156617,BIT,0
1770606087.3156617,BIT,1
1770606087.3156617,BIT,1
1770606087.677645,BIT,0
1770606087.677645,BIT,0
1770606087.677645,BIT,1
1770606087.677645,BIT,1
1770606087.677645,BIT,1
1770606087.677645,BIT,1
1770606087.677645,BIT,0
1770606087.677645,BIT,1
1770606087.677645,BIT,1
1770606087.677645,BIT,1
1770606088.119012,BIT,0
1770606088.119012,BIT,0
1770606088.119012,BIT,0
1770606088.119012,BIT,1
1770606088.119012,BIT,0
1770606088.119012,BIT,0
1770606088.119012,BIT,0
1770606088.119012,BIT,1
1770606088.119012,BIT,0
1770606088.119012,BIT,1
1770606088.438956,BIT,1
1770606088.438956,BIT,1
1770606088.438956,BIT,0
1770606088.438956,BIT,0
1770606088.438956,BIT,0
1770606088.438956,BIT,1
1770606088.438956,BIT,0
1770606088.438956,BIT,1
1770606088.438956,BIT,0
1770606088.438956,BIT,0
1770606088.7543054,BIT,0
1770606088.7543054,BIT,0
1770606088.7543054,BIT,1
1770606088.7543054,BIT,0
1770606088.7543054,BIT,0
1770606088.7543054,BIT,0
1770606088.7543054,BIT,1
1770606088.7543054,BIT,1
1770606088.7543054,BIT,0
1770606088.7543054,BIT,0
1770606089.1281927,BIT,0
1770606089.1281927,BIT,1
1770606089.1281927,BIT,1
1770606089.1281927,BIT,0
1770606089.1281927,BIT,1
1770606089.1281927,BIT,1
1770606089.1281927,BIT,1
1770606089.1281927,BIT,0
1770606089.1281927,BIT,1
1770606089.1281927,BIT,1
1770606089.3915312,BIT,1
1770606089.3915312,BIT,0
1770606089.3915312,BIT,0
1770606089.3915312,BIT,0
1770606089.3915312,BIT,1
1770606089.3915312,BIT,1
1770606089.3915312,BIT,0
1770606089.3915312,BIT,1
1770606089.3915312,BIT,0
1770606089.3915312,BIT,0
1770606089.5909941,BIT,1
1770606089.5909941,BIT,0
1770606089.5909941,BIT,1
1770606089.5909941,BIT,1
1770606089.5909941,BIT,1
1770606089.5909941,BIT,1
1770606089.5909941,BIT,1
1770606089.5909941,BIT,1
1770606089.5909941,BIT,1
1770606089.5909941,BIT,1
1770606089.8041568,BIT,1
1770606089.8041568,BIT,1
1770606089.8041568,BIT,0
1770606089.8041568,BIT,1
1770606089.8041568,BIT,1
1770606089.8041568,BIT,0
1770606089.8041568,BIT,1
1770606089.8041568,BIT,0
1770606089.8041568,BIT,0
1770606089.8041568,BIT,1
1770606090.0337255,BIT,1
1770606090.0337255,BIT,1
1770606090.0337255,BIT,0
1770606090.0337255,BIT,0
1770606090.0337255,BIT,0
1770606090.0337255,BIT,1
1770606090.0337255,BIT,1
1770606090.0337255,BIT,1
1770606090.0337255,BIT,1
1770606090.0337255,BIT,0
1770606090.2490609,BIT,1
1770606090.2490609,BIT,0
1770606090.2490609,BIT,0
1770606090.2490609,BIT,0
1770606090.2490609,BIT,1
1770606090.2490609,BIT,1
1770606090.2490609,BIT,1
1770606090.2490609,BIT,0
1770606090.2490609,BIT,1
1770606090.2490609,BIT,1
1770606090.465056,BIT,0
1770606090.465056,BIT,0
1770606090.465056,BIT,0
1770606090.465056,BIT,1
1770606090.465056,BIT,0
1770606090.465056,BIT,0
1770606090.465056,BIT,1
1770606090.465056,BIT,0
1770606090.465056,BIT,1
1770606090.465056,BIT,0
1770606090.674446,BIT,0
1770606090.674446,BIT,1
1770606090.674446,BIT,1
1770606090.674446,BIT,0
1770606090.674446,BIT,0
1770606090.674446,BIT,0
1770606090.674446,BIT,0
1770606090.674446,BIT,1
1770606090.674446,BIT,0
1770606090.674446,BIT,1
1770606090.887469,BIT,0
1770606090.887469,BIT,1
1770606090.887469,BIT,1
1770606090.887469,BIT,1
1770606090.887469,BIT,0
1770606090.887469,BIT,0
1770606090.887469,BIT,1
1770606090.887469,BIT,1
1770606090.887469,BIT,0
1770606090.887469,BIT,1
1770606091.12536,BIT,1
1770606091.12536,BIT,0
1770606091.12536,BIT,0
1770606091.12536,BIT,0
1770606091.12536,BIT,1
1770606091.12536,BIT,1
1770606091.12536,BIT,1
1770606091.12536,BIT,0
1770606091.12536,BIT,1
1770606091.12536,BIT,1
1770606091.3204603,BIT,0
1770606091.3204603,BIT,0
1770606091.3204603,BIT,0
1770606091.3204603,BIT,1
1770606091.3204603,BIT,1
1770606091.3204603,BIT,0
1770606091.3204603,BIT,0
1770606091.3204603,BIT,0
1770606091.3204603,BIT,1
1770606091.3204603,BIT,1
1770606091.5290177,BIT,1
1770606091.5290177,BIT,0
1770606091.5290177,BIT,0
1770606091.5290177,BIT,1
1770606091.5290177,BIT,0
1770606091.5290177,BIT,1
1770606091.5290177,BIT,0
1770606091.5290177,BIT,1
1770606091.5290177,BIT,1
1770606091.5290177,BIT,0
1770606091.7520788,BIT,1
1770606091.7520788,BIT,0
1770606091.7520788,BIT,0
1770606091.7520788,BIT,1
1770606091.7520788,BIT,1
1770606091.7520788,BIT,1
1770606091.7520788,BIT,1
1770606091.7520788,BIT,0
1770606091.7520788,BIT,0
1770606091.7520788,BIT,1
1770606091.9693108,BIT,0
1770606091.9693108,BIT,1
1770606091.9693108,BIT,1
1770606091.9693108,BIT,1
1770606091.9693108,BIT,1
1770606091.9693108,BIT,0
1770606091.9693108,BIT,1
1770606091.9693108,BIT,0
1770606091.9693108,BIT,1
1770606091.9693108,BIT,1
1770606092.174816,BIT,1
1770606092.174816,BIT,0
1770606092.174816,BIT,1
1770606092.174816,BIT,1
1770606092.174816,BIT,0
1770606092.174816,BIT,0
1770606092.174816,BIT,1
1770606092.174816,BIT,1
1770606092.174816,BIT,0
1770606092.174816,BIT,1
1770606092.3625376,BIT,1
1770606092.3625376,BIT,1
1770606092.3625376,BIT,0
1770606092.3625376,BIT,0
1770606092.3625376,BIT,1
1770606092.3625376,BIT,0
1770606092.3625376,BIT,1
1770606092.3625376,BIT,0
1770606092.3625376,BIT,1
1770606092.3625376,BIT,0
1770606092.5489612,BIT,1
1770606092.5489612,BIT,0
1770606092.5489612,BIT,1
1770606092.5489612,BIT,1
1770606092.5489612,BIT,0
1770606092.5489612,BIT,0
1770606092.5489612,BIT,1
1770606092.5489612,BIT,0
1770606092.5489612,BIT,1
1770606092.5489612,BIT,1
1770606092.7297115,BIT,1
1770606092.7297115,BIT,0
1770606092.7297115,BIT,0
1770606092.7297115,BIT,1
1770606092.7297115,BIT,1
1770606092.7297115,BIT,1
1770606092.7297115,BIT,1
1770606092.7297115,BIT,1
1770606092.7297115,BIT,1
1770606092.7297115,BIT,1
1770606092.9434502,BIT,1
1770606092.9434502,BIT,1
1770606092.9434502,BIT,1
1770606092.9434502,BIT,0
1770606092.9434502,BIT,1
1770606092.9434502,BIT,1
1770606092.9434502,BIT,1
1770606092.9434502,BIT,0
1770606092.9434502,BIT,0
1770606092.9434502,BIT,1
1770606093.185382,BIT,0
1770606093.185382,BIT,1
1770606093.185382,BIT,0
1770606093.185382,BIT,1
1770606093.185382,BIT,0
1770606093.185382,BIT,0
1770606093.185382,BIT,0
1770606093.185382,BIT,0
1770606093.185382,BIT,1
1770606093.185382,BIT,1
1770606093.373866,BIT,1
1770606093.373866,BIT,0
1770606093.373866,BIT,1
1770606093.373866,BIT,0
1770606093.373866,BIT,0
1770606093.373866,BIT,1
1770606093.373866,BIT,0
1770606093.373866,BIT,0
1770606093.373866,BIT,1
1770606093.373866,BIT,1
1770606093.5556133,BIT,0
1770606093.5556133,BIT,0
1770606093.5556133,BIT,1
1770606093.5556133,BIT,1
1770606093.5556133,BIT,0
1770606093.5556133,BIT,1
1770606093.5556133,BIT,1
1770606093.5556133,BIT,1
1770606093.5556133,BIT,1
1770606093.5556133,BIT,0
1770606093.7653403,BIT,0
1770606093.7653403,BIT,0
1770606093.7653403,BIT,1
1770606093.7653403,BIT,0
1770606093.7653403,BIT,1
1770606093.7653403,BIT,1
1770606093.7653403,BIT,1
1770606093.7653403,BIT,1
1770606093.7653403,BIT,0
1770606093.7653403,BIT,1
1770606093.9569802,BIT,0
1770606093.9569802,BIT,1
1770606093.9569802,BIT,1
1770606093.9569802,BIT,1
1770606093.9569802,BIT,0
1770606093.9569802,BIT,0
1770606093.9569802,BIT,0
1770606093.9569802,BIT,0
1770606093.9569802,BIT,1
1770606093.9569802,BIT,0
1770606094.1703014,BIT,0
1770606094.1703014,BIT,1
1770606094.1703014,BIT,0
1770606094.1703014,BIT,0
1770606094.1703014,BIT,1
1770606094.1703014,BIT,0
1770606094.1703014,BIT,1
1770606094.1703014,BIT,1
1770606094.1703014,BIT,0
1770606094.1703014,BIT,0
1770606094.3600328,BIT,1
1770606094.3600328,BIT,1
1770606094.3600328,BIT,1
1770606094.3600328,BIT,0
1770606094.3600328,BIT,0
1770606094.3600328,BIT,1
1770606094.3600328,BIT,1
1770606094.3600328,BIT,1
1770606094.3600328,BIT,0
1770606094.3600328,BIT,0
1770606094.5341737,BIT,0
1770606094.5341737,BIT,0
1770606094.5341737,BIT,0
1770606094.5341737,BIT,0
1770606094.5341737,BIT,1
1770606094.5341737,BIT,1
1770606094.5341737,BIT,0
1770606094.5341737,BIT,0
1770606094.5341737,BIT,1
1770606094.5341737,BIT,0
1770606094.7417595,BIT,0
1770606094.7417595,BIT,1
1770606094.7417595,BIT,1
1770606094.7417595,BIT,0
1770606094.7417595,BIT,0
1770606094.7417595,BIT,1
1770606094.7417595,BIT,0
1770606094.7417595,BIT,1
1770606094.7417595,BIT,1
1770606094.7417595,BIT,0
1770606094.9957569,BIT,0
1770606094.9957569,BIT,1
1770606094.9957569,BIT,1
1770606094.9957569,BIT,0
1770606094.9957569,BIT,0
1770606094.9957569,BIT,1
1770606094.9957569,BIT,1
1770606094.9957569,BIT,1
1770606094.9957569,BIT,0
1770606094.9957569,BIT,0
1770606095.2371476,BIT,0
1770606095.2371476,BIT,0
1770606095.2371476,BIT,1
1770606095.2371476,BIT,1
1770606095.2371476,BIT,0
1770606095.2371476,BIT,1
1770606095.2371476,BIT,1
1770606095.2371476,BIT,0
1770606095.2371476,BIT,1
1770606095.2371476,BIT,0
1770606095.5287879,BIT,0
1770606095.5287879,BIT,0
1770606095.5287879,BIT,1
1770606095.5287879,BIT,0
1770606095.5287879,BIT,1
1770606095.5287879,BIT,0
1770606095.5287879,BIT,0
1770606095.5287879,BIT,0
1770606095.5287879,BIT,0
1770606095.5287879,BIT,1
1770606095.8490837,BIT,0
1770606095.8490837,BIT,0
1770606095.8490837,BIT,1
1770606095.8490837,BIT,1
1770606095.8490837,BIT,0
1770606095.8490837,BIT,1
1770606095.8490837,BIT,0
1770606095.8490837,BIT,0
1770606095.8490837,BIT,1
1770606095.8490837,BIT,0
1770606096.0945504,BIT,0
1770606096.0945504,BIT,1
1770606096.0945504,BIT,1
1770606096.0945504,BIT,1
1770606096.0945504,BIT,0
1770606096.0945504,BIT,1
1770606096.0945504,BIT,0
1770606096.0945504,BIT,1
1770606096.0945504,BIT,0
1770606096.0945504,BIT,0
1770606096.3387842,BIT,0
1770606096.3387842,BIT,1
1770606096.3387842,BIT,1
1770606096.3387842,BIT,0
1770606096.3387842,BIT,1
1770606096.3387842,BIT,1
1770606096.3387842,BIT,0
1770606096.3387842,BIT,1
1770606096.3387842,BIT,0
1770606096.3387842,BIT,1
1770606096.5660663,BIT,0
1770606096.5660663,BIT,0
1770606096.5660663,BIT,0
1770606096.5660663,BIT,0
1770606096.5660663,BIT,0
1770606096.5660663,BIT,0
1770606096.5660663,BIT,1
1770606096.5660663,BIT,1
1770606096.5660663,BIT,1
1770606096.5660663,BIT,1
1770606096.7607424,BIT,1
1770606096.7607424,BIT,1
1770606096.7607424,BIT,0
1770606096.7607424,BIT,0
1770606096.7607424,BIT,1
1770606096.7607424,BIT,1
1770606096.7607424,BIT,1
1770606096.7607424,BIT,1
1770606096.7607424,BIT,0
1770606096.7607424,BIT,0
1770606096.9830863,BIT,0
1770606096.9830863,BIT,1
1770606096.9830863,BIT,0
1770606096.9830863,BIT,1
1770606096.9830863,BIT,0
1770606096.9830863,BIT,1
1770606096.9830863,BIT,1
1770606096.9830863,BIT,1
1770606096.9830863,BIT,1
1770606096.9830863,BIT,0
1770606097.1752677,BIT,1
1770606097.1752677,BIT,1
1770606097.1752677,BIT,0
1770606097.1752677,BIT,1
1770606097.1752677,BIT,1
1770606097.1752677,BIT,1
1770606097.1752677,BIT,1
1770606097.1752677,BIT,0
1770606097.1752677,BIT,0
1770606097.1752677,BIT,1
1770606097.3961065,BIT,0
1770606097.3961065,BIT,0
1770606097.3961065,BIT,0
1770606097.3961065,BIT,1
1770606097.3961065,BIT,0
1770606097.3961065,BIT,0
1770606097.3961065,BIT,1
1770606097.3961065,BIT,0
1770606097.3961065,BIT,0
1770606097.3961065,BIT,0
1770606097.6024914,BIT,0
1770606097.6024914,BIT,1
1770606097.6024914,BIT,1
1770606097.6024914,BIT,0
1770606097.6024914,BIT,1
1770606097.6024914,BIT,0
1770606097.6024914,BIT,1
1770606097.6024914,BIT,1
1770606097.6024914,BIT,1
1770606097.6024914,BIT,1
1770606097.796501,BIT,0
1770606097.796501,BIT,1
1770606097.796501,BIT,1
1770606097.796501,BIT,0
1770606097.796501,BIT,1
1770606097.796501,BIT,1
1770606097.796501,BIT,1
1770606097.796501,BIT,0
1770606097.796501,BIT,0
1770606097.796501,BIT,0
1770606097.9823928,BIT,0
1770606097.9823928,BIT,0
1770606097.9823928,BIT,0
1770606097.9823928,BIT,1
1770606097.9823928,BIT,0
1770606097.9823928,BIT,0
1770606097.9823928,BIT,0
1770606097.9823928,BIT,0
1770606097.9823928,BIT,1
1770606097.9823928,BIT,1
1770606098.1834066,BIT,1
1770606098.1834066,BIT,1
1770606098.1834066,BIT,0
1770606098.1834066,BIT,0
1770606098.1834066,BIT,0
1770606098.1834066,BIT,0
1770606098.1834066,BIT,1
1770606098.1834066,BIT,0
1770606098.1834066,BIT,1
1770606098.1834066,BIT,0
1770606098.450447,BIT,1
1770606098.450447,BIT,0
1770606098.450447,BIT,0
1770606098.450447,BIT,0
1770606098.450447,BIT,0
1770606098.450447,BIT,1
1770606098.450447,BIT,1
1770606098.450447,BIT,1
1770606098.450447,BIT,1
1770606098.450447,BIT,1
1770606098.6978025,BIT,1
1770606098.6978025,BIT,0
1770606098.6978025,BIT,1
1770606098.6978025,BIT,1
1770606098.6978025,BIT,0
1770606098.6978025,BIT,1
1770606098.6978025,BIT,1
1770606098.6978025,BIT,0
1770606098.6978025,BIT,0
1770606098.6978025,BIT,0
1770606098.9780478,BIT,1
1770606098.9780478,BIT,0
1770606098.9780478,BIT,0
1770606098.9780478,BIT,0
1770606098.9780478,BIT,1
1770606098.9780478,BIT,0
1770606098.9780478,BIT,1
1770606098.9780478,BIT,0
1770606098.9780478,BIT,0
1770606098.9780478,BIT,0
1770606099.203684,BIT,1
1770606099.203684,BIT,0
1770606099.203684,BIT,0
1770606099.203684,BIT,1
1770606099.203684,BIT,0
1770606099.203684,BIT,0
1770606099.203684,BIT,0
1770606099.203684,BIT,1
1770606099.203684,BIT,1
1770606099.203684,BIT,1
1770606099.4292462,BIT,0
1770606099.4292462,BIT,1
1770606099.4292462,BIT,0
1770606099.4292462,BIT,1
1770606099.4292462,BIT,1
1770606099.4292462,BIT,1
1770606099.4292462,BIT,0
1770606099.4292462,BIT,0
1770606099.4292462,BIT,0
1770606099.4292462,BIT,0
1770606099.6049135,BIT,0
1770606099.6049135,BIT,1
1770606099.6049135,BIT,0
1770606099.6049135,BIT,0
1770606099.6049135,BIT,0
1770606099.6049135,BIT,0
1770606099.6049135,BIT,0
1770606099.6049135,BIT,0
1770606099.6049135,BIT,1
1770606099.6049135,BIT,0
1770606099.8068101,BIT,0
1770606099.8068101,BIT,1
1770606099.8068101,BIT,1
1770606099.8068101,BIT,1
1770606099.8068101,BIT,1
1770606099.8068101,BIT,0
1770606099.8068101,BIT,1
1770606099.8068101,BIT,0
1770606099.8068101,BIT,0
1770606099.8068101,BIT,0
1770606100.0068526,BIT,1
1770606100.0068526,BIT,0
1770606100.0068526,BIT,0
1770606100.0068526,BIT,1
1770606100.0068526,BIT,0
1770606100.0068526,BIT,1
1770606100.0068526,BIT,1
1770606100.0068526,BIT,0
1770606100.0068526,BIT,0
1770606100.0068526,BIT,0
1770606100.1998475,BIT,0
1770606100.1998475,BIT,1
1770606100.1998475,BIT,1
1770606100.1998475,BIT,1
1770606100.1998475,BIT,1
1770606100.1998475,BIT,0
1770606100.1998475,BIT,1
1770606100.1998475,BIT,1
1770606100.1998475,BIT,0
1770606100.1998475,BIT,0
1770606100.386729,BIT,1
1770606100.386729,BIT,1
1770606100.386729,BIT,0
1770606100.386729,BIT,0
1770606100.386729,BIT,0
1770606100.386729,BIT,0
1770606100.386729,BIT,1
1770606100.386729,BIT,1
1770606100.386729,BIT,0
1770606100.386729,BIT,0
1770606100.5417216,BIT,0
1770606100.5417216,BIT,0
1770606100.5417216,BIT,1
1770606100.5417216,BIT,0
1770606100.5417216,BIT,1
1770606100.5417216,BIT,0
1770606100.5417216,BIT,0
1770606100.5417216,BIT,0
1770606100.5417216,BIT,0
1770606100.5417216,BIT,1
1770606100.7144017,BIT,0
1770606100.7144017,BIT,1
1770606100.7144017,BIT,0
1770606100.7144017,BIT,1
1770606100.7144017,BIT,0
1770606100.7144017,BIT,1
1770606100.7144017,BIT,1
1770606100.7144017,BIT,0
1770606100.7144017,BIT,1
1770606100.7144017,BIT,0
1770606100.9088492,BIT,0
1770606100.9088492,BIT,1
1770606100.9088492,BIT,0
1770606100.9088492,BIT,0
1770606100.9088492,BIT,1
1770606100.9088492,BIT,1
1770606100.9088492,BIT,1
1770606100.9088492,BIT,0
1770606100.9088492,BIT,0
1770606100.9088492,BIT,1
1770606101.1007743,BIT,0
1770606101.1007743,BIT,1
1770606101.1007743,BIT,1
1770606101.1007743,BIT,0
1770606101.1007743,BIT,1
1770606101.1007743,BIT,0
1770606101.1007743,BIT,1
1770606101.1007743,BIT,0
1770606101.1007743,BIT,0
1770606101.1007743,BIT,0
1770606101.29103,BIT,0
1770606101.29103,BIT,1
1770606101.29103,BIT,1
1770606101.29103,BIT,1
1770606101.29103,BIT,1
1770606101.29103,BIT,0
1770606101.29103,BIT,1
1770606101.29103,BIT,0
1770606101.29103,BIT,0
1770606101.29103,BIT,0
1770606101.466879,BIT,0
1770606101.466879,BIT,1
1770606101.466879,BIT,1
1770606101.466879,BIT,1
1770606101.466879,BIT,0
1770606101.466879,BIT,1
1770606101.466879,BIT,0
1770606101.466879,BIT,1
1770606101.466879,BIT,0
1770606101.466879,BIT,0
1770606101.6440096,BIT,0
1770606101.6440096,BIT,1
1770606101.6440096,BIT,0
1770606101.6440096,BIT,1
1770606101.6440096,BIT,1
1770606101.6440096,BIT,1
1770606101.6440096,BIT,0
1770606101.6440096,BIT,1
1770606101.6440096,BIT,1
1770606101.6440096,BIT,1
1770606101.8150625,BIT,1
1770606101.8150625,BIT,0
1770606101.8150625,BIT,1
1770606101.8150625,BIT,0
1770606101.8150625,BIT,1
1770606101.8150625,BIT,1
1770606101.8150625,BIT,1
1770606101.8150625,BIT,1
1770606101.8150625,BIT,1
1770606101.8150625,BIT,1
1770606101.9816828,BIT,1
1770606101.9816828,BIT,1
1770606101.9816828,BIT,0
1770606101.9816828,BIT,0
1770606101.9816828,BIT,1
1770606101.9816828,BIT,0
1770606101.9816828,BIT,1
1770606101.9816828,BIT,1
1770606101.9816828,BIT,0
1770606101.9816828,BIT,0
1770606102.1580222,BIT,0
1770606102.1580222,BIT,0
1770606102.1580222,BIT,1
1770606102.1580222,BIT,1
1770606102.1580222,BIT,1
1770606102.1580222,BIT,1
1770606102.1580222,BIT,0
1770606102.1580222,BIT,0
1770606102.1580222,BIT,1
1770606102.1580222,BIT,0
1770606102.3392653,BIT,0
1770606102.3392653,BIT,0
1770606102.3392653,BIT,0
1770606102.3392653,BIT,0
1770606102.3392653,BIT,1
1770606102.3392653,BIT,0
1770606102.3392653,BIT,0
1770606102.3392653,BIT,1
1770606102.3392653,BIT,0
1770606102.3392653,BIT,1
1770606102.4977362,BIT,1
1770606102.4977362,BIT,1
1770606102.4977362,BIT,0
1770606102.4977362,BIT,0
1770606102.4977362,BIT,0
1770606102.4977362,BIT,0
1770606102.4977362,BIT,0
1770606102.4977362,BIT,0
1770606102.4977362,BIT,1
1770606102.4977362,BIT,1
1770606102.674936,BIT,1
1770606102.674936,BIT,0
1770606102.674936,BIT,0
1770606102.674936,BIT,0
1770606102.674936,BIT,0
1770606102.674936,BIT,0
1770606102.674936,BIT,1
1770606102.674936,BIT,0
1770606102.674936,BIT,1
1770606102.674936,BIT,0
1770606102.8425045,BIT,0
1770606102.8425045,BIT,0
1770606102.8425045,BIT,0
1770606102.8425045,BIT,1
1770606102.8425045,BIT,1
1770606102.8425045,BIT,0
1770606102.8425045,BIT,0
1770606102.8425045,BIT,1
1770606102.8425045,BIT,1
1770606102.8425045,BIT,0
1770606103.0161786,BIT,1
1770606103.0161786,BIT,0
1770606103.0161786,BIT,1
1770606103.0161786,BIT,0
1770606103.0161786,BIT,1
1770606103.0161786,BIT,0
1770606103.0161786,BIT,0
1770606103.0161786,BIT,1
1770606103.0161786,BIT,0
1770606103.0161786,BIT,0
1770606103.191576,BIT,0
1770606103.191576,BIT,0
1770606103.191576,BIT,0
1770606103.191576,BIT,0
1770606103.191576,BIT,0
1770606103.191576,BIT,0
1770606103.191576,BIT,0
1770606103.191576,BIT,0
1770606103.191576,BIT,0
1770606103.191576,BIT,1
1770606103.3664043,BIT,0
1770606103.3664043,BIT,1
1770606103.3664043,BIT,0
1770606103.3664043,BIT,0
1770606103.3664043,BIT,1
1770606103.3664043,BIT,0
1770606103.3664043,BIT,0
1770606103.3664043,BIT,0
1770606103.3664043,BIT,1
1770606103.3664043,BIT,1
1770606103.526472,BIT,0
1770606103.526472,BIT,1
1770606103.526472,BIT,1
1770606103.526472,BIT,0
1770606103.526472,BIT,0
1770606103.526472,BIT,1
1770606103.526472,BIT,0
1770606103.526472,BIT,1
1770606103.526472,BIT,1
1770606103.526472,BIT,1
1770606103.7126656,BIT,0
1770606103.7126656,BIT,1
1770606103.7126656,BIT,0
1770606103.7126656,BIT,1
1770606103.7126656,BIT,1
1770606103.7126656,BIT,1
1770606103.7126656,BIT,0
1770606103.7126656,BIT,1
1770606103.7126656,BIT,1
1770606103.7126656,BIT,0
1770606103.8998203,BIT,0
1770606103.8998203,BIT,1
1770606103.8998203,BIT,1
1770606103.8998203,BIT,1
1770606103.8998203,BIT,1
1770606103.8998203,BIT,1
1770606103.8998203,BIT,0
1770606103.8998203,BIT,1
1770606103.8998203,BIT,1
1770606103.8998203,BIT,0
1770606104.078521,BIT,0
1770606104.078521,BIT,0
1770606104.078521,BIT,0
1770606104.078521,BIT,1
1770606104.078521,BIT,0
1770606104.078521,BIT,0
1770606104.078521,BIT,0
1770606104.078521,BIT,1
1770606104.078521,BIT,0
1770606104.078521,BIT,0
1770606104.256739,BIT,0
1770606104.256739,BIT,0
1770606104.256739,BIT,1
1770606104.256739,BIT,1
1770606104.256739,BIT,0
1770606104.256739,BIT,0
1770606104.256739,BIT,0
1770606104.256739,BIT,1
1770606104.256739,BIT,1
1770606104.256739,BIT,1
1770606104.4238975,BIT,1
1770606104.4238975,BIT,1
1770606104.4238975,BIT,0
1770606104.4238975,BIT,0
1770606104.4238975,BIT,1
1770606104.4238975,BIT,0
1770606104.4238975,BIT,1
1770606104.4238975,BIT,0
1770606104.4238975,BIT,1
1770606104.4238975,BIT,1
1770606104.5841367,BIT,1
1770606104.5841367,BIT,0
1770606104.5841367,BIT,1
1770606104.5841367,BIT,1
1770606104.5841367,BIT,0
1770606104.5841367,BIT,1
1770606104.5841367,BIT,0
1770606104.5841367,BIT,1
1770606104.5841367,BIT,0
1770606104.5841367,BIT,0
1770606104.7491055,BIT,0
1770606104.7491055,BIT,0
1770606104.7491055,BIT,0
1770606104.7491055,BIT,0
1770606104.7491055,BIT,1
1770606104.7491055,BIT,1
1770606104.7491055,BIT,1
1770606104.7491055,BIT,0
1770606104.7491055,BIT,0
1770606104.7491055,BIT,1
1770606105.00558,BIT,0
1770606105.00558,BIT,0
1770606105.00558,BIT,1
1770606105.00558,BIT,0
1770606105.00558,BIT,1
1770606105.00558,BIT,0
1770606105.00558,BIT,1
1770606105.00558,BIT,0
1770606105.00558,BIT,1
1770606105.00558,BIT,0
1770606105.2365124,BIT,0
1770606105.2365124,BIT,0
1770606105.2365124,BIT,0
1770606105.2365124,BIT,0
1770606105.2365124,BIT,1
1770606105.2365124,BIT,1
1770606105.2365124,BIT,0
1770606105.2365124,BIT,1
1770606105.2365124,BIT,0
1770606105.2365124,BIT,1
1770606105.4540086,BIT,1
1770606105.4540086,BIT,1
1770606105.4540086,BIT,1
1770606105.4540086,BIT,1
1770606105.4540086,BIT,1
1770606105.4540086,BIT,1
1770606105.4540086,BIT,0
1770606105.4540086,BIT,1
1770606105.4540086,BIT,1
1770606105.4540086,BIT,1
1770606105.689792,BIT,0
1770606105.689792,BIT,0
1770606105.689792,BIT,0
1770606105.689792,BIT,0
1770606105.689792,BIT,0
1770606105.689792,BIT,1
1770606105.689792,BIT,0
1770606105.689792,BIT,0
1770606105.689792,BIT,0
1770606105.689792,BIT,0
1770606105.8815928,BIT,0
1770606105.8815928,BIT,0
1770606105.8815928,BIT,1
1770606105.8815928,BIT,1
1770606105.8815928,BIT,1
1770606105.8815928,BIT,0
1770606105.8815928,BIT,1
1770606105.8815928,BIT,0
1770606105.8815928,BIT,1
1770606105.8815928,BIT,0
1770606106.1192384,BIT,1
1770606106.1192384,BIT,1
1770606106.1192384,BIT,0
1770606106.1192384,BIT,0
1770606106.1192384,BIT,0
1770606106.1192384,BIT,0
1770606106.1192384,BIT,0
1770606106.1192384,BIT,0
1770606106.1192384,BIT,1
1770606106.1192384,BIT,1
1770606106.415635,BIT,0
1770606106.415635,BIT,0
1770606106.415635,BIT,0
1770606106.415635,BIT,1
1770606106.415635,BIT,1
1770606106.415635,BIT,0
1770606106.415635,BIT,0
1770606106.415635,BIT,1
1770606106.415635,BIT,1
1770606106.415635,BIT,0
1770606106.7673304,BIT,0
1770606106.7673304,BIT,1
1770606106.7673304,BIT,1
1770606106.7673304,BIT,0
1770606106.7673304,BIT,0
1770606106.7673304,BIT,0
1770606106.7673304,BIT,0
1770606106.7673304,BIT,0
1770606106.7673304,BIT,1
1770606106.7673304,BIT,1
1770606107.0398066,BIT,0
1770606107.0398066,BIT,0
1770606107.0398066,BIT,1
1770606107.0398066,BIT,0
1770606107.0398066,BIT,1
1770606107.0398066,BIT,1
1770606107.0398066,BIT,0
1770606107.0398066,BIT,1
1770606107.0398066,BIT,0
1770606107.0398066,BIT,1
1770606107.247482,BIT,0
1770606107.247482,BIT,0
1770606107.247482,BIT,0
1770606107.247482,BIT,0
1770606107.247482,BIT,1
1770606107.247482,BIT,1
1770606107.247482,BIT,1
1770606107.247482,BIT,1
1770606107.247482,BIT,0
1770606107.247482,BIT,1
1770606107.453749,BIT,1
1770606107.453749,BIT,0
1770606107.453749,BIT,0
1770606107.453749,BIT,1
1770606107.453749,BIT,1
1770606107.453749,BIT,0
1770606107.453749,BIT,1
1770606107.453749,BIT,0
1770606107.453749,BIT,0
1770606107.453749,BIT,1
1770606107.637516,BIT,1
1770606107.637516,BIT,0
1770606107.637516,BIT,1
1770606107.637516,BIT,0
1770606107.637516,BIT,0
1770606107.637516,BIT,1
1770606107.637516,BIT,1
1770606107.637516,BIT,0
1770606107.637516,BIT,1
1770606107.637516,BIT,0
1770606107.830618,BIT,0
1770606107.830618,BIT,1
1770606107.830618,BIT,1
1770606107.830618,BIT,0
1770606107.830618,BIT,0
1770606107.830618,BIT,0
1770606107.830618,BIT,1
1770606107.830618,BIT,1
1770606107.830618,BIT,1
1770606107.830618,BIT,0
1770606108.0320415,BIT,0
1770606108.0320415,BIT,0
1770606108.0320415,BIT,1
1770606108.0320415,BIT,1
1770606108.0320415,BIT,0
1770606108.0320415,BIT,0
1770606108.0320415,BIT,1
1770606108.0320415,BIT,0
1770606108.0320415,BIT,0
1770606108.0320415,BIT,1
1770606108.2355356,BIT,0
1770606108.2355356,BIT,0
1770606108.2355356,BIT,1
1770606108.2355356,BIT,0
1770606108.2355356,BIT,0
1770606108.2355356,BIT,1
1770606108.2355356,BIT,1
1770606108.2355356,BIT,1
1770606108.2355356,BIT,1
1770606108.2355356,BIT,0
1770606108.4389255,BIT,1
1770606108.4389255,BIT,1
1770606108.4389255,BIT,1
1770606108.4389255,BIT,1
1770606108.4389255,BIT,0
1770606108.4389255,BIT,1
1770606108.4389255,BIT,0
1770606108.4389255,BIT,1
1770606108.4389255,BIT,1
1770606108.4389255,BIT,0
1770606108.6376004,BIT,0
1770606108.6376004,BIT,1
1770606108.6376004,BIT,1
1770606108.6376004,BIT,1
1770606108.6376004,BIT,0
1770606108.6376004,BIT,1
1770606108.6376004,BIT,0
1770606108.6376004,BIT,1
1770606108.6376004,BIT,1
1770606108.6376004,BIT,1
1770606108.8508155,BIT,0
1770606108.8508155,BIT,0
1770606108.8508155,BIT,0
1770606108.8508155,BIT,1
1770606108.8508155,BIT,0
1770606108.8508155,BIT,0
1770606108.8508155,BIT,0
1770606108.8508155,BIT,0
1770606108.8508155,BIT,1
1770606108.8508155,BIT,1
1770606109.0609708,BIT,0
1770606109.0609708,BIT,0
1770606109.0609708,BIT,0
1770606109.0609708,BIT,0
1770606109.0609708,BIT,1
1770606109.0609708,BIT,0
1770606109.0609708,BIT,0
1770606109.0609708,BIT,0
1770606109.0609708,BIT,0
1770606109.0609708,BIT,0
1770606109.2602687,BIT,0
1770606109.2602687,BIT,1
1770606109.2602687,BIT,0
1770606109.2602687,BIT,1
1770606109.2602687,BIT,1
1770606109.2602687,BIT,1
1770606109.2602687,BIT,0
1770606109.2602687,BIT,1
1770606109.2602687,BIT,1
1770606109.2602687,BIT,0
1770606109.4626327,BIT,1
1770606109.4626327,BIT,1
1770606109.4626327,BIT,1
1770606109.4626327,BIT,0
1770606109.4626327,BIT,1
1770606109.4626327,BIT,0
1770606109.4626327,BIT,0
1770606109.4626327,BIT,1
1770606109.4626327,BIT,0
1770606109.4626327,BIT,1
1770606109.7596598,BIT,1
1770606109.7596598,BIT,1
1770606109.7596598,BIT,1
1770606109.7596598,BIT,0
1770606109.7596598,BIT,0
1770606109.7596598,BIT,1
1770606109.7596598,BIT,0
1770606109.7596598,BIT,1
1770606109.7596598,BIT,0
1770606109.7596598,BIT,1
1770606110.0290074,BIT,1
1770606110.0290074,BIT,1
1770606110.0290074,BIT,0
1770606110.0290074,BIT,0
1770606110.0290074,BIT,0
1770606110.0290074,BIT,0
1770606110.0290074,BIT,1
1770606110.0290074,BIT,1
1770606110.0290074,BIT,0
1770606110.0290074,BIT,0
1770606110.2469969,BIT,0
1770606110.2469969,BIT,1
1770606110.2469969,BIT,1
1770606110.2469969,BIT,1
1770606110.2469969,BIT,1
1770606110.2469969,BIT,1
1770606110.2469969,BIT,0
1770606110.2469969,BIT,1
1770606110.2469969,BIT,0
1770606110.2469969,BIT,1
1770606110.4681578,BIT,1
1770606110.4681578,BIT,1
1770606110.4681578,BIT,1
1770606110.4681578,BIT,0
1770606110.4681578,BIT,0
1770606110.4681578,BIT,0
1770606110.4681578,BIT,1
1770606110.4681578,BIT,1
1770606110.4681578,BIT,1
1770606110.4681578,BIT,0
1770606110.6620402,BIT,1
1770606110.6620402,BIT,0
1770606110.6620402,BIT,1
1770606110.6620402,BIT,1
1770606110.6620402,BIT,1
1770606110.6620402,BIT,1
1770606110.6620402,BIT,0
1770606110.6620402,BIT,0
1770606110.6620402,BIT,1
1770606110.6620402,BIT,1
1770606110.867184,BIT,1
1770606110.867184,BIT,1
1770606110.867184,BIT,1
1770606110.867184,BIT,0
1770606110.867184,BIT,1
1770606110.867184,BIT,1
1770606110.867184,BIT,0
1770606110.867184,BIT,0
1770606110.867184,BIT,0
1770606110.867184,BIT,1
1770606111.1186373,BIT,0
1770606111.1186373,BIT,0
1770606111.1186373,BIT,0
1770606111.1186373,BIT,1
1770606111.1186373,BIT,0
1770606111.1186373,BIT,0
1770606111.1186373,BIT,1
1770606111.1186373,BIT,0
1770606111.1186373,BIT,0
1770606111.1186373,BIT,1
1770606111.328042,BIT,1
1770606111.328042,BIT,1
1770606111.328042,BIT,0
1770606111.328042,BIT,1
1770606111.328042,BIT,0
1770606111.328042,BIT,1
1770606111.328042,BIT,0
1770606111.328042,BIT,1
1770606111.328042,BIT,0
1770606111.328042,BIT,0
1770606111.5370476,BIT,0
1770606111.5370476,BIT,1
1770606111.5370476,BIT,0
1770606111.5370476,BIT,0
1770606111.5370476,BIT,1
1770606111.5370476,BIT,0
1770606111.5370476,BIT,0
1770606111.5370476,BIT,0
1770606111.5370476,BIT,0
1770606111.5370476,BIT,1
1770606111.7568915,BIT,0
1770606111.7568915,BIT,0
1770606111.7568915,BIT,0
1770606111.7568915,BIT,1
1770606111.7568915,BIT,0
1770606111.7568915,BIT,1
1770606111.7568915,BIT,0
1770606111.7568915,BIT,1
1770606111.7568915,BIT,0
1770606111.7568915,BIT,0
1770606111.9579463,BIT,1
1770606111.9579463,BIT,0
1770606111.9579463,BIT,0
1770606111.9579463,BIT,1
1770606111.9579463,BIT,1
1770606111.9579463,BIT,1
1770606111.9579463,BIT,0
1770606111.9579463,BIT,0
1770606111.9579463,BIT,1
1770606111.9579463,BIT,0
1770606112.1743414,BIT,0
1770606112.1743414,BIT,0
1770606112.1743414,BIT,1
1770606112.1743414,BIT,1
1770606112.1743414,BIT,1
1770606112.1743414,BIT,1
1770606112.1743414,BIT,0
1770606112.1743414,BIT,0
1770606112.1743414,BIT,1
1770606112.1743414,BIT,1
1770606112.3953104,BIT,0
1770606112.3953104,BIT,0
1770606112.3953104,BIT,0
1770606112.3953104,BIT,1
1770606112.3953104,BIT,0
1770606112.3953104,BIT,1
1770606112.3953104,BIT,1
1770606112.3953104,BIT,1
1770606112.3953104,BIT,1
1770606112.3953104,BIT,0
1770606112.5833983,BIT,0
1770606112.5833983,BIT,1
1770606112.5833983,BIT,1
1770606112.5833983,BIT,0
1770606112.5833983,BIT,1
1770606112.5833983,BIT,0
1770606112.5833983,BIT,0
1770606112.5833983,BIT,0
1770606112.5833983,BIT,1
1770606112.5833983,BIT,0
1770606112.7814128,BIT,0
1770606112.7814128,BIT,0
1770606112.7814128,BIT,1
1770606112.7814128,BIT,1
1770606112.7814128,BIT,1
1770606112.7814128,BIT,0
1770606112.7814128,BIT,0
1770606112.7814128,BIT,0
1770606112.7814128,BIT,0
1770606112.7814128,BIT,1
1770606112.983796,BIT,1
1770606112.983796,BIT,1
1770606112.983796,BIT,0
1770606112.983796,BIT,0
1770606112.983796,BIT,1
1770606112.983796,BIT,1
1770606112.983796,BIT,0
1770606112.983796,BIT,1
1770606112.983796,BIT,1
1770606112.983796,BIT,1
1770606113.175185,BIT,1
1770606113.175185,BIT,1
1770606113.175185,BIT,0
1770606113.175185,BIT,1
1770606113.175185,BIT,1
1770606113.175185,BIT,1
1770606113.175185,BIT,1
1770606113.175185,BIT,1
1770606113.175185,BIT,1
1770606113.175185,BIT,0
1770606113.3699064,BIT,1
1770606113.3699064,BIT,0
1770606113.3699064,BIT,1
1770606113.3699064,BIT,0
1770606113.3699064,BIT,1
1770606113.3699064,BIT,0
1770606113.3699064,BIT,0
1770606113.3699064,BIT,0
1770606113.3699064,BIT,1
1770606113.3699064,BIT,1
1770606113.5410814,BIT,0
1770606113.5410814,BIT,0
1770606113.5410814,BIT,0
1770606113.5410814,BIT,1
1770606113.5410814,BIT,0
1770606113.5410814,BIT,1
1770606113.5410814,BIT,1
1770606113.5410814,BIT,0
1770606113.5410814,BIT,1
1770606113.5410814,BIT,0
1770606113.7189336,BIT,1
1770606113.7189336,BIT,1
1770606113.7189336,BIT,0
1770606113.7189336,BIT,1
1770606113.7189336,BIT,0
1770606113.7189336,BIT,0
1770606113.7189336,BIT,0
1770606113.7189336,BIT,1
1770606113.7189336,BIT,1
1770606113.7189336,BIT,1
1770606113.900114,BIT,1
1770606113.900114,BIT,1
1770606113.900114,BIT,1
1770606113.900114,BIT,1
1770606113.900114,BIT,1
1770606113.900114,BIT,0
1770606113.900114,BIT,0
1770606113.900114,BIT,0
1770606113.900114,BIT,0
1770606113.900114,BIT,0
1770606114.0823221,BIT,1
1770606114.0823221,BIT,0
1770606114.0823221,BIT,0
1770606114.0823221,BIT,1
1770606114.0823221,BIT,1
1770606114.0823221,BIT,1
1770606114.0823221,BIT,1
1770606114.0823221,BIT,1
1770606114.0823221,BIT,0
1770606114.0823221,BIT,1
1770606114.2565935,BIT,1
1770606114.2565935,BIT,1
1770606114.2565935,BIT,1
1770606114.2565935,BIT,0
1770606114.2565935,BIT,1
1770606114.2565935,BIT,1
1770606114.2565935,BIT,1
1770606114.2565935,BIT,0
1770606114.2565935,BIT,1
1770606114.2565935,BIT,1
1770606114.4537158,BIT,1
1770606114.4537158,BIT,1
1770606114.4537158,BIT,1
1770606114.4537158,BIT,0
1770606114.4537158,BIT,1
1770606114.4537158,BIT,0
1770606114.4537158,BIT,1
1770606114.4537158,BIT,1
1770606114.4537158,BIT,0
1770606114.4537158,BIT,0
1770606114.66161,BIT,1
1770606114.66161,BIT,0
1770606114.66161,BIT,1
1770606114.66161,BIT,1
1770606114.66161,BIT,0
1770606114.66161,BIT,1
1770606114.66161,BIT,0
1770606114.66161,BIT,0
1770606114.66161,BIT,0
1770606114.66161,BIT,1
1770606114.8897402,BIT,0
1770606114.8897402,BIT,0
1770606114.8897402,BIT,1
1770606114.8897402,BIT,0
1770606114.8897402,BIT,0
1770606114.8897402,BIT,1
1770606114.8897402,BIT,0
1770606114.8897402,BIT,0
1770606114.8897402,BIT,1
1770606114.8897402,BIT,1
1770606115.1156805,BIT,1
1770606115.1156805,BIT,0
1770606115.1156805,BIT,1
1770606115.1156805,BIT,0
1770606115.1156805,BIT,0
1770606115.1156805,BIT,1
1770606115.1156805,BIT,0
1770606115.1156805,BIT,0
1770606115.1156805,BIT,0
1770606115.1156805,BIT,1
1770606115.3227947,BIT,1
1770606115.3227947,BIT,1
1770606115.3227947,BIT,1
1770606115.3227947,BIT,0
1770606115.3227947,BIT,1
1770606115.3227947,BIT,1
1770606115.3227947,BIT,1
1770606115.3227947,BIT,1
1770606115.3227947,BIT,0
1770606115.3227947,BIT,0
1770606115.535064,BIT,1
1770606115.535064,BIT,0
1770606115.535064,BIT,0
1770606115.535064,BIT,1
1770606115.535064,BIT,0
1770606115.535064,BIT,0
1770606115.535064,BIT,1
1770606115.535064,BIT,1
1770606115.535064,BIT,0
1770606115.535064,BIT,0
1770606115.7140038,BIT,1
1770606115.7140038,BIT,0
1770606115.7140038,BIT,1
1770606115.7140038,BIT,0
1770606115.7140038,BIT,1
1770606115.7140038,BIT,1
1770606115.7140038,BIT,0
1770606115.7140038,BIT,0
1770606115.7140038,BIT,0
1770606115.7140038,BIT,0
1770606115.9020238,BIT,0
1770606115.9020238,BIT,0
1770606115.9020238,BIT,1
1770606115.9020238,BIT,0
1770606115.9020238,BIT,0
1770606115.9020238,BIT,1
1770606115.9020238,BIT,0
1770606115.9020238,BIT,0
1770606115.9020238,BIT,0
1770606115.9020238,BIT,1
1770606116.1001313,BIT,0
1770606116.1001313,BIT,1
1770606116.1001313,BIT,0
1770606116.1001313,BIT,0
1770606116.1001313,BIT,1
1770606116.1001313,BIT,0
1770606116.1001313,BIT,0
1770606116.1001313,BIT,0
1770606116.1001313,BIT,1
1770606116.1001313,BIT,1
1770606116.293728,BIT,1
1770606116.293728,BIT,0
1770606116.293728,BIT,1
1770606116.293728,BIT,1
1770606116.293728,BIT,1
1770606116.293728,BIT,1
1770606116.293728,BIT,0
1770606116.293728,BIT,0
1770606116.293728,BIT,1
1770606116.293728,BIT,0
1770606116.4833155,BIT,1
1770606116.4833155,BIT,1
1770606116.4833155,BIT,1
1770606116.4833155,BIT,1
1770606116.4833155,BIT,0
1770606116.4833155,BIT,1
1770606116.4833155,BIT,0
1770606116.4833155,BIT,0
1770606116.4833155,BIT,1
1770606116.4833155,BIT,0
1770606116.6569264,BIT,0
1770606116.6569264,BIT,1
1770606116.6569264,BIT,1
1770606116.6569264,BIT,0
1770606116.6569264,BIT,1
1770606116.6569264,BIT,0
1770606116.6569264,BIT,1
1770606116.6569264,BIT,1
1770606116.6569264,BIT,1
1770606116.6569264,BIT,1
1770606116.8473022,BIT,1
1770606116.8473022,BIT,1
1770606116.8473022,BIT,1
1770606116.8473022,BIT,1
1770606116.8473022,BIT,1
1770606116.8473022,BIT,1
1770606116.8473022,BIT,1
1770606116.8473022,BIT,1
1770606116.8473022,BIT,0
1770606116.8473022,BIT,0
1770606117.0429616,BIT,1
1770606117.0429616,BIT,0
1770606117.0429616,BIT,1
1770606117.0429616,BIT,1
1770606117.0429616,BIT,0
1770606117.0429616,BIT,0
1770606117.0429616,BIT,1
1770606117.0429616,BIT,1
1770606117.0429616,BIT,1
1770606117.0429616,BIT,1
1770606117.2451873,BIT,0
1770606117.2451873,BIT,1
1770606117.2451873,BIT,1
1770606117.2451873,BIT,1
1770606117.2451873,BIT,1
1770606117.2451873,BIT,0
1770606117.2451873,BIT,1
1770606117.2451873,BIT,1
1770606117.2451873,BIT,0
1770606117.2451873,BIT,0
1770606117.4511456,BIT,0
1770606117.4511456,BIT,1
1770606117.4511456,BIT,1
1770606117.4511456,BIT,0
1770606117.4511456,BIT,1
1770606117.4511456,BIT,0
1770606117.4511456,BIT,1
1770606117.4511456,BIT,1
1770606117.4511456,BIT,0
1770606117.4511456,BIT,0
1770606117.6514301,BIT,1
1770606117.6514301,BIT,1
1770606117.6514301,BIT,0
1770606117.6514301,BIT,1
1770606117.6514301,BIT,1
1770606117.6514301,BIT,0
1770606117.6514301,BIT,0
1770606117.6514301,BIT,1
1770606117.6514301,BIT,0
1770606117.6514301,BIT,0
1770606117.8793416,BIT,0
1770606117.8793416,BIT,1
1770606117.8793416,BIT,1
1770606117.8793416,BIT,0
1770606117.8793416,BIT,1
1770606117.8793416,BIT,0
1770606117.8793416,BIT,0
1770606117.8793416,BIT,1
1770606117.8793416,BIT,0
1770606117.8793416,BIT,1
1770606118.0820923,BIT,1
1770606118.0820923,BIT,1
1770606118.0820923,BIT,1
1770606118.0820923,BIT,1
1770606118.0820923,BIT,0
1770606118.0820923,BIT,1
1770606118.0820923,BIT,1
1770606118.0820923,BIT,0
1770606118.0820923,BIT,0
1770606118.0820923,BIT,0
1770606118.274494,BIT,0
1770606118.274494,BIT,1
1770606118.274494,BIT,1
1770606118.274494,BIT,1
1770606118.274494,BIT,0
1770606118.274494,BIT,1
1770606118.274494,BIT,1
1770606118.274494,BIT,0
1770606118.274494,BIT,0
1770606118.274494,BIT,1
1770606118.4703586,BIT,1
1770606118.4703586,BIT,0
1770606118.4703586,BIT,0
1770606118.4703586,BIT,0
1770606118.4703586,BIT,0
1770606118.4703586,BIT,1
1770606118.4703586,BIT,0
1770606118.4703586,BIT,0
1770606118.4703586,BIT,1
1770606118.4703586,BIT,1
1770606118.6424925,BIT,0
1770606118.6424925,BIT,1
1770606118.6424925,BIT,1
1770606118.6424925,BIT,0
1770606118.6424925,BIT,0
1770606118.6424925,BIT,0
1770606118.6424925,BIT,1
1770606118.6424925,BIT,0
1770606118.6424925,BIT,0
1770606118.6424925,BIT,1
1770606118.830023,BIT,1
1770606118.830023,BIT,1
1770606118.830023,BIT,1
1770606118.830023,BIT,1
1770606118.830023,BIT,0
1770606118.830023,BIT,1
1770606118.830023,BIT,1
1770606118.830023,BIT,1
1770606118.830023,BIT,1
1770606118.830023,BIT,1
1770606119.0176466,BIT,0
1770606119.0176466,BIT,0
1770606119.0176466,BIT,0
1770606119.0176466,BIT,1
1770606119.0176466,BIT,0
1770606119.0176466,BIT,0
1770606119.0176466,BIT,0
1770606119.0176466,BIT,1
1770606119.0176466,BIT,1
1770606119.0176466,BIT,0
1770606119.20598,BIT,0
1770606119.20598,BIT,1
1770606119.20598,BIT,1
1770606119.20598,BIT,0
1770606119.20598,BIT,0
1770606119.20598,BIT,0
1770606119.20598,BIT,1
1770606119.20598,BIT,0
1770606119.20598,BIT,0
1770606119.20598,BIT,1
1770606119.3798826,BIT,0
1770606119.3798826,BIT,1
1770606119.3798826,BIT,0
1770606119.3798826,BIT,0
1770606119.3798826,BIT,1
1770606119.3798826,BIT,1
1770606119.3798826,BIT,1
1770606119.3798826,BIT,0
1770606119.3798826,BIT,1
1770606119.3798826,BIT,0
1770606119.559892,BIT,1
1770606119.559892,BIT,1
1770606119.559892,BIT,1
1770606119.559892,BIT,0
1770606119.559892,BIT,1
1770606119.559892,BIT,1
1770606119.559892,BIT,1
1770606119.559892,BIT,1
1770606119.559892,BIT,0
1770606119.559892,BIT,1
1770606119.73049,BIT,0
1770606119.73049,BIT,0
1770606119.73049,BIT,0
1770606119.73049,BIT,0
1770606119.73049,BIT,1
1770606119.73049,BIT,0
1770606119.73049,BIT,0
1770606119.73049,BIT,0
1770606119.73049,BIT,1
1770606119.73049,BIT,0
1770606119.914718,BIT,1
1770606119.914718,BIT,1
1770606119.914718,BIT,0
1770606119.914718,BIT,0
1770606119.914718,BIT,1
1770606119.914718,BIT,0
1770606119.914718,BIT,0
1770606119.914718,BIT,1
1770606119.914718,BIT,1
1770606119.914718,BIT,0
1770606120.1079068,BIT,0
1770606120.1079068,BIT,1
1770606120.1079068,BIT,0
1770606120.1079068,BIT,1
1770606120.1079068,BIT,1
1770606120.1079068,BIT,0
1770606120.1079068,BIT,0
1770606120.1079068,BIT,0
1770606120.1079068,BIT,1
1770606120.1079068,BIT,0
1770606120.296801,BIT,1
1770606120.296801,BIT,1
1770606120.296801,BIT,1
1770606120.296801,BIT,0
1770606120.296801,BIT,1
1770606120.296801,BIT,0
1770606120.296801,BIT,1
1770606120.296801,BIT,0
1770606120.296801,BIT,1
1770606120.296801,BIT,0
1770606120.4832008,BIT,0
1770606120.4832008,BIT,1
1770606120.4832008,BIT,1
1770606120.4832008,BIT,0
1770606120.4832008,BIT,0
1770606120.4832008,BIT,0
1770606120.4832008,BIT,0
1770606120.4832008,BIT,1
1770606120.4832008,BIT,0
1770606120.4832008,BIT,1
1770606120.6735773,BIT,1
1770606120.6735773,BIT,0
1770606120.6735773,BIT,1
1770606120.6735773,BIT,0
1770606120.6735773,BIT,0
1770606120.6735773,BIT,0
1770606120.6735773,BIT,1
1770606120.6735773,BIT,0
1770606120.6735773,BIT,0
1770606120.6735773,BIT,0
1770606120.8697624,BIT,1
1770606120.8697624,BIT,0
1770606120.8697624,BIT,0
1770606120.8697624,BIT,1
1770606120.8697624,BIT,1
1770606120.8697624,BIT,0
1770606120.8697624,BIT,1
1770606120.8697624,BIT,1
1770606120.8697624,BIT,1
1770606120.8697624,BIT,0
1770606121.0807593,BIT,1
1770606121.0807593,BIT,0
1770606121.0807593,BIT,0
1770606121.0807593,BIT,1
1770606121.0807593,BIT,0
1770606121.0807593,BIT,0
1770606121.0807593,BIT,1
1770606121.0807593,BIT,0
1770606121.0807593,BIT,1
1770606121.0807593,BIT,0
1770606121.2772145,BIT,1
1770606121.2772145,BIT,1
1770606121.2772145,BIT,1
1770606121.2772145,BIT,0
1770606121.2772145,BIT,0
1770606121.2772145,BIT,1
1770606121.2772145,BIT,0
1770606121.2772145,BIT,1
1770606121.2772145,BIT,1
1770606121.2772145,BIT,1
1770606121.4800024,BIT,0
1770606121.4800024,BIT,0
1770606121.4800024,BIT,1
1770606121.4800024,BIT,0
1770606121.4800024,BIT,0
1770606121.4800024,BIT,1
1770606121.4800024,BIT,1
1770606121.4800024,BIT,1
1770606121.4800024,BIT,1
1770606121.4800024,BIT,1
1770606121.669336,BIT,1
1770606121.669336,BIT,1
1770606121.669336,BIT,0
1770606121.669336,BIT,0
1770606121.669336,BIT,0
1770606121.669336,BIT,1
1770606121.669336,BIT,0
1770606121.669336,BIT,1
1770606121.669336,BIT,1
1770606121.669336,BIT,1
1770606121.9157171,BIT,0
1770606121.9157171,BIT,1
1770606121.9157171,BIT,1
1770606121.9157171,BIT,0
1770606121.9157171,BIT,1
1770606121.9157171,BIT,1
1770606121.9157171,BIT,0
1770606121.9157171,BIT,0
1770606121.9157171,BIT,1
1770606121.9157171,BIT,0
1770606122.191617,BIT,0
1770606122.191617,BIT,0
1770606122.191617,BIT,0
1770606122.191617,BIT,1
1770606122.191617,BIT,1
1770606122.191617,BIT,0
1770606122.191617,BIT,1
1770606122.191617,BIT,0
1770606122.191617,BIT,1
1770606122.191617,BIT,0
1770606122.6157572,BIT,0
1770606122.6157572,BIT,1
1770606122.6157572,BIT,0
1770606122.6157572,BIT,1
1770606122.6157572,BIT,0
1770606122.6157572,BIT,0
1770606122.6157572,BIT,1
1770606122.6157572,BIT,1
1770606122.6157572,BIT,0
1770606122.6157572,BIT,1
1770606122.9148135,BIT,1
1770606122.9148135,BIT,1
1770606122.9148135,BIT,1
1770606122.9148135,BIT,1
1770606122.9148135,BIT,0
1770606122.9148135,BIT,0
1770606122.9148135,BIT,1
1770606122.9148135,BIT,1
1770606122.9148135,BIT,1
1770606122.9148135,BIT,1
1770606123.2559426,BIT,0
1770606123.2559426,BIT,1
1770606123.2559426,BIT,0
1770606123.2559426,BIT,0
1770606123.2559426,BIT,1
1770606123.2559426,BIT,0
1770606123.2559426,BIT,0
1770606123.2559426,BIT,0
1770606123.2559426,BIT,0
1770606123.2559426,BIT,0
1770606123.6570897,BIT,1
1770606123.6570897,BIT,1
1770606123.6570897,BIT,0
1770606123.6570897,BIT,0
1770606123.6570897,BIT,1
1770606123.6570897,BIT,1
1770606123.6570897,BIT,1
1770606123.6570897,BIT,1
1770606123.6570897,BIT,0
1770606123.6570897,BIT,1
1770606123.9604561,BIT,0
1770606123.9604561,BIT,0
1770606123.9604561,BIT,0
1770606123.9604561,BIT,0
1770606123.9604561,BIT,0
1770606123.9604561,BIT,0
1770606123.9604561,BIT,1
1770606123.9604561,BIT,1
1770606123.9604561,BIT,1
1770606123.9604561,BIT,0
1770606124.2507398,BIT,1
1770606124.2507398,BIT,1
1770606124.2507398,BIT,0
1770606124.2507398,BIT,0
1770606124.2507398,BIT,1
1770606124.2507398,BIT,0
1770606124.2507398,BIT,0
1770606124.2507398,BIT,0
1770606124.2507398,BIT,0
1770606124.2507398,BIT,1
1770606124.5452032,BIT,1
1770606124.5452032,BIT,1
1770606124.5452032,BIT,1
1770606124.5452032,BIT,1
1770606124.5452032,BIT,1
1770606124.5452032,BIT,1
1770606124.5452032,BIT,1
1770606124.5452032,BIT,1
1770606124.5452032,BIT,1
1770606124.5452032,BIT,0
1770606124.8243954,BIT,1
1770606124.8243954,BIT,0
1770606124.8243954,BIT,1
1770606124.8243954,BIT,0
1770606124.8243954,BIT,1
1770606124.8243954,BIT,0
1770606124.8243954,BIT,1
1770606124.8243954,BIT,0
1770606124.8243954,BIT,0
1770606124.8243954,BIT,1
1770606125.1490984,BIT,0
1770606125.1490984,BIT,1
1770606125.1490984,BIT,0
1770606125.1490984,BIT,0
1770606125.1490984,BIT,1
1770606125.1490984,BIT,1
1770606125.1490984,BIT,1
1770606125.1490984,BIT,1
1770606125.1490984,BIT,1
1770606125.1490984,BIT,0
1770606125.4200454,BIT,1
1770606125.4200454,BIT,1
1770606125.4200454,BIT,1
1770606125.4200454,BIT,0
1770606125.4200454,BIT,0
1770606125.4200454,BIT,0
1770606125.4200454,BIT,1
1770606125.4200454,BIT,0
1770606125.4200454,BIT,0
1770606125.4200454,BIT,1
1770606125.6926548,BIT,1
1770606125.6926548,BIT,1
1770606125.6926548,BIT,1
1770606125.6926548,BIT,1
1770606125.6926548,BIT,1
1770606125.6926548,BIT,0
1770606125.6926548,BIT,1
1770606125.6926548,BIT,1
1770606125.6926548,BIT,1
1770606125.6926548,BIT,0
1770606125.9453733,BIT,0
1770606125.9453733,BIT,0
1770606125.9453733,BIT,0
1770606125.9453733,BIT,0
1770606125.9453733,BIT,1
1770606125.9453733,BIT,0
1770606125.9453733,BIT,1
1770606125.9453733,BIT,1
1770606125.9453733,BIT,0
1770606125.9453733,BIT,1
1770606126.2257938,BIT,0
1770606126.2257938,BIT,0
1770606126.2257938,BIT,1
1770606126.2257938,BIT,1
1770606126.2257938,BIT,1
1770606126.2257938,BIT,1
1770606126.2257938,BIT,1
1770606126.2257938,BIT,0
1770606126.2257938,BIT,1
1770606126.2257938,BIT,0
1770606126.5131586,BIT,0
1770606126.5131586,BIT,1
1770606126.5131586,BIT,1
1770606126.5131586,BIT,1
1770606126.5131586,BIT,0
1770606126.5131586,BIT,1
1770606126.5131586,BIT,1
1770606126.5131586,BIT,0
1770606126.5131586,BIT,1
1770606126.5131586,BIT,0
1770606126.7819817,BIT,0
1770606126.7819817,BIT,1
1770606126.7819817,BIT,0
1770606126.7819817,BIT,0
1770606126.7819817,BIT,1
1770606126.7819817,BIT,0
1770606126.7819817,BIT,0
1770606126.7819817,BIT,0
1770606126.7819817,BIT,1
1770606126.7819817,BIT,0
1770606127.0921733,BIT,1
1770606127.0921733,BIT,1
1770606127.0921733,BIT,1
1770606127.0921733,BIT,0
1770606127.0921733,BIT,1
1770606127.0921733,BIT,0
1770606127.0921733,BIT,1
1770606127.0921733,BIT,0
1770606127.0921733,BIT,0
1770606127.0921733,BIT,0
1770606127.4823143,BIT,1
1770606127.4823143,BIT,1
1770606127.4823143,BIT,0
1770606127.4823143,BIT,0
1770606127.4823143,BIT,1
1770606127.4823143,BIT,0
1770606127.4823143,BIT,1
1770606127.4823143,BIT,1
1770606127.4823143,BIT,1
1770606127.4823143,BIT,1
1770606127.9182947,BIT,0
1770606127.9182947,BIT,0
1770606127.9182947,BIT,0
1770606127.9182947,BIT,0
1770606127.9182947,BIT,1
1770606127.9182947,BIT,1
1770606127.9182947,BIT,0
1770606127.9182947,BIT,0
1770606127.9182947,BIT,0
1770606127.9182947,BIT,1
1770606128.263181,BIT,1
1770606128.263181,BIT,1
1770606128.263181,BIT,1
1770606128.263181,BIT,0
1770606128.263181,BIT,1
1770606128.263181,BIT,1
1770606128.263181,BIT,0
1770606128.263181,BIT,1
1770606128.263181,BIT,1
1770606128.263181,BIT,0
1770606128.5594053,BIT,0
1770606128.5594053,BIT,0
1770606128.5594053,BIT,0
1770606128.5594053,BIT,0
1770606128.5594053,BIT,0
1770606128.5594053,BIT,0
1770606128.5594053,BIT,1
1770606128.5594053,BIT,1
1770606128.5594053,BIT,1
1770606128.5594053,BIT,1
1770606128.9393537,BIT,0
1770606128.9393537,BIT,1
1770606128.9393537,BIT,0
1770606128.9393537,BIT,1
1770606128.9393537,BIT,1
1770606128.9393537,BIT,0
1770606128.9393537,BIT,0
1770606128.9393537,BIT,1
1770606128.9393537,BIT,0
1770606128.9393537,BIT,0
1770606129.2926955,BIT,0
1770606129.2926955,BIT,0
1770606129.2926955,BIT,0
1770606129.2926955,BIT,1
1770606129.2926955,BIT,0
1770606129.2926955,BIT,0
1770606129.2926955,BIT,0
1770606129.2926955,BIT,1
1770606129.2926955,BIT,1
1770606129.2926955,BIT,1
1770606129.7159972,BIT,0
1770606129.7159972,BIT,0
1770606129.7159972,BIT,1
1770606129.7159972,BIT,0
1770606129.7159972,BIT,0
1770606129.7159972,BIT,0
1770606129.7159972,BIT,0
1770606129.7159972,BIT,1
1770606129.7159972,BIT,0
1770606129.7159972,BIT,0
1770606130.1367245,BIT,0
1770606130.1367245,BIT,0
1770606130.1367245,BIT,1
1770606130.1367245,BIT,1
1770606130.1367245,BIT,1
1770606130.1367245,BIT,0
1770606130.1367245,BIT,0
1770606130.1367245,BIT,0
1770606130.1367245,BIT,1
1770606130.1367245,BIT,0
1770606130.464288,BIT,1
1770606130.464288,BIT,0
1770606130.464288,BIT,0
1770606130.464288,BIT,1
1770606130.464288,BIT,1
1770606130.464288,BIT,0
1770606130.464288,BIT,0
1770606130.464288,BIT,1
1770606130.464288,BIT,1
1770606130.464288,BIT,0
1770606130.767647,BIT,1
1770606130.767647,BIT,0
1770606130.767647,BIT,0
1770606130.767647,BIT,0
1770606130.767647,BIT,0
1770606130.767647,BIT,1
1770606130.767647,BIT,0
1770606130.767647,BIT,1
1770606130.767647,BIT,0
1770606130.767647,BIT,0
1770606131.1058073,BIT,1
1770606131.1058073,BIT,0
1770606131.1058073,BIT,1
1770606131.1058073,BIT,0
1770606131.1058073,BIT,1
1770606131.1058073,BIT,1
1770606131.1058073,BIT,1
1770606131.1058073,BIT,1
1770606131.1058073,BIT,1
1770606131.1058073,BIT,1
1770606131.3666844,BIT,1
1770606131.3666844,BIT,1
1770606131.3666844,BIT,1
1770606131.3666844,BIT,1
1770606131.3666844,BIT,1
1770606131.3666844,BIT,0
1770606131.3666844,BIT,0
1770606131.3666844,BIT,1
1770606131.3666844,BIT,0
1770606131.3666844,BIT,1
1770606131.6401904,BIT,1
1770606131.6401904,BIT,0
1770606131.6401904,BIT,0
1770606131.6401904,BIT,1
1770606131.6401904,BIT,0
1770606131.6401904,BIT,0
1770606131.6401904,BIT,0
1770606131.6401904,BIT,0
1770606131.6401904,BIT,1
1770606131.6401904,BIT,1
1770606131.8987176,BIT,1
1770606131.8987176,BIT,0
1770606131.8987176,BIT,0
1770606131.8987176,BIT,0
1770606131.8987176,BIT,1
1770606131.8987176,BIT,0
1770606131.8987176,BIT,0
1770606131.8987176,BIT,0
1770606131.8987176,BIT,0
1770606131.8987176,BIT,1
1770606132.1477544,BIT,1
1770606132.1477544,BIT,0
1770606132.1477544,BIT,1
1770606132.1477544,BIT,1
1770606132.1477544,BIT,0
1770606132.1477544,BIT,1
1770606132.1477544,BIT,1
1770606132.1477544,BIT,0
1770606132.1477544,BIT,0
1770606132.1477544,BIT,0
1770606132.4060209,BIT,0
1770606132.4060209,BIT,0
1770606132.4060209,BIT,0
1770606132.4060209,BIT,1
1770606132.4060209,BIT,0
1770606132.4060209,BIT,1
1770606132.4060209,BIT,0
1770606132.4060209,BIT,1
1770606132.4060209,BIT,1
1770606132.4060209,BIT,0
1770606132.6473558,BIT,0
1770606132.6473558,BIT,0
1770606132.6473558,BIT,0
1770606132.6473558,BIT,0
1770606132.6473558,BIT,0
1770606132.6473558,BIT,0
1770606132.6473558,BIT,0
1770606132.6473558,BIT,1
1770606132.6473558,BIT,1
1770606132.6473558,BIT,1
1770606132.9018857,BIT,0
1770606132.9018857,BIT,1
1770606132.9018857,BIT,1
1770606132.9018857,BIT,1
1770606132.9018857,BIT,0
1770606132.9018857,BIT,1
1770606132.9018857,BIT,0
1770606132.9018857,BIT,1
1770606132.9018857,BIT,1
1770606132.9018857,BIT,1
1770606133.118908,BIT,1
1770606133.118908,BIT,1
1770606133.118908,BIT,1
1770606133.118908,BIT,0
1770606133.118908,BIT,1
1770606133.118908,BIT,0
1770606133.118908,BIT,0
1770606133.118908,BIT,0
1770606133.118908,BIT,0
1770606133.118908,BIT,1
1770606133.3166485,BIT,1
1770606133.3166485,BIT,1
1770606133.3166485,BIT,0
1770606133.3166485,BIT,0
1770606133.3166485,BIT,1
1770606133.3166485,BIT,0
1770606133.3166485,BIT,0
1770606133.3166485,BIT,1
1770606133.3166485,BIT,1
1770606133.3166485,BIT,0
1770606133.5122852,BIT,0
1770606133.5122852,BIT,0
1770606133.5122852,BIT,0
1770606133.5122852,BIT,0
1770606133.5122852,BIT,0
1770606133.5122852,BIT,1
1770606133.5122852,BIT,1
1770606133.5122852,BIT,0
1770606133.5122852,BIT,1
1770606133.5122852,BIT,0
1770606133.7068799,BIT,1
1770606133.7068799,BIT,1
1770606133.7068799,BIT,0
1770606133.7068799,BIT,1
1770606133.7068799,BIT,0
1770606133.7068799,BIT,1
1770606133.7068799,BIT,0
1770606133.7068799,BIT,1
1770606133.7068799,BIT,0
1770606133.7068799,BIT,1
1770606133.9476552,BIT,0
1770606133.9476552,BIT,0
1770606133.9476552,BIT,1
1770606133.9476552,BIT,1
1770606133.9476552,BIT,0
1770606133.9476552,BIT,0
1770606133.9476552,BIT,1
1770606133.9476552,BIT,0
1770606133.9476552,BIT,0
1770606133.9476552,BIT,0
1770606134.241806,BIT,1
1770606134.241806,BIT,0
1770606134.241806,BIT,1
1770606134.241806,BIT,1
1770606134.241806,BIT,0
1770606134.241806,BIT,0
1770606134.241806,BIT,1
1770606134.241806,BIT,0
1770606134.241806,BIT,0
1770606134.241806,BIT,1
1770606134.5288796,BIT,1
1770606134.5288796,BIT,1
1770606134.5288796,BIT,1
1770606134.5288796,BIT,1
1770606134.5288796,BIT,0
1770606134.5288796,BIT,1
1770606134.5288796,BIT,0
1770606134.5288796,BIT,1
1770606134.5288796,BIT,1
1770606134.5288796,BIT,0
1770606134.7538,BIT,0
1770606134.7538,BIT,1
1770606134.7538,BIT,0
1770606134.7538,BIT,0
1770606134.7538,BIT,1
1770606134.7538,BIT,1
1770606134.7538,BIT,0
1770606134.7538,BIT,0
1770606134.7538,BIT,0
1770606134.7538,BIT,0
1770606134.9465716,BIT,0
1770606134.9465716,BIT,1
1770606134.9465716,BIT,1
1770606134.9465716,BIT,0
1770606134.9465716,BIT,1
1770606134.9465716,BIT,0
1770606134.9465716,BIT,1
1770606134.9465716,BIT,1
1770606134.9465716,BIT,0
1770606134.9465716,BIT,0
1770606135.1273155,BIT,1
1770606135.1273155,BIT,0
1770606135.1273155,BIT,0
1770606135.1273155,BIT,1
1770606135.1273155,BIT,0
1770606135.1273155,BIT,0
1770606135.1273155,BIT,1
1770606135.1273155,BIT,1
1770606135.1273155,BIT,0
1770606135.1273155,BIT,1
1770606135.3167934,BIT,0
1770606135.3167934,BIT,1
1770606135.3167934,BIT,0
1770606135.3167934,BIT,1
1770606135.3167934,BIT,0
1770606135.3167934,BIT,1
1770606135.3167934,BIT,0
1770606135.3167934,BIT,0
1770606135.3167934,BIT,1
1770606135.3167934,BIT,1
1770606135.489407,BIT,1
1770606135.489407,BIT,1
1770606135.489407,BIT,1
1770606135.489407,BIT,0
1770606135.489407,BIT,1
1770606135.489407,BIT,1
1770606135.489407,BIT,0
1770606135.489407,BIT,0
1770606135.489407,BIT,1
1770606135.489407,BIT,0
1770606135.648525,BIT,0
1770606135.648525,BIT,0
1770606135.648525,BIT,0
1770606135.648525,BIT,1
1770606135.648525,BIT,1
1770606135.648525,BIT,1
1770606135.648525,BIT,0
1770606135.648525,BIT,0
1770606135.648525,BIT,1
1770606135.648525,BIT,0
1770606135.8206182,BIT,1
1770606135.8206182,BIT,1
1770606135.8206182,BIT,0
1770606135.8206182,BIT,1
1770606135.8206182,BIT,1
1770606135.8206182,BIT,1
1770606135.8206182,BIT,0
1770606135.8206182,BIT,0
1770606135.8206182,BIT,0
1770606135.8206182,BIT,1
1770606136.000181,BIT,1
1770606136.000181,BIT,1
1770606136.000181,BIT,1
1770606136.000181,BIT,1
1770606136.000181,BIT,1
1770606136.000181,BIT,0
1770606136.000181,BIT,0
1770606136.000181,BIT,0
1770606136.000181,BIT,0
1770606136.000181,BIT,0
1770606136.1664865,BIT,0
1770606136.1664865,BIT,0
1770606136.1664865,BIT,1
1770606136.1664865,BIT,0
1770606136.1664865,BIT,0
1770606136.1664865,BIT,0
1770606136.1664865,BIT,1
1770606136.1664865,BIT,0
1770606136.1664865,BIT,1
1770606136.1664865,BIT,0
1770606136.3621962,BIT,1
1770606136.3621962,BIT,1
1770606136.3621962,BIT,0
1770606136.3621962,BIT,0
1770606136.3621962,BIT,0
1770606136.3621962,BIT,1
1770606136.3621962,BIT,0
1770606136.3621962,BIT,1
1770606136.3621962,BIT,0
1770606136.3621962,BIT,0
1770606136.5301707,BIT,1
1770606136.5301707,BIT,1
1770606136.5301707,BIT,0
1770606136.5301707,BIT,0
1770606136.5301707,BIT,1
1770606136.5301707,BIT,1
1770606136.5301707,BIT,0
1770606136.5301707,BIT,1
1770606136.5301707,BIT,0
1770606136.5301707,BIT,0
1770606136.689866,BIT,0
1770606136.689866,BIT,0
1770606136.689866,BIT,0
1770606136.689866,BIT,0
1770606136.689866,BIT,0
1770606136.689866,BIT,1
1770606136.689866,BIT,1
1770606136.689866,BIT,0
1770606136.689866,BIT,0
1770606136.689866,BIT,1
1770606136.8863096,BIT,0
1770606136.8863096,BIT,1
1770606136.8863096,BIT,0
1770606136.8863096,BIT,1
1770606136.8863096,BIT,1
1770606136.8863096,BIT,1
1770606136.8863096,BIT,0
1770606136.8863096,BIT,0
1770606136.8863096,BIT,0
1770606136.8863096,BIT,1
1770606137.0505795,BIT,1
1770606137.0505795,BIT,1
1770606137.0505795,BIT,1
1770606137.0505795,BIT,0
1770606137.0505795,BIT,0
1770606137.0505795,BIT,1
1770606137.0505795,BIT,0
1770606137.0505795,BIT,1
1770606137.0505795,BIT,1
1770606137.0505795,BIT,0
1770606137.2206638,BIT,0
1770606137.2206638,BIT,1
1770606137.2206638,BIT,1
1770606137.2206638,BIT,1
1770606137.2206638,BIT,1
1770606137.2206638,BIT,0
1770606137.2206638,BIT,0
1770606137.2206638,BIT,1
1770606137.2206638,BIT,0
1770606137.2206638,BIT,1
1770606137.4056191,BIT,0
1770606137.4056191,BIT,0
1770606137.4056191,BIT,0
1770606137.4056191,BIT,1
1770606137.4056191,BIT,0
1770606137.4056191,BIT,1
1770606137.4056191,BIT,1
1770606137.4056191,BIT,0
1770606137.4056191,BIT,1
1770606137.4056191,BIT,1
1770606137.585243,BIT,0
1770606137.585243,BIT,0
1770606137.585243,BIT,0
1770606137.585243,BIT,0
1770606137.585243,BIT,0
1770606137.585243,BIT,0
1770606137.585243,BIT,1
1770606137.585243,BIT,1
1770606137.585243,BIT,0
1770606137.585243,BIT,1
1770606137.8570685,BIT,1
1770606137.8570685,BIT,0
1770606137.8570685,BIT,0
1770606137.8570685,BIT,0
1770606137.8570685,BIT,0
1770606137.8570685,BIT,1
1770606137.8570685,BIT,1
1770606137.8570685,BIT,1
1770606137.8570685,BIT,0
1770606137.8570685,BIT,0
1770606138.1575613,BIT,1
1770606138.1575613,BIT,1
1770606138.1575613,BIT,0
1770606138.1575613,BIT,0
1770606138.1575613,BIT,0
1770606138.1575613,BIT,0
1770606138.1575613,BIT,0
1770606138.1575613,BIT,0
1770606138.1575613,BIT,0
1770606138.1575613,BIT,1
1770606138.364773,BIT,0
1770606138.364773,BIT,0
1770606138.364773,BIT,1
1770606138.364773,BIT,1
1770606138.364773,BIT,0
1770606138.364773,BIT,0
1770606138.364773,BIT,1
1770606138.364773,BIT,1
1770606138.364773,BIT,0
1770606138.364773,BIT,0
1770606138.5543213,BIT,1
1770606138.5543213,BIT,0
1770606138.5543213,BIT,0
1770606138.5543213,BIT,0
1770606138.5543213,BIT,1
1770606138.5543213,BIT,1
1770606138.5543213,BIT,1
1770606138.5543213,BIT,1
1770606138.5543213,BIT,1
1770606138.5543213,BIT,0
1770606138.7438607,BIT,1
1770606138.7438607,BIT,0
1770606138.7438607,BIT,0
1770606138.7438607,BIT,1
1770606138.7438607,BIT,1
1770606138.7438607,BIT,0
1770606138.7438607,BIT,0
1770606138.7438607,BIT,0
1770606138.7438607,BIT,0
1770606138.7438607,BIT,0
1770606138.9312918,BIT,0
1770606138.9312918,BIT,1
1770606138.9312918,BIT,0
1770606138.9312918,BIT,1
1770606138.9312918,BIT,0
1770606138.9312918,BIT,1
1770606138.9312918,BIT,1
1770606138.9312918,BIT,1
1770606138.9312918,BIT,1
1770606138.9312918,BIT,1
1770606139.0941186,BIT,1
1770606139.0941186,BIT,1
1770606139.0941186,BIT,1
1770606139.0941186,BIT,0
1770606139.0941186,BIT,1
1770606139.0941186,BIT,1
1770606139.0941186,BIT,1
1770606139.0941186,BIT,0
1770606139.0941186,BIT,1
1770606139.0941186,BIT,1
1770606139.2687469,BIT,1
1770606139.2687469,BIT,0
1770606139.2687469,BIT,1
1770606139.2687469,BIT,0
1770606139.2687469,BIT,0
1770606139.2687469,BIT,1
1770606139.2687469,BIT,1
1770606139.2687469,BIT,0
1770606139.2687469,BIT,0
1770606139.2687469,BIT,1
1770606139.5034037,BIT,1
1770606139.5034037,BIT,0
1770606139.5034037,BIT,0
1770606139.5034037,BIT,1
1770606139.5034037,BIT,0
1770606139.5034037,BIT,1
1770606139.5034037,BIT,1
1770606139.5034037,BIT,0
1770606139.5034037,BIT,1
1770606139.5034037,BIT,0
1770606139.7351491,BIT,0
1770606139.7351491,BIT,1
1770606139.7351491,BIT,0
1770606139.7351491,BIT,1
1770606139.7351491,BIT,0
1770606139.7351491,BIT,1
1770606139.7351491,BIT,0
1770606139.7351491,BIT,0
1770606139.7351491,BIT,0
1770606139.7351491,BIT,1
1770606139.9940138,BIT,0
1770606139.9940138,BIT,0
1770606139.9940138,BIT,0
1770606139.9940138,BIT,0
1770606139.9940138,BIT,0
1770606139.9940138,BIT,0
1770606139.9940138,BIT,0
1770606139.9940138,BIT,1
1770606139.9940138,BIT,1
1770606139.9940138,BIT,0
1770606140.2914836,BIT,1
1770606140.2914836,BIT,0
1770606140.2914836,BIT,1
1770606140.2914836,BIT,1
1770606140.2914836,BIT,0
1770606140.2914836,BIT,0
1770606140.2914836,BIT,0
1770606140.2914836,BIT,1
1770606140.2914836,BIT,0
1770606140.2914836,BIT,1
1770606140.5722744,BIT,0
1770606140.5722744,BIT,0
1770606140.5722744,BIT,1
1770606140.5722744,BIT,1
1770606140.5722744,BIT,1
1770606140.5722744,BIT,1
1770606140.5722744,BIT,0
1770606140.5722744,BIT,1
1770606140.5722744,BIT,0
1770606140.5722744,BIT,0
1770606140.855137,BIT,0
1770606140.855137,BIT,1
1770606140.855137,BIT,1
1770606140.855137,BIT,1
1770606140.855137,BIT,1
1770606140.855137,BIT,1
1770606140.855137,BIT,1
1770606140.855137,BIT,1
1770606140.855137,BIT,0
1770606140.855137,BIT,1
1770606141.2491794,BIT,1
1770606141.2491794,BIT,1
1770606141.2491794,BIT,1
1770606141.2491794,BIT,0
1770606141.2491794,BIT,0
1770606141.2491794,BIT,0
1770606141.2491794,BIT,0
1770606141.2491794,BIT,0
1770606141.2491794,BIT,1
1770606141.2491794,BIT,0
1770606141.7167728,BIT,0
1770606141.7167728,BIT,1
1770606141.7167728,BIT,0
1770606141.7167728,BIT,0
1770606141.7167728,BIT,1
1770606141.7167728,BIT,0
1770606141.7167728,BIT,0
1770606141.7167728,BIT,0
1770606141.7167728,BIT,0
1770606141.7167728,BIT,1
1770606142.1379232,BIT,0
1770606142.1379232,BIT,1
1770606142.1379232,BIT,0
1770606142.1379232,BIT,0
1770606142.1379232,BIT,0
1770606142.1379232,BIT,1
1770606142.1379232,BIT,0
1770606142.1379232,BIT,1
1770606142.1379232,BIT,1
1770606142.1379232,BIT,1
1770606142.4526975,BIT,0
1770606142.4526975,BIT,0
1770606142.4526975,BIT,0
1770606142.4526975,BIT,0
1770606142.4526975,BIT,0
1770606142.4526975,BIT,1
1770606142.4526975,BIT,1
1770606142.4526975,BIT,0
1770606142.4526975,BIT,0
1770606142.4526975,BIT,1
1770606142.698791,BIT,0
1770606142.698791,BIT,1
1770606142.698791,BIT,0
1770606142.698791,BIT,0
1770606142.698791,BIT,1
1770606142.698791,BIT,0
1770606142.698791,BIT,1
1770606142.698791,BIT,1
1770606142.698791,BIT,1
1770606142.698791,BIT,0
1770606142.977647,BIT,0
1770606142.977647,BIT,1
1770606142.977647,BIT,1
1770606142.977647,BIT,1
1770606142.977647,BIT,0
1770606142.977647,BIT,1
1770606142.977647,BIT,0
1770606142.977647,BIT,1
1770606142.977647,BIT,1
1770606142.977647,BIT,0
1770606143.2259214,BIT,0
1770606143.2259214,BIT,1
1770606143.2259214,BIT,0
1770606143.2259214,BIT,0
1770606143.2259214,BIT,1
1770606143.2259214,BIT,1
1770606143.2259214,BIT,1
1770606143.2259214,BIT,1
1770606143.2259214,BIT,1
1770606143.2259214,BIT,1
1770606143.4912949,BIT,1
1770606143.4912949,BIT,0
1770606143.4912949,BIT,0
1770606143.4912949,BIT,1
1770606143.4912949,BIT,1
1770606143.4912949,BIT,1
1770606143.4912949,BIT,0
1770606143.4912949,BIT,1
1770606143.4912949,BIT,1
1770606143.4912949,BIT,1
1770606143.7020774,BIT,0
1770606143.7020774,BIT,0
1770606143.7020774,BIT,1
1770606143.7020774,BIT,0
1770606143.7020774,BIT,0
1770606143.7020774,BIT,0
1770606143.7020774,BIT,0
1770606143.7020774,BIT,1
1770606143.7020774,BIT,1
1770606143.7020774,BIT,0
1770606143.892598,BIT,0
1770606143.892598,BIT,1
1770606143.892598,BIT,1
1770606143.892598,BIT,1
1770606143.892598,BIT,0
1770606143.892598,BIT,0
1770606143.892598,BIT,0
1770606143.892598,BIT,0
1770606143.892598,BIT,1
1770606143.892598,BIT,0
1770606144.0675712,BIT,1
1770606144.0675712,BIT,1
1770606144.0675712,BIT,1
1770606144.0675712,BIT,1
1770606144.0675712,BIT,1
1770606144.0675712,BIT,0
1770606144.0675712,BIT,0
1770606144.0675712,BIT,0
1770606144.0675712,BIT,1
1770606144.0675712,BIT,0
1770606144.244037,BIT,1
1770606144.244037,BIT,0
1770606144.244037,BIT,1
1770606144.244037,BIT,0
1770606144.244037,BIT,1
1770606144.244037,BIT,1
1770606144.244037,BIT,1
1770606144.244037,BIT,0
1770606144.244037,BIT,0
1770606144.244037,BIT,0
1770606144.4409797,BIT,0
1770606144.4409797,BIT,1
1770606144.4409797,BIT,1
1770606144.4409797,BIT,0
1770606144.4409797,BIT,1
1770606144.4409797,BIT,1
1770606144.4409797,BIT,0
1770606144.4409797,BIT,1
1770606144.4409797,BIT,0
1770606144.4409797,BIT,1
1770606144.6934779,BIT,0
1770606144.6934779,BIT,0
1770606144.6934779,BIT,1
1770606144.6934779,BIT,1
1770606144.6934779,BIT,0
1770606144.6934779,BIT,1
1770606144.6934779,BIT,1
1770606144.6934779,BIT,0
1770606144.6934779,BIT,1
1770606144.6934779,BIT,0
1770606144.917977,BIT,0
1770606144.917977,BIT,0
1770606144.917977,BIT,1
1770606144.917977,BIT,1
1770606144.917977,BIT,0
1770606144.917977,BIT,0
1770606144.917977,BIT,0
1770606144.917977,BIT,1
1770606144.917977,BIT,0
1770606144.917977,BIT,0
1770606145.1966171,BIT,1
1770606145.1966171,BIT,1
1770606145.1966171,BIT,1
1770606145.1966171,BIT,0
1770606145.1966171,BIT,1
1770606145.1966171,BIT,1
1770606145.1966171,BIT,1
1770606145.1966171,BIT,1
1770606145.1966171,BIT,0
1770606145.1966171,BIT,0
1770606145.4435399,BIT,0
1770606145.4435399,BIT,1
1770606145.4435399,BIT,1
1770606145.4435399,BIT,1
1770606145.4435399,BIT,1
1770606145.4435399,BIT,1
1770606145.4435399,BIT,0
1770606145.4435399,BIT,1
1770606145.4435399,BIT,1
1770606145.4435399,BIT,1
1770606145.6491818,BIT,0
1770606145.6491818,BIT,0
1770606145.6491818,BIT,1
1770606145.6491818,BIT,0
1770606145.6491818,BIT,1
1770606145.6491818,BIT,0
1770606145.6491818,BIT,1
1770606145.6491818,BIT,1
1770606145.6491818,BIT,1
1770606145.6491818,BIT,1
1770606145.864908,BIT,1
1770606145.864908,BIT,0
1770606145.864908,BIT,1
1770606145.864908,BIT,1
1770606145.864908,BIT,1
1770606145.864908,BIT,0
1770606145.864908,BIT,1
1770606145.864908,BIT,0
1770606145.864908,BIT,1
1770606145.864908,BIT,0
1770606146.0862062,BIT,0
1770606146.0862062,BIT,0
1770606146.0862062,BIT,0
1770606146.0862062,BIT,0
1770606146.0862062,BIT,1
1770606146.0862062,BIT,1
1770606146.0862062,BIT,1
1770606146.0862062,BIT,1
1770606146.0862062,BIT,0
1770606146.0862062,BIT,0
1770606146.3934927,BIT,1
1770606146.3934927,BIT,0
1770606146.3934927,BIT,1
1770606146.3934927,BIT,0
1770606146.3934927,BIT,1
1770606146.3934927,BIT,0
1770606146.3934927,BIT,1
1770606146.3934927,BIT,0
1770606146.3934927,BIT,1
1770606146.3934927,BIT,1
1770606146.6302323,BIT,1
1770606146.6302323,BIT,1
1770606146.6302323,BIT,1
1770606146.6302323,BIT,1
1770606146.6302323,BIT,1
1770606146.6302323,BIT,0
1770606146.6302323,BIT,1
1770606146.6302323,BIT,0
1770606146.6302323,BIT,1
1770606146.6302323,BIT,0
1770606146.8684652,BIT,0
1770606146.8684652,BIT,1
1770606146.8684652,BIT,0
1770606146.8684652,BIT,1
1770606146.8684652,BIT,1
1770606146.8684652,BIT,0
1770606146.8684652,BIT,0
1770606146.8684652,BIT,1
1770606146.8684652,BIT,1
1770606146.8684652,BIT,0
1770606147.1901267,BIT,0
1770606147.1901267,BIT,1
1770606147.1901267,BIT,0
1770606147.1901267,BIT,1
1770606147.1901267,BIT,1
1770606147.1901267,BIT,0
1770606147.1901267,BIT,1
1770606147.1901267,BIT,1
1770606147.1901267,BIT,0
1770606147.1901267,BIT,1
1770606147.4214838,BIT,1
1770606147.4214838,BIT,0
1770606147.4214838,BIT,0
1770606147.4214838,BIT,1
1770606147.4214838,BIT,1
1770606147.4214838,BIT,1
1770606147.4214838,BIT,1
1770606147.4214838,BIT,1
1770606147.4214838,BIT,0
1770606147.4214838,BIT,0
1770606147.6554694,BIT,0
1770606147.6554694,BIT,0
1770606147.6554694,BIT,1
1770606147.6554694,BIT,0
1770606147.6554694,BIT,0
1770606147.6554694,BIT,0
1770606147.6554694,BIT,0
1770606147.6554694,BIT,1
1770606147.6554694,BIT,1
1770606147.6554694,BIT,0
1770606147.8719103,BIT,1
1770606147.8719103,BIT,1
1770606147.8719103,BIT,1
1770606147.8719103,BIT,0
1770606147.8719103,BIT,1
1770606147.8719103,BIT,0
1770606147.8719103,BIT,0
1770606147.8719103,BIT,0
1770606147.8719103,BIT,1
1770606147.8719103,BIT,1
1770606148.0789948,BIT,0
1770606148.0789948,BIT,1
1770606148.0789948,BIT,1
1770606148.0789948,BIT,1
1770606148.0789948,BIT,0
1770606148.0789948,BIT,1
1770606148.0789948,BIT,1
1770606148.0789948,BIT,1
1770606148.0789948,BIT,1
1770606148.0789948,BIT,0
1770606148.2873216,BIT,0
1770606148.2873216,BIT,0
1770606148.2873216,BIT,1
1770606148.2873216,BIT,0
1770606148.2873216,BIT,1
1770606148.2873216,BIT,1
1770606148.2873216,BIT,1
1770606148.2873216,BIT,0
1770606148.2873216,BIT,1
1770606148.2873216,BIT,1
1770606148.5076265,BIT,0
1770606148.5076265,BIT,1
1770606148.5076265,BIT,1
1770606148.5076265,BIT,0
1770606148.5076265,BIT,1
1770606148.5076265,BIT,1
1770606148.5076265,BIT,1
1770606148.5076265,BIT,0
1770606148.5076265,BIT,0
1770606148.5076265,BIT,1
1770606148.7073717,BIT,1
1770606148.7073717,BIT,0
1770606148.7073717,BIT,0
1770606148.7073717,BIT,1
1770606148.7073717,BIT,0
1770606148.7073717,BIT,1
1770606148.7073717,BIT,1
1770606148.7073717,BIT,0
1770606148.7073717,BIT,0
1770606148.7073717,BIT,1
1770606148.919204,BIT,1
1770606148.919204,BIT,0
1770606148.919204,BIT,0
1770606148.919204,BIT,1
1770606148.919204,BIT,1
1770606148.919204,BIT,0
1770606148.919204,BIT,1
1770606148.919204,BIT,1
1770606148.919204,BIT,0
1770606148.919204,BIT,1
1770606149.1244242,BIT,0
1770606149.1244242,BIT,1
1770606149.1244242,BIT,0
1770606149.1244242,BIT,0
1770606149.1244242,BIT,1
1770606149.1244242,BIT,0
1770606149.1244242,BIT,0
1770606149.1244242,BIT,1
1770606149.1244242,BIT,0
1770606149.1244242,BIT,1
1770606149.364844,BIT,1
1770606149.364844,BIT,1
1770606149.364844,BIT,1
1770606149.364844,BIT,0
1770606149.364844,BIT,1
1770606149.364844,BIT,0
1770606149.364844,BIT,1
1770606149.364844,BIT,1
1770606149.364844,BIT,1
1770606149.364844,BIT,1
1770606149.605197,BIT,0
1770606149.605197,BIT,0
1770606149.605197,BIT,1
1770606149.605197,BIT,0
1770606149.605197,BIT,1
1770606149.605197,BIT,0
1770606149.605197,BIT,1
1770606149.605197,BIT,1
1770606149.605197,BIT,1
1770606149.605197,BIT,1
1770606149.8408012,BIT,1
1770606149.8408012,BIT,1
1770606149.8408012,BIT,1
1770606149.8408012,BIT,1
1770606149.8408012,BIT,1
1770606149.8408012,BIT,1
1770606149.8408012,BIT,1
1770606149.8408012,BIT,0
1770606149.8408012,BIT,1
1770606149.8408012,BIT,1
1770606150.183803,BIT,1
1770606150.183803,BIT,0
1770606150.183803,BIT,1
1770606150.183803,BIT,0
1770606150.183803,BIT,0
1770606150.183803,BIT,1
1770606150.183803,BIT,1
1770606150.183803,BIT,1
1770606150.183803,BIT,0
1770606150.183803,BIT,1
1770606150.4545064,BIT,0
1770606150.4545064,BIT,1
1770606150.4545064,BIT,0
1770606150.4545064,BIT,0
1770606150.4545064,BIT,0
1770606150.4545064,BIT,0
1770606150.4545064,BIT,1
1770606150.4545064,BIT,1
1770606150.4545064,BIT,1
1770606150.4545064,BIT,0
1770606150.6950324,BIT,0
1770606150.6950324,BIT,0
1770606150.6950324,BIT,0
1770606150.6950324,BIT,1
1770606150.6950324,BIT,0
1770606150.6950324,BIT,1
1770606150.6950324,BIT,0
1770606150.6950324,BIT,0
1770606150.6950324,BIT,1
1770606150.6950324,BIT,0
1770606150.963907,BIT,1
1770606150.963907,BIT,1
1770606150.963907,BIT,1
1770606150.963907,BIT,0
1770606150.963907,BIT,0
1770606150.963907,BIT,0
1770606150.963907,BIT,1
1770606150.963907,BIT,1
1770606150.963907,BIT,0
1770606150.963907,BIT,0
1770606151.1726296,BIT,0
1770606151.1726296,BIT,0
1770606151.1726296,BIT,1
1770606151.1726296,BIT,1
1770606151.1726296,BIT,1
1770606151.1726296,BIT,1
1770606151.1726296,BIT,0
1770606151.1726296,BIT,1
1770606151.1726296,BIT,0
1770606151.1726296,BIT,1
1770606151.3969991,BIT,0
1770606151.3969991,BIT,0
1770606151.3969991,BIT,0
1770606151.3969991,BIT,1
1770606151.3969991,BIT,1
1770606151.3969991,BIT,0
1770606151.3969991,BIT,0
1770606151.3969991,BIT,1
1770606151.3969991,BIT,1
1770606151.3969991,BIT,1
1770606151.6306305,BIT,0
1770606151.6306305,BIT,0
1770606151.6306305,BIT,0
1770606151.6306305,BIT,1
1770606151.6306305,BIT,0
1770606151.6306305,BIT,0
1770606151.6306305,BIT,0
1770606151.6306305,BIT,1
1770606151.6306305,BIT,1
1770606151.6306305,BIT,0
1770606151.8895419,BIT,1
1770606151.8895419,BIT,0
1770606151.8895419,BIT,1
1770606151.8895419,BIT,0
1770606151.8895419,BIT,1
1770606151.8895419,BIT,0
1770606151.8895419,BIT,1
1770606151.8895419,BIT,1
1770606151.8895419,BIT,0
1770606151.8895419,BIT,1
1770606152.140437,BIT,0
1770606152.140437,BIT,0
1770606152.140437,BIT,1
1770606152.140437,BIT,1
1770606152.140437,BIT,0
1770606152.140437,BIT,1
1770606152.140437,BIT,0
1770606152.140437,BIT,1
1770606152.140437,BIT,1
1770606152.140437,BIT,1
1770606152.4723105,BIT,0
1770606152.4723105,BIT,0
1770606152.4723105,BIT,1
1770606152.4723105,BIT,1
1770606152.4723105,BIT,1
1770606152.4723105,BIT,0
1770606152.4723105,BIT,1
1770606152.4723105,BIT,0
1770606152.4723105,BIT,1
1770606152.4723105,BIT,0
1770606152.7285252,BIT,1
1770606152.7285252,BIT,0
1770606152.7285252,BIT,0
1770606152.7285252,BIT,1
1770606152.7285252,BIT,0
1770606152.7285252,BIT,0
1770606152.7285252,BIT,1
1770606152.7285252,BIT,0
1770606152.7285252,BIT,0
1770606152.7285252,BIT,1
1770606152.957831,BIT,1
1770606152.957831,BIT,0
1770606152.957831,BIT,0
1770606152.957831,BIT,1
1770606152.957831,BIT,1
1770606152.957831,BIT,1
1770606152.957831,BIT,1
1770606152.957831,BIT,0
1770606152.957831,BIT,0
1770606152.957831,BIT,0
1770606153.2589266,BIT,1
1770606153.2589266,BIT,0
1770606153.2589266,BIT,1
1770606153.2589266,BIT,1
1770606153.2589266,BIT,1
1770606153.2589266,BIT,1
1770606153.2589266,BIT,1
1770606153.2589266,BIT,1
1770606153.2589266,BIT,1
1770606153.2589266,BIT,0
1770606153.546568,BIT,1
1770606153.546568,BIT,0
1770606153.546568,BIT,0
1770606153.546568,BIT,0
1770606153.546568,BIT,1
1770606153.546568,BIT,1
1770606153.546568,BIT,1
1770606153.546568,BIT,0
1770606153.546568,BIT,0
1770606153.546568,BIT,1
1770606153.8292131,BIT,0
1770606153.8292131,BIT,0
1770606153.8292131,BIT,0
1770606153.8292131,BIT,0
1770606153.8292131,BIT,1
1770606153.8292131,BIT,0
1770606153.8292131,BIT,0
1770606153.8292131,BIT,0
1770606153.8292131,BIT,0
1770606153.8292131,BIT,1
1770606154.085263,BIT,0
1770606154.085263,BIT,0
1770606154.085263,BIT,1
1770606154.085263,BIT,1
1770606154.085263,BIT,1
1770606154.085263,BIT,0
1770606154.085263,BIT,1
1770606154.085263,BIT,0
1770606154.085263,BIT,0
1770606154.085263,BIT,0
1770606154.3926709,BIT,0
1770606154.3926709,BIT,1
1770606154.3926709,BIT,0
1770606154.3926709,BIT,1
1770606154.3926709,BIT,0
1770606154.3926709,BIT,1
1770606154.3926709,BIT,0
1770606154.3926709,BIT,1
1770606154.3926709,BIT,1
1770606154.3926709,BIT,0
1770606154.7480252,BIT,1
1770606154.7480252,BIT,0
1770606154.7480252,BIT,0
1770606154.7480252,BIT,1
1770606154.7480252,BIT,0
1770606154.7480252,BIT,0
1770606154.7480252,BIT,0
1770606154.7480252,BIT,0
1770606154.7480252,BIT,1
1770606154.7480252,BIT,1
1770606155.076715,BIT,0
1770606155.076715,BIT,1
1770606155.076715,BIT,0
1770606155.076715,BIT,0
1770606155.076715,BIT,1
1770606155.076715,BIT,1
1770606155.076715,BIT,1
1770606155.076715,BIT,0
1770606155.076715,BIT,1
1770606155.076715,BIT,1
1770606155.3444636,BIT,1
1770606155.3444636,BIT,1
1770606155.3444636,BIT,1
1770606155.3444636,BIT,1
1770606155.3444636,BIT,0
1770606155.3444636,BIT,0
1770606155.3444636,BIT,0
1770606155.3444636,BIT,1
1770606155.3444636,BIT,0
1770606155.3444636,BIT,1
1770606155.6383822,BIT,1
1770606155.6383822,BIT,1
1770606155.6383822,BIT,1
1770606155.6383822,BIT,1
1770606155.6383822,BIT,1
1770606155.6383822,BIT,1
1770606155.6383822,BIT,1
1770606155.6383822,BIT,1
1770606155.6383822,BIT,1
1770606155.6383822,BIT,0
1770606155.9664476,BIT,0
1770606155.9664476,BIT,1
1770606155.9664476,BIT,0
1770606155.9664476,BIT,0
1770606155.9664476,BIT,0
1770606155.9664476,BIT,1
1770606155.9664476,BIT,0
1770606155.9664476,BIT,1
1770606155.9664476,BIT,0
1770606155.9664476,BIT,1
1770606156.2032497,BIT,0
1770606156.2032497,BIT,1
1770606156.2032497,BIT,1
1770606156.2032497,BIT,0
1770606156.2032497,BIT,0
1770606156.2032497,BIT,1
1770606156.2032497,BIT,0
1770606156.2032497,BIT,1
1770606156.2032497,BIT,1
1770606156.2032497,BIT,1
1770606156.442009,BIT,1
1770606156.442009,BIT,0
1770606156.442009,BIT,1
1770606156.442009,BIT,0
1770606156.442009,BIT,0
1770606156.442009,BIT,1
1770606156.442009,BIT,0
1770606156.442009,BIT,0
1770606156.442009,BIT,1
1770606156.442009,BIT,0
1770606156.6612003,BIT,1
1770606156.6612003,BIT,0
1770606156.6612003,BIT,0
1770606156.6612003,BIT,1
1770606156.6612003,BIT,1
1770606156.6612003,BIT,0
1770606156.6612003,BIT,0
1770606156.6612003,BIT,0
1770606156.6612003,BIT,1
1770606156.6612003,BIT,1
1770606156.9487798,BIT,1
1770606156.9487798,BIT,0
1770606156.9487798,BIT,0
1770606156.9487798,BIT,0
1770606156.9487798,BIT,0
1770606156.9487798,BIT,0
1770606156.9487798,BIT,0
1770606156.9487798,BIT,1
1770606156.9487798,BIT,1
1770606156.9487798,BIT,1
1770606157.16318,BIT,0
1770606157.16318,BIT,1
1770606157.16318,BIT,0
1770606157.16318,BIT,1
1770606157.16318,BIT,1
1770606157.16318,BIT,1
1770606157.16318,BIT,1
1770606157.16318,BIT,1
1770606157.16318,BIT,1
1770606157.16318,BIT,1
1770606157.3804424,BIT,1
1770606157.3804424,BIT,0
1770606157.3804424,BIT,0
1770606157.3804424,BIT,1
1770606157.3804424,BIT,0
1770606157.3804424,BIT,0
1770606157.3804424,BIT,0
1770606157.3804424,BIT,1
1770606157.3804424,BIT,0
1770606157.3804424,BIT,1
1770606157.589621,BIT,1
1770606157.589621,BIT,0
1770606157.589621,BIT,0
1770606157.589621,BIT,0
1770606157.589621,BIT,0
1770606157.589621,BIT,0
1770606157.589621,BIT,1
1770606157.589621,BIT,1
1770606157.589621,BIT,1
1770606157.589621,BIT,0
1770606157.8459058,BIT,1
1770606157.8459058,BIT,1
1770606157.8459058,BIT,1
1770606157.8459058,BIT,0
1770606157.8459058,BIT,0
1770606157.8459058,BIT,0
1770606157.8459058,BIT,1
1770606157.8459058,BIT,0
1770606157.8459058,BIT,1
1770606157.8459058,BIT,0
1770606158.097547,BIT,0
1770606158.097547,BIT,1
1770606158.097547,BIT,0
1770606158.097547,BIT,0
1770606158.097547,BIT,0
1770606158.097547,BIT,1
1770606158.097547,BIT,1
1770606158.097547,BIT,0
1770606158.097547,BIT,0
1770606158.097547,BIT,1
1770606158.3506505,BIT,1
1770606158.3506505,BIT,0
1770606158.3506505,BIT,1
1770606158.3506505,BIT,0
1770606158.3506505,BIT,0
1770606158.3506505,BIT,0
1770606158.3506505,BIT,0
1770606158.3506505,BIT,1
1770606158.3506505,BIT,0
1770606158.3506505,BIT,1
1770606158.5980444,BIT,0
1770606158.5980444,BIT,0
1770606158.5980444,BIT,1
1770606158.5980444,BIT,0
1770606158.5980444,BIT,1
1770606158.5980444,BIT,0
1770606158.5980444,BIT,1
1770606158.5980444,BIT,0
1770606158.5980444,BIT,0
1770606158.5980444,BIT,1
1770606158.8316662,BIT,0
1770606158.8316662,BIT,0
1770606158.8316662,BIT,0
1770606158.8316662,BIT,1
1770606158.8316662,BIT,1
1770606158.8316662,BIT,0
1770606158.8316662,BIT,0
1770606158.8316662,BIT,1
1770606158.8316662,BIT,0
1770606158.8316662,BIT,0
1770606159.0625384,BIT,0
1770606159.0625384,BIT,1
1770606159.0625384,BIT,1
1770606159.0625384,BIT,1
1770606159.0625384,BIT,1
1770606159.0625384,BIT,1
1770606159.0625384,BIT,0
1770606159.0625384,BIT,1
1770606159.0625384,BIT,0
1770606159.0625384,BIT,0
1770606159.2595935,BIT,1
1770606159.2595935,BIT,0
1770606159.2595935,BIT,0
1770606159.2595935,BIT,0
1770606159.2595935,BIT,0
1770606159.2595935,BIT,0
1770606159.2595935,BIT,0
1770606159.2595935,BIT,1
1770606159.2595935,BIT,1
1770606159.2595935,BIT,0
1770606159.4607644,BIT,0
1770606159.4607644,BIT,1
1770606159.4607644,BIT,1
1770606159.4607644,BIT,0
1770606159.4607644,BIT,0
1770606159.4607644,BIT,0
1770606159.4607644,BIT,1
1770606159.4607644,BIT,1
1770606159.4607644,BIT,1
1770606159.4607644,BIT,1
1770606159.6490803,BIT,0
1770606159.6490803,BIT,0
1770606159.6490803,BIT,0
1770606159.6490803,BIT,1
1770606159.6490803,BIT,0
1770606159.6490803,BIT,0
1770606159.6490803,BIT,0
1770606159.6490803,BIT,1
1770606159.6490803,BIT,1
1770606159.6490803,BIT,0
1770606159.835623,BIT,1
1770606159.835623,BIT,1
1770606159.835623,BIT,1
1770606159.835623,BIT,0
1770606159.835623,BIT,1
1770606159.835623,BIT,0
1770606159.835623,BIT,0
1770606159.835623,BIT,1
1770606159.835623,BIT,1
1770606159.835623,BIT,1
1770606160.0297763,BIT,1
1770606160.0297763,BIT,1
1770606160.0297763,BIT,1
1770606160.0297763,BIT,1
1770606160.0297763,BIT,0
1770606160.0297763,BIT,0
1770606160.0297763,BIT,0
1770606160.0297763,BIT,0
1770606160.0297763,BIT,1
1770606160.0297763,BIT,1
1770606160.2124398,BIT,0
1770606160.2124398,BIT,1
1770606160.2124398,BIT,1
1770606160.2124398,BIT,1
1770606160.2124398,BIT,1
1770606160.2124398,BIT,0
1770606160.2124398,BIT,0
1770606160.2124398,BIT,0
1770606160.2124398,BIT,1
1770606160.2124398,BIT,0
1770606160.4009595,BIT,1
1770606160.4009595,BIT,0
1770606160.4009595,BIT,0
1770606160.4009595,BIT,0
1770606160.4009595,BIT,1
1770606160.4009595,BIT,1
1770606160.4009595,BIT,0
1770606160.4009595,BIT,1
1770606160.4009595,BIT,1
1770606160.4009595,BIT,0
1770606160.597634,BIT,0
1770606160.597634,BIT,1
1770606160.597634,BIT,1
1770606160.597634,BIT,0
1770606160.597634,BIT,1
1770606160.597634,BIT,0
1770606160.597634,BIT,0
1770606160.597634,BIT,0
1770606160.597634,BIT,0
1770606160.597634,BIT,0
1770606160.81125,BIT,1
1770606160.81125,BIT,1
1770606160.81125,BIT,0
1770606160.81125,BIT,0
1770606160.81125,BIT,1
1770606160.81125,BIT,1
1770606160.81125,BIT,1
1770606160.81125,BIT,1
1770606160.81125,BIT,1
1770606160.81125,BIT,1
1770606160.985997,BIT,1
1770606160.985997,BIT,0
1770606160.985997,BIT,0
1770606160.985997,BIT,0
1770606160.985997,BIT,1
1770606160.985997,BIT,1
1770606160.985997,BIT,1
1770606160.985997,BIT,0
1770606160.985997,BIT,0
1770606160.985997,BIT,1
1770606161.1573412,BIT,1
1770606161.1573412,BIT,0
1770606161.1573412,BIT,0
1770606161.1573412,BIT,1
1770606161.1573412,BIT,0
1770606161.1573412,BIT,1
1770606161.1573412,BIT,1
1770606161.1573412,BIT,1
1770606161.1573412,BIT,1
1770606161.1573412,BIT,1
1770606161.3325553,BIT,1
1770606161.3325553,BIT,1
1770606161.3325553,BIT,0
1770606161.3325553,BIT,0
1770606161.3325553,BIT,1
1770606161.3325553,BIT,1
1770606161.3325553,BIT,0
1770606161.3325553,BIT,1
1770606161.3325553,BIT,1
1770606161.3325553,BIT,0
1770606161.496186,BIT,1
1770606161.496186,BIT,1
1770606161.496186,BIT,0
1770606161.496186,BIT,0
1770606161.496186,BIT,1
1770606161.496186,BIT,1
1770606161.496186,BIT,0
1770606161.496186,BIT,1
1770606161.496186,BIT,1
1770606161.496186,BIT,0
1770606161.656782,BIT,1
1770606161.656782,BIT,0
1770606161.656782,BIT,0
1770606161.656782,BIT,0
1770606161.656782,BIT,0
1770606161.656782,BIT,1
1770606161.656782,BIT,0
1770606161.656782,BIT,1
1770606161.656782,BIT,0
1770606161.656782,BIT,0
1770606161.839939,BIT,1
1770606161.839939,BIT,1
1770606161.839939,BIT,0
1770606161.839939,BIT,1
1770606161.839939,BIT,0
1770606161.839939,BIT,0
1770606161.839939,BIT,0
1770606161.839939,BIT,1
1770606161.839939,BIT,0
1770606161.839939,BIT,0
1770606162.0168092,BIT,0
1770606162.0168092,BIT,1
1770606162.0168092,BIT,0
1770606162.0168092,BIT,1
1770606162.0168092,BIT,0
1770606162.0168092,BIT,1
1770606162.0168092,BIT,1
1770606162.0168092,BIT,1
1770606162.0168092,BIT,0
1770606162.0168092,BIT,1
1770606162.1860561,BIT,1
1770606162.1860561,BIT,1
1770606162.1860561,BIT,1
1770606162.1860561,BIT,0
1770606162.1860561,BIT,1
1770606162.1860561,BIT,1
1770606162.1860561,BIT,1
1770606162.1860561,BIT,1
1770606162.1860561,BIT,1
1770606162.1860561,BIT,0
1770606162.353486,BIT,1
1770606162.353486,BIT,1
1770606162.353486,BIT,0
1770606162.353486,BIT,1
1770606162.353486,BIT,1
1770606162.353486,BIT,1
1770606162.353486,BIT,0
1770606162.353486,BIT,1
1770606162.353486,BIT,0
1770606162.353486,BIT,1
1770606162.5179708,BIT,0
1770606162.5179708,BIT,0
1770606162.5179708,BIT,0
1770606162.5179708,BIT,0
1770606162.5179708,BIT,1
1770606162.5179708,BIT,0
1770606162.5179708,BIT,1
1770606162.5179708,BIT,1
1770606162.5179708,BIT,1
1770606162.5179708,BIT,1
1770606162.6781502,BIT,0
1770606162.6781502,BIT,0
1770606162.6781502,BIT,1
1770606162.6781502,BIT,0
1770606162.6781502,BIT,0
1770606162.6781502,BIT,1
1770606162.6781502,BIT,0
1770606162.6781502,BIT,0
1770606162.6781502,BIT,0
1770606162.6781502,BIT,1
1770606162.8655498,BIT,0
1770606162.8655498,BIT,0
1770606162.8655498,BIT,1
1770606162.8655498,BIT,1
1770606162.8655498,BIT,0
1770606162.8655498,BIT,0
1770606162.8655498,BIT,0
1770606162.8655498,BIT,0
1770606162.8655498,BIT,0
1770606162.8655498,BIT,1
1770606163.0381966,BIT,0
1770606163.0381966,BIT,1
1770606163.0381966,BIT,0
1770606163.0381966,BIT,0
1770606163.0381966,BIT,0
1770606163.0381966,BIT,0
1770606163.0381966,BIT,0
1770606163.0381966,BIT,0
1770606163.0381966,BIT,1
1770606163.0381966,BIT,0
1770606163.2103395,BIT,0
1770606163.2103395,BIT,0
1770606163.2103395,BIT,0
1770606163.2103395,BIT,0
1770606163.2103395,BIT,1
1770606163.2103395,BIT,1
1770606163.2103395,BIT,0
1770606163.2103395,BIT,0
1770606163.2103395,BIT,1
1770606163.2103395,BIT,1
1770606163.3866205,BIT,1
1770606163.3866205,BIT,0
1770606163.3866205,BIT,1
1770606163.3866205,BIT,0
1770606163.3866205,BIT,0
1770606163.3866205,BIT,0
1770606163.3866205,BIT,1
1770606163.3866205,BIT,0
1770606163.3866205,BIT,0
1770606163.3866205,BIT,1
1770606163.5500698,BIT,1
1770606163.5500698,BIT,1
1770606163.5500698,BIT,1
1770606163.5500698,BIT,0
1770606163.5500698,BIT,0
1770606163.5500698,BIT,0
1770606163.5500698,BIT,1
1770606163.5500698,BIT,0
1770606163.5500698,BIT,0
1770606163.5500698,BIT,1
1770606163.7523317,BIT,0
1770606163.7523317,BIT,0
1770606163.7523317,BIT,0
1770606163.7523317,BIT,0
1770606163.7523317,BIT,0
1770606163.7523317,BIT,1
1770606163.7523317,BIT,0
1770606163.7523317,BIT,0
1770606163.7523317,BIT,0
1770606163.7523317,BIT,1
1770606163.9330235,BIT,0
1770606163.9330235,BIT,1
1770606163.9330235,BIT,0
1770606163.9330235,BIT,0
1770606163.9330235,BIT,0
1770606163.9330235,BIT,0
1770606163.9330235,BIT,0
1770606163.9330235,BIT,1
1770606163.9330235,BIT,0
1770606163.9330235,BIT,1
1770606164.1033938,BIT,1
1770606164.1033938,BIT,0
1770606164.1033938,BIT,0
1770606164.1033938,BIT,0
1770606164.1033938,BIT,1
1770606164.1033938,BIT,1
1770606164.1033938,BIT,1
1770606164.1033938,BIT,0
1770606164.1033938,BIT,0
1770606164.1033938,BIT,1
1770606164.2909787,BIT,1
1770606164.2909787,BIT,0
1770606164.2909787,BIT,0
1770606164.2909787,BIT,1
1770606164.2909787,BIT,0
1770606164.2909787,BIT,1
1770606164.2909787,BIT,1
1770606164.2909787,BIT,0
1770606164.2909787,BIT,1
1770606164.2909787,BIT,0
1770606164.5010772,BIT,1
1770606164.5010772,BIT,0
1770606164.5010772,BIT,1
1770606164.5010772,BIT,0
1770606164.5010772,BIT,0
1770606164.5010772,BIT,0
1770606164.5010772,BIT,0
1770606164.5010772,BIT,1
1770606164.5010772,BIT,1
1770606164.5010772,BIT,0
1770606164.6823537,BIT,0
1770606164.6823537,BIT,1
1770606164.6823537,BIT,0
1770606164.6823537,BIT,0
1770606164.6823537,BIT,0
1770606164.6823537,BIT,0
1770606164.6823537,BIT,0
1770606164.6823537,BIT,1
1770606164.6823537,BIT,1
1770606164.6823537,BIT,0
1770606164.8538048,BIT,1
1770606164.8538048,BIT,1
1770606164.8538048,BIT,1
1770606164.8538048,BIT,1
1770606164.8538048,BIT,1
1770606164.8538048,BIT,1
1770606164.8538048,BIT,0
1770606164.8538048,BIT,0
1770606164.8538048,BIT,1
1770606164.8538048,BIT,1
1770606165.1278553,BIT,1
1770606165.1278553,BIT,0
1770606165.1278553,BIT,0
1770606165.1278553,BIT,1
1770606165.1278553,BIT,0
1770606165.1278553,BIT,0
1770606165.1278553,BIT,1
1770606165.1278553,BIT,1
1770606165.1278553,BIT,1
1770606165.1278553,BIT,0
1770606165.3400505,BIT,0
1770606165.3400505,BIT,1
1770606165.3400505,BIT,1
1770606165.3400505,BIT,0
1770606165.3400505,BIT,0
1770606165.3400505,BIT,0
1770606165.3400505,BIT,1
1770606165.3400505,BIT,1
1770606165.3400505,BIT,0
1770606165.3400505,BIT,0
1770606165.5326,BIT,1
1770606165.5326,BIT,0
1770606165.5326,BIT,1
1770606165.5326,BIT,1
1770606165.5326,BIT,0
1770606165.5326,BIT,1
1770606165.5326,BIT,1
1770606165.5326,BIT,1
1770606165.5326,BIT,1
1770606165.5326,BIT,0
1770606165.7822247,BIT,1
1770606165.7822247,BIT,1
1770606165.7822247,BIT,0
1770606165.7822247,BIT,1
1770606165.7822247,BIT,0
1770606165.7822247,BIT,0
1770606165.7822247,BIT,1
1770606165.7822247,BIT,1
1770606165.7822247,BIT,1
1770606165.7822247,BIT,1
1770606165.9748592,BIT,1
1770606165.9748592,BIT,0
1770606165.9748592,BIT,1
1770606165.9748592,BIT,0
1770606165.9748592,BIT,0
1770606165.9748592,BIT,0
1770606165.9748592,BIT,0
1770606165.9748592,BIT,1
1770606165.9748592,BIT,0
1770606165.9748592,BIT,1
1770606166.1463823,BIT,1
1770606166.1463823,BIT,1
1770606166.1463823,BIT,1
1770606166.1463823,BIT,1
1770606166.1463823,BIT,0
1770606166.1463823,BIT,0
1770606166.1463823,BIT,1
1770606166.1463823,BIT,0
1770606166.1463823,BIT,0
1770606166.1463823,BIT,1
1770606166.3322098,BIT,1
1770606166.3322098,BIT,0
1770606166.3322098,BIT,1
1770606166.3322098,BIT,0
1770606166.3322098,BIT,0
1770606166.3322098,BIT,0
1770606166.3322098,BIT,0
1770606166.3322098,BIT,0
1770606166.3322098,BIT,0
1770606166.3322098,BIT,1
1770606166.5075772,BIT,0
1770606166.5075772,BIT,1
1770606166.5075772,BIT,0
1770606166.5075772,BIT,1
1770606166.5075772,BIT,0
1770606166.5075772,BIT,1
1770606166.5075772,BIT,1
1770606166.5075772,BIT,1
1770606166.5075772,BIT,0
1770606166.5075772,BIT,1
1770606166.6708808,BIT,1
1770606166.6708808,BIT,0
1770606166.6708808,BIT,1
1770606166.6708808,BIT,0
1770606166.6708808,BIT,0
1770606166.6708808,BIT,0
1770606166.6708808,BIT,0
1770606166.6708808,BIT,0
1770606166.6708808,BIT,0
1770606166.6708808,BIT,1
1770606166.8745787,BIT,0
1770606166.8745787,BIT,0
1770606166.8745787,BIT,1
1770606166.8745787,BIT,1
1770606166.8745787,BIT,1
1770606166.8745787,BIT,0
1770606166.8745787,BIT,1
1770606166.8745787,BIT,0
1770606166.8745787,BIT,1
1770606166.8745787,BIT,0
1770606167.0413191,BIT,1
1770606167.0413191,BIT,1
1770606167.0413191,BIT,0
1770606167.0413191,BIT,1
1770606167.0413191,BIT,1
1770606167.0413191,BIT,0
1770606167.0413191,BIT,0
1770606167.0413191,BIT,0
1770606167.0413191,BIT,0
1770606167.0413191,BIT,0
1770606167.2041864,BIT,0
1770606167.2041864,BIT,0
1770606167.2041864,BIT,1
1770606167.2041864,BIT,1
1770606167.2041864,BIT,1
1770606167.2041864,BIT,1
1770606167.2041864,BIT,0
1770606167.2041864,BIT,0
1770606167.2041864,BIT,0
1770606167.2041864,BIT,0
1770606167.3778784,BIT,0
1770606167.3778784,BIT,1
1770606167.3778784,BIT,1
1770606167.3778784,BIT,0
1770606167.3778784,BIT,1
1770606167.3778784,BIT,0
1770606167.3778784,BIT,1
1770606167.3778784,BIT,1
1770606167.3778784,BIT,0
1770606167.3778784,BIT,0
1770606167.5402527,BIT,1
1770606167.5402527,BIT,0
1770606167.5402527,BIT,1
1770606167.5402527,BIT,0
1770606167.5402527,BIT,1
1770606167.5402527,BIT,0
1770606167.5402527,BIT,0
1770606167.5402527,BIT,0
1770606167.5402527,BIT,0
1770606167.5402527,BIT,0
1770606167.7050073,BIT,0
1770606167.7050073,BIT,1
1770606167.7050073,BIT,0
1770606167.7050073,BIT,1
1770606167.7050073,BIT,0
1770606167.7050073,BIT,0
1770606167.7050073,BIT,1
1770606167.7050073,BIT,1
1770606167.7050073,BIT,0
1770606167.7050073,BIT,0
1770606167.873466,BIT,0
1770606167.873466,BIT,1
1770606167.873466,BIT,0
1770606167.873466,BIT,0
1770606167.873466,BIT,1
1770606167.873466,BIT,0
1770606167.873466,BIT,1
1770606167.873466,BIT,0
1770606167.873466,BIT,0
1770606167.873466,BIT,1
1770606168.0480454,BIT,1
1770606168.0480454,BIT,0
1770606168.0480454,BIT,0
1770606168.0480454,BIT,1
1770606168.0480454,BIT,1
1770606168.0480454,BIT,1
1770606168.0480454,BIT,1
1770606168.0480454,BIT,1
1770606168.0480454,BIT,1
1770606168.0480454,BIT,0
1770606168.2609196,BIT,1
1770606168.2609196,BIT,1
1770606168.2609196,BIT,0
1770606168.2609196,BIT,0
1770606168.2609196,BIT,0
1770606168.2609196,BIT,1
1770606168.2609196,BIT,0
1770606168.2609196,BIT,0
1770606168.2609196,BIT,0
1770606168.2609196,BIT,0
1770606168.472667,BIT,1
1770606168.472667,BIT,0
1770606168.472667,BIT,1
1770606168.472667,BIT,1
1770606168.472667,BIT,0
1770606168.472667,BIT,0
1770606168.472667,BIT,1
1770606168.472667,BIT,0
1770606168.472667,BIT,1
1770606168.472667,BIT,1
1770606168.6828275,BIT,0
1770606168.6828275,BIT,1
1770606168.6828275,BIT,0
1770606168.6828275,BIT,0
1770606168.6828275,BIT,1
1770606168.6828275,BIT,1
1770606168.6828275,BIT,1
1770606168.6828275,BIT,0
1770606168.6828275,BIT,1
1770606168.6828275,BIT,1
1770606168.9166827,BIT,0
1770606168.9166827,BIT,1
1770606168.9166827,BIT,1
1770606168.9166827,BIT,1
1770606168.9166827,BIT,1
1770606168.9166827,BIT,1
1770606168.9166827,BIT,1
1770606168.9166827,BIT,1
1770606168.9166827,BIT,1
1770606168.9166827,BIT,1
1770606169.120181,BIT,0
1770606169.120181,BIT,0
1770606169.120181,BIT,0
1770606169.120181,BIT,0
1770606169.120181,BIT,0
1770606169.120181,BIT,0
1770606169.120181,BIT,0
1770606169.120181,BIT,1
1770606169.120181,BIT,0
1770606169.120181,BIT,0
1770606169.301274,BIT,1
1770606169.301274,BIT,0
1770606169.301274,BIT,1
1770606169.301274,BIT,0
1770606169.301274,BIT,1
1770606169.301274,BIT,0
1770606169.301274,BIT,0
1770606169.301274,BIT,0
1770606169.301274,BIT,1
1770606169.301274,BIT,0
1770606169.4700158,BIT,0
1770606169.4700158,BIT,0
1770606169.4700158,BIT,0
1770606169.4700158,BIT,1
1770606169.4700158,BIT,1
1770606169.4700158,BIT,0
1770606169.4700158,BIT,1
1770606169.4700158,BIT,0
1770606169.4700158,BIT,0
1770606169.4700158,BIT,1
1770606169.6339324,BIT,0
1770606169.6339324,BIT,0
1770606169.6339324,BIT,0
1770606169.6339324,BIT,1
1770606169.6339324,BIT,1
1770606169.6339324,BIT,0
1770606169.6339324,BIT,0
1770606169.6339324,BIT,1
1770606169.6339324,BIT,1
1770606169.6339324,BIT,0
1770606169.8188682,BIT,0
1770606169.8188682,BIT,1
1770606169.8188682,BIT,1
1770606169.8188682,BIT,0
1770606169.8188682,BIT,0
1770606169.8188682,BIT,0
1770606169.8188682,BIT,0
1770606169.8188682,BIT,0
1770606169.8188682,BIT,1
1770606169.8188682,BIT,0
1770606169.9942045,BIT,0
1770606169.9942045,BIT,1
1770606169.9942045,BIT,0
1770606169.9942045,BIT,0
1770606169.9942045,BIT,1
1770606169.9942045,BIT,1
1770606169.9942045,BIT,1
1770606169.9942045,BIT,1
1770606169.9942045,BIT,1
1770606169.9942045,BIT,1
1770606170.1812186,BIT,0
1770606170.1812186,BIT,0
1770606170.1812186,BIT,1
1770606170.1812186,BIT,0
1770606170.1812186,BIT,0
1770606170.1812186,BIT,0
1770606170.1812186,BIT,1
1770606170.1812186,BIT,1
1770606170.1812186,BIT,1
1770606170.1812186,BIT,1
1770606170.4294853,BIT,1
1770606170.4294853,BIT,0
1770606170.4294853,BIT,1
1770606170.4294853,BIT,1
1770606170.4294853,BIT,1
1770606170.4294853,BIT,1
1770606170.4294853,BIT,1
1770606170.4294853,BIT,1
1770606170.4294853,BIT,0
1770606170.4294853,BIT,1
1770606170.6871932,BIT,1
1770606170.6871932,BIT,1
1770606170.6871932,BIT,1
1770606170.6871932,BIT,0
1770606170.6871932,BIT,0
1770606170.6871932,BIT,0
1770606170.6871932,BIT,1
1770606170.6871932,BIT,0
1770606170.6871932,BIT,1
1770606170.6871932,BIT,1
1770606170.9616616,BIT,0
1770606170.9616616,BIT,0
1770606170.9616616,BIT,1
1770606170.9616616,BIT,0
1770606170.9616616,BIT,0
1770606170.9616616,BIT,1
1770606170.9616616,BIT,1
1770606170.9616616,BIT,0
1770606170.9616616,BIT,1
1770606170.9616616,BIT,0
1770606171.2245278,BIT,0
1770606171.2245278,BIT,1
1770606171.2245278,BIT,0
1770606171.2245278,BIT,0
1770606171.2245278,BIT,1
1770606171.2245278,BIT,1
1770606171.2245278,BIT,1
1770606171.2245278,BIT,0
1770606171.2245278,BIT,0
1770606171.2245278,BIT,0
1770606171.469123,BIT,1
1770606171.469123,BIT,0
1770606171.469123,BIT,1
1770606171.469123,BIT,1
1770606171.469123,BIT,0
1770606171.469123,BIT,0
1770606171.469123,BIT,0
1770606171.469123,BIT,1
1770606171.469123,BIT,1
1770606171.469123,BIT,0
1770606171.7105222,BIT,1
1770606171.7105222,BIT,1
1770606171.7105222,BIT,0
1770606171.7105222,BIT,1
1770606171.7105222,BIT,0
1770606171.7105222,BIT,1
1770606171.7105222,BIT,1
1770606171.7105222,BIT,1
1770606171.7105222,BIT,0
1770606171.7105222,BIT,1
1770606171.9403317,BIT,1
1770606171.9403317,BIT,0
1770606171.9403317,BIT,1
1770606171.9403317,BIT,0
1770606171.9403317,BIT,0
1770606171.9403317,BIT,1
1770606171.9403317,BIT,0
1770606171.9403317,BIT,0
1770606171.9403317,BIT,0
1770606171.9403317,BIT,0
1770606172.1698833,BIT,1
1770606172.1698833,BIT,1
1770606172.1698833,BIT,1
1770606172.1698833,BIT,0
1770606172.1698833,BIT,1
1770606172.1698833,BIT,1
1770606172.1698833,BIT,0
1770606172.1698833,BIT,0
1770606172.1698833,BIT,1
1770606172.1698833,BIT,0
1770606172.4070637,BIT,0
1770606172.4070637,BIT,1
1770606172.4070637,BIT,0
1770606172.4070637,BIT,1
1770606172.4070637,BIT,0
1770606172.4070637,BIT,1
1770606172.4070637,BIT,1
1770606172.4070637,BIT,0
1770606172.4070637,BIT,0
1770606172.4070637,BIT,0
1770606172.640304,BIT,1
1770606172.640304,BIT,0
1770606172.640304,BIT,1
1770606172.640304,BIT,1
1770606172.640304,BIT,1
1770606172.640304,BIT,1
1770606172.640304,BIT,1
1770606172.640304,BIT,1
1770606172.640304,BIT,1
1770606172.640304,BIT,0
1770606172.8870795,BIT,0
1770606172.8870795,BIT,0
1770606172.8870795,BIT,1
1770606172.8870795,BIT,1
1770606172.8870795,BIT,1
1770606172.8870795,BIT,1
1770606172.8870795,BIT,1
1770606172.8870795,BIT,0
1770606172.8870795,BIT,0
1770606172.8870795,BIT,1
1770606173.1031823,BIT,1
1770606173.1031823,BIT,0
1770606173.1031823,BIT,0
1770606173.1031823,BIT,1
1770606173.1031823,BIT,1
1770606173.1031823,BIT,0
1770606173.1031823,BIT,1
1770606173.1031823,BIT,1
1770606173.1031823,BIT,0
1770606173.1031823,BIT,0
1770606173.330545,BIT,1
1770606173.330545,BIT,1
1770606173.330545,BIT,0
1770606173.330545,BIT,1
1770606173.330545,BIT,0
1770606173.330545,BIT,0
1770606173.330545,BIT,1
1770606173.330545,BIT,1
1770606173.330545,BIT,1
1770606173.330545,BIT,1
1770606173.542799,BIT,0
1770606173.542799,BIT,1
1770606173.542799,BIT,1
1770606173.542799,BIT,0
1770606173.542799,BIT,0
1770606173.542799,BIT,0
1770606173.542799,BIT,0
1770606173.542799,BIT,0
1770606173.542799,BIT,0
1770606173.542799,BIT,1
1770606173.814276,BIT,0
1770606173.814276,BIT,0
1770606173.814276,BIT,1
1770606173.814276,BIT,0
1770606173.814276,BIT,0
1770606173.814276,BIT,1
1770606173.814276,BIT,0
1770606173.814276,BIT,0
1770606173.814276,BIT,1
1770606173.814276,BIT,0
1770606174.1782355,BIT,1
1770606174.1782355,BIT,0
1770606174.1782355,BIT,1
1770606174.1782355,BIT,0
1770606174.1782355,BIT,0
1770606174.1782355,BIT,1
1770606174.1782355,BIT,0
1770606174.1782355,BIT,1
1770606174.1782355,BIT,0
1770606174.1782355,BIT,0
1770606174.5207381,BIT,0
1770606174.5207381,BIT,1
1770606174.5207381,BIT,0
1770606174.5207381,BIT,0
1770606174.5207381,BIT,0
1770606174.5207381,BIT,0
1770606174.5207381,BIT,1
1770606174.5207381,BIT,1
1770606174.5207381,BIT,1
1770606174.5207381,BIT,1
1770606174.7209904,BIT,0
1770606174.7209904,BIT,0
1770606174.7209904,BIT,1
1770606174.7209904,BIT,0
1770606174.7209904,BIT,0
1770606174.7209904,BIT,1
1770606174.7209904,BIT,0
1770606174.7209904,BIT,1
1770606174.7209904,BIT,0
1770606174.7209904,BIT,0
1770606174.9294465,BIT,0
1770606174.9294465,BIT,0
1770606174.9294465,BIT,0
1770606174.9294465,BIT,1
1770606174.9294465,BIT,0
1770606174.9294465,BIT,0
1770606174.9294465,BIT,1
1770606174.9294465,BIT,1
1770606174.9294465,BIT,1
1770606174.9294465,BIT,0
1770606175.1234486,BIT,0
1770606175.1234486,BIT,0
1770606175.1234486,BIT,0
1770606175.1234486,BIT,1
1770606175.1234486,BIT,0
1770606175.1234486,BIT,1
1770606175.1234486,BIT,1
1770606175.1234486,BIT,0
1770606175.1234486,BIT,1
1770606175.1234486,BIT,0
1770606175.3386016,BIT,1
1770606175.3386016,BIT,0
1770606175.3386016,BIT,0
1770606175.3386016,BIT,1
1770606175.3386016,BIT,1
1770606175.3386016,BIT,1
1770606175.3386016,BIT,1
1770606175.3386016,BIT,1
1770606175.3386016,BIT,1
1770606175.3386016,BIT,1
1770606175.5327573,BIT,1
1770606175.5327573,BIT,1
1770606175.5327573,BIT,0
1770606175.5327573,BIT,1
1770606175.5327573,BIT,0
1770606175.5327573,BIT,0
1770606175.5327573,BIT,1
1770606175.5327573,BIT,0
1770606175.5327573,BIT,0
1770606175.5327573,BIT,0
1770606175.7348344,BIT,0
1770606175.7348344,BIT,1
1770606175.7348344,BIT,0
1770606175.7348344,BIT,1
1770606175.7348344,BIT,1
1770606175.7348344,BIT,1
1770606175.7348344,BIT,1
1770606175.7348344,BIT,0
1770606175.7348344,BIT,0
1770606175.7348344,BIT,1
1770606175.9818635,BIT,0
1770606175.9818635,BIT,0
1770606175.9818635,BIT,1
1770606175.9818635,BIT,1
1770606175.9818635,BIT,1
1770606175.9818635,BIT,1
1770606175.9818635,BIT,1
1770606175.9818635,BIT,0
1770606175.9818635,BIT,0
1770606175.9818635,BIT,0
1770606176.2041786,BIT,1
1770606176.2041786,BIT,0
1770606176.2041786,BIT,0
1770606176.2041786,BIT,0
1770606176.2041786,BIT,1
1770606176.2041786,BIT,0
1770606176.2041786,BIT,0
1770606176.2041786,BIT,1
1770606176.2041786,BIT,0
1770606176.2041786,BIT,0
1770606176.4348578,BIT,0
1770606176.4348578,BIT,0
1770606176.4348578,BIT,1
1770606176.4348578,BIT,0
1770606176.4348578,BIT,0
1770606176.4348578,BIT,0
1770606176.4348578,BIT,0
1770606176.4348578,BIT,0
1770606176.4348578,BIT,0
1770606176.4348578,BIT,1
1770606176.6358232,BIT,1
1770606176.6358232,BIT,1
1770606176.6358232,BIT,0
1770606176.6358232,BIT,0
1770606176.6358232,BIT,1
1770606176.6358232,BIT,0
1770606176.6358232,BIT,1
1770606176.6358232,BIT,0
1770606176.6358232,BIT,1
1770606176.6358232,BIT,0
1770606176.838432,BIT,1
1770606176.838432,BIT,1
1770606176.838432,BIT,1
1770606176.838432,BIT,1
1770606176.838432,BIT,1
1770606176.838432,BIT,1
1770606176.838432,BIT,0
1770606176.838432,BIT,0
1770606176.838432,BIT,1
1770606176.838432,BIT,0
1770606177.0847626,BIT,1
1770606177.0847626,BIT,1
1770606177.0847626,BIT,1
1770606177.0847626,BIT,0
1770606177.0847626,BIT,0
1770606177.0847626,BIT,1
1770606177.0847626,BIT,1
1770606177.0847626,BIT,0
1770606177.0847626,BIT,0
1770606177.0847626,BIT,1
1770606177.3219771,BIT,1
1770606177.3219771,BIT,1
1770606177.3219771,BIT,1
1770606177.3219771,BIT,1
1770606177.3219771,BIT,1
1770606177.3219771,BIT,1
1770606177.3219771,BIT,0
1770606177.3219771,BIT,0
1770606177.3219771,BIT,0
1770606177.3219771,BIT,1
1770606177.579095,BIT,0
1770606177.579095,BIT,1
1770606177.579095,BIT,1
1770606177.579095,BIT,0
1770606177.579095,BIT,0
1770606177.579095,BIT,1
1770606177.579095,BIT,0
1770606177.579095,BIT,1
1770606177.579095,BIT,0
1770606177.579095,BIT,0
1770606177.8278046,BIT,0
1770606177.8278046,BIT,0
1770606177.8278046,BIT,0
1770606177.8278046,BIT,0
1770606177.8278046,BIT,1
1770606177.8278046,BIT,1
1770606177.8278046,BIT,1
1770606177.8278046,BIT,0
1770606177.8278046,BIT,1
1770606177.8278046,BIT,0
1770606178.1066265,BIT,1
1770606178.1066265,BIT,0
1770606178.1066265,BIT,1
1770606178.1066265,BIT,1
1770606178.1066265,BIT,1
1770606178.1066265,BIT,1
1770606178.1066265,BIT,1
1770606178.1066265,BIT,1
1770606178.1066265,BIT,1
1770606178.1066265,BIT,0
1770606178.3360758,BIT,1
1770606178.3360758,BIT,1
1770606178.3360758,BIT,0
1770606178.3360758,BIT,1
1770606178.3360758,BIT,0
1770606178.3360758,BIT,1
1770606178.3360758,BIT,1
1770606178.3360758,BIT,0
1770606178.3360758,BIT,0
1770606178.3360758,BIT,0
1770606178.603078,BIT,1
1770606178.603078,BIT,1
1770606178.603078,BIT,1
1770606178.603078,BIT,1
1770606178.603078,BIT,1
1770606178.603078,BIT,0
1770606178.603078,BIT,0
1770606178.603078,BIT,1
1770606178.603078,BIT,1
1770606178.603078,BIT,0
1770606178.841572,BIT,1
1770606178.841572,BIT,0
1770606178.841572,BIT,0
1770606178.841572,BIT,0
1770606178.841572,BIT,0
1770606178.841572,BIT,0
1770606178.841572,BIT,1
1770606178.841572,BIT,1
1770606178.841572,BIT,1
1770606178.841572,BIT,1
1770606179.0752494,BIT,1
1770606179.0752494,BIT,0
1770606179.0752494,BIT,1
1770606179.0752494,BIT,0
1770606179.0752494,BIT,0
1770606179.0752494,BIT,1
1770606179.0752494,BIT,1
1770606179.0752494,BIT,1
1770606179.0752494,BIT,1
1770606179.0752494,BIT,1
1770606179.3715389,BIT,0
1770606179.3715389,BIT,0
1770606179.3715389,BIT,0
1770606179.3715389,BIT,1
1770606179.3715389,BIT,0
1770606179.3715389,BIT,1
1770606179.3715389,BIT,0
1770606179.3715389,BIT,0
1770606179.3715389,BIT,1
1770606179.3715389,BIT,0
1770606179.7775443,BIT,0
1770606179.7775443,BIT,1
1770606179.7775443,BIT,0
1770606179.7775443,BIT,0
1770606179.7775443,BIT,0
1770606179.7775443,BIT,1
1770606179.7775443,BIT,0
1770606179.7775443,BIT,1
1770606179.7775443,BIT,0
1770606179.7775443,BIT,0
1770606180.1690006,BIT,0
1770606180.1690006,BIT,0
1770606180.1690006,BIT,1
1770606180.1690006,BIT,1
1770606180.1690006,BIT,1
1770606180.1690006,BIT,0
1770606180.1690006,BIT,0
1770606180.1690006,BIT,1
1770606180.1690006,BIT,1
1770606180.1690006,BIT,0
1770606180.4388125,BIT,0
1770606180.4388125,BIT,0
1770606180.4388125,BIT,1
1770606180.4388125,BIT,0
1770606180.4388125,BIT,0
1770606180.4388125,BIT,1
1770606180.4388125,BIT,0
1770606180.4388125,BIT,0
1770606180.4388125,BIT,1
1770606180.4388125,BIT,0
1770606180.661703,BIT,0
1770606180.661703,BIT,0
1770606180.661703,BIT,1
1770606180.661703,BIT,1
1770606180.661703,BIT,1
1770606180.661703,BIT,0
1770606180.661703,BIT,1
1770606180.661703,BIT,1
1770606180.661703,BIT,0
1770606180.661703,BIT,0
1770606180.8848877,BIT,1
1770606180.8848877,BIT,0
1770606180.8848877,BIT,0
1770606180.8848877,BIT,0
1770606180.8848877,BIT,1
1770606180.8848877,BIT,1
1770606180.8848877,BIT,0
1770606180.8848877,BIT,1
1770606180.8848877,BIT,0
1770606180.8848877,BIT,0
1770606181.1217792,BIT,0
1770606181.1217792,BIT,1
1770606181.1217792,BIT,0
1770606181.1217792,BIT,0
1770606181.1217792,BIT,0
1770606181.1217792,BIT,1
1770606181.1217792,BIT,0
1770606181.1217792,BIT,0
1770606181.1217792,BIT,1
1770606181.1217792,BIT,0
1770606181.3393412,BIT,1
1770606181.3393412,BIT,1
1770606181.3393412,BIT,1
1770606181.3393412,BIT,1
1770606181.3393412,BIT,0
1770606181.3393412,BIT,0
1770606181.3393412,BIT,0
1770606181.3393412,BIT,1
1770606181.3393412,BIT,0
1770606181.3393412,BIT,0
1770606181.5298653,BIT,1
1770606181.5298653,BIT,1
1770606181.5298653,BIT,1
1770606181.5298653,BIT,1
1770606181.5298653,BIT,0
1770606181.5298653,BIT,1
1770606181.5298653,BIT,1
1770606181.5298653,BIT,1
1770606181.5298653,BIT,0
1770606181.5298653,BIT,0
1770606181.7187762,BIT,1
1770606181.7187762,BIT,0
1770606181.7187762,BIT,0
1770606181.7187762,BIT,1
1770606181.7187762,BIT,0
1770606181.7187762,BIT,1
1770606181.7187762,BIT,1
1770606181.7187762,BIT,1
1770606181.7187762,BIT,1
1770606181.7187762,BIT,1
1770606181.9268818,BIT,0
1770606181.9268818,BIT,1
1770606181.9268818,BIT,0
1770606181.9268818,BIT,0
1770606181.9268818,BIT,1
1770606181.9268818,BIT,1
1770606181.9268818,BIT,1
1770606181.9268818,BIT,1
1770606181.9268818,BIT,1
1770606181.9268818,BIT,0
1770606182.2574959,BIT,0
1770606182.2574959,BIT,0
1770606182.2574959,BIT,0
1770606182.2574959,BIT,0
1770606182.2574959,BIT,0
1770606182.2574959,BIT,1
1770606182.2574959,BIT,1
1770606182.2574959,BIT,1
1770606182.2574959,BIT,1
1770606182.2574959,BIT,1
1770606182.6921456,BIT,1
1770606182.6921456,BIT,1
1770606182.6921456,BIT,1
1770606182.6921456,BIT,1
1770606182.6921456,BIT,1
1770606182.6921456,BIT,1
1770606182.6921456,BIT,0
1770606182.6921456,BIT,1
1770606182.6921456,BIT,0
1770606182.6921456,BIT,0
1770606183.0825014,BIT,1
1770606183.0825014,BIT,0
1770606183.0825014,BIT,1
1770606183.0825014,BIT,0
1770606183.0825014,BIT,1
1770606183.0825014,BIT,0
1770606183.0825014,BIT,1
1770606183.0825014,BIT,0
1770606183.0825014,BIT,1
1770606183.0825014,BIT,1
1770606183.385009,BIT,1
1770606183.385009,BIT,1
1770606183.385009,BIT,1
1770606183.385009,BIT,0
1770606183.385009,BIT,1
1770606183.385009,BIT,1
1770606183.385009,BIT,1
1770606183.385009,BIT,0
1770606183.385009,BIT,0
1770606183.385009,BIT,1
1770606183.6106236,BIT,1
1770606183.6106236,BIT,0
1770606183.6106236,BIT,0
1770606183.6106236,BIT,1
1770606183.6106236,BIT,1
1770606183.6106236,BIT,0
1770606183.6106236,BIT,0
1770606183.6106236,BIT,0
1770606183.6106236,BIT,0
1770606183.6106236,BIT,1
1770606183.8316574,BIT,0
1770606183.8316574,BIT,0
1770606183.8316574,BIT,0
1770606183.8316574,BIT,1
1770606183.8316574,BIT,1
1770606183.8316574,BIT,0
1770606183.8316574,BIT,0
1770606183.8316574,BIT,1
1770606183.8316574,BIT,1
1770606183.8316574,BIT,1
1770606184.065135,BIT,1
1770606184.065135,BIT,0
1770606184.065135,BIT,1
1770606184.065135,BIT,1
1770606184.065135,BIT,1
1770606184.065135,BIT,1
1770606184.065135,BIT,1
1770606184.065135,BIT,1
1770606184.065135,BIT,1
1770606184.065135,BIT,0
1770606184.2945006,BIT,0
1770606184.2945006,BIT,0
1770606184.2945006,BIT,0
1770606184.2945006,BIT,0
1770606184.2945006,BIT,1
1770606184.2945006,BIT,0
1770606184.2945006,BIT,0
1770606184.2945006,BIT,0
1770606184.2945006,BIT,0
1770606184.2945006,BIT,0
1770606184.5365152,BIT,0
1770606184.5365152,BIT,1
1770606184.5365152,BIT,1
1770606184.5365152,BIT,1
1770606184.5365152,BIT,0
1770606184.5365152,BIT,0
1770606184.5365152,BIT,0
1770606184.5365152,BIT,1
1770606184.5365152,BIT,0
1770606184.5365152,BIT,1
1770606184.77122,BIT,1
1770606184.77122,BIT,0
1770606184.77122,BIT,1
1770606184.77122,BIT,1
1770606184.77122,BIT,1
1770606184.77122,BIT,0
1770606184.77122,BIT,1
1770606184.77122,BIT,1
1770606184.77122,BIT,0
1770606184.77122,BIT,1
1770606184.9982028,BIT,0
1770606184.9982028,BIT,1
1770606184.9982028,BIT,1
1770606184.9982028,BIT,0
1770606184.9982028,BIT,0
1770606184.9982028,BIT,1
1770606184.9982028,BIT,0
1770606184.9982028,BIT,0
1770606184.9982028,BIT,1
1770606184.9982028,BIT,0
1770606185.206244,BIT,0
1770606185.206244,BIT,1
1770606185.206244,BIT,1
1770606185.206244,BIT,0
1770606185.206244,BIT,1
1770606185.206244,BIT,1
1770606185.206244,BIT,1
1770606185.206244,BIT,1
1770606185.206244,BIT,0
1770606185.206244,BIT,1
1770606185.4218888,BIT,1
1770606185.4218888,BIT,1
1770606185.4218888,BIT,1
1770606185.4218888,BIT,0
1770606185.4218888,BIT,1
1770606185.4218888,BIT,0
1770606185.4218888,BIT,1
1770606185.4218888,BIT,1
1770606185.4218888,BIT,0
1770606185.4218888,BIT,0
1770606185.6145508,BIT,1
1770606185.6145508,BIT,0
1770606185.6145508,BIT,1
1770606185.6145508,BIT,0
1770606185.6145508,BIT,0
1770606185.6145508,BIT,1
1770606185.6145508,BIT,0
1770606185.6145508,BIT,0
1770606185.6145508,BIT,0
1770606185.6145508,BIT,0
1770606185.8012295,BIT,1
1770606185.8012295,BIT,0
1770606185.8012295,BIT,0
1770606185.8012295,BIT,0
1770606185.8012295,BIT,1
1770606185.8012295,BIT,1
1770606185.8012295,BIT,0
1770606185.8012295,BIT,0
1770606185.8012295,BIT,0
1770606185.8012295,BIT,0
1770606186.0133407,BIT,1
1770606186.0133407,BIT,1
1770606186.0133407,BIT,1
1770606186.0133407,BIT,0
1770606186.0133407,BIT,0
1770606186.0133407,BIT,1
1770606186.0133407,BIT,1
1770606186.0133407,BIT,0
1770606186.0133407,BIT,0
1770606186.0133407,BIT,0
1770606186.2500067,BIT,1
1770606186.2500067,BIT,0
1770606186.2500067,BIT,0
1770606186.2500067,BIT,1
1770606186.2500067,BIT,1
1770606186.2500067,BIT,1
1770606186.2500067,BIT,1
1770606186.2500067,BIT,1
1770606186.2500067,BIT,0
1770606186.2500067,BIT,1
1770606186.465069,BIT,1
1770606186.465069,BIT,1
1770606186.465069,BIT,1
1770606186.465069,BIT,1
1770606186.465069,BIT,0
1770606186.465069,BIT,0
1770606186.465069,BIT,0
1770606186.465069,BIT,0
1770606186.465069,BIT,1
1770606186.465069,BIT,0
1770606186.6771116,BIT,1
1770606186.6771116,BIT,1
1770606186.6771116,BIT,0
1770606186.6771116,BIT,1
1770606186.6771116,BIT,0
1770606186.6771116,BIT,1
1770606186.6771116,BIT,1
1770606186.6771116,BIT,1
1770606186.6771116,BIT,0
1770606186.6771116,BIT,0
1770606186.9141042,BIT,1
1770606186.9141042,BIT,1
1770606186.9141042,BIT,0
1770606186.9141042,BIT,0
1770606186.9141042,BIT,1
1770606186.9141042,BIT,0
1770606186.9141042,BIT,0
1770606186.9141042,BIT,1
1770606186.9141042,BIT,1
1770606186.9141042,BIT,1
1770606187.1447544,BIT,1
1770606187.1447544,BIT,1
1770606187.1447544,BIT,0
1770606187.1447544,BIT,0
1770606187.1447544,BIT,0
1770606187.1447544,BIT,1
1770606187.1447544,BIT,1
1770606187.1447544,BIT,0
1770606187.1447544,BIT,0
1770606187.1447544,BIT,1
1770606187.3988998,BIT,0
1770606187.3988998,BIT,1
1770606187.3988998,BIT,1
1770606187.3988998,BIT,0
1770606187.3988998,BIT,1
1770606187.3988998,BIT,1
1770606187.3988998,BIT,0
1770606187.3988998,BIT,1
1770606187.3988998,BIT,0
1770606187.3988998,BIT,0
1770606187.5836048,BIT,0
1770606187.5836048,BIT,1
1770606187.5836048,BIT,0
1770606187.5836048,BIT,1
1770606187.5836048,BIT,1
1770606187.5836048,BIT,0
1770606187.5836048,BIT,0
1770606187.5836048,BIT,0
1770606187.5836048,BIT,0
1770606187.5836048,BIT,1
1770606187.7579653,BIT,1
1770606187.7579653,BIT,1
1770606187.7579653,BIT,0
1770606187.7579653,BIT,1
1770606187.7579653,BIT,1
1770606187.7579653,BIT,1
1770606187.7579653,BIT,1
1770606187.7579653,BIT,0
1770606187.7579653,BIT,0
1770606187.7579653,BIT,0
1770606187.945608,BIT,1
1770606187.945608,BIT,0
1770606187.945608,BIT,1
1770606187.945608,BIT,0
1770606187.945608,BIT,0
1770606187.945608,BIT,0
1770606187.945608,BIT,0
1770606187.945608,BIT,1
1770606187.945608,BIT,0
1770606187.945608,BIT,0
1770606188.108544,BIT,0
1770606188.108544,BIT,0
1770606188.108544,BIT,1
1770606188.108544,BIT,0
1770606188.108544,BIT,1
1770606188.108544,BIT,1
1770606188.108544,BIT,1
1770606188.108544,BIT,1
1770606188.108544,BIT,0
1770606188.108544,BIT,1
1770606188.2824697,BIT,0
1770606188.2824697,BIT,1
1770606188.2824697,BIT,0
1770606188.2824697,BIT,1
1770606188.2824697,BIT,1
1770606188.2824697,BIT,1
1770606188.2824697,BIT,0
1770606188.2824697,BIT,0
1770606188.2824697,BIT,0
1770606188.2824697,BIT,1
1770606188.4525654,BIT,1
1770606188.4525654,BIT,0
1770606188.4525654,BIT,0
1770606188.4525654,BIT,1
1770606188.4525654,BIT,0
1770606188.4525654,BIT,0
1770606188.4525654,BIT,0
1770606188.4525654,BIT,1
1770606188.4525654,BIT,1
1770606188.4525654,BIT,1
1770606188.637831,BIT,1
1770606188.637831,BIT,0
1770606188.637831,BIT,1
1770606188.637831,BIT,0
1770606188.637831,BIT,0
1770606188.637831,BIT,1
1770606188.637831,BIT,0
1770606188.637831,BIT,0
1770606188.637831,BIT,1
1770606188.637831,BIT,1
1770606188.8088093,BIT,1
1770606188.8088093,BIT,0
1770606188.8088093,BIT,0
1770606188.8088093,BIT,0
1770606188.8088093,BIT,0
1770606188.8088093,BIT,0
1770606188.8088093,BIT,1
1770606188.8088093,BIT,1
1770606188.8088093,BIT,1
1770606188.8088093,BIT,1
1770606188.9875643,BIT,1
1770606188.9875643,BIT,0
1770606188.9875643,BIT,1
1770606188.9875643,BIT,1
1770606188.9875643,BIT,1
1770606188.9875643,BIT,1
1770606188.9875643,BIT,1
1770606188.9875643,BIT,1
1770606188.9875643,BIT,1
1770606188.9875643,BIT,0
1770606189.1584194,BIT,0
1770606189.1584194,BIT,0
1770606189.1584194,BIT,1
1770606189.1584194,BIT,0
1770606189.1584194,BIT,0
1770606189.1584194,BIT,1
1770606189.1584194,BIT,0
1770606189.1584194,BIT,1
1770606189.1584194,BIT,0
1770606189.1584194,BIT,0
1770606189.3341784,BIT,0
1770606189.3341784,BIT,1
1770606189.3341784,BIT,1
1770606189.3341784,BIT,0
1770606189.3341784,BIT,1
1770606189.3341784,BIT,0
1770606189.3341784,BIT,0
1770606189.3341784,BIT,0
1770606189.3341784,BIT,1
1770606189.3341784,BIT,0
1770606189.4947422,BIT,0
1770606189.4947422,BIT,0
1770606189.4947422,BIT,0
1770606189.4947422,BIT,0
1770606189.4947422,BIT,0
1770606189.4947422,BIT,0
1770606189.4947422,BIT,0
1770606189.4947422,BIT,1
1770606189.4947422,BIT,0
1770606189.4947422,BIT,0
1770606189.6639204,BIT,1
1770606189.6639204,BIT,1
1770606189.6639204,BIT,0
1770606189.6639204,BIT,1
1770606189.6639204,BIT,1
1770606189.6639204,BIT,0
1770606189.6639204,BIT,1
1770606189.6639204,BIT,1
1770606189.6639204,BIT,1
1770606189.6639204,BIT,1
1770606189.8418207,BIT,1
1770606189.8418207,BIT,1
1770606189.8418207,BIT,1
1770606189.8418207,BIT,0
1770606189.8418207,BIT,1
1770606189.8418207,BIT,0
1770606189.8418207,BIT,1
1770606189.8418207,BIT,0
1770606189.8418207,BIT,0
1770606189.8418207,BIT,1
1770606190.031238,BIT,1
1770606190.031238,BIT,0
1770606190.031238,BIT,0
1770606190.031238,BIT,1
1770606190.031238,BIT,0
1770606190.031238,BIT,1
1770606190.031238,BIT,0
1770606190.031238,BIT,1
1770606190.031238,BIT,0
1770606190.031238,BIT,0
1770606190.2284987,BIT,0
1770606190.2284987,BIT,0
1770606190.2284987,BIT,0
1770606190.2284987,BIT,1
1770606190.2284987,BIT,0
1770606190.2284987,BIT,1
1770606190.2284987,BIT,0
1770606190.2284987,BIT,0
1770606190.2284987,BIT,0
1770606190.2284987,BIT,0
1770606190.4374218,BIT,0
1770606190.4374218,BIT,0
1770606190.4374218,BIT,1
1770606190.4374218,BIT,1
1770606190.4374218,BIT,1
1770606190.4374218,BIT,1
1770606190.4374218,BIT,0
1770606190.4374218,BIT,0
1770606190.4374218,BIT,1
1770606190.4374218,BIT,1
1770606190.6091049,BIT,0
1770606190.6091049,BIT,0
1770606190.6091049,BIT,1
1770606190.6091049,BIT,1
1770606190.6091049,BIT,1
1770606190.6091049,BIT,0
1770606190.6091049,BIT,1
1770606190.6091049,BIT,1
1770606190.6091049,BIT,1
1770606190.6091049,BIT,1
1770606190.7822063,BIT,1
1770606190.7822063,BIT,0
1770606190.7822063,BIT,1
1770606190.7822063,BIT,0
1770606190.7822063,BIT,1
1770606190.7822063,BIT,1
1770606190.7822063,BIT,1
1770606190.7822063,BIT,0
1770606190.7822063,BIT,1
1770606190.7822063,BIT,0
1770606190.9655752,BIT,1
1770606190.9655752,BIT,0
1770606190.9655752,BIT,1
1770606190.9655752,BIT,0
1770606190.9655752,BIT,0
1770606190.9655752,BIT,1
1770606190.9655752,BIT,0
1770606190.9655752,BIT,1
1770606190.9655752,BIT,0
1770606190.9655752,BIT,0
1770606191.1434896,BIT,1
1770606191.1434896,BIT,0
1770606191.1434896,BIT,1
1770606191.1434896,BIT,1
1770606191.1434896,BIT,1
1770606191.1434896,BIT,0
1770606191.1434896,BIT,0
1770606191.1434896,BIT,1
1770606191.1434896,BIT,0
1770606191.1434896,BIT,1
1770606191.3443155,BIT,0
1770606191.3443155,BIT,1
1770606191.3443155,BIT,0
1770606191.3443155,BIT,1
1770606191.3443155,BIT,1
1770606191.3443155,BIT,0
1770606191.3443155,BIT,1
1770606191.3443155,BIT,1
1770606191.3443155,BIT,1
1770606191.3443155,BIT,0
1770606191.537705,BIT,0
1770606191.537705,BIT,1
1770606191.537705,BIT,1
1770606191.537705,BIT,0
1770606191.537705,BIT,0
1770606191.537705,BIT,0
1770606191.537705,BIT,1
1770606191.537705,BIT,1
1770606191.537705,BIT,1
1770606191.537705,BIT,1
1770606191.741787,BIT,0
1770606191.741787,BIT,0
1770606191.741787,BIT,1
1770606191.741787,BIT,0
1770606191.741787,BIT,1
1770606191.741787,BIT,1
1770606191.741787,BIT,1
1770606191.741787,BIT,1
1770606191.741787,BIT,0
1770606191.741787,BIT,0
1770606191.9530742,BIT,1
1770606191.9530742,BIT,0
1770606191.9530742,BIT,0
1770606191.9530742,BIT,1
1770606191.9530742,BIT,1
1770606191.9530742,BIT,0
1770606191.9530742,BIT,0
1770606191.9530742,BIT,0
1770606191.9530742,BIT,0
1770606191.9530742,BIT,0
1770606192.1361823,BIT,1
1770606192.1361823,BIT,1
1770606192.1361823,BIT,0
1770606192.1361823,BIT,0
1770606192.1361823,BIT,0
1770606192.1361823,BIT,1
1770606192.1361823,BIT,1
1770606192.1361823,BIT,1
1770606192.1361823,BIT,1
1770606192.1361823,BIT,1
1770606192.3433797,BIT,0
1770606192.3433797,BIT,1
1770606192.3433797,BIT,1
1770606192.3433797,BIT,1
1770606192.3433797,BIT,1
1770606192.3433797,BIT,0
1770606192.3433797,BIT,1
1770606192.3433797,BIT,1
1770606192.3433797,BIT,0
1770606192.3433797,BIT,0
1770606192.5540197,BIT,1
1770606192.5540197,BIT,1
1770606192.5540197,BIT,0
1770606192.5540197,BIT,0
1770606192.5540197,BIT,0
1770606192.5540197,BIT,1
1770606192.5540197,BIT,0
1770606192.5540197,BIT,0
1770606192.5540197,BIT,1
1770606192.5540197,BIT,0
1770606192.7464204,BIT,0
1770606192.7464204,BIT,0
1770606192.7464204,BIT,0
1770606192.7464204,BIT,1
1770606192.7464204,BIT,1
1770606192.7464204,BIT,0
1770606192.7464204,BIT,1
1770606192.7464204,BIT,0
1770606192.7464204,BIT,1
1770606192.7464204,BIT,0
1770606192.9608343,BIT,1
1770606192.9608343,BIT,1
1770606192.9608343,BIT,1
1770606192.9608343,BIT,1
1770606192.9608343,BIT,1
1770606192.9608343,BIT,0
1770606192.9608343,BIT,0
1770606192.9608343,BIT,0
1770606192.9608343,BIT,1
1770606192.9608343,BIT,0
1770606193.1366398,BIT,1
1770606193.1366398,BIT,0
1770606193.1366398,BIT,0
1770606193.1366398,BIT,1
1770606193.1366398,BIT,0
1770606193.1366398,BIT,1
1770606193.1366398,BIT,0
1770606193.1366398,BIT,0
1770606193.1366398,BIT,0
1770606193.1366398,BIT,0
1770606193.3352542,BIT,1
1770606193.3352542,BIT,0
1770606193.3352542,BIT,0
1770606193.3352542,BIT,1
1770606193.3352542,BIT,1
1770606193.3352542,BIT,0
1770606193.3352542,BIT,0
1770606193.3352542,BIT,0
1770606193.3352542,BIT,1
1770606193.3352542,BIT,0
1770606193.5036461,BIT,1
1770606193.5036461,BIT,0
1770606193.5036461,BIT,0
1770606193.5036461,BIT,1
1770606193.5036461,BIT,1
1770606193.5036461,BIT,1
1770606193.5036461,BIT,1
1770606193.5036461,BIT,1
1770606193.5036461,BIT,1
1770606193.5036461,BIT,0
1770606193.6776736,BIT,0
1770606193.6776736,BIT,1
1770606193.6776736,BIT,0
1770606193.6776736,BIT,0
1770606193.6776736,BIT,1
1770606193.6776736,BIT,0
1770606193.6776736,BIT,0
1770606193.6776736,BIT,0
1770606193.6776736,BIT,0
1770606193.6776736,BIT,0
1770606193.875721,BIT,1
1770606193.875721,BIT,1
1770606193.875721,BIT,0
1770606193.875721,BIT,1
1770606193.875721,BIT,1
1770606193.875721,BIT,1
1770606193.875721,BIT,0
1770606193.875721,BIT,0
1770606193.875721,BIT,0
1770606193.875721,BIT,0
1770606194.0601444,BIT,1
1770606194.0601444,BIT,1
1770606194.0601444,BIT,0
1770606194.0601444,BIT,1
1770606194.0601444,BIT,1
1770606194.0601444,BIT,1
1770606194.0601444,BIT,0
1770606194.0601444,BIT,0
1770606194.0601444,BIT,1
1770606194.0601444,BIT,0
1770606194.269449,BIT,1
1770606194.269449,BIT,0
1770606194.269449,BIT,1
1770606194.269449,BIT,0
1770606194.269449,BIT,1
1770606194.269449,BIT,1
1770606194.269449,BIT,1
1770606194.269449,BIT,1
1770606194.269449,BIT,0
1770606194.269449,BIT,0
1770606194.554204,BIT,1
1770606194.554204,BIT,0
1770606194.554204,BIT,1
1770606194.554204,BIT,0
1770606194.554204,BIT,1
1770606194.554204,BIT,1
1770606194.554204,BIT,1
1770606194.554204,BIT,0
1770606194.554204,BIT,0
1770606194.554204,BIT,1
1770606194.7730787,BIT,0
1770606194.7730787,BIT,1
1770606194.7730787,BIT,0
1770606194.7730787,BIT,1
1770606194.7730787,BIT,0
1770606194.7730787,BIT,0
1770606194.7730787,BIT,0
1770606194.7730787,BIT,0
1770606194.7730787,BIT,1
1770606194.7730787,BIT,1
1770606195.00667,BIT,1
1770606195.00667,BIT,0
1770606195.00667,BIT,0
1770606195.00667,BIT,0
1770606195.00667,BIT,1
1770606195.00667,BIT,1
1770606195.00667,BIT,1
1770606195.00667,BIT,1
1770606195.00667,BIT,1
1770606195.00667,BIT,0
1770606195.217648,BIT,1
1770606195.217648,BIT,1
1770606195.217648,BIT,1
1770606195.217648,BIT,1
1770606195.217648,BIT,0
1770606195.217648,BIT,0
1770606195.217648,BIT,1
1770606195.217648,BIT,1
1770606195.217648,BIT,0
1770606195.217648,BIT,1
1770606195.4237585,BIT,0
1770606195.4237585,BIT,1
1770606195.4237585,BIT,0
1770606195.4237585,BIT,1
1770606195.4237585,BIT,0
1770606195.4237585,BIT,0
1770606195.4237585,BIT,0
1770606195.4237585,BIT,1
1770606195.4237585,BIT,1
1770606195.4237585,BIT,0
1770606195.5841,BIT,1
1770606195.5841,BIT,0
1770606195.5841,BIT,1
1770606195.5841,BIT,1
1770606195.5841,BIT,1
1770606195.5841,BIT,0
1770606195.5841,BIT,0
1770606195.5841,BIT,0
1770606195.5841,BIT,1
1770606195.5841,BIT,1
1770606195.7751195,BIT,1
1770606195.7751195,BIT,0
1770606195.7751195,BIT,0
1770606195.7751195,BIT,0
1770606195.7751195,BIT,1
1770606195.7751195,BIT,0
1770606195.7751195,BIT,0
1770606195.7751195,BIT,0
1770606195.7751195,BIT,0
1770606195.7751195,BIT,0
1770606195.974817,BIT,1
1770606195.974817,BIT,0
1770606195.974817,BIT,0
1770606195.974817,BIT,0
1770606195.974817,BIT,1
1770606195.974817,BIT,0
1770606195.974817,BIT,0
1770606195.974817,BIT,0
1770606195.974817,BIT,1
1770606195.974817,BIT,0
1770606196.1596425,BIT,0
1770606196.1596425,BIT,1
1770606196.1596425,BIT,1
1770606196.1596425,BIT,1
1770606196.1596425,BIT,0
1770606196.1596425,BIT,0
1770606196.1596425,BIT,0
1770606196.1596425,BIT,1
1770606196.1596425,BIT,1
1770606196.1596425,BIT,1
1770606196.403878,BIT,0
1770606196.403878,BIT,0
1770606196.403878,BIT,0
1770606196.403878,BIT,1
1770606196.403878,BIT,1
1770606196.403878,BIT,0
1770606196.403878,BIT,0
1770606196.403878,BIT,1
1770606196.403878,BIT,1
1770606196.403878,BIT,0
1770606196.634557,BIT,1
1770606196.634557,BIT,1
1770606196.634557,BIT,0
1770606196.634557,BIT,1
1770606196.634557,BIT,1
1770606196.634557,BIT,0
1770606196.634557,BIT,1
1770606196.634557,BIT,1
1770606196.634557,BIT,0
1770606196.634557,BIT,1
1770606196.8450818,BIT,1
1770606196.8450818,BIT,0
1770606196.8450818,BIT,1
1770606196.8450818,BIT,0
1770606196.8450818,BIT,0
1770606196.8450818,BIT,0
1770606196.8450818,BIT,1
1770606196.8450818,BIT,1
1770606196.8450818,BIT,0
1770606196.8450818,BIT,0
1770606197.027181,BIT,0
1770606197.027181,BIT,1
1770606197.027181,BIT,1
1770606197.027181,BIT,1
1770606197.027181,BIT,1
1770606197.027181,BIT,1
1770606197.027181,BIT,1
1770606197.027181,BIT,1
1770606197.027181,BIT,0
1770606197.027181,BIT,1
1770606197.211318,BIT,1
1770606197.211318,BIT,0
1770606197.211318,BIT,1
1770606197.211318,BIT,1
1770606197.211318,BIT,0
1770606197.211318,BIT,1
1770606197.211318,BIT,0
1770606197.211318,BIT,0
1770606197.211318,BIT,1
1770606197.211318,BIT,0
1770606197.4347453,BIT,1
1770606197.4347453,BIT,0
1770606197.4347453,BIT,0
1770606197.4347453,BIT,1
1770606197.4347453,BIT,1
1770606197.4347453,BIT,1
1770606197.4347453,BIT,0
1770606197.4347453,BIT,0
1770606197.4347453,BIT,1
1770606197.4347453,BIT,1
1770606197.6558506,BIT,1
1770606197.6558506,BIT,0
1770606197.6558506,BIT,1
1770606197.6558506,BIT,1
1770606197.6558506,BIT,1
1770606197.6558506,BIT,1
1770606197.6558506,BIT,1
1770606197.6558506,BIT,1
1770606197.6558506,BIT,1
1770606197.6558506,BIT,0
1770606197.846125,BIT,1
1770606197.846125,BIT,1
1770606197.846125,BIT,1
1770606197.846125,BIT,0
1770606197.846125,BIT,1
1770606197.846125,BIT,0
1770606197.846125,BIT,1
1770606197.846125,BIT,0
1770606197.846125,BIT,1
1770606197.846125,BIT,1
1770606198.0325143,BIT,0
1770606198.0325143,BIT,1
1770606198.0325143,BIT,0
1770606198.0325143,BIT,0
1770606198.0325143,BIT,1
1770606198.0325143,BIT,1
1770606198.0325143,BIT,0
1770606198.0325143,BIT,0
1770606198.0325143,BIT,1
1770606198.0325143,BIT,0
1770606198.2407632,BIT,0
1770606198.2407632,BIT,1
1770606198.2407632,BIT,1
1770606198.2407632,BIT,1
1770606198.2407632,BIT,0
1770606198.2407632,BIT,1
1770606198.2407632,BIT,1
1770606198.2407632,BIT,1
1770606198.2407632,BIT,1
1770606198.2407632,BIT,1
1770606198.4241636,BIT,1
1770606198.4241636,BIT,1
1770606198.4241636,BIT,1
1770606198.4241636,BIT,1
1770606198.4241636,BIT,0
1770606198.4241636,BIT,0
1770606198.4241636,BIT,0
1770606198.4241636,BIT,1
1770606198.4241636,BIT,0
1770606198.4241636,BIT,1
1770606198.6004548,BIT,1
1770606198.6004548,BIT,1
1770606198.6004548,BIT,1
1770606198.6004548,BIT,0
1770606198.6004548,BIT,1
1770606198.6004548,BIT,0
1770606198.6004548,BIT,1
1770606198.6004548,BIT,1
1770606198.6004548,BIT,0
1770606198.6004548,BIT,1
1770606198.8073745,BIT,1
1770606198.8073745,BIT,0
1770606198.8073745,BIT,1
1770606198.8073745,BIT,1
1770606198.8073745,BIT,1
1770606198.8073745,BIT,1
1770606198.8073745,BIT,0
1770606198.8073745,BIT,0
1770606198.8073745,BIT,0
1770606198.8073745,BIT,0
1770606198.998267,BIT,0
1770606198.998267,BIT,1
1770606198.998267,BIT,1
1770606198.998267,BIT,1
1770606198.998267,BIT,0
1770606198.998267,BIT,0
1770606198.998267,BIT,1
1770606198.998267,BIT,0
1770606198.998267,BIT,1
1770606198.998267,BIT,0
1770606199.1944885,BIT,1
1770606199.1944885,BIT,0
1770606199.1944885,BIT,1
1770606199.1944885,BIT,1
1770606199.1944885,BIT,0
1770606199.1944885,BIT,1
1770606199.1944885,BIT,0
1770606199.1944885,BIT,1
1770606199.1944885,BIT,1
1770606199.1944885,BIT,1
1770606199.4012346,BIT,0
1770606199.4012346,BIT,1
1770606199.4012346,BIT,1
1770606199.4012346,BIT,1
1770606199.4012346,BIT,0
1770606199.4012346,BIT,1
1770606199.4012346,BIT,0
1770606199.4012346,BIT,1
1770606199.4012346,BIT,0
1770606199.4012346,BIT,1
1770606199.5910475,BIT,0
1770606199.5910475,BIT,1
1770606199.5910475,BIT,0
1770606199.5910475,BIT,0
1770606199.5910475,BIT,1
1770606199.5910475,BIT,1
1770606199.5910475,BIT,1
1770606199.5910475,BIT,1
1770606199.5910475,BIT,0
1770606199.5910475,BIT,1
1770606199.8034747,BIT,0
1770606199.8034747,BIT,0
1770606199.8034747,BIT,0
1770606199.8034747,BIT,0
1770606199.8034747,BIT,0
1770606199.8034747,BIT,0
1770606199.8034747,BIT,1
1770606199.8034747,BIT,0
1770606199.8034747,BIT,1
1770606199.8034747,BIT,1
1770606200.0146024,BIT,1
1770606200.0146024,BIT,1
1770606200.0146024,BIT,0
1770606200.0146024,BIT,0
1770606200.0146024,BIT,0
1770606200.0146024,BIT,1
1770606200.0146024,BIT,1
1770606200.0146024,BIT,1
1770606200.0146024,BIT,0
1770606200.0146024,BIT,1
1770606200.2039104,BIT,1
1770606200.2039104,BIT,0
1770606200.2039104,BIT,1
1770606200.2039104,BIT,1
1770606200.2039104,BIT,0
1770606200.2039104,BIT,1
1770606200.2039104,BIT,1
1770606200.2039104,BIT,0
1770606200.2039104,BIT,0
1770606200.2039104,BIT,0
1770606200.3903239,BIT,1
1770606200.3903239,BIT,0
1770606200.3903239,BIT,1
1770606200.3903239,BIT,0
1770606200.3903239,BIT,0
1770606200.3903239,BIT,0
1770606200.3903239,BIT,1
1770606200.3903239,BIT,1
1770606200.3903239,BIT,1
1770606200.3903239,BIT,1
1770606200.5709915,BIT,1
1770606200.5709915,BIT,1
1770606200.5709915,BIT,1
1770606200.5709915,BIT,0
1770606200.5709915,BIT,0
1770606200.5709915,BIT,1
1770606200.5709915,BIT,0
1770606200.5709915,BIT,1
1770606200.5709915,BIT,1
1770606200.5709915,BIT,1
1770606200.7651477,BIT,0
1770606200.7651477,BIT,1
1770606200.7651477,BIT,1
1770606200.7651477,BIT,1
1770606200.7651477,BIT,0
1770606200.7651477,BIT,0
1770606200.7651477,BIT,0
1770606200.7651477,BIT,1
1770606200.7651477,BIT,0
1770606200.7651477,BIT,1
1770606200.9487689,BIT,1
1770606200.9487689,BIT,0
1770606200.9487689,BIT,0
1770606200.9487689,BIT,1
1770606200.9487689,BIT,1
1770606200.9487689,BIT,1
1770606200.9487689,BIT,1
1770606200.9487689,BIT,1
1770606200.9487689,BIT,1
1770606200.9487689,BIT,0
1770606201.1169636,BIT,1
1770606201.1169636,BIT,1
1770606201.1169636,BIT,0
1770606201.1169636,BIT,0
1770606201.1169636,BIT,1
1770606201.1169636,BIT,1
1770606201.1169636,BIT,0
1770606201.1169636,BIT,1
1770606201.1169636,BIT,1
1770606201.1169636,BIT,1
1770606201.2858827,BIT,1
1770606201.2858827,BIT,1
1770606201.2858827,BIT,0
1770606201.2858827,BIT,0
1770606201.2858827,BIT,0
1770606201.2858827,BIT,1
1770606201.2858827,BIT,1
1770606201.2858827,BIT,0
1770606201.2858827,BIT,0
1770606201.2858827,BIT,1
1770606201.4515045,BIT,1
1770606201.4515045,BIT,1
1770606201.4515045,BIT,0
1770606201.4515045,BIT,0
1770606201.4515045,BIT,0
1770606201.4515045,BIT,0
1770606201.4515045,BIT,0
1770606201.4515045,BIT,1
1770606201.4515045,BIT,1
1770606201.4515045,BIT,0
1770606201.631199,BIT,1
1770606201.631199,BIT,0
1770606201.631199,BIT,0
1770606201.631199,BIT,0
1770606201.631199,BIT,0
1770606201.631199,BIT,0
1770606201.631199,BIT,1
1770606201.631199,BIT,0
1770606201.631199,BIT,1
1770606201.631199,BIT,0
1770606201.814409,BIT,0
1770606201.814409,BIT,0
1770606201.814409,BIT,1
1770606201.814409,BIT,1
1770606201.814409,BIT,1
1770606201.814409,BIT,0
1770606201.814409,BIT,0
1770606201.814409,BIT,1
1770606201.814409,BIT,1
1770606201.814409,BIT,0
1770606202.0075324,BIT,1
1770606202.0075324,BIT,0
1770606202.0075324,BIT,0
1770606202.0075324,BIT,1
1770606202.0075324,BIT,1
1770606202.0075324,BIT,0
1770606202.0075324,BIT,0
1770606202.0075324,BIT,1
1770606202.0075324,BIT,1
1770606202.0075324,BIT,1
1770606202.2139428,BIT,0
1770606202.2139428,BIT,1
1770606202.2139428,BIT,0
1770606202.2139428,BIT,1
1770606202.2139428,BIT,1
1770606202.2139428,BIT,0
1770606202.2139428,BIT,1
1770606202.2139428,BIT,1
1770606202.2139428,BIT,0
1770606202.2139428,BIT,1
1770606202.408327,BIT,1
1770606202.408327,BIT,0
1770606202.408327,BIT,1
1770606202.408327,BIT,0
1770606202.408327,BIT,0
1770606202.408327,BIT,0
1770606202.408327,BIT,0
1770606202.408327,BIT,0
1770606202.408327,BIT,0
1770606202.408327,BIT,0
1770606202.5936015,BIT,0
1770606202.5936015,BIT,0
1770606202.5936015,BIT,1
1770606202.5936015,BIT,0
1770606202.5936015,BIT,0
1770606202.5936015,BIT,0
1770606202.5936015,BIT,1
1770606202.5936015,BIT,0
1770606202.5936015,BIT,1
1770606202.5936015,BIT,0
1770606202.8019247,BIT,0
1770606202.8019247,BIT,1
1770606202.8019247,BIT,0
1770606202.8019247,BIT,0
1770606202.8019247,BIT,1
1770606202.8019247,BIT,1
1770606202.8019247,BIT,1
1770606202.8019247,BIT,0
1770606202.8019247,BIT,1
1770606202.8019247,BIT,0
1770606203.0170572,BIT,1
1770606203.0170572,BIT,0
1770606203.0170572,BIT,1
1770606203.0170572,BIT,1
1770606203.0170572,BIT,1
1770606203.0170572,BIT,1
1770606203.0170572,BIT,1
1770606203.0170572,BIT,0
1770606203.0170572,BIT,1
1770606203.0170572,BIT,0
1770606203.214961,BIT,1
1770606203.214961,BIT,0
1770606203.214961,BIT,1
1770606203.214961,BIT,0
1770606203.214961,BIT,0
1770606203.214961,BIT,0
1770606203.214961,BIT,0
1770606203.214961,BIT,0
1770606203.214961,BIT,0
1770606203.214961,BIT,0
1770606203.4401014,BIT,0
1770606203.4401014,BIT,0
1770606203.4401014,BIT,1
1770606203.4401014,BIT,1
1770606203.4401014,BIT,0
1770606203.4401014,BIT,1
1770606203.4401014,BIT,1
1770606203.4401014,BIT,1
1770606203.4401014,BIT,1
1770606203.4401014,BIT,0
1770606203.622212,BIT,1
1770606203.622212,BIT,1
1770606203.622212,BIT,0
1770606203.622212,BIT,1
1770606203.622212,BIT,0
1770606203.622212,BIT,1
1770606203.622212,BIT,1
1770606203.622212,BIT,0
1770606203.622212,BIT,1
1770606203.622212,BIT,0
1770606203.824359,BIT,1
1770606203.824359,BIT,1
1770606203.824359,BIT,1
1770606203.824359,BIT,0
1770606203.824359,BIT,1
1770606203.824359,BIT,1
1770606203.824359,BIT,1
1770606203.824359,BIT,1
1770606203.824359,BIT,0
1770606203.824359,BIT,1
1770606203.9984763,BIT,1
1770606203.9984763,BIT,0
1770606203.9984763,BIT,1
1770606203.9984763,BIT,0
1770606203.9984763,BIT,1
1770606203.9984763,BIT,1
1770606203.9984763,BIT,1
1770606203.9984763,BIT,1
1770606203.9984763,BIT,1
1770606203.9984763,BIT,0
1770606204.1941898,BIT,1
1770606204.1941898,BIT,1
1770606204.1941898,BIT,0
1770606204.1941898,BIT,1
1770606204.1941898,BIT,1
1770606204.1941898,BIT,0
1770606204.1941898,BIT,0
1770606204.1941898,BIT,0
1770606204.1941898,BIT,0
1770606204.1941898,BIT,1
1770606204.3980446,BIT,0
1770606204.3980446,BIT,0
1770606204.3980446,BIT,1
1770606204.3980446,BIT,1
1770606204.3980446,BIT,0
1770606204.3980446,BIT,0
1770606204.3980446,BIT,0
1770606204.3980446,BIT,0
1770606204.3980446,BIT,0
1770606204.3980446,BIT,1
1770606204.7206378,BIT,1
1770606204.7206378,BIT,0
1770606204.7206378,BIT,1
1770606204.7206378,BIT,0
1770606204.7206378,BIT,1
1770606204.7206378,BIT,0
1770606204.7206378,BIT,0
1770606204.7206378,BIT,0
1770606204.7206378,BIT,1
1770606204.7206378,BIT,0
1770606205.0054526,BIT,0
1770606205.0054526,BIT,1
1770606205.0054526,BIT,0
1770606205.0054526,BIT,1
1770606205.0054526,BIT,0
1770606205.0054526,BIT,1
1770606205.0054526,BIT,0
1770606205.0054526,BIT,1
1770606205.0054526,BIT,1
1770606205.0054526,BIT,1
1770606205.331548,BIT,0
1770606205.331548,BIT,1
1770606205.331548,BIT,0
1770606205.331548,BIT,1
1770606205.331548,BIT,0
1770606205.331548,BIT,1
1770606205.331548,BIT,1
1770606205.331548,BIT,0
1770606205.331548,BIT,1
1770606205.331548,BIT,0
1770606205.6316922,BIT,0
1770606205.6316922,BIT,1
1770606205.6316922,BIT,0
1770606205.6316922,BIT,0
1770606205.6316922,BIT,1
1770606205.6316922,BIT,0
1770606205.6316922,BIT,1
1770606205.6316922,BIT,0
1770606205.6316922,BIT,0
1770606205.6316922,BIT,1
1770606205.9071357,BIT,0
1770606205.9071357,BIT,1
1770606205.9071357,BIT,1
1770606205.9071357,BIT,0
1770606205.9071357,BIT,1
1770606205.9071357,BIT,0
1770606205.9071357,BIT,0
1770606205.9071357,BIT,1
1770606205.9071357,BIT,0
1770606205.9071357,BIT,1
1770606206.1798823,BIT,1
1770606206.1798823,BIT,1
1770606206.1798823,BIT,1
1770606206.1798823,BIT,0
1770606206.1798823,BIT,1
1770606206.1798823,BIT,0
1770606206.1798823,BIT,0
1770606206.1798823,BIT,1
1770606206.1798823,BIT,1
1770606206.1798823,BIT,1
1770606206.444666,BIT,1
1770606206.444666,BIT,1
1770606206.444666,BIT,0
1770606206.444666,BIT,1
1770606206.444666,BIT,1
1770606206.444666,BIT,0
1770606206.444666,BIT,1
1770606206.444666,BIT,0
1770606206.444666,BIT,1
1770606206.444666,BIT,0
1770606206.6878328,BIT,1
1770606206.6878328,BIT,0
1770606206.6878328,BIT,0
1770606206.6878328,BIT,0
1770606206.6878328,BIT,0
1770606206.6878328,BIT,1
1770606206.6878328,BIT,0
1770606206.6878328,BIT,1
1770606206.6878328,BIT,0
1770606206.6878328,BIT,1
1770606206.9283454,BIT,0
1770606206.9283454,BIT,1
1770606206.9283454,BIT,0
1770606206.9283454,BIT,0
1770606206.9283454,BIT,0
1770606206.9283454,BIT,0
1770606206.9283454,BIT,1
1770606206.9283454,BIT,0
1770606206.9283454,BIT,0
1770606206.9283454,BIT,1
1770606207.1433215,BIT,1
1770606207.1433215,BIT,1
1770606207.1433215,BIT,1
1770606207.1433215,BIT,0
1770606207.1433215,BIT,0
1770606207.1433215,BIT,0
1770606207.1433215,BIT,1
1770606207.1433215,BIT,0
1770606207.1433215,BIT,1
1770606207.1433215,BIT,1
1770606207.3763804,BIT,0
1770606207.3763804,BIT,0
1770606207.3763804,BIT,0
1770606207.3763804,BIT,1
1770606207.3763804,BIT,1
1770606207.3763804,BIT,0
1770606207.3763804,BIT,1
1770606207.3763804,BIT,1
1770606207.3763804,BIT,1
1770606207.3763804,BIT,0
1770606207.5960107,BIT,0
1770606207.5960107,BIT,1
1770606207.5960107,BIT,0
1770606207.5960107,BIT,0
1770606207.5960107,BIT,0
1770606207.5960107,BIT,1
1770606207.5960107,BIT,0
1770606207.5960107,BIT,0
1770606207.5960107,BIT,1
1770606207.5960107,BIT,1
1770606207.8524137,BIT,0
1770606207.8524137,BIT,1
1770606207.8524137,BIT,1
1770606207.8524137,BIT,1
1770606207.8524137,BIT,1
1770606207.8524137,BIT,0
1770606207.8524137,BIT,0
1770606207.8524137,BIT,0
1770606207.8524137,BIT,0
1770606207.8524137,BIT,1
1770606208.1044064,BIT,0
1770606208.1044064,BIT,0
1770606208.1044064,BIT,0
1770606208.1044064,BIT,0
1770606208.1044064,BIT,0
1770606208.1044064,BIT,1
1770606208.1044064,BIT,1
1770606208.1044064,BIT,0
1770606208.1044064,BIT,1
1770606208.1044064,BIT,0
1770606208.330636,BIT,0
1770606208.330636,BIT,0
1770606208.330636,BIT,0
1770606208.330636,BIT,0
1770606208.330636,BIT,1
1770606208.330636,BIT,0
1770606208.330636,BIT,0
1770606208.330636,BIT,0
1770606208.330636,BIT,0
1770606208.330636,BIT,0
1770606208.608018,BIT,0
1770606208.608018,BIT,0
1770606208.608018,BIT,1
1770606208.608018,BIT,1
1770606208.608018,BIT,1
1770606208.608018,BIT,0
1770606208.608018,BIT,0
1770606208.608018,BIT,1
1770606208.608018,BIT,0
1770606208.608018,BIT,1
1770606208.8499207,BIT,1
1770606208.8499207,BIT,0
1770606208.8499207,BIT,1
1770606208.8499207,BIT,0
1770606208.8499207,BIT,1
1770606208.8499207,BIT,0
1770606208.8499207,BIT,0
1770606208.8499207,BIT,1
1770606208.8499207,BIT,0
1770606208.8499207,BIT,1
1770606209.0822117,BIT,1
1770606209.0822117,BIT,1
1770606209.0822117,BIT,0
1770606209.0822117,BIT,1
1770606209.0822117,BIT,1
1770606209.0822117,BIT,0
1770606209.0822117,BIT,0
1770606209.0822117,BIT,0
1770606209.0822117,BIT,0
1770606209.0822117,BIT,1
1770606209.308336,BIT,0
1770606209.308336,BIT,0
1770606209.308336,BIT,0
1770606209.308336,BIT,0
1770606209.308336,BIT,0
1770606209.308336,BIT,1
1770606209.308336,BIT,0
1770606209.308336,BIT,0
1770606209.308336,BIT,0
1770606209.308336,BIT,1
1770606209.5316927,BIT,0
1770606209.5316927,BIT,1
1770606209.5316927,BIT,0
1770606209.5316927,BIT,0
1770606209.5316927,BIT,0
1770606209.5316927,BIT,0
1770606209.5316927,BIT,1
1770606209.5316927,BIT,1
1770606209.5316927,BIT,1
1770606209.5316927,BIT,1
1770606209.7509136,BIT,1
1770606209.7509136,BIT,0
1770606209.7509136,BIT,1
1770606209.7509136,BIT,0
1770606209.7509136,BIT,1
1770606209.7509136,BIT,1
1770606209.7509136,BIT,1
1770606209.7509136,BIT,1
1770606209.7509136,BIT,1
1770606209.7509136,BIT,0
1770606209.9851625,BIT,1
1770606209.9851625,BIT,1
1770606209.9851625,BIT,1
1770606209.9851625,BIT,0
1770606209.9851625,BIT,0
1770606209.9851625,BIT,1
1770606209.9851625,BIT,1
1770606209.9851625,BIT,0
1770606209.9851625,BIT,0
1770606209.9851625,BIT,1
1770606210.2125683,BIT,0
1770606210.2125683,BIT,0
1770606210.2125683,BIT,0
1770606210.2125683,BIT,0
1770606210.2125683,BIT,1
1770606210.2125683,BIT,1
1770606210.2125683,BIT,1
1770606210.2125683,BIT,0
1770606210.2125683,BIT,0
1770606210.2125683,BIT,0
1770606210.4570093,BIT,0
1770606210.4570093,BIT,0
1770606210.4570093,BIT,1
1770606210.4570093,BIT,0
1770606210.4570093,BIT,1
1770606210.4570093,BIT,1
1770606210.4570093,BIT,0
1770606210.4570093,BIT,1
1770606210.4570093,BIT,1
1770606210.4570093,BIT,0
1770606210.715297,BIT,1
1770606210.715297,BIT,1
1770606210.715297,BIT,1
1770606210.715297,BIT,0
1770606210.715297,BIT,1
1770606210.715297,BIT,0
1770606210.715297,BIT,1
1770606210.715297,BIT,0
1770606210.715297,BIT,1
1770606210.715297,BIT,0
1770606210.9458513,BIT,0
1770606210.9458513,BIT,0
1770606210.9458513,BIT,1
1770606210.9458513,BIT,0
1770606210.9458513,BIT,1
1770606210.9458513,BIT,1
1770606210.9458513,BIT,0
1770606210.9458513,BIT,1
1770606210.9458513,BIT,1
1770606210.9458513,BIT,0
1770606211.1749241,BIT,0
1770606211.1749241,BIT,1
1770606211.1749241,BIT,0
1770606211.1749241,BIT,1
1770606211.1749241,BIT,0
1770606211.1749241,BIT,1
1770606211.1749241,BIT,0
1770606211.1749241,BIT,1
1770606211.1749241,BIT,1
1770606211.1749241,BIT,0
1770606211.396422,BIT,0
1770606211.396422,BIT,0
1770606211.396422,BIT,1
1770606211.396422,BIT,0
1770606211.396422,BIT,1
1770606211.396422,BIT,1
1770606211.396422,BIT,1
1770606211.396422,BIT,1
1770606211.396422,BIT,0
1770606211.396422,BIT,0
1770606211.6085615,BIT,1
1770606211.6085615,BIT,1
1770606211.6085615,BIT,0
1770606211.6085615,BIT,1
1770606211.6085615,BIT,0
1770606211.6085615,BIT,1
1770606211.6085615,BIT,0
1770606211.6085615,BIT,1
1770606211.6085615,BIT,0
1770606211.6085615,BIT,1
1770606211.827056,BIT,0
1770606211.827056,BIT,0
1770606211.827056,BIT,1
1770606211.827056,BIT,1
1770606211.827056,BIT,1
1770606211.827056,BIT,0
1770606211.827056,BIT,1
1770606211.827056,BIT,0
1770606211.827056,BIT,0
1770606211.827056,BIT,1
1770606212.0757732,BIT,0
1770606212.0757732,BIT,0
1770606212.0757732,BIT,0
1770606212.0757732,BIT,1
1770606212.0757732,BIT,0
1770606212.0757732,BIT,0
1770606212.0757732,BIT,1
1770606212.0757732,BIT,0
1770606212.0757732,BIT,0
1770606212.0757732,BIT,1
1770606212.314005,BIT,1
1770606212.314005,BIT,1
1770606212.314005,BIT,1
1770606212.314005,BIT,0
1770606212.314005,BIT,0
1770606212.314005,BIT,1
1770606212.314005,BIT,1
1770606212.314005,BIT,1
1770606212.314005,BIT,0
1770606212.314005,BIT,1
1770606212.579398,BIT,0
1770606212.579398,BIT,1
1770606212.579398,BIT,0
1770606212.579398,BIT,0
1770606212.579398,BIT,1
1770606212.579398,BIT,1
1770606212.579398,BIT,1
1770606212.579398,BIT,1
1770606212.579398,BIT,1
1770606212.579398,BIT,0
1770606212.8408954,BIT,1
1770606212.8408954,BIT,0
1770606212.8408954,BIT,1
1770606212.8408954,BIT,0
1770606212.8408954,BIT,0
1770606212.8408954,BIT,1
1770606212.8408954,BIT,0
1770606212.8408954,BIT,1
1770606212.8408954,BIT,1
1770606212.8408954,BIT,1
1770606213.1111424,BIT,0
1770606213.1111424,BIT,0
1770606213.1111424,BIT,1
1770606213.1111424,BIT,1
1770606213.1111424,BIT,1
1770606213.1111424,BIT,1
1770606213.1111424,BIT,0
1770606213.1111424,BIT,0
1770606213.1111424,BIT,0
1770606213.1111424,BIT,1
1770606213.3725073,BIT,0
1770606213.3725073,BIT,1
1770606213.3725073,BIT,0
1770606213.3725073,BIT,0
1770606213.3725073,BIT,1
1770606213.3725073,BIT,1
1770606213.3725073,BIT,1
1770606213.3725073,BIT,0
1770606213.3725073,BIT,0
1770606213.3725073,BIT,1
1770606213.625755,BIT,1
1770606213.625755,BIT,1
1770606213.625755,BIT,0
1770606213.625755,BIT,0
1770606213.625755,BIT,0
1770606213.625755,BIT,1
1770606213.625755,BIT,1
1770606213.625755,BIT,0
1770606213.625755,BIT,1
1770606213.625755,BIT,1
1770606213.8928616,BIT,1
1770606213.8928616,BIT,0
1770606213.8928616,BIT,0
1770606213.8928616,BIT,0
1770606213.8928616,BIT,0
1770606213.8928616,BIT,0
1770606213.8928616,BIT,0
1770606213.8928616,BIT,0
1770606213.8928616,BIT,0
1770606213.8928616,BIT,1
1770606214.2006469,BIT,0
1770606214.2006469,BIT,1
1770606214.2006469,BIT,0
1770606214.2006469,BIT,1
1770606214.2006469,BIT,1
1770606214.2006469,BIT,1
1770606214.2006469,BIT,0
1770606214.2006469,BIT,0
1770606214.2006469,BIT,1
1770606214.2006469,BIT,1
1770606214.5005252,BIT,1
1770606214.5005252,BIT,1
1770606214.5005252,BIT,1
1770606214.5005252,BIT,0
1770606214.5005252,BIT,0
1770606214.5005252,BIT,0
1770606214.5005252,BIT,0
1770606214.5005252,BIT,1
1770606214.5005252,BIT,1
1770606214.5005252,BIT,1
1770606214.799388,BIT,0
1770606214.799388,BIT,1
1770606214.799388,BIT,0
1770606214.799388,BIT,1
1770606214.799388,BIT,0
1770606214.799388,BIT,1
1770606214.799388,BIT,1
1770606214.799388,BIT,1
1770606214.799388,BIT,0
1770606214.799388,BIT,1
1770606215.121912,BIT,1
1770606215.121912,BIT,0
1770606215.121912,BIT,0
1770606215.121912,BIT,0
1770606215.121912,BIT,1
1770606215.121912,BIT,0
1770606215.121912,BIT,0
1770606215.121912,BIT,0
1770606215.121912,BIT,1
1770606215.121912,BIT,1
1770606215.372804,BIT,0
1770606215.372804,BIT,0
1770606215.372804,BIT,1
1770606215.372804,BIT,1
1770606215.372804,BIT,0
1770606215.372804,BIT,0
1770606215.372804,BIT,1
1770606215.372804,BIT,0
1770606215.372804,BIT,1
1770606215.372804,BIT,0
1770606215.6023233,BIT,1
1770606215.6023233,BIT,0
1770606215.6023233,BIT,1
1770606215.6023233,BIT,1
1770606215.6023233,BIT,1
1770606215.6023233,BIT,0
1770606215.6023233,BIT,0
1770606215.6023233,BIT,0
1770606215.6023233,BIT,0
1770606215.6023233,BIT,1
1770606215.8454468,BIT,1
1770606215.8454468,BIT,1
1770606215.8454468,BIT,1
1770606215.8454468,BIT,1
1770606215.8454468,BIT,1
1770606215.8454468,BIT,0
1770606215.8454468,BIT,1
1770606215.8454468,BIT,1
1770606215.8454468,BIT,1
1770606215.8454468,BIT,0
1770606216.0994089,BIT,0
1770606216.0994089,BIT,1
1770606216.0994089,BIT,0
1770606216.0994089,BIT,0
1770606216.0994089,BIT,0
1770606216.0994089,BIT,1
1770606216.0994089,BIT,0
1770606216.0994089,BIT,1
1770606216.0994089,BIT,1
1770606216.0994089,BIT,1
1770606216.319958,BIT,1
1770606216.319958,BIT,0
1770606216.319958,BIT,1
1770606216.319958,BIT,1
1770606216.319958,BIT,1
1770606216.319958,BIT,1
1770606216.319958,BIT,1
1770606216.319958,BIT,0
1770606216.319958,BIT,1
1770606216.319958,BIT,1
1770606216.5574753,BIT,0
1770606216.5574753,BIT,0
1770606216.5574753,BIT,1
1770606216.5574753,BIT,0
1770606216.5574753,BIT,1
1770606216.5574753,BIT,0
1770606216.5574753,BIT,1
1770606216.5574753,BIT,1
1770606216.5574753,BIT,1
1770606216.5574753,BIT,0
1770606216.7681382,BIT,1
1770606216.7681382,BIT,0
1770606216.7681382,BIT,0
1770606216.7681382,BIT,1
1770606216.7681382,BIT,1
1770606216.7681382,BIT,1
1770606216.7681382,BIT,1
1770606216.7681382,BIT,0
1770606216.7681382,BIT,1
1770606216.7681382,BIT,0
1770606217.0397918,BIT,0
1770606217.0397918,BIT,1
1770606217.0397918,BIT,0
1770606217.0397918,BIT,0
1770606217.0397918,BIT,1
1770606217.0397918,BIT,1
1770606217.0397918,BIT,0
1770606217.0397918,BIT,1
1770606217.0397918,BIT,0
1770606217.0397918,BIT,0
1770606217.2916205,BIT,1
1770606217.2916205,BIT,0
1770606217.2916205,BIT,1
1770606217.2916205,BIT,0
1770606217.2916205,BIT,1
1770606217.2916205,BIT,0
1770606217.2916205,BIT,0
1770606217.2916205,BIT,0
1770606217.2916205,BIT,0
1770606217.2916205,BIT,0
1770606217.5239573,BIT,1
1770606217.5239573,BIT,0
1770606217.5239573,BIT,0
1770606217.5239573,BIT,1
1770606217.5239573,BIT,1
1770606217.5239573,BIT,1
1770606217.5239573,BIT,1
1770606217.5239573,BIT,0
1770606217.5239573,BIT,0
1770606217.5239573,BIT,0
1770606217.9497685,BIT,1
1770606217.9497685,BIT,1
1770606217.9497685,BIT,1
1770606217.9497685,BIT,0
1770606217.9497685,BIT,0
1770606217.9497685,BIT,1
1770606217.9497685,BIT,1
1770606217.9497685,BIT,0
1770606217.9497685,BIT,0
1770606217.9497685,BIT,1
1770606218.2410681,BIT,0
1770606218.2410681,BIT,1
1770606218.2410681,BIT,0
1770606218.2410681,BIT,0
1770606218.2410681,BIT,0
1770606218.2410681,BIT,1
1770606218.2410681,BIT,1
1770606218.2410681,BIT,0
1770606218.2410681,BIT,0
1770606218.2410681,BIT,0
1770606218.519858,BIT,1
1770606218.519858,BIT,1
1770606218.519858,BIT,0
1770606218.519858,BIT,1
1770606218.519858,BIT,0
1770606218.519858,BIT,1
1770606218.519858,BIT,0
1770606218.519858,BIT,0
1770606218.519858,BIT,1
1770606218.519858,BIT,1
1770606218.811911,BIT,0
1770606218.811911,BIT,1
1770606218.811911,BIT,1
1770606218.811911,BIT,1
1770606218.811911,BIT,0
1770606218.811911,BIT,1
1770606218.811911,BIT,1
1770606218.811911,BIT,1
1770606218.811911,BIT,1
1770606218.811911,BIT,1
1770606219.0884879,BIT,0
1770606219.0884879,BIT,1
1770606219.0884879,BIT,0
1770606219.0884879,BIT,1
1770606219.0884879,BIT,0
1770606219.0884879,BIT,0
1770606219.0884879,BIT,0
1770606219.0884879,BIT,1
1770606219.0884879,BIT,0
1770606219.0884879,BIT,0
1770606219.3294623,BIT,0
1770606219.3294623,BIT,0
1770606219.3294623,BIT,0
1770606219.3294623,BIT,0
1770606219.3294623,BIT,0
1770606219.3294623,BIT,1
1770606219.3294623,BIT,1
1770606219.3294623,BIT,1
1770606219.3294623,BIT,1
1770606219.3294623,BIT,1
1770606219.7099333,BIT,0
1770606219.7099333,BIT,0
1770606219.7099333,BIT,0
1770606219.7099333,BIT,0
1770606219.7099333,BIT,0
1770606219.7099333,BIT,0
1770606219.7099333,BIT,1
1770606219.7099333,BIT,1
1770606219.7099333,BIT,1
1770606219.7099333,BIT,0
1770606219.9846342,BIT,1
1770606219.9846342,BIT,0
1770606219.9846342,BIT,0
1770606219.9846342,BIT,0
1770606219.9846342,BIT,0
1770606219.9846342,BIT,0
1770606219.9846342,BIT,1
1770606219.9846342,BIT,1
1770606219.9846342,BIT,0
1770606219.9846342,BIT,0
1770606220.2063937,BIT,0
1770606220.2063937,BIT,0
1770606220.2063937,BIT,0
1770606220.2063937,BIT,1
1770606220.2063937,BIT,1
1770606220.2063937,BIT,1
1770606220.2063937,BIT,0
1770606220.2063937,BIT,1
1770606220.2063937,BIT,0
1770606220.2063937,BIT,0
1770606220.445192,BIT,0
1770606220.445192,BIT,0
1770606220.445192,BIT,0
1770606220.445192,BIT,1
1770606220.445192,BIT,1
1770606220.445192,BIT,1
1770606220.445192,BIT,0
1770606220.445192,BIT,0
1770606220.445192,BIT,0
1770606220.445192,BIT,1
1770606220.6894238,BIT,0
1770606220.6894238,BIT,0
1770606220.6894238,BIT,0
1770606220.6894238,BIT,1
1770606220.6894238,BIT,0
1770606220.6894238,BIT,0
1770606220.6894238,BIT,0
1770606220.6894238,BIT,0
1770606220.6894238,BIT,1
1770606220.6894238,BIT,0
1770606220.9856858,BIT,0
1770606220.9856858,BIT,0
1770606220.9856858,BIT,0
1770606220.9856858,BIT,1
1770606220.9856858,BIT,1
1770606220.9856858,BIT,0
1770606220.9856858,BIT,1
1770606220.9856858,BIT,1
1770606220.9856858,BIT,1
1770606220.9856858,BIT,1
1770606221.250702,BIT,1
1770606221.250702,BIT,1
1770606221.250702,BIT,1
1770606221.250702,BIT,1
1770606221.250702,BIT,1
1770606221.250702,BIT,1
1770606221.250702,BIT,0
1770606221.250702,BIT,0
1770606221.250702,BIT,1
1770606221.250702,BIT,1
1770606221.6153839,BIT,1
1770606221.6153839,BIT,0
1770606221.6153839,BIT,1
1770606221.6153839,BIT,0
1770606221.6153839,BIT,0
1770606221.6153839,BIT,0
1770606221.6153839,BIT,1
1770606221.6153839,BIT,0
1770606221.6153839,BIT,1
1770606221.6153839,BIT,0
1770606221.8727713,BIT,1
1770606221.8727713,BIT,0
1770606221.8727713,BIT,1
1770606221.8727713,BIT,0
1770606221.8727713,BIT,1
1770606221.8727713,BIT,0
1770606221.8727713,BIT,0
1770606221.8727713,BIT,1
1770606221.8727713,BIT,1
1770606221.8727713,BIT,0
1770606222.1389713,BIT,1
1770606222.1389713,BIT,0
1770606222.1389713,BIT,1
1770606222.1389713,BIT,0
1770606222.1389713,BIT,0
1770606222.1389713,BIT,0
1770606222.1389713,BIT,1
1770606222.1389713,BIT,1
1770606222.1389713,BIT,0
1770606222.1389713,BIT,0
1770606222.395173,BIT,1
1770606222.395173,BIT,0
1770606222.395173,BIT,1
1770606222.395173,BIT,1
1770606222.395173,BIT,1
1770606222.395173,BIT,1
1770606222.395173,BIT,1
1770606222.395173,BIT,0
1770606222.395173,BIT,0
1770606222.395173,BIT,1
1770606222.626666,BIT,1
1770606222.626666,BIT,0
1770606222.626666,BIT,1
1770606222.626666,BIT,0
1770606222.626666,BIT,1
1770606222.626666,BIT,0
1770606222.626666,BIT,1
1770606222.626666,BIT,0
1770606222.626666,BIT,0
1770606222.626666,BIT,1
1770606222.9512336,BIT,0
1770606222.9512336,BIT,0
1770606222.9512336,BIT,1
1770606222.9512336,BIT,1
1770606222.9512336,BIT,0
1770606222.9512336,BIT,0
1770606222.9512336,BIT,0
1770606222.9512336,BIT,1
1770606222.9512336,BIT,1
1770606222.9512336,BIT,0
1770606223.208193,BIT,0
1770606223.208193,BIT,1
1770606223.208193,BIT,1
1770606223.208193,BIT,1
1770606223.208193,BIT,1
1770606223.208193,BIT,0
1770606223.208193,BIT,1
1770606223.208193,BIT,0
1770606223.208193,BIT,1
1770606223.208193,BIT,0
1770606223.4785988,BIT,0
1770606223.4785988,BIT,1
1770606223.4785988,BIT,1
1770606223.4785988,BIT,1
1770606223.4785988,BIT,1
1770606223.4785988,BIT,0
1770606223.4785988,BIT,0
1770606223.4785988,BIT,0
1770606223.4785988,BIT,1
1770606223.4785988,BIT,0
1770606223.7398696,BIT,0
1770606223.7398696,BIT,1
1770606223.7398696,BIT,1
1770606223.7398696,BIT,0
1770606223.7398696,BIT,1
1770606223.7398696,BIT,0
1770606223.7398696,BIT,0
1770606223.7398696,BIT,0
1770606223.7398696,BIT,0
1770606223.7398696,BIT,0
1770606223.984437,BIT,1
1770606223.984437,BIT,0
1770606223.984437,BIT,0
1770606223.984437,BIT,0
1770606223.984437,BIT,1
1770606223.984437,BIT,1
1770606223.984437,BIT,1
1770606223.984437,BIT,0
1770606223.984437,BIT,0
1770606223.984437,BIT,1
1770606224.202415,BIT,0
1770606224.202415,BIT,1
1770606224.202415,BIT,0
1770606224.202415,BIT,0
1770606224.202415,BIT,0
1770606224.202415,BIT,1
1770606224.202415,BIT,1
1770606224.202415,BIT,1
1770606224.202415,BIT,0
1770606224.202415,BIT,0
1770606224.4139316,BIT,0
1770606224.4139316,BIT,0
1770606224.4139316,BIT,1
1770606224.4139316,BIT,0
1770606224.4139316,BIT,1
1770606224.4139316,BIT,0
1770606224.4139316,BIT,0
1770606224.4139316,BIT,1
1770606224.4139316,BIT,0
1770606224.4139316,BIT,1
1770606224.607871,BIT,0
1770606224.607871,BIT,0
1770606224.607871,BIT,0
1770606224.607871,BIT,0
1770606224.607871,BIT,1
1770606224.607871,BIT,1
1770606224.607871,BIT,1
1770606224.607871,BIT,0
1770606224.607871,BIT,1
1770606224.607871,BIT,1
1770606224.7952428,BIT,0
1770606224.7952428,BIT,1
1770606224.7952428,BIT,0
1770606224.7952428,BIT,0
1770606224.7952428,BIT,1
1770606224.7952428,BIT,1
1770606224.7952428,BIT,0
1770606224.7952428,BIT,1
1770606224.7952428,BIT,0
1770606224.7952428,BIT,0
1770606224.984188,BIT,1
1770606224.984188,BIT,1
1770606224.984188,BIT,1
1770606224.984188,BIT,1
1770606224.984188,BIT,1
1770606224.984188,BIT,0
1770606224.984188,BIT,0
1770606224.984188,BIT,1
1770606224.984188,BIT,1
1770606224.984188,BIT,0
1770606225.1668024,BIT,0
1770606225.1668024,BIT,0
1770606225.1668024,BIT,1
1770606225.1668024,BIT,1
1770606225.1668024,BIT,1
1770606225.1668024,BIT,0
1770606225.1668024,BIT,0
1770606225.1668024,BIT,0
1770606225.1668024,BIT,1
1770606225.1668024,BIT,0
1770606225.3346782,BIT,0
1770606225.3346782,BIT,1
1770606225.3346782,BIT,1
1770606225.3346782,BIT,0
1770606225.3346782,BIT,1
1770606225.3346782,BIT,0
1770606225.3346782,BIT,1
1770606225.3346782,BIT,0
1770606225.3346782,BIT,0
1770606225.3346782,BIT,1
1770606225.4992278,BIT,0
1770606225.4992278,BIT,1
1770606225.4992278,BIT,0
1770606225.4992278,BIT,1
1770606225.4992278,BIT,0
1770606225.4992278,BIT,1
1770606225.4992278,BIT,0
1770606225.4992278,BIT,0
1770606225.4992278,BIT,0
1770606225.4992278,BIT,1
1770606225.6734946,BIT,0
1770606225.6734946,BIT,0
1770606225.6734946,BIT,0
1770606225.6734946,BIT,1
1770606225.6734946,BIT,0
1770606225.6734946,BIT,1
1770606225.6734946,BIT,0
1770606225.6734946,BIT,0
1770606225.6734946,BIT,0
1770606225.6734946,BIT,0
1770606225.876311,BIT,1
1770606225.876311,BIT,0
1770606225.876311,BIT,1
1770606225.876311,BIT,0
1770606225.876311,BIT,1
1770606225.876311,BIT,1
1770606225.876311,BIT,0
1770606225.876311,BIT,0
1770606225.876311,BIT,1
1770606225.876311,BIT,0
1770606226.0446644,BIT,1
1770606226.0446644,BIT,1
1770606226.0446644,BIT,1
1770606226.0446644,BIT,1
1770606226.0446644,BIT,1
1770606226.0446644,BIT,1
1770606226.0446644,BIT,1
1770606226.0446644,BIT,1
1770606226.0446644,BIT,1
1770606226.0446644,BIT,1
1770606226.2233617,BIT,0
1770606226.2233617,BIT,0
1770606226.2233617,BIT,1
1770606226.2233617,BIT,0
1770606226.2233617,BIT,1
1770606226.2233617,BIT,1
1770606226.2233617,BIT,1
1770606226.2233617,BIT,0
1770606226.2233617,BIT,1
1770606226.2233617,BIT,1
1770606226.4239912,BIT,0
1770606226.4239912,BIT,0
1770606226.4239912,BIT,0
1770606226.4239912,BIT,1
1770606226.4239912,BIT,1
1770606226.4239912,BIT,0
1770606226.4239912,BIT,0
1770606226.4239912,BIT,0
1770606226.4239912,BIT,0
1770606226.4239912,BIT,1
1770606226.6106586,BIT,0
1770606226.6106586,BIT,1
1770606226.6106586,BIT,1
1770606226.6106586,BIT,1
1770606226.6106586,BIT,0
1770606226.6106586,BIT,0
1770606226.6106586,BIT,0
1770606226.6106586,BIT,0
1770606226.6106586,BIT,1
1770606226.6106586,BIT,0
1770606226.8168292,BIT,0
1770606226.8168292,BIT,0
1770606226.8168292,BIT,0
1770606226.8168292,BIT,1
1770606226.8168292,BIT,1
1770606226.8168292,BIT,1
1770606226.8168292,BIT,0
1770606226.8168292,BIT,1
1770606226.8168292,BIT,0
1770606226.8168292,BIT,0
1770606227.024996,BIT,1
1770606227.024996,BIT,1
1770606227.024996,BIT,0
1770606227.024996,BIT,1
1770606227.024996,BIT,1
1770606227.024996,BIT,1
1770606227.024996,BIT,1
1770606227.024996,BIT,0
1770606227.024996,BIT,0
1770606227.024996,BIT,1
1770606227.2139063,BIT,1
1770606227.2139063,BIT,1
1770606227.2139063,BIT,0
1770606227.2139063,BIT,0
1770606227.2139063,BIT,0
1770606227.2139063,BIT,0
1770606227.2139063,BIT,0
1770606227.2139063,BIT,1
1770606227.2139063,BIT,1
1770606227.2139063,BIT,1
1770606227.4065418,BIT,0
1770606227.4065418,BIT,1
1770606227.4065418,BIT,0
1770606227.4065418,BIT,1
1770606227.4065418,BIT,1
1770606227.4065418,BIT,1
1770606227.4065418,BIT,1
1770606227.4065418,BIT,1
1770606227.4065418,BIT,1
1770606227.4065418,BIT,1
1770606227.5668347,BIT,0
1770606227.5668347,BIT,0
1770606227.5668347,BIT,1
1770606227.5668347,BIT,0
1770606227.5668347,BIT,0
1770606227.5668347,BIT,0
1770606227.5668347,BIT,1
1770606227.5668347,BIT,0
1770606227.5668347,BIT,0
1770606227.5668347,BIT,1
1770606227.7465131,BIT,1
1770606227.7465131,BIT,0
1770606227.7465131,BIT,1
1770606227.7465131,BIT,1
1770606227.7465131,BIT,0
1770606227.7465131,BIT,0
1770606227.7465131,BIT,0
1770606227.7465131,BIT,1
1770606227.7465131,BIT,1
1770606227.7465131,BIT,1
1770606227.9222264,BIT,0
1770606227.9222264,BIT,1
1770606227.9222264,BIT,1
1770606227.9222264,BIT,1
1770606227.9222264,BIT,0
1770606227.9222264,BIT,1
1770606227.9222264,BIT,0
1770606227.9222264,BIT,1
1770606227.9222264,BIT,0
1770606227.9222264,BIT,1
1770606228.0847607,BIT,1
1770606228.0847607,BIT,0
1770606228.0847607,BIT,1
1770606228.0847607,BIT,1
1770606228.0847607,BIT,0
1770606228.0847607,BIT,1
1770606228.0847607,BIT,1
1770606228.0847607,BIT,1
1770606228.0847607,BIT,0
1770606228.0847607,BIT,1
1770606228.2493145,BIT,0
1770606228.2493145,BIT,1
1770606228.2493145,BIT,0
1770606228.2493145,BIT,0
1770606228.2493145,BIT,1
1770606228.2493145,BIT,1
1770606228.2493145,BIT,0
1770606228.2493145,BIT,1
1770606228.2493145,BIT,0
1770606228.2493145,BIT,0
1770606228.425898,BIT,1
1770606228.425898,BIT,0
1770606228.425898,BIT,1
1770606228.425898,BIT,1
1770606228.425898,BIT,0
1770606228.425898,BIT,0
1770606228.425898,BIT,0
1770606228.425898,BIT,1
1770606228.425898,BIT,1
1770606228.425898,BIT,1
1770606228.6018946,BIT,0
1770606228.6018946,BIT,1
1770606228.6018946,BIT,0
1770606228.6018946,BIT,0
1770606228.6018946,BIT,0
1770606228.6018946,BIT,0
1770606228.6018946,BIT,1
1770606228.6018946,BIT,0
1770606228.6018946,BIT,1
1770606228.6018946,BIT,1
1770606228.7932386,BIT,1
1770606228.7932386,BIT,0
1770606228.7932386,BIT,0
1770606228.7932386,BIT,0
1770606228.7932386,BIT,1
1770606228.7932386,BIT,0
1770606228.7932386,BIT,1
1770606228.7932386,BIT,0
1770606228.7932386,BIT,1
1770606228.7932386,BIT,0
1770606228.9835682,BIT,0
1770606228.9835682,BIT,0
1770606228.9835682,BIT,0
1770606228.9835682,BIT,1
1770606228.9835682,BIT,1
1770606228.9835682,BIT,0
1770606228.9835682,BIT,0
1770606228.9835682,BIT,1
1770606228.9835682,BIT,0
1770606228.9835682,BIT,1
1770606229.169755,BIT,0
1770606229.169755,BIT,1
1770606229.169755,BIT,1
1770606229.169755,BIT,1
1770606229.169755,BIT,0
1770606229.169755,BIT,0
1770606229.169755,BIT,1
1770606229.169755,BIT,1
1770606229.169755,BIT,0
1770606229.169755,BIT,1
1770606229.3494697,BIT,0
1770606229.3494697,BIT,1
1770606229.3494697,BIT,0
1770606229.3494697,BIT,0
1770606229.3494697,BIT,0
1770606229.3494697,BIT,1
1770606229.3494697,BIT,1
1770606229.3494697,BIT,0
1770606229.3494697,BIT,0
1770606229.3494697,BIT,0
1770606229.5214784,BIT,1
1770606229.5214784,BIT,0
1770606229.5214784,BIT,1
1770606229.5214784,BIT,0
1770606229.5214784,BIT,0
1770606229.5214784,BIT,1
1770606229.5214784,BIT,1
1770606229.5214784,BIT,0
1770606229.5214784,BIT,1
1770606229.5214784,BIT,1
1770606229.6902575,BIT,1
1770606229.6902575,BIT,0
1770606229.6902575,BIT,0
1770606229.6902575,BIT,0
1770606229.6902575,BIT,1
1770606229.6902575,BIT,1
1770606229.6902575,BIT,1
1770606229.6902575,BIT,0
1770606229.6902575,BIT,1
1770606229.6902575,BIT,0
1770606229.8781147,BIT,0
1770606229.8781147,BIT,0
1770606229.8781147,BIT,0
1770606229.8781147,BIT,0
1770606229.8781147,BIT,1
1770606229.8781147,BIT,0
1770606229.8781147,BIT,0
1770606229.8781147,BIT,1
1770606229.8781147,BIT,1
1770606229.8781147,BIT,0
1770606230.0629203,BIT,0
1770606230.0629203,BIT,1
1770606230.0629203,BIT,1
1770606230.0629203,BIT,0
1770606230.0629203,BIT,0
1770606230.0629203,BIT,0
1770606230.0629203,BIT,0
1770606230.0629203,BIT,0
1770606230.0629203,BIT,0
1770606230.0629203,BIT,1
1770606230.254715,BIT,0
1770606230.254715,BIT,1
1770606230.254715,BIT,0
1770606230.254715,BIT,1
1770606230.254715,BIT,1
1770606230.254715,BIT,0
1770606230.254715,BIT,1
1770606230.254715,BIT,0
1770606230.254715,BIT,1
1770606230.254715,BIT,1
1770606230.4377363,BIT,0
1770606230.4377363,BIT,0
1770606230.4377363,BIT,0
1770606230.4377363,BIT,1
1770606230.4377363,BIT,1
1770606230.4377363,BIT,1
1770606230.4377363,BIT,0
1770606230.4377363,BIT,1
1770606230.4377363,BIT,1
1770606230.4377363,BIT,1
1770606230.6042721,BIT,1
1770606230.6042721,BIT,1
1770606230.6042721,BIT,1
1770606230.6042721,BIT,1
1770606230.6042721,BIT,0
1770606230.6042721,BIT,0
1770606230.6042721,BIT,0
1770606230.6042721,BIT,1
1770606230.6042721,BIT,1
1770606230.6042721,BIT,0
1770606230.7812223,BIT,1
1770606230.7812223,BIT,1
1770606230.7812223,BIT,1
1770606230.7812223,BIT,1
1770606230.7812223,BIT,1
1770606230.7812223,BIT,1
1770606230.7812223,BIT,1
1770606230.7812223,BIT,0
1770606230.7812223,BIT,0
1770606230.7812223,BIT,1
1770606230.9887667,BIT,1
1770606230.9887667,BIT,0
1770606230.9887667,BIT,0
1770606230.9887667,BIT,1
1770606230.9887667,BIT,0
1770606230.9887667,BIT,0
1770606230.9887667,BIT,0
1770606230.9887667,BIT,0
1770606230.9887667,BIT,0
1770606230.9887667,BIT,0
1770606231.1894329,BIT,1
1770606231.1894329,BIT,0
1770606231.1894329,BIT,1
1770606231.1894329,BIT,1
1770606231.1894329,BIT,0
1770606231.1894329,BIT,1
1770606231.1894329,BIT,0
1770606231.1894329,BIT,1
1770606231.1894329,BIT,0
1770606231.1894329,BIT,0
1770606231.4350874,BIT,1
1770606231.4350874,BIT,1
1770606231.4350874,BIT,0
1770606231.4350874,BIT,1
1770606231.4350874,BIT,0
1770606231.4350874,BIT,1
1770606231.4350874,BIT,0
1770606231.4350874,BIT,0
1770606231.4350874,BIT,0
1770606231.4350874,BIT,1
1770606231.6044395,BIT,0
1770606231.6044395,BIT,1
1770606231.6044395,BIT,0
1770606231.6044395,BIT,1
1770606231.6044395,BIT,1
1770606231.6044395,BIT,0
1770606231.6044395,BIT,0
1770606231.6044395,BIT,0
1770606231.6044395,BIT,0
1770606231.6044395,BIT,1
1770606231.796982,BIT,0
1770606231.796982,BIT,1
1770606231.796982,BIT,1
1770606231.796982,BIT,1
1770606231.796982,BIT,1
1770606231.796982,BIT,1
1770606231.796982,BIT,1
1770606231.796982,BIT,0
1770606231.796982,BIT,1
1770606231.796982,BIT,0
1770606232.013935,BIT,0
1770606232.013935,BIT,1
1770606232.013935,BIT,1
1770606232.013935,BIT,0
1770606232.013935,BIT,0
1770606232.013935,BIT,1
1770606232.013935,BIT,1
1770606232.013935,BIT,0
1770606232.013935,BIT,1
1770606232.013935,BIT,0
1770606232.2579825,BIT,1
1770606232.2579825,BIT,0
1770606232.2579825,BIT,0
1770606232.2579825,BIT,0
1770606232.2579825,BIT,1
1770606232.2579825,BIT,1
1770606232.2579825,BIT,0
1770606232.2579825,BIT,1
1770606232.2579825,BIT,0
1770606232.2579825,BIT,1
1770606232.4795208,BIT,0
1770606232.4795208,BIT,1
1770606232.4795208,BIT,1
1770606232.4795208,BIT,0
1770606232.4795208,BIT,0
1770606232.4795208,BIT,0
1770606232.4795208,BIT,0
1770606232.4795208,BIT,0
1770606232.4795208,BIT,0
1770606232.4795208,BIT,1
1770606232.6854224,BIT,1
1770606232.6854224,BIT,0
1770606232.6854224,BIT,0
1770606232.6854224,BIT,0
1770606232.6854224,BIT,0
1770606232.6854224,BIT,0
1770606232.6854224,BIT,0
1770606232.6854224,BIT,0
1770606232.6854224,BIT,1
1770606232.6854224,BIT,0
1770606232.8996933,BIT,1
1770606232.8996933,BIT,1
1770606232.8996933,BIT,1
1770606232.8996933,BIT,0
1770606232.8996933,BIT,0
1770606232.8996933,BIT,0
1770606232.8996933,BIT,0
1770606232.8996933,BIT,1
1770606232.8996933,BIT,1
1770606232.8996933,BIT,0
1770606233.1223242,BIT,0
1770606233.1223242,BIT,0
1770606233.1223242,BIT,1
1770606233.1223242,BIT,0
1770606233.1223242,BIT,0
1770606233.1223242,BIT,1
1770606233.1223242,BIT,1
1770606233.1223242,BIT,1
1770606233.1223242,BIT,1
1770606233.1223242,BIT,1
1770606233.3215606,BIT,1
1770606233.3215606,BIT,0
1770606233.3215606,BIT,1
1770606233.3215606,BIT,1
1770606233.3215606,BIT,1
1770606233.3215606,BIT,1
1770606233.3215606,BIT,1
1770606233.3215606,BIT,0
1770606233.3215606,BIT,1
1770606233.3215606,BIT,0
1770606233.500718,BIT,1
1770606233.500718,BIT,0
1770606233.500718,BIT,1
1770606233.500718,BIT,0
1770606233.500718,BIT,0
1770606233.500718,BIT,1
1770606233.500718,BIT,1
1770606233.500718,BIT,1
1770606233.500718,BIT,1
1770606233.500718,BIT,0
1770606233.6729221,BIT,1
1770606233.6729221,BIT,0
1770606233.6729221,BIT,1
1770606233.6729221,BIT,1
1770606233.6729221,BIT,1
1770606233.6729221,BIT,1
1770606233.6729221,BIT,1
1770606233.6729221,BIT,1
1770606233.6729221,BIT,0
1770606233.6729221,BIT,1
1770606233.8484368,BIT,1
1770606233.8484368,BIT,1
1770606233.8484368,BIT,1
1770606233.8484368,BIT,0
1770606233.8484368,BIT,0
1770606233.8484368,BIT,0
1770606233.8484368,BIT,0
1770606233.8484368,BIT,0
1770606233.8484368,BIT,1
1770606233.8484368,BIT,1
1770606234.0136564,BIT,1
1770606234.0136564,BIT,0
1770606234.0136564,BIT,1
1770606234.0136564,BIT,1
1770606234.0136564,BIT,0
1770606234.0136564,BIT,0
1770606234.0136564,BIT,1
1770606234.0136564,BIT,1
1770606234.0136564,BIT,0
1770606234.0136564,BIT,0
1770606234.1825392,BIT,0
1770606234.1825392,BIT,1
1770606234.1825392,BIT,0
1770606234.1825392,BIT,0
1770606234.1825392,BIT,0
1770606234.1825392,BIT,1
1770606234.1825392,BIT,0
1770606234.1825392,BIT,0
1770606234.1825392,BIT,1
1770606234.1825392,BIT,0
1770606234.3582096,BIT,1
1770606234.3582096,BIT,0
1770606234.3582096,BIT,0
1770606234.3582096,BIT,0
1770606234.3582096,BIT,1
1770606234.3582096,BIT,0
1770606234.3582096,BIT,0
1770606234.3582096,BIT,1
1770606234.3582096,BIT,1
1770606234.3582096,BIT,0
1770606234.527551,BIT,1
1770606234.527551,BIT,1
1770606234.527551,BIT,0
1770606234.527551,BIT,0
1770606234.527551,BIT,0
1770606234.527551,BIT,0
1770606234.527551,BIT,1
1770606234.527551,BIT,1
1770606234.527551,BIT,0
1770606234.527551,BIT,1
1770606234.720946,BIT,1
1770606234.720946,BIT,1
1770606234.720946,BIT,1
1770606234.720946,BIT,0
1770606234.720946,BIT,0
1770606234.720946,BIT,1
1770606234.720946,BIT,0
1770606234.720946,BIT,1
1770606234.720946,BIT,1
1770606234.720946,BIT,0
1770606234.9550712,BIT,0
1770606234.9550712,BIT,1
1770606234.9550712,BIT,1
1770606234.9550712,BIT,0
1770606234.9550712,BIT,1
1770606234.9550712,BIT,1
1770606234.9550712,BIT,0
1770606234.9550712,BIT,1
1770606234.9550712,BIT,0
1770606234.9550712,BIT,0
1770606235.2239025,BIT,0
1770606235.2239025,BIT,0
1770606235.2239025,BIT,0
1770606235.2239025,BIT,0
1770606235.2239025,BIT,0
1770606235.2239025,BIT,1
1770606235.2239025,BIT,1
1770606235.2239025,BIT,0
1770606235.2239025,BIT,0
1770606235.2239025,BIT,0
1770606235.5061278,BIT,1
1770606235.5061278,BIT,0
1770606235.5061278,BIT,0
1770606235.5061278,BIT,0
1770606235.5061278,BIT,0
1770606235.5061278,BIT,1
1770606235.5061278,BIT,1
1770606235.5061278,BIT,0
1770606235.5061278,BIT,0
1770606235.5061278,BIT,0
1770606235.730803,BIT,1
1770606235.730803,BIT,1
1770606235.730803,BIT,1
1770606235.730803,BIT,0
1770606235.730803,BIT,0
1770606235.730803,BIT,0
1770606235.730803,BIT,0
1770606235.730803,BIT,1
1770606235.730803,BIT,1
1770606235.730803,BIT,0
1770606235.9481328,BIT,1
1770606235.9481328,BIT,1
1770606235.9481328,BIT,1
1770606235.9481328,BIT,1
1770606235.9481328,BIT,1
1770606235.9481328,BIT,0
1770606235.9481328,BIT,0
1770606235.9481328,BIT,0
1770606235.9481328,BIT,1
1770606235.9481328,BIT,1
1770606236.1245396,BIT,0
1770606236.1245396,BIT,0
1770606236.1245396,BIT,1
1770606236.1245396,BIT,0
1770606236.1245396,BIT,0
1770606236.1245396,BIT,1
1770606236.1245396,BIT,1
1770606236.1245396,BIT,0
1770606236.1245396,BIT,1
1770606236.1245396,BIT,1
1770606236.3122642,BIT,1
1770606236.3122642,BIT,0
1770606236.3122642,BIT,1
1770606236.3122642,BIT,0
1770606236.3122642,BIT,0
1770606236.3122642,BIT,1
1770606236.3122642,BIT,0
1770606236.3122642,BIT,1
1770606236.3122642,BIT,0
1770606236.3122642,BIT,1
1770606236.4807897,BIT,0
1770606236.4807897,BIT,1
1770606236.4807897,BIT,0
1770606236.4807897,BIT,0
1770606236.4807897,BIT,1
1770606236.4807897,BIT,1
1770606236.4807897,BIT,1
1770606236.4807897,BIT,0
1770606236.4807897,BIT,0
1770606236.4807897,BIT,0
1770606236.6394396,BIT,0
1770606236.6394396,BIT,1
1770606236.6394396,BIT,0
1770606236.6394396,BIT,0
1770606236.6394396,BIT,0
1770606236.6394396,BIT,0
1770606236.6394396,BIT,0
1770606236.6394396,BIT,1
1770606236.6394396,BIT,0
1770606236.6394396,BIT,1
1770606236.8137333,BIT,0
1770606236.8137333,BIT,0
1770606236.8137333,BIT,1
1770606236.8137333,BIT,0
1770606236.8137333,BIT,0
1770606236.8137333,BIT,1
1770606236.8137333,BIT,0
1770606236.8137333,BIT,1
1770606236.8137333,BIT,1
1770606236.8137333,BIT,0
1770606236.9951575,BIT,0
1770606236.9951575,BIT,1
1770606236.9951575,BIT,0
1770606236.9951575,BIT,0
1770606236.9951575,BIT,0
1770606236.9951575,BIT,0
1770606236.9951575,BIT,1
1770606236.9951575,BIT,1
1770606236.9951575,BIT,1
1770606236.9951575,BIT,0
1770606237.1641889,BIT,1
1770606237.1641889,BIT,0
1770606237.1641889,BIT,0
1770606237.1641889,BIT,1
1770606237.1641889,BIT,1
1770606237.1641889,BIT,0
1770606237.1641889,BIT,1
1770606237.1641889,BIT,0
1770606237.1641889,BIT,1
1770606237.1641889,BIT,1
1770606237.345002,BIT,1
1770606237.345002,BIT,1
1770606237.345002,BIT,1
1770606237.345002,BIT,1
1770606237.345002,BIT,0
1770606237.345002,BIT,1
1770606237.345002,BIT,1
1770606237.345002,BIT,1
1770606237.345002,BIT,0
1770606237.345002,BIT,1
1770606237.5053742,BIT,1
1770606237.5053742,BIT,0
1770606237.5053742,BIT,1
1770606237.5053742,BIT,0
1770606237.5053742,BIT,1
1770606237.5053742,BIT,1
1770606237.5053742,BIT,0
1770606237.5053742,BIT,0
1770606237.5053742,BIT,0
1770606237.5053742,BIT,0
1770606237.6758692,BIT,1
1770606237.6758692,BIT,0
1770606237.6758692,BIT,0
1770606237.6758692,BIT,0
1770606237.6758692,BIT,1
1770606237.6758692,BIT,0
1770606237.6758692,BIT,0
1770606237.6758692,BIT,0
1770606237.6758692,BIT,1
1770606237.6758692,BIT,1
1770606237.875517,BIT,0
1770606237.875517,BIT,1
1770606237.875517,BIT,1
1770606237.875517,BIT,0
1770606237.875517,BIT,1
1770606237.875517,BIT,0
1770606237.875517,BIT,1
1770606237.875517,BIT,1
1770606237.875517,BIT,1
1770606237.875517,BIT,1
1770606238.0766647,BIT,1
1770606238.0766647,BIT,1
1770606238.0766647,BIT,0
1770606238.0766647,BIT,1
1770606238.0766647,BIT,1
1770606238.0766647,BIT,1
1770606238.0766647,BIT,1
1770606238.0766647,BIT,1
1770606238.0766647,BIT,0
1770606238.0766647,BIT,1
1770606238.2702796,BIT,0
1770606238.2702796,BIT,1
1770606238.2702796,BIT,1
1770606238.2702796,BIT,1
1770606238.2702796,BIT,0
1770606238.2702796,BIT,1
1770606238.2702796,BIT,1
1770606238.2702796,BIT,0
1770606238.2702796,BIT,0
1770606238.2702796,BIT,1
1770606238.4649887,BIT,1
1770606238.4649887,BIT,0
1770606238.4649887,BIT,0
1770606238.4649887,BIT,0
1770606238.4649887,BIT,0
1770606238.4649887,BIT,1
1770606238.4649887,BIT,0
1770606238.4649887,BIT,0
1770606238.4649887,BIT,0
1770606238.4649887,BIT,0
1770606238.647149,BIT,0
1770606238.647149,BIT,0
1770606238.647149,BIT,0
1770606238.647149,BIT,1
1770606238.647149,BIT,0
1770606238.647149,BIT,0
1770606238.647149,BIT,0
1770606238.647149,BIT,0
1770606238.647149,BIT,0
1770606238.647149,BIT,0
1770606238.8282707,BIT,1
1770606238.8282707,BIT,1
1770606238.8282707,BIT,1
1770606238.8282707,BIT,1
1770606238.8282707,BIT,1
1770606238.8282707,BIT,0
1770606238.8282707,BIT,1
1770606238.8282707,BIT,0
1770606238.8282707,BIT,0
1770606238.8282707,BIT,1
1770606239.0070884,BIT,0
1770606239.0070884,BIT,0
1770606239.0070884,BIT,1
1770606239.0070884,BIT,0
1770606239.0070884,BIT,0
1770606239.0070884,BIT,1
1770606239.0070884,BIT,0
1770606239.0070884,BIT,1
1770606239.0070884,BIT,0
1770606239.0070884,BIT,0
1770606239.2022724,BIT,0
1770606239.2022724,BIT,1
1770606239.2022724,BIT,0
1770606239.2022724,BIT,1
1770606239.2022724,BIT,0
1770606239.2022724,BIT,0
1770606239.2022724,BIT,0
1770606239.2022724,BIT,0
1770606239.2022724,BIT,1
1770606239.2022724,BIT,1
1770606239.3717246,BIT,1
1770606239.3717246,BIT,1
1770606239.3717246,BIT,0
1770606239.3717246,BIT,1
1770606239.3717246,BIT,0
1770606239.3717246,BIT,0
1770606239.3717246,BIT,1
1770606239.3717246,BIT,0
1770606239.3717246,BIT,1
1770606239.3717246,BIT,0
1770606239.531342,BIT,1
1770606239.531342,BIT,1
1770606239.531342,BIT,1
1770606239.531342,BIT,0
1770606239.531342,BIT,0
1770606239.531342,BIT,1
1770606239.531342,BIT,1
1770606239.531342,BIT,1
1770606239.531342,BIT,1
1770606239.531342,BIT,1
1770606239.6970716,BIT,0
1770606239.6970716,BIT,1
1770606239.6970716,BIT,0
1770606239.6970716,BIT,1
1770606239.6970716,BIT,1
1770606239.6970716,BIT,0
1770606239.6970716,BIT,1
1770606239.6970716,BIT,0
1770606239.6970716,BIT,0
1770606239.6970716,BIT,1
1770606239.9108725,BIT,1
1770606239.9108725,BIT,1
1770606239.9108725,BIT,0
1770606239.9108725,BIT,0
1770606239.9108725,BIT,0
1770606239.9108725,BIT,0
1770606239.9108725,BIT,1
1770606239.9108725,BIT,1
1770606239.9108725,BIT,1
1770606239.9108725,BIT,0
1770606240.1037364,BIT,0
1770606240.1037364,BIT,1
1770606240.1037364,BIT,1
1770606240.1037364,BIT,1
1770606240.1037364,BIT,1
1770606240.1037364,BIT,0
1770606240.1037364,BIT,0
1770606240.1037364,BIT,1
1770606240.1037364,BIT,0
1770606240.1037364,BIT,0
1770606240.2962976,BIT,1
1770606240.2962976,BIT,1
1770606240.2962976,BIT,0
1770606240.2962976,BIT,1
1770606240.2962976,BIT,0
1770606240.2962976,BIT,1
1770606240.2962976,BIT,1
1770606240.2962976,BIT,0
1770606240.2962976,BIT,1
1770606240.2962976,BIT,1
1770606240.571305,BIT,0
1770606240.571305,BIT,1
1770606240.571305,BIT,0
1770606240.571305,BIT,1
1770606240.571305,BIT,0
1770606240.571305,BIT,1
1770606240.571305,BIT,0
1770606240.571305,BIT,0
1770606240.571305,BIT,0
1770606240.571305,BIT,1
1770606240.7818537,BIT,0
1770606240.7818537,BIT,0
1770606240.7818537,BIT,0
1770606240.7818537,BIT,1
1770606240.7818537,BIT,1
1770606240.7818537,BIT,1
1770606240.7818537,BIT,1
1770606240.7818537,BIT,0
1770606240.7818537,BIT,0
1770606240.7818537,BIT,0
1770606241.0086687,BIT,0
1770606241.0086687,BIT,1
1770606241.0086687,BIT,0
1770606241.0086687,BIT,1
1770606241.0086687,BIT,1
1770606241.0086687,BIT,1
1770606241.0086687,BIT,1
1770606241.0086687,BIT,0
1770606241.0086687,BIT,1
1770606241.0086687,BIT,1
1770606241.1932404,BIT,1
1770606241.1932404,BIT,1
1770606241.1932404,BIT,1
1770606241.1932404,BIT,0
1770606241.1932404,BIT,0
1770606241.1932404,BIT,0
1770606241.1932404,BIT,0
1770606241.1932404,BIT,0
1770606241.1932404,BIT,1
1770606241.1932404,BIT,0
1770606241.391413,BIT,0
1770606241.391413,BIT,0
1770606241.391413,BIT,0
1770606241.391413,BIT,0
1770606241.391413,BIT,0
1770606241.391413,BIT,0
1770606241.391413,BIT,1
1770606241.391413,BIT,1
1770606241.391413,BIT,1
1770606241.391413,BIT,0
1770606241.5817614,BIT,0
1770606241.5817614,BIT,1
1770606241.5817614,BIT,1
1770606241.5817614,BIT,0
1770606241.5817614,BIT,0
1770606241.5817614,BIT,0
1770606241.5817614,BIT,0
1770606241.5817614,BIT,1
1770606241.5817614,BIT,1
1770606241.5817614,BIT,0
1770606241.7756145,BIT,1
1770606241.7756145,BIT,0
1770606241.7756145,BIT,0
1770606241.7756145,BIT,1
1770606241.7756145,BIT,0
1770606241.7756145,BIT,0
1770606241.7756145,BIT,0
1770606241.7756145,BIT,1
1770606241.7756145,BIT,0
1770606241.7756145,BIT,1
1770606241.9741583,BIT,1
1770606241.9741583,BIT,0
1770606241.9741583,BIT,0
1770606241.9741583,BIT,1
1770606241.9741583,BIT,0
1770606241.9741583,BIT,0
1770606241.9741583,BIT,1
1770606241.9741583,BIT,0
1770606241.9741583,BIT,0
1770606241.9741583,BIT,1
1770606242.1932025,BIT,0
1770606242.1932025,BIT,0
1770606242.1932025,BIT,0
1770606242.1932025,BIT,1
1770606242.1932025,BIT,1
1770606242.1932025,BIT,1
1770606242.1932025,BIT,1
1770606242.1932025,BIT,1
1770606242.1932025,BIT,0
1770606242.1932025,BIT,0
1770606242.372361,BIT,1
1770606242.372361,BIT,0
1770606242.372361,BIT,0
1770606242.372361,BIT,1
1770606242.372361,BIT,1
1770606242.372361,BIT,0
1770606242.372361,BIT,0
1770606242.372361,BIT,0
1770606242.372361,BIT,1
1770606242.372361,BIT,1
1770606242.543467,BIT,0
1770606242.543467,BIT,1
1770606242.543467,BIT,0
1770606242.543467,BIT,0
1770606242.543467,BIT,1
1770606242.543467,BIT,1
1770606242.543467,BIT,1
1770606242.543467,BIT,0
1770606242.543467,BIT,1
1770606242.543467,BIT,0
1770606242.7750144,BIT,0
1770606242.7750144,BIT,1
1770606242.7750144,BIT,1
1770606242.7750144,BIT,1
1770606242.7750144,BIT,0
1770606242.7750144,BIT,0
1770606242.7750144,BIT,1
1770606242.7750144,BIT,0
1770606242.7750144,BIT,0
1770606242.7750144,BIT,0
1770606242.9854538,BIT,1
1770606242.9854538,BIT,0
1770606242.9854538,BIT,0
1770606242.9854538,BIT,0
1770606242.9854538,BIT,1
1770606242.9854538,BIT,1
1770606242.9854538,BIT,0
1770606242.9854538,BIT,0
1770606242.9854538,BIT,1
1770606242.9854538,BIT,1
1770606243.1695411,BIT,1
1770606243.1695411,BIT,1
1770606243.1695411,BIT,0
1770606243.1695411,BIT,0
1770606243.1695411,BIT,1
1770606243.1695411,BIT,0
1770606243.1695411,BIT,0
1770606243.1695411,BIT,1
1770606243.1695411,BIT,0
1770606243.1695411,BIT,1
1770606243.3436754,BIT,0
1770606243.3436754,BIT,0
1770606243.3436754,BIT,1
1770606243.3436754,BIT,0
1770606243.3436754,BIT,1
1770606243.3436754,BIT,0
1770606243.3436754,BIT,0
1770606243.3436754,BIT,1
1770606243.3436754,BIT,0
1770606243.3436754,BIT,0
1770606243.5075257,BIT,1
1770606243.5075257,BIT,1
1770606243.5075257,BIT,1
1770606243.5075257,BIT,1
1770606243.5075257,BIT,0
1770606243.5075257,BIT,0
1770606243.5075257,BIT,0
1770606243.5075257,BIT,1
1770606243.5075257,BIT,0
1770606243.5075257,BIT,0
1770606243.685205,BIT,1
1770606243.685205,BIT,0
1770606243.685205,BIT,0
1770606243.685205,BIT,0
1770606243.685205,BIT,1
1770606243.685205,BIT,0
1770606243.685205,BIT,1
1770606243.685205,BIT,0
1770606243.685205,BIT,1
1770606243.685205,BIT,0
1770606243.8579443,BIT,0
1770606243.8579443,BIT,1
1770606243.8579443,BIT,1
1770606243.8579443,BIT,0
1770606243.8579443,BIT,0
1770606243.8579443,BIT,0
1770606243.8579443,BIT,0
1770606243.8579443,BIT,0
1770606243.8579443,BIT,0
1770606243.8579443,BIT,1
1770606244.0465333,BIT,0
1770606244.0465333,BIT,1
1770606244.0465333,BIT,0
1770606244.0465333,BIT,1
1770606244.0465333,BIT,0
1770606244.0465333,BIT,0
1770606244.0465333,BIT,1
1770606244.0465333,BIT,1
1770606244.0465333,BIT,1
1770606244.0465333,BIT,0
1770606244.2176814,BIT,1
1770606244.2176814,BIT,1
1770606244.2176814,BIT,1
1770606244.2176814,BIT,0
1770606244.2176814,BIT,0
1770606244.2176814,BIT,0
1770606244.2176814,BIT,1
1770606244.2176814,BIT,1
1770606244.2176814,BIT,1
1770606244.2176814,BIT,0
1770606244.3939874,BIT,0
1770606244.3939874,BIT,0
1770606244.3939874,BIT,1
1770606244.3939874,BIT,0
1770606244.3939874,BIT,0
1770606244.3939874,BIT,1
1770606244.3939874,BIT,1
1770606244.3939874,BIT,0
1770606244.3939874,BIT,0
1770606244.3939874,BIT,1
1770606244.5584116,BIT,1
1770606244.5584116,BIT,1
1770606244.5584116,BIT,1
1770606244.5584116,BIT,0
1770606244.5584116,BIT,1
1770606244.5584116,BIT,0
1770606244.5584116,BIT,0
1770606244.5584116,BIT,1
1770606244.5584116,BIT,0
1770606244.5584116,BIT,1
1770606244.7552125,BIT,0
1770606244.7552125,BIT,1
1770606244.7552125,BIT,1
1770606244.7552125,BIT,0
1770606244.7552125,BIT,1
1770606244.7552125,BIT,1
1770606244.7552125,BIT,0
1770606244.7552125,BIT,0
1770606244.7552125,BIT,1
1770606244.7552125,BIT,1
1770606245.0027752,BIT,0
1770606245.0027752,BIT,1
1770606245.0027752,BIT,0
1770606245.0027752,BIT,0
1770606245.0027752,BIT,0
1770606245.0027752,BIT,0
1770606245.0027752,BIT,1
1770606245.0027752,BIT,0
1770606245.0027752,BIT,1
1770606245.0027752,BIT,0
1770606245.239598,BIT,0
1770606245.239598,BIT,1
1770606245.239598,BIT,0
1770606245.239598,BIT,0
1770606245.239598,BIT,1
1770606245.239598,BIT,0
1770606245.239598,BIT,0
1770606245.239598,BIT,1
1770606245.239598,BIT,1
1770606245.239598,BIT,1
1770606245.4702098,BIT,0
1770606245.4702098,BIT,1
1770606245.4702098,BIT,1
1770606245.4702098,BIT,1
1770606245.4702098,BIT,0
1770606245.4702098,BIT,0
1770606245.4702098,BIT,0
1770606245.4702098,BIT,1
1770606245.4702098,BIT,1
1770606245.4702098,BIT,0
1770606245.6662326,BIT,1
1770606245.6662326,BIT,1
1770606245.6662326,BIT,1
1770606245.6662326,BIT,1
1770606245.6662326,BIT,0
1770606245.6662326,BIT,1
1770606245.6662326,BIT,1
1770606245.6662326,BIT,1
1770606245.6662326,BIT,1
1770606245.6662326,BIT,1
1770606245.883687,BIT,0
1770606245.883687,BIT,0
1770606245.883687,BIT,1
1770606245.883687,BIT,1
1770606245.883687,BIT,0
1770606245.883687,BIT,0
1770606245.883687,BIT,1
1770606245.883687,BIT,1
1770606245.883687,BIT,1
1770606245.883687,BIT,1
1770606246.0888493,BIT,0
1770606246.0888493,BIT,0
1770606246.0888493,BIT,1
1770606246.0888493,BIT,1
1770606246.0888493,BIT,1
1770606246.0888493,BIT,0
1770606246.0888493,BIT,1
1770606246.0888493,BIT,0
1770606246.0888493,BIT,1
1770606246.0888493,BIT,0
1770606246.3069265,BIT,0
1770606246.3069265,BIT,1
1770606246.3069265,BIT,0
1770606246.3069265,BIT,0
1770606246.3069265,BIT,0
1770606246.3069265,BIT,0
1770606246.3069265,BIT,1
1770606246.3069265,BIT,1
1770606246.3069265,BIT,0
1770606246.3069265,BIT,1
1770606246.5096729,BIT,0
1770606246.5096729,BIT,1
1770606246.5096729,BIT,1
1770606246.5096729,BIT,0
1770606246.5096729,BIT,1
1770606246.5096729,BIT,1
1770606246.5096729,BIT,1
1770606246.5096729,BIT,1
1770606246.5096729,BIT,0
1770606246.5096729,BIT,0
1770606246.702963,BIT,1
1770606246.702963,BIT,0
1770606246.702963,BIT,0
1770606246.702963,BIT,0
1770606246.702963,BIT,0
1770606246.702963,BIT,0
1770606246.702963,BIT,0
1770606246.702963,BIT,1
1770606246.702963,BIT,0
1770606246.702963,BIT,1
1770606246.9065633,BIT,0
1770606246.9065633,BIT,0
1770606246.9065633,BIT,0
1770606246.9065633,BIT,0
1770606246.9065633,BIT,1
1770606246.9065633,BIT,1
1770606246.9065633,BIT,0
1770606246.9065633,BIT,1
1770606246.9065633,BIT,1
1770606246.9065633,BIT,1
1770606247.1176157,BIT,1
1770606247.1176157,BIT,0
1770606247.1176157,BIT,1
1770606247.1176157,BIT,1
1770606247.1176157,BIT,1
1770606247.1176157,BIT,1
1770606247.1176157,BIT,1
1770606247.1176157,BIT,1
1770606247.1176157,BIT,1
1770606247.1176157,BIT,0
1770606247.3018227,BIT,1
1770606247.3018227,BIT,1
1770606247.3018227,BIT,0
1770606247.3018227,BIT,1
1770606247.3018227,BIT,1
1770606247.3018227,BIT,0
1770606247.3018227,BIT,0
1770606247.3018227,BIT,0
1770606247.3018227,BIT,1
1770606247.3018227,BIT,1
1770606247.4888146,BIT,1
1770606247.4888146,BIT,1
1770606247.4888146,BIT,1
1770606247.4888146,BIT,1
1770606247.4888146,BIT,0
1770606247.4888146,BIT,0
1770606247.4888146,BIT,1
1770606247.4888146,BIT,0
1770606247.4888146,BIT,1
1770606247.4888146,BIT,1
1770606247.6775558,BIT,1
1770606247.6775558,BIT,0
1770606247.6775558,BIT,1
1770606247.6775558,BIT,1
1770606247.6775558,BIT,1
1770606247.6775558,BIT,1
1770606247.6775558,BIT,0
1770606247.6775558,BIT,0
1770606247.6775558,BIT,0
1770606247.6775558,BIT,0
1770606247.8750615,BIT,0
1770606247.8750615,BIT,0
1770606247.8750615,BIT,0
1770606247.8750615,BIT,0
1770606247.8750615,BIT,1
1770606247.8750615,BIT,0
1770606247.8750615,BIT,0
1770606247.8750615,BIT,0
1770606247.8750615,BIT,0
1770606247.8750615,BIT,1
1770606248.0704188,BIT,0
1770606248.0704188,BIT,1
1770606248.0704188,BIT,1
1770606248.0704188,BIT,1
1770606248.0704188,BIT,1
1770606248.0704188,BIT,0
1770606248.0704188,BIT,1
1770606248.0704188,BIT,0
1770606248.0704188,BIT,1
1770606248.0704188,BIT,0
1770606248.2844844,BIT,1
1770606248.2844844,BIT,0
1770606248.2844844,BIT,0
1770606248.2844844,BIT,1
1770606248.2844844,BIT,1
1770606248.2844844,BIT,1
1770606248.2844844,BIT,1
1770606248.2844844,BIT,0
1770606248.2844844,BIT,0
1770606248.2844844,BIT,1
1770606248.4864163,BIT,0
1770606248.4864163,BIT,0
1770606248.4864163,BIT,0
1770606248.4864163,BIT,1
1770606248.4864163,BIT,1
1770606248.4864163,BIT,0
1770606248.4864163,BIT,0
1770606248.4864163,BIT,0
1770606248.4864163,BIT,1
1770606248.4864163,BIT,1
1770606248.6803298,BIT,0
1770606248.6803298,BIT,0
1770606248.6803298,BIT,0
1770606248.6803298,BIT,0
1770606248.6803298,BIT,1
1770606248.6803298,BIT,0
1770606248.6803298,BIT,1
1770606248.6803298,BIT,0
1770606248.6803298,BIT,1
1770606248.6803298,BIT,1
1770606248.890731,BIT,1
1770606248.890731,BIT,1
1770606248.890731,BIT,1
1770606248.890731,BIT,1
1770606248.890731,BIT,0
1770606248.890731,BIT,0
1770606248.890731,BIT,0
1770606248.890731,BIT,1
1770606248.890731,BIT,0
1770606248.890731,BIT,1
1770606249.0820706,BIT,0
1770606249.0820706,BIT,1
1770606249.0820706,BIT,0
1770606249.0820706,BIT,0
1770606249.0820706,BIT,1
1770606249.0820706,BIT,1
1770606249.0820706,BIT,1
1770606249.0820706,BIT,1
1770606249.0820706,BIT,0
1770606249.0820706,BIT,1
1770606249.3075376,BIT,1
1770606249.3075376,BIT,0
1770606249.3075376,BIT,0
1770606249.3075376,BIT,1
1770606249.3075376,BIT,0
1770606249.3075376,BIT,1
1770606249.3075376,BIT,0
1770606249.3075376,BIT,1
1770606249.3075376,BIT,0
1770606249.3075376,BIT,0
1770606249.5130491,BIT,0
1770606249.5130491,BIT,0
1770606249.5130491,BIT,0
1770606249.5130491,BIT,1
1770606249.5130491,BIT,1
1770606249.5130491,BIT,0
1770606249.5130491,BIT,1
1770606249.5130491,BIT,1
1770606249.5130491,BIT,0
1770606249.5130491,BIT,1
1770606249.7182825,BIT,1
1770606249.7182825,BIT,0
1770606249.7182825,BIT,1
1770606249.7182825,BIT,0
1770606249.7182825,BIT,0
1770606249.7182825,BIT,0
1770606249.7182825,BIT,1
1770606249.7182825,BIT,1
1770606249.7182825,BIT,1
1770606249.7182825,BIT,1
1770606249.905506,BIT,1
1770606249.905506,BIT,1
1770606249.905506,BIT,0
1770606249.905506,BIT,0
1770606249.905506,BIT,0
1770606249.905506,BIT,0
1770606249.905506,BIT,0
1770606249.905506,BIT,1
1770606249.905506,BIT,1
1770606249.905506,BIT,1
1770606250.1245315,BIT,0
1770606250.1245315,BIT,0
1770606250.1245315,BIT,0
1770606250.1245315,BIT,1
1770606250.1245315,BIT,1
1770606250.1245315,BIT,1
1770606250.1245315,BIT,0
1770606250.1245315,BIT,0
1770606250.1245315,BIT,0
1770606250.1245315,BIT,1
1770606250.3600416,BIT,1
1770606250.3600416,BIT,1
1770606250.3600416,BIT,1
1770606250.3600416,BIT,0
1770606250.3600416,BIT,1
1770606250.3600416,BIT,0
1770606250.3600416,BIT,0
1770606250.3600416,BIT,0
1770606250.3600416,BIT,1
1770606250.3600416,BIT,1
1770606250.5931594,BIT,0
1770606250.5931594,BIT,1
1770606250.5931594,BIT,1
1770606250.5931594,BIT,1
1770606250.5931594,BIT,0
1770606250.5931594,BIT,1
1770606250.5931594,BIT,1
1770606250.5931594,BIT,0
1770606250.5931594,BIT,0
1770606250.5931594,BIT,1
1770606250.8092744,BIT,0
1770606250.8092744,BIT,0
1770606250.8092744,BIT,0
1770606250.8092744,BIT,0
1770606250.8092744,BIT,1
1770606250.8092744,BIT,1
1770606250.8092744,BIT,1
1770606250.8092744,BIT,1
1770606250.8092744,BIT,1
1770606250.8092744,BIT,1
1770606251.0311396,BIT,1
1770606251.0311396,BIT,1
1770606251.0311396,BIT,1
1770606251.0311396,BIT,1
1770606251.0311396,BIT,1
1770606251.0311396,BIT,0
1770606251.0311396,BIT,1
1770606251.0311396,BIT,1
1770606251.0311396,BIT,1
1770606251.0311396,BIT,0
1770606251.256583,BIT,0
1770606251.256583,BIT,0
1770606251.256583,BIT,0
1770606251.256583,BIT,0
1770606251.256583,BIT,1
1770606251.256583,BIT,0
1770606251.256583,BIT,0
1770606251.256583,BIT,1
1770606251.256583,BIT,0
1770606251.256583,BIT,1
1770606251.4661808,BIT,0
1770606251.4661808,BIT,1
1770606251.4661808,BIT,0
1770606251.4661808,BIT,1
1770606251.4661808,BIT,1
1770606251.4661808,BIT,1
1770606251.4661808,BIT,1
1770606251.4661808,BIT,1
1770606251.4661808,BIT,0
1770606251.4661808,BIT,0
1770606251.6668348,BIT,1
1770606251.6668348,BIT,1
1770606251.6668348,BIT,1
1770606251.6668348,BIT,0
1770606251.6668348,BIT,0
1770606251.6668348,BIT,0
1770606251.6668348,BIT,1
1770606251.6668348,BIT,1
1770606251.6668348,BIT,1
1770606251.6668348,BIT,1
1770606251.907167,BIT,0
1770606251.907167,BIT,1
1770606251.907167,BIT,1
1770606251.907167,BIT,1
1770606251.907167,BIT,1
1770606251.907167,BIT,1
1770606251.907167,BIT,1
1770606251.907167,BIT,1
1770606251.907167,BIT,0
1770606251.907167,BIT,0
1770606252.1615171,BIT,0
1770606252.1615171,BIT,1
1770606252.1615171,BIT,1
1770606252.1615171,BIT,0
1770606252.1615171,BIT,0
1770606252.1615171,BIT,1
1770606252.1615171,BIT,0
1770606252.1615171,BIT,1
1770606252.1615171,BIT,0
1770606252.1615171,BIT,0
1770606252.4881756,BIT,0
1770606252.4881756,BIT,1
1770606252.4881756,BIT,1
1770606252.4881756,BIT,0
1770606252.4881756,BIT,1
1770606252.4881756,BIT,1
1770606252.4881756,BIT,1
1770606252.4881756,BIT,0
1770606252.4881756,BIT,1
1770606252.4881756,BIT,0
1770606252.8320968,BIT,0
1770606252.8320968,BIT,0
1770606252.8320968,BIT,1
1770606252.8320968,BIT,1
1770606252.8320968,BIT,1
1770606252.8320968,BIT,0
1770606252.8320968,BIT,0
1770606252.8320968,BIT,0
1770606252.8320968,BIT,0
1770606252.8320968,BIT,0
1770606253.1072865,BIT,0
1770606253.1072865,BIT,1
1770606253.1072865,BIT,1
1770606253.1072865,BIT,1
1770606253.1072865,BIT,0
1770606253.1072865,BIT,0
1770606253.1072865,BIT,1
1770606253.1072865,BIT,0
1770606253.1072865,BIT,1
1770606253.1072865,BIT,1
1770606253.3456757,BIT,0
1770606253.3456757,BIT,0
1770606253.3456757,BIT,1
1770606253.3456757,BIT,0
1770606253.3456757,BIT,0
1770606253.3456757,BIT,0
1770606253.3456757,BIT,1
1770606253.3456757,BIT,1
1770606253.3456757,BIT,1
1770606253.3456757,BIT,1
1770606253.5832741,BIT,1
1770606253.5832741,BIT,1
1770606253.5832741,BIT,0
1770606253.5832741,BIT,1
1770606253.5832741,BIT,1
1770606253.5832741,BIT,1
1770606253.5832741,BIT,1
1770606253.5832741,BIT,1
1770606253.5832741,BIT,0
1770606253.5832741,BIT,1
1770606253.7994244,BIT,1
1770606253.7994244,BIT,0
1770606253.7994244,BIT,1
1770606253.7994244,BIT,1
1770606253.7994244,BIT,1
1770606253.7994244,BIT,1
1770606253.7994244,BIT,0
1770606253.7994244,BIT,1
1770606253.7994244,BIT,1
1770606253.7994244,BIT,0
1770606254.0200517,BIT,0
1770606254.0200517,BIT,1
1770606254.0200517,BIT,1
1770606254.0200517,BIT,1
1770606254.0200517,BIT,1
1770606254.0200517,BIT,0
1770606254.0200517,BIT,1
1770606254.0200517,BIT,0
1770606254.0200517,BIT,1
1770606254.0200517,BIT,0
1770606254.2131467,BIT,1
1770606254.2131467,BIT,0
1770606254.2131467,BIT,1
1770606254.2131467,BIT,0
1770606254.2131467,BIT,1
1770606254.2131467,BIT,1
1770606254.2131467,BIT,0
1770606254.2131467,BIT,0
1770606254.2131467,BIT,0
1770606254.2131467,BIT,1
1770606254.3891923,BIT,0
1770606254.3891923,BIT,1
1770606254.3891923,BIT,0
1770606254.3891923,BIT,0
1770606254.3891923,BIT,0
1770606254.3891923,BIT,1
1770606254.3891923,BIT,1
1770606254.3891923,BIT,0
1770606254.3891923,BIT,0
1770606254.3891923,BIT,0
1770606254.559547,BIT,0
1770606254.559547,BIT,0
1770606254.559547,BIT,1
1770606254.559547,BIT,1
1770606254.559547,BIT,0
1770606254.559547,BIT,1
1770606254.559547,BIT,1
1770606254.559547,BIT,1
1770606254.559547,BIT,0
1770606254.559547,BIT,0
1770606254.7454152,BIT,1
1770606254.7454152,BIT,1
1770606254.7454152,BIT,0
1770606254.7454152,BIT,1
1770606254.7454152,BIT,1
1770606254.7454152,BIT,1
1770606254.7454152,BIT,0
1770606254.7454152,BIT,0
1770606254.7454152,BIT,1
1770606254.7454152,BIT,1
1770606254.9228475,BIT,1
1770606254.9228475,BIT,0
1770606254.9228475,BIT,1
1770606254.9228475,BIT,0
1770606254.9228475,BIT,0
1770606254.9228475,BIT,1
1770606254.9228475,BIT,1
1770606254.9228475,BIT,0
1770606254.9228475,BIT,1
1770606254.9228475,BIT,0
1770606255.1071994,BIT,0
1770606255.1071994,BIT,0
1770606255.1071994,BIT,0
1770606255.1071994,BIT,0
1770606255.1071994,BIT,1
1770606255.1071994,BIT,0
1770606255.1071994,BIT,0
1770606255.1071994,BIT,1
1770606255.1071994,BIT,0
1770606255.1071994,BIT,1
1770606255.278595,BIT,0
1770606255.278595,BIT,0
1770606255.278595,BIT,1
1770606255.278595,BIT,1
1770606255.278595,BIT,0
1770606255.278595,BIT,1
1770606255.278595,BIT,1
1770606255.278595,BIT,1
1770606255.278595,BIT,0
1770606255.278595,BIT,0
1770606255.4431188,BIT,0
1770606255.4431188,BIT,1
1770606255.4431188,BIT,0
1770606255.4431188,BIT,1
1770606255.4431188,BIT,0
1770606255.4431188,BIT,0
1770606255.4431188,BIT,0
1770606255.4431188,BIT,0
1770606255.4431188,BIT,1
1770606255.4431188,BIT,0
1770606255.6030803,BIT,1
1770606255.6030803,BIT,0
1770606255.6030803,BIT,1
1770606255.6030803,BIT,0
1770606255.6030803,BIT,1
1770606255.6030803,BIT,0
1770606255.6030803,BIT,1
1770606255.6030803,BIT,1
1770606255.6030803,BIT,1
1770606255.6030803,BIT,0
1770606255.7755427,BIT,0
1770606255.7755427,BIT,0
1770606255.7755427,BIT,0
1770606255.7755427,BIT,0
1770606255.7755427,BIT,1
1770606255.7755427,BIT,0
1770606255.7755427,BIT,0
1770606255.7755427,BIT,1
1770606255.7755427,BIT,0
1770606255.7755427,BIT,1
1770606255.9678495,BIT,0
1770606255.9678495,BIT,1
1770606255.9678495,BIT,0
1770606255.9678495,BIT,1
1770606255.9678495,BIT,1
1770606255.9678495,BIT,0
1770606255.9678495,BIT,0
1770606255.9678495,BIT,0
1770606255.9678495,BIT,1
1770606255.9678495,BIT,0
1770606256.143582,BIT,1
1770606256.143582,BIT,0
1770606256.143582,BIT,1
1770606256.143582,BIT,0
1770606256.143582,BIT,1
1770606256.143582,BIT,0
1770606256.143582,BIT,0
1770606256.143582,BIT,0
1770606256.143582,BIT,0
1770606256.143582,BIT,0
1770606256.3317852,BIT,1
1770606256.3317852,BIT,1
1770606256.3317852,BIT,0
1770606256.3317852,BIT,0
1770606256.3317852,BIT,0
1770606256.3317852,BIT,1
1770606256.3317852,BIT,0
1770606256.3317852,BIT,0
1770606256.3317852,BIT,1
1770606256.3317852,BIT,1
1770606256.5137603,BIT,0
1770606256.5137603,BIT,0
1770606256.5137603,BIT,0
1770606256.5137603,BIT,0
1770606256.5137603,BIT,0
1770606256.5137603,BIT,1
1770606256.5137603,BIT,0
1770606256.5137603,BIT,1
1770606256.5137603,BIT,1
1770606256.5137603,BIT,0
1770606256.7010572,BIT,0
1770606256.7010572,BIT,1
1770606256.7010572,BIT,1
1770606256.7010572,BIT,0
1770606256.7010572,BIT,0
1770606256.7010572,BIT,0
1770606256.7010572,BIT,0
1770606256.7010572,BIT,0
1770606256.7010572,BIT,1
1770606256.7010572,BIT,0
1770606256.8822594,BIT,0
1770606256.8822594,BIT,1
1770606256.8822594,BIT,1
1770606256.8822594,BIT,0
1770606256.8822594,BIT,1
1770606256.8822594,BIT,0
1770606256.8822594,BIT,1
1770606256.8822594,BIT,1
1770606256.8822594,BIT,1
1770606256.8822594,BIT,0
1770606257.0490355,BIT,1
1770606257.0490355,BIT,1
1770606257.0490355,BIT,1
1770606257.0490355,BIT,0
1770606257.0490355,BIT,1
1770606257.0490355,BIT,1
1770606257.0490355,BIT,0
1770606257.0490355,BIT,0
1770606257.0490355,BIT,0
1770606257.0490355,BIT,1
1770606257.2252064,BIT,1
1770606257.2252064,BIT,0
1770606257.2252064,BIT,0
1770606257.2252064,BIT,0
1770606257.2252064,BIT,0
1770606257.2252064,BIT,0
1770606257.2252064,BIT,0
1770606257.2252064,BIT,0
1770606257.2252064,BIT,0
1770606257.2252064,BIT,0
1770606257.4192967,BIT,0
1770606257.4192967,BIT,1
1770606257.4192967,BIT,1
1770606257.4192967,BIT,1
1770606257.4192967,BIT,1
1770606257.4192967,BIT,1
1770606257.4192967,BIT,0
1770606257.4192967,BIT,1
1770606257.4192967,BIT,1
1770606257.4192967,BIT,1
1770606257.5835767,BIT,1
1770606257.5835767,BIT,1
1770606257.5835767,BIT,0
1770606257.5835767,BIT,0
1770606257.5835767,BIT,0
1770606257.5835767,BIT,0
1770606257.5835767,BIT,0
1770606257.5835767,BIT,1
1770606257.5835767,BIT,0
1770606257.5835767,BIT,0
1770606257.7533057,BIT,0
1770606257.7533057,BIT,0
1770606257.7533057,BIT,0
1770606257.7533057,BIT,1
1770606257.7533057,BIT,0
1770606257.7533057,BIT,0
1770606257.7533057,BIT,0
1770606257.7533057,BIT,0
1770606257.7533057,BIT,0
1770606257.7533057,BIT,1
1770606257.944827,BIT,0
1770606257.944827,BIT,0
1770606257.944827,BIT,1
1770606257.944827,BIT,1
1770606257.944827,BIT,0
1770606257.944827,BIT,1
1770606257.944827,BIT,0
1770606257.944827,BIT,0
1770606257.944827,BIT,1
1770606257.944827,BIT,0
1770606258.1099586,BIT,0
1770606258.1099586,BIT,0
1770606258.1099586,BIT,1
1770606258.1099586,BIT,1
1770606258.1099586,BIT,0
1770606258.1099586,BIT,0
1770606258.1099586,BIT,0
1770606258.1099586,BIT,0
1770606258.1099586,BIT,0
1770606258.1099586,BIT,0
1770606258.2830794,BIT,0
1770606258.2830794,BIT,0
1770606258.2830794,BIT,0
1770606258.2830794,BIT,0
1770606258.2830794,BIT,0
1770606258.2830794,BIT,0
1770606258.2830794,BIT,0
1770606258.2830794,BIT,1
1770606258.2830794,BIT,1
1770606258.2830794,BIT,1
1770606258.477651,BIT,1
1770606258.477651,BIT,1
1770606258.477651,BIT,0
1770606258.477651,BIT,1
1770606258.477651,BIT,1
1770606258.477651,BIT,1
1770606258.477651,BIT,0
1770606258.477651,BIT,0
1770606258.477651,BIT,1
1770606258.477651,BIT,1
1770606258.6506083,BIT,1
1770606258.6506083,BIT,1
1770606258.6506083,BIT,1
1770606258.6506083,BIT,0
1770606258.6506083,BIT,0
1770606258.6506083,BIT,0
1770606258.6506083,BIT,1
1770606258.6506083,BIT,0
1770606258.6506083,BIT,0
1770606258.6506083,BIT,1
1770606258.832228,BIT,0
1770606258.832228,BIT,0
1770606258.832228,BIT,0
1770606258.832228,BIT,0
1770606258.832228,BIT,1
1770606258.832228,BIT,1
1770606258.832228,BIT,1
1770606258.832228,BIT,0
1770606258.832228,BIT,0
1770606258.832228,BIT,0
1770606259.010096,BIT,0
1770606259.010096,BIT,1
1770606259.010096,BIT,1
1770606259.010096,BIT,0
1770606259.010096,BIT,0
1770606259.010096,BIT,0
1770606259.010096,BIT,1
1770606259.010096,BIT,0
1770606259.010096,BIT,0
1770606259.010096,BIT,1
1770606259.1885753,BIT,1
1770606259.1885753,BIT,0
1770606259.1885753,BIT,1
1770606259.1885753,BIT,1
1770606259.1885753,BIT,0
1770606259.1885753,BIT,1
1770606259.1885753,BIT,0
1770606259.1885753,BIT,1
1770606259.1885753,BIT,0
1770606259.1885753,BIT,1
1770606259.3868294,BIT,0
1770606259.3868294,BIT,1
1770606259.3868294,BIT,0
1770606259.3868294,BIT,1
1770606259.3868294,BIT,0
1770606259.3868294,BIT,0
1770606259.3868294,BIT,1
1770606259.3868294,BIT,1
1770606259.3868294,BIT,1
1770606259.3868294,BIT,1
1770606259.545183,BIT,1
1770606259.545183,BIT,0
1770606259.545183,BIT,0
1770606259.545183,BIT,1
1770606259.545183,BIT,0
1770606259.545183,BIT,1
1770606259.545183,BIT,0
1770606259.545183,BIT,1
1770606259.545183,BIT,0
1770606259.545183,BIT,0
1770606259.7230577,BIT,0
1770606259.7230577,BIT,1
1770606259.7230577,BIT,0
1770606259.7230577,BIT,1
1770606259.7230577,BIT,1
1770606259.7230577,BIT,1
1770606259.7230577,BIT,1
1770606259.7230577,BIT,1
1770606259.7230577,BIT,1
1770606259.7230577,BIT,1
1770606259.8937917,BIT,1
1770606259.8937917,BIT,0
1770606259.8937917,BIT,1
1770606259.8937917,BIT,1
1770606259.8937917,BIT,0
1770606259.8937917,BIT,1
1770606259.8937917,BIT,0
1770606259.8937917,BIT,1
1770606259.8937917,BIT,1
1770606259.8937917,BIT,1
1770606260.055681,BIT,0
1770606260.055681,BIT,1
1770606260.055681,BIT,1
1770606260.055681,BIT,0
1770606260.055681,BIT,0
1770606260.055681,BIT,1
1770606260.055681,BIT,0
1770606260.055681,BIT,1
1770606260.055681,BIT,0
1770606260.055681,BIT,1
1770606260.2217805,BIT,1
1770606260.2217805,BIT,1
1770606260.2217805,BIT,0
1770606260.2217805,BIT,0
1770606260.2217805,BIT,1
1770606260.2217805,BIT,1
1770606260.2217805,BIT,1
1770606260.2217805,BIT,0
1770606260.2217805,BIT,1
1770606260.2217805,BIT,1
1770606260.4149358,BIT,1
1770606260.4149358,BIT,0
1770606260.4149358,BIT,1
1770606260.4149358,BIT,1
1770606260.4149358,BIT,0
1770606260.4149358,BIT,1
1770606260.4149358,BIT,0
1770606260.4149358,BIT,1
1770606260.4149358,BIT,0
1770606260.4149358,BIT,1
1770606260.6191528,BIT,0
1770606260.6191528,BIT,1
1770606260.6191528,BIT,1
1770606260.6191528,BIT,0
1770606260.6191528,BIT,1
1770606260.6191528,BIT,1
1770606260.6191528,BIT,0
1770606260.6191528,BIT,1
1770606260.6191528,BIT,0
1770606260.6191528,BIT,1
1770606260.8290687,BIT,1
1770606260.8290687,BIT,0
1770606260.8290687,BIT,0
1770606260.8290687,BIT,1
1770606260.8290687,BIT,1
1770606260.8290687,BIT,1
1770606260.8290687,BIT,1
1770606260.8290687,BIT,0
1770606260.8290687,BIT,1
1770606260.8290687,BIT,0
1770606261.2235975,BIT,1
1770606261.2235975,BIT,0
1770606261.2235975,BIT,0
1770606261.2235975,BIT,1
1770606261.2235975,BIT,1
1770606261.2235975,BIT,1
1770606261.2235975,BIT,1
1770606261.2235975,BIT,0
1770606261.2235975,BIT,1
1770606261.2235975,BIT,0
1770606261.5915613,BIT,0
1770606261.5915613,BIT,0
1770606261.5915613,BIT,0
1770606261.5915613,BIT,0
1770606261.5915613,BIT,0
1770606261.5915613,BIT,0
1770606261.5915613,BIT,0
1770606261.5915613,BIT,0
1770606261.5915613,BIT,0
1770606261.5915613,BIT,0
1770606261.8829963,BIT,0
1770606261.8829963,BIT,0
1770606261.8829963,BIT,1
1770606261.8829963,BIT,1
1770606261.8829963,BIT,0
1770606261.8829963,BIT,1
1770606261.8829963,BIT,0
1770606261.8829963,BIT,1
1770606261.8829963,BIT,1
1770606261.8829963,BIT,1
1770606262.2064927,BIT,1
1770606262.2064927,BIT,0
1770606262.2064927,BIT,0
1770606262.2064927,BIT,1
1770606262.2064927,BIT,0
1770606262.2064927,BIT,0
1770606262.2064927,BIT,0
1770606262.2064927,BIT,1
1770606262.2064927,BIT,0
1770606262.2064927,BIT,1
1770606262.4979827,BIT,1
1770606262.4979827,BIT,1
1770606262.4979827,BIT,0
1770606262.4979827,BIT,1
1770606262.4979827,BIT,0
1770606262.4979827,BIT,1
1770606262.4979827,BIT,1
1770606262.4979827,BIT,1
1770606262.4979827,BIT,1
1770606262.4979827,BIT,0
1770606262.9038262,BIT,0
1770606262.9038262,BIT,1
1770606262.9038262,BIT,1
1770606262.9038262,BIT,0
1770606262.9038262,BIT,0
1770606262.9038262,BIT,0
1770606262.9038262,BIT,1
1770606262.9038262,BIT,0
1770606262.9038262,BIT,0
1770606262.9038262,BIT,0
1770606263.1886065,BIT,1
1770606263.1886065,BIT,1
1770606263.1886065,BIT,1
1770606263.1886065,BIT,0
1770606263.1886065,BIT,0
1770606263.1886065,BIT,0
1770606263.1886065,BIT,0
1770606263.1886065,BIT,0
1770606263.1886065,BIT,0
1770606263.1886065,BIT,0
1770606263.4254894,BIT,1
1770606263.4254894,BIT,1
1770606263.4254894,BIT,0
1770606263.4254894,BIT,1
1770606263.4254894,BIT,0
1770606263.4254894,BIT,0
1770606263.4254894,BIT,0
1770606263.4254894,BIT,1
1770606263.4254894,BIT,0
1770606263.4254894,BIT,1
1770606263.6364338,BIT,0
1770606263.6364338,BIT,0
1770606263.6364338,BIT,0
1770606263.6364338,BIT,1
1770606263.6364338,BIT,0
1770606263.6364338,BIT,0
1770606263.6364338,BIT,0
1770606263.6364338,BIT,1
1770606263.6364338,BIT,1
1770606263.6364338,BIT,1
1770606263.8577807,BIT,0
1770606263.8577807,BIT,0
1770606263.8577807,BIT,1
1770606263.8577807,BIT,1
1770606263.8577807,BIT,0
1770606263.8577807,BIT,0
1770606263.8577807,BIT,0
1770606263.8577807,BIT,1
1770606263.8577807,BIT,0
1770606263.8577807,BIT,1
1770606264.0403736,BIT,1
1770606264.0403736,BIT,1
1770606264.0403736,BIT,1
1770606264.0403736,BIT,1
1770606264.0403736,BIT,0
1770606264.0403736,BIT,0
1770606264.0403736,BIT,0
1770606264.0403736,BIT,1
1770606264.0403736,BIT,0
1770606264.0403736,BIT,0
1770606264.2512279,BIT,0
1770606264.2512279,BIT,0
1770606264.2512279,BIT,0
1770606264.2512279,BIT,0
1770606264.2512279,BIT,0
1770606264.2512279,BIT,0
1770606264.2512279,BIT,1
1770606264.2512279,BIT,1
1770606264.2512279,BIT,1
1770606264.2512279,BIT,1
1770606264.4516363,BIT,0
1770606264.4516363,BIT,0
1770606264.4516363,BIT,0
1770606264.4516363,BIT,1
1770606264.4516363,BIT,0
1770606264.4516363,BIT,1
1770606264.4516363,BIT,0
1770606264.4516363,BIT,1
1770606264.4516363,BIT,0
1770606264.4516363,BIT,0
1770606264.7031379,BIT,1
1770606264.7031379,BIT,1
1770606264.7031379,BIT,1
1770606264.7031379,BIT,0
1770606264.7031379,BIT,1
1770606264.7031379,BIT,1
1770606264.7031379,BIT,1
1770606264.7031379,BIT,1
1770606264.7031379,BIT,1
1770606264.7031379,BIT,1
1770606264.9359488,BIT,1
1770606264.9359488,BIT,0
1770606264.9359488,BIT,0
1770606264.9359488,BIT,1
1770606264.9359488,BIT,0
1770606264.9359488,BIT,1
1770606264.9359488,BIT,1
1770606264.9359488,BIT,0
1770606264.9359488,BIT,1
1770606264.9359488,BIT,1
1770606265.1701267,BIT,1
1770606265.1701267,BIT,0
1770606265.1701267,BIT,0
1770606265.1701267,BIT,1
1770606265.1701267,BIT,1
1770606265.1701267,BIT,1
1770606265.1701267,BIT,1
1770606265.1701267,BIT,1
1770606265.1701267,BIT,1
1770606265.1701267,BIT,0
1770606265.3944418,BIT,1
1770606265.3944418,BIT,1
1770606265.3944418,BIT,1
1770606265.3944418,BIT,0
1770606265.3944418,BIT,0
1770606265.3944418,BIT,1
1770606265.3944418,BIT,1
1770606265.3944418,BIT,0
1770606265.3944418,BIT,1
1770606265.3944418,BIT,0
1770606265.5965428,BIT,0
1770606265.5965428,BIT,1
1770606265.5965428,BIT,1
1770606265.5965428,BIT,1
1770606265.5965428,BIT,0
1770606265.5965428,BIT,0
1770606265.5965428,BIT,0
1770606265.5965428,BIT,1
1770606265.5965428,BIT,1
1770606265.5965428,BIT,0
1770606265.787153,BIT,0
1770606265.787153,BIT,1
1770606265.787153,BIT,1
1770606265.787153,BIT,1
1770606265.787153,BIT,1
1770606265.787153,BIT,0
1770606265.787153,BIT,0
1770606265.787153,BIT,0
1770606265.787153,BIT,0
1770606265.787153,BIT,0
1770606266.0161123,BIT,0
1770606266.0161123,BIT,1
1770606266.0161123,BIT,1
1770606266.0161123,BIT,1
1770606266.0161123,BIT,0
1770606266.0161123,BIT,0
1770606266.0161123,BIT,1
1770606266.0161123,BIT,0
1770606266.0161123,BIT,1
1770606266.0161123,BIT,1
1770606266.2328982,BIT,0
1770606266.2328982,BIT,1
1770606266.2328982,BIT,1
1770606266.2328982,BIT,0
1770606266.2328982,BIT,0
1770606266.2328982,BIT,0
1770606266.2328982,BIT,1
1770606266.2328982,BIT,0
1770606266.2328982,BIT,1
1770606266.2328982,BIT,1
1770606266.4735873,BIT,0
1770606266.4735873,BIT,0
1770606266.4735873,BIT,1
1770606266.4735873,BIT,0
1770606266.4735873,BIT,0
1770606266.4735873,BIT,0
1770606266.4735873,BIT,0
1770606266.4735873,BIT,1
1770606266.4735873,BIT,1
1770606266.4735873,BIT,0
1770606266.7024667,BIT,1
1770606266.7024667,BIT,0
1770606266.7024667,BIT,0
1770606266.7024667,BIT,1
1770606266.7024667,BIT,1
1770606266.7024667,BIT,1
1770606266.7024667,BIT,0
1770606266.7024667,BIT,1
1770606266.7024667,BIT,0
1770606266.7024667,BIT,1
1770606266.9785516,BIT,0
1770606266.9785516,BIT,0
1770606266.9785516,BIT,0
1770606266.9785516,BIT,1
1770606266.9785516,BIT,1
1770606266.9785516,BIT,1
1770606266.9785516,BIT,1
1770606266.9785516,BIT,1
1770606266.9785516,BIT,1
1770606266.9785516,BIT,1
1770606267.2105012,BIT,1
1770606267.2105012,BIT,0
1770606267.2105012,BIT,0
1770606267.2105012,BIT,0
1770606267.2105012,BIT,0
1770606267.2105012,BIT,1
1770606267.2105012,BIT,1
1770606267.2105012,BIT,1
1770606267.2105012,BIT,1
1770606267.2105012,BIT,0
1770606267.43852,BIT,0
1770606267.43852,BIT,1
1770606267.43852,BIT,0
1770606267.43852,BIT,1
1770606267.43852,BIT,0
1770606267.43852,BIT,1
1770606267.43852,BIT,0
1770606267.43852,BIT,0
1770606267.43852,BIT,0
1770606267.43852,BIT,0
1770606267.705601,BIT,0
1770606267.705601,BIT,0
1770606267.705601,BIT,0
1770606267.705601,BIT,1
1770606267.705601,BIT,1
1770606267.705601,BIT,1
1770606267.705601,BIT,1
1770606267.705601,BIT,1
1770606267.705601,BIT,1
1770606267.705601,BIT,1
1770606267.9931674,BIT,0
1770606267.9931674,BIT,0
1770606267.9931674,BIT,1
1770606267.9931674,BIT,1
1770606267.9931674,BIT,0
1770606267.9931674,BIT,1
1770606267.9931674,BIT,1
1770606267.9931674,BIT,0
1770606267.9931674,BIT,1
1770606267.9931674,BIT,1
1770606268.307891,BIT,1
1770606268.307891,BIT,0
1770606268.307891,BIT,0
1770606268.307891,BIT,1
1770606268.307891,BIT,1
1770606268.307891,BIT,1
1770606268.307891,BIT,1
1770606268.307891,BIT,1
1770606268.307891,BIT,1
1770606268.307891,BIT,1
1770606268.6868956,BIT,1
1770606268.6868956,BIT,1
1770606268.6868956,BIT,1
1770606268.6868956,BIT,1
1770606268.6868956,BIT,0
1770606268.6868956,BIT,0
1770606268.6868956,BIT,0
1770606268.6868956,BIT,1
1770606268.6868956,BIT,0
1770606268.6868956,BIT,0
1770606268.9550557,BIT,1
1770606268.9550557,BIT,0
1770606268.9550557,BIT,0
1770606268.9550557,BIT,0
1770606268.9550557,BIT,0
1770606268.9550557,BIT,1
1770606268.9550557,BIT,1
1770606268.9550557,BIT,0
1770606268.9550557,BIT,1
1770606268.9550557,BIT,0
1770606269.178264,BIT,1
1770606269.178264,BIT,1
1770606269.178264,BIT,0
1770606269.178264,BIT,0
1770606269.178264,BIT,1
1770606269.178264,BIT,0
1770606269.178264,BIT,0
1770606269.178264,BIT,0
1770606269.178264,BIT,1
1770606269.178264,BIT,1
1770606269.4070313,BIT,0
1770606269.4070313,BIT,1
1770606269.4070313,BIT,0
1770606269.4070313,BIT,1
1770606269.4070313,BIT,0
1770606269.4070313,BIT,0
1770606269.4070313,BIT,0
1770606269.4070313,BIT,1
1770606269.4070313,BIT,1
1770606269.4070313,BIT,1
1770606269.615351,BIT,1
1770606269.615351,BIT,0
1770606269.615351,BIT,0
1770606269.615351,BIT,1
1770606269.615351,BIT,0
1770606269.615351,BIT,0
1770606269.615351,BIT,0
1770606269.615351,BIT,0
1770606269.615351,BIT,0
1770606269.615351,BIT,1
1770606269.81027,BIT,1
1770606269.81027,BIT,1
1770606269.81027,BIT,1
1770606269.81027,BIT,0
1770606269.81027,BIT,1
1770606269.81027,BIT,1
1770606269.81027,BIT,1
1770606269.81027,BIT,1
1770606269.81027,BIT,0
1770606269.81027,BIT,0
1770606270.0358438,BIT,1
1770606270.0358438,BIT,1
1770606270.0358438,BIT,0
1770606270.0358438,BIT,0
1770606270.0358438,BIT,1
1770606270.0358438,BIT,1
1770606270.0358438,BIT,1
1770606270.0358438,BIT,1
1770606270.0358438,BIT,1
1770606270.0358438,BIT,1
1770606270.2622898,BIT,1
1770606270.2622898,BIT,1
1770606270.2622898,BIT,1
1770606270.2622898,BIT,1
1770606270.2622898,BIT,1
1770606270.2622898,BIT,0
1770606270.2622898,BIT,0
1770606270.2622898,BIT,1
1770606270.2622898,BIT,1
1770606270.2622898,BIT,1
1770606270.5019393,BIT,1
1770606270.5019393,BIT,0
1770606270.5019393,BIT,0
1770606270.5019393,BIT,1
1770606270.5019393,BIT,1
1770606270.5019393,BIT,0
1770606270.5019393,BIT,1
1770606270.5019393,BIT,1
1770606270.5019393,BIT,0
1770606270.5019393,BIT,0
1770606270.6984427,BIT,1
1770606270.6984427,BIT,1
1770606270.6984427,BIT,0
1770606270.6984427,BIT,1
1770606270.6984427,BIT,0
1770606270.6984427,BIT,1
1770606270.6984427,BIT,1
1770606270.6984427,BIT,1
1770606270.6984427,BIT,0
1770606270.6984427,BIT,0
1770606270.8912365,BIT,1
1770606270.8912365,BIT,0
1770606270.8912365,BIT,1
1770606270.8912365,BIT,1
1770606270.8912365,BIT,1
1770606270.8912365,BIT,0
1770606270.8912365,BIT,1
1770606270.8912365,BIT,1
1770606270.8912365,BIT,0
1770606270.8912365,BIT,0
1770606271.1013303,BIT,0
1770606271.1013303,BIT,0
1770606271.1013303,BIT,1
1770606271.1013303,BIT,1
1770606271.1013303,BIT,1
1770606271.1013303,BIT,0
1770606271.1013303,BIT,0
1770606271.1013303,BIT,1
1770606271.1013303,BIT,0
1770606271.1013303,BIT,1
1770606271.2884293,BIT,1
1770606271.2884293,BIT,1
1770606271.2884293,BIT,0
1770606271.2884293,BIT,1
1770606271.2884293,BIT,1
1770606271.2884293,BIT,1
1770606271.2884293,BIT,1
1770606271.2884293,BIT,0
1770606271.2884293,BIT,0
1770606271.2884293,BIT,0
1770606271.5211754,BIT,0
1770606271.5211754,BIT,0
1770606271.5211754,BIT,0
1770606271.5211754,BIT,1
1770606271.5211754,BIT,0
1770606271.5211754,BIT,0
1770606271.5211754,BIT,1
1770606271.5211754,BIT,1
1770606271.5211754,BIT,0
1770606271.5211754,BIT,0
1770606271.7330365,BIT,0
1770606271.7330365,BIT,1
1770606271.7330365,BIT,1
1770606271.7330365,BIT,1
1770606271.7330365,BIT,1
1770606271.7330365,BIT,0
1770606271.7330365,BIT,1
1770606271.7330365,BIT,0
1770606271.7330365,BIT,0
1770606271.7330365,BIT,0
1770606271.9271047,BIT,0
1770606271.9271047,BIT,1
1770606271.9271047,BIT,0
1770606271.9271047,BIT,0
1770606271.9271047,BIT,0
1770606271.9271047,BIT,1
1770606271.9271047,BIT,0
1770606271.9271047,BIT,0
1770606271.9271047,BIT,0
1770606271.9271047,BIT,0
1770606272.1108148,BIT,1
1770606272.1108148,BIT,1
1770606272.1108148,BIT,0
1770606272.1108148,BIT,1
1770606272.1108148,BIT,0
1770606272.1108148,BIT,0
1770606272.1108148,BIT,1
1770606272.1108148,BIT,1
1770606272.1108148,BIT,0
1770606272.1108148,BIT,1
1770606272.3025684,BIT,1
1770606272.3025684,BIT,0
1770606272.3025684,BIT,1
1770606272.3025684,BIT,0
1770606272.3025684,BIT,0
1770606272.3025684,BIT,0
1770606272.3025684,BIT,0
1770606272.3025684,BIT,1
1770606272.3025684,BIT,0
1770606272.3025684,BIT,1
1770606272.5107374,BIT,1
1770606272.5107374,BIT,0
1770606272.5107374,BIT,1
1770606272.5107374,BIT,0
1770606272.5107374,BIT,1
1770606272.5107374,BIT,0
1770606272.5107374,BIT,1
1770606272.5107374,BIT,1
1770606272.5107374,BIT,1
1770606272.5107374,BIT,0
1770606272.7057385,BIT,0
1770606272.7057385,BIT,1
1770606272.7057385,BIT,0
1770606272.7057385,BIT,0
1770606272.7057385,BIT,1
1770606272.7057385,BIT,1
1770606272.7057385,BIT,1
1770606272.7057385,BIT,0
1770606272.7057385,BIT,1
1770606272.7057385,BIT,0
1770606272.9120507,BIT,0
1770606272.9120507,BIT,1
1770606272.9120507,BIT,1
1770606272.9120507,BIT,1
1770606272.9120507,BIT,1
1770606272.9120507,BIT,0
1770606272.9120507,BIT,1
1770606272.9120507,BIT,0
1770606272.9120507,BIT,1
1770606272.9120507,BIT,1
1770606273.1062782,BIT,0
1770606273.1062782,BIT,0
1770606273.1062782,BIT,0
1770606273.1062782,BIT,0
1770606273.1062782,BIT,1
1770606273.1062782,BIT,1
1770606273.1062782,BIT,1
1770606273.1062782,BIT,0
1770606273.1062782,BIT,0
1770606273.1062782,BIT,1
1770606273.3306103,BIT,1
1770606273.3306103,BIT,1
1770606273.3306103,BIT,1
1770606273.3306103,BIT,0
1770606273.3306103,BIT,1
1770606273.3306103,BIT,0
1770606273.3306103,BIT,1
1770606273.3306103,BIT,0
1770606273.3306103,BIT,1
1770606273.3306103,BIT,1
1770606273.6492858,BIT,1
1770606273.6492858,BIT,0
1770606273.6492858,BIT,1
1770606273.6492858,BIT,1
1770606273.6492858,BIT,1
1770606273.6492858,BIT,0
1770606273.6492858,BIT,1
1770606273.6492858,BIT,0
1770606273.6492858,BIT,0
1770606273.6492858,BIT,0
1770606273.968036,BIT,1
1770606273.968036,BIT,0
1770606273.968036,BIT,0
1770606273.968036,BIT,0
1770606273.968036,BIT,1
1770606273.968036,BIT,0
1770606273.968036,BIT,1
1770606273.968036,BIT,1
1770606273.968036,BIT,1
1770606273.968036,BIT,1
1770606274.3770297,BIT,0
1770606274.3770297,BIT,1
1770606274.3770297,BIT,1
1770606274.3770297,BIT,0
1770606274.3770297,BIT,0
1770606274.3770297,BIT,1
1770606274.3770297,BIT,0
1770606274.3770297,BIT,0
1770606274.3770297,BIT,0
1770606274.3770297,BIT,1
1770606274.6477766,BIT,1
1770606274.6477766,BIT,0
1770606274.6477766,BIT,1
1770606274.6477766,BIT,1
1770606274.6477766,BIT,0
1770606274.6477766,BIT,0
1770606274.6477766,BIT,0
1770606274.6477766,BIT,0
1770606274.6477766,BIT,1
1770606274.6477766,BIT,1
1770606274.9142447,BIT,1
1770606274.9142447,BIT,0
1770606274.9142447,BIT,0
1770606274.9142447,BIT,1
1770606274.9142447,BIT,1
1770606274.9142447,BIT,1
1770606274.9142447,BIT,1
1770606274.9142447,BIT,0
1770606274.9142447,BIT,0
1770606274.9142447,BIT,1
1770606275.1900136,BIT,0
1770606275.1900136,BIT,0
1770606275.1900136,BIT,1
1770606275.1900136,BIT,0
1770606275.1900136,BIT,1
1770606275.1900136,BIT,1
1770606275.1900136,BIT,0
1770606275.1900136,BIT,1
1770606275.1900136,BIT,1
1770606275.1900136,BIT,1
1770606275.4113786,BIT,1
1770606275.4113786,BIT,0
1770606275.4113786,BIT,0
1770606275.4113786,BIT,1
1770606275.4113786,BIT,1
1770606275.4113786,BIT,1
1770606275.4113786,BIT,0
1770606275.4113786,BIT,0
1770606275.4113786,BIT,0
1770606275.4113786,BIT,1
1770606275.6145096,BIT,1
1770606275.6145096,BIT,1
1770606275.6145096,BIT,1
1770606275.6145096,BIT,1
1770606275.6145096,BIT,0
1770606275.6145096,BIT,1
1770606275.6145096,BIT,0
1770606275.6145096,BIT,1
1770606275.6145096,BIT,0
1770606275.6145096,BIT,1
1770606275.814471,BIT,0
1770606275.814471,BIT,1
1770606275.814471,BIT,1
1770606275.814471,BIT,1
1770606275.814471,BIT,0
1770606275.814471,BIT,1
1770606275.814471,BIT,0
1770606275.814471,BIT,0
1770606275.814471,BIT,0
1770606275.814471,BIT,0
1770606276.0246646,BIT,0
1770606276.0246646,BIT,1
1770606276.0246646,BIT,1
1770606276.0246646,BIT,0
1770606276.0246646,BIT,1
1770606276.0246646,BIT,1
1770606276.0246646,BIT,0
1770606276.0246646,BIT,0
1770606276.0246646,BIT,1
1770606276.0246646,BIT,0
1770606276.3054838,BIT,0
1770606276.3054838,BIT,1
1770606276.3054838,BIT,1
1770606276.3054838,BIT,1
1770606276.3054838,BIT,1
1770606276.3054838,BIT,1
1770606276.3054838,BIT,1
1770606276.3054838,BIT,0
1770606276.3054838,BIT,1
1770606276.3054838,BIT,1
1770606276.5580096,BIT,1
1770606276.5580096,BIT,1
1770606276.5580096,BIT,0
1770606276.5580096,BIT,1
1770606276.5580096,BIT,1
1770606276.5580096,BIT,1
1770606276.5580096,BIT,0
1770606276.5580096,BIT,0
1770606276.5580096,BIT,0
1770606276.5580096,BIT,0
1770606276.7791445,BIT,1
1770606276.7791445,BIT,0
1770606276.7791445,BIT,0
1770606276.7791445,BIT,0
1770606276.7791445,BIT,1
1770606276.7791445,BIT,0
1770606276.7791445,BIT,0
1770606276.7791445,BIT,0
1770606276.7791445,BIT,0
1770606276.7791445,BIT,0
1770606277.0071595,BIT,0
1770606277.0071595,BIT,0
1770606277.0071595,BIT,1
1770606277.0071595,BIT,0
1770606277.0071595,BIT,0
1770606277.0071595,BIT,0
1770606277.0071595,BIT,0
1770606277.0071595,BIT,0
1770606277.0071595,BIT,0
1770606277.0071595,BIT,0
1770606277.2471516,BIT,1
1770606277.2471516,BIT,0
1770606277.2471516,BIT,1
1770606277.2471516,BIT,1
1770606277.2471516,BIT,1
1770606277.2471516,BIT,1
1770606277.2471516,BIT,1
1770606277.2471516,BIT,1
1770606277.2471516,BIT,0
1770606277.2471516,BIT,1
1770606277.48034,BIT,1
1770606277.48034,BIT,0
1770606277.48034,BIT,0
1770606277.48034,BIT,1
1770606277.48034,BIT,1
1770606277.48034,BIT,0
1770606277.48034,BIT,1
1770606277.48034,BIT,1
1770606277.48034,BIT,0
1770606277.48034,BIT,0
1770606277.7710445,BIT,0
1770606277.7710445,BIT,1
1770606277.7710445,BIT,1
1770606277.7710445,BIT,1
1770606277.7710445,BIT,1
1770606277.7710445,BIT,1
1770606277.7710445,BIT,1
1770606277.7710445,BIT,0
1770606277.7710445,BIT,0
1770606277.7710445,BIT,1
1770606278.0083258,BIT,0
1770606278.0083258,BIT,0
1770606278.0083258,BIT,1
1770606278.0083258,BIT,0
1770606278.0083258,BIT,0
1770606278.0083258,BIT,0
1770606278.0083258,BIT,1
1770606278.0083258,BIT,0
1770606278.0083258,BIT,0
1770606278.0083258,BIT,0
1770606278.295562,BIT,1
1770606278.295562,BIT,0
1770606278.295562,BIT,0
1770606278.295562,BIT,1
1770606278.295562,BIT,0
1770606278.295562,BIT,1
1770606278.295562,BIT,0
1770606278.295562,BIT,0
1770606278.295562,BIT,1
1770606278.295562,BIT,1
1770606278.5717986,BIT,0
1770606278.5717986,BIT,1
1770606278.5717986,BIT,1
1770606278.5717986,BIT,1
1770606278.5717986,BIT,0
1770606278.5717986,BIT,0
1770606278.5717986,BIT,0
1770606278.5717986,BIT,1
1770606278.5717986,BIT,1
1770606278.5717986,BIT,0
1770606278.8222656,BIT,1
1770606278.8222656,BIT,0
1770606278.8222656,BIT,1
1770606278.8222656,BIT,0
1770606278.8222656,BIT,0
1770606278.8222656,BIT,1
1770606278.8222656,BIT,1
1770606278.8222656,BIT,1
1770606278.8222656,BIT,1
1770606278.8222656,BIT,1
1770606279.07251,BIT,0
1770606279.07251,BIT,0
1770606279.07251,BIT,0
1770606279.07251,BIT,0
1770606279.07251,BIT,0
1770606279.07251,BIT,1
1770606279.07251,BIT,1
1770606279.07251,BIT,1
1770606279.07251,BIT,1
1770606279.07251,BIT,1
1770606279.2689006,BIT,1
1770606279.2689006,BIT,0
1770606279.2689006,BIT,1
1770606279.2689006,BIT,0
1770606279.2689006,BIT,1
1770606279.2689006,BIT,1
1770606279.2689006,BIT,0
1770606279.2689006,BIT,0
1770606279.2689006,BIT,1
1770606279.2689006,BIT,1
1770606279.4638014,BIT,1
1770606279.4638014,BIT,1
1770606279.4638014,BIT,0
1770606279.4638014,BIT,1
1770606279.4638014,BIT,1
1770606279.4638014,BIT,1
1770606279.4638014,BIT,0
1770606279.4638014,BIT,0
1770606279.4638014,BIT,0
1770606279.4638014,BIT,0
1770606279.6304722,BIT,1
1770606279.6304722,BIT,0
1770606279.6304722,BIT,0
1770606279.6304722,BIT,0
1770606279.6304722,BIT,1
1770606279.6304722,BIT,1
1770606279.6304722,BIT,0
1770606279.6304722,BIT,1
1770606279.6304722,BIT,1
1770606279.6304722,BIT,1
1770606279.8385491,BIT,1
1770606279.8385491,BIT,1
1770606279.8385491,BIT,0
1770606279.8385491,BIT,1
1770606279.8385491,BIT,0
1770606279.8385491,BIT,1
1770606279.8385491,BIT,1
1770606279.8385491,BIT,0
1770606279.8385491,BIT,0
1770606279.8385491,BIT,0
1770606280.0328205,BIT,1
1770606280.0328205,BIT,1
1770606280.0328205,BIT,1
1770606280.0328205,BIT,1
1770606280.0328205,BIT,0
1770606280.0328205,BIT,0
1770606280.0328205,BIT,0
1770606280.0328205,BIT,1
1770606280.0328205,BIT,1
1770606280.0328205,BIT,1
1770606280.229069,BIT,0
1770606280.229069,BIT,0
1770606280.229069,BIT,0
1770606280.229069,BIT,0
1770606280.229069,BIT,0
1770606280.229069,BIT,0
1770606280.229069,BIT,1
1770606280.229069,BIT,0
1770606280.229069,BIT,0
1770606280.229069,BIT,1
1770606280.4251163,BIT,1
1770606280.4251163,BIT,0
1770606280.4251163,BIT,0
1770606280.4251163,BIT,1
1770606280.4251163,BIT,1
1770606280.4251163,BIT,0
1770606280.4251163,BIT,1
1770606280.4251163,BIT,0
1770606280.4251163,BIT,0
1770606280.4251163,BIT,0
1770606280.6102204,BIT,1
1770606280.6102204,BIT,1
1770606280.6102204,BIT,0
1770606280.6102204,BIT,1
1770606280.6102204,BIT,0
1770606280.6102204,BIT,1
1770606280.6102204,BIT,1
1770606280.6102204,BIT,0
1770606280.6102204,BIT,1
1770606280.6102204,BIT,0
1770606280.8068793,BIT,0
1770606280.8068793,BIT,0
1770606280.8068793,BIT,0
1770606280.8068793,BIT,1
1770606280.8068793,BIT,1
1770606280.8068793,BIT,1
1770606280.8068793,BIT,1
1770606280.8068793,BIT,0
1770606280.8068793,BIT,1
1770606280.8068793,BIT,0
1770606281.01648,BIT,0
1770606281.01648,BIT,1
1770606281.01648,BIT,0
1770606281.01648,BIT,1
1770606281.01648,BIT,1
1770606281.01648,BIT,1
1770606281.01648,BIT,0
1770606281.01648,BIT,1
1770606281.01648,BIT,0
1770606281.01648,BIT,0
1770606281.2218413,BIT,1
1770606281.2218413,BIT,0
1770606281.2218413,BIT,1
1770606281.2218413,BIT,0
1770606281.2218413,BIT,1
1770606281.2218413,BIT,1
1770606281.2218413,BIT,1
1770606281.2218413,BIT,1
1770606281.2218413,BIT,0
1770606281.2218413,BIT,1
1770606281.4287205,BIT,0
1770606281.4287205,BIT,0
1770606281.4287205,BIT,1
1770606281.4287205,BIT,0
1770606281.4287205,BIT,1
1770606281.4287205,BIT,0
1770606281.4287205,BIT,1
1770606281.4287205,BIT,1
1770606281.4287205,BIT,1
1770606281.4287205,BIT,1
1770606281.6233077,BIT,1
1770606281.6233077,BIT,1
1770606281.6233077,BIT,1
1770606281.6233077,BIT,1
1770606281.6233077,BIT,1
1770606281.6233077,BIT,1
1770606281.6233077,BIT,0
1770606281.6233077,BIT,0
1770606281.6233077,BIT,0
1770606281.6233077,BIT,0
1770606281.8196218,BIT,1
1770606281.8196218,BIT,0
1770606281.8196218,BIT,1
1770606281.8196218,BIT,1
1770606281.8196218,BIT,1
1770606281.8196218,BIT,0
1770606281.8196218,BIT,1
1770606281.8196218,BIT,1
1770606281.8196218,BIT,1
1770606281.8196218,BIT,0
1770606282.0559494,BIT,0
1770606282.0559494,BIT,0
1770606282.0559494,BIT,1
1770606282.0559494,BIT,1
1770606282.0559494,BIT,0
1770606282.0559494,BIT,0
1770606282.0559494,BIT,0
1770606282.0559494,BIT,0
1770606282.0559494,BIT,1
1770606282.0559494,BIT,0
1770606282.2888403,BIT,1
1770606282.2888403,BIT,1
1770606282.2888403,BIT,0
1770606282.2888403,BIT,0
1770606282.2888403,BIT,1
1770606282.2888403,BIT,1
1770606282.2888403,BIT,0
1770606282.2888403,BIT,0
1770606282.2888403,BIT,0
1770606282.2888403,BIT,0
1770606282.5427032,BIT,0
1770606282.5427032,BIT,0
1770606282.5427032,BIT,1
1770606282.5427032,BIT,0
1770606282.5427032,BIT,1
1770606282.5427032,BIT,1
1770606282.5427032,BIT,0
1770606282.5427032,BIT,1
1770606282.5427032,BIT,1
1770606282.5427032,BIT,0
1770606282.7717235,BIT,0
1770606282.7717235,BIT,1
1770606282.7717235,BIT,1
1770606282.7717235,BIT,0
1770606282.7717235,BIT,0
1770606282.7717235,BIT,0
1770606282.7717235,BIT,1
1770606282.7717235,BIT,1
1770606282.7717235,BIT,0
1770606282.7717235,BIT,0
1770606283.0005186,BIT,0
1770606283.0005186,BIT,1
1770606283.0005186,BIT,1
1770606283.0005186,BIT,0
1770606283.0005186,BIT,0
1770606283.0005186,BIT,1
1770606283.0005186,BIT,1
1770606283.0005186,BIT,1
1770606283.0005186,BIT,1
1770606283.0005186,BIT,1
1770606283.1797004,BIT,0
1770606283.1797004,BIT,1
1770606283.1797004,BIT,1
1770606283.1797004,BIT,1
1770606283.1797004,BIT,1
1770606283.1797004,BIT,0
1770606283.1797004,BIT,0
1770606283.1797004,BIT,0
1770606283.1797004,BIT,1
1770606283.1797004,BIT,1
1770606283.3727243,BIT,0
1770606283.3727243,BIT,1
1770606283.3727243,BIT,1
1770606283.3727243,BIT,1
1770606283.3727243,BIT,0
1770606283.3727243,BIT,0
1770606283.3727243,BIT,1
1770606283.3727243,BIT,1
1770606283.3727243,BIT,0
1770606283.3727243,BIT,1
1770606283.5467515,BIT,1
1770606283.5467515,BIT,1
1770606283.5467515,BIT,0
1770606283.5467515,BIT,0
1770606283.5467515,BIT,1
1770606283.5467515,BIT,1
1770606283.5467515,BIT,1
1770606283.5467515,BIT,1
1770606283.5467515,BIT,0
1770606283.5467515,BIT,1
1770606283.711967,BIT,1
1770606283.711967,BIT,0
1770606283.711967,BIT,0
1770606283.711967,BIT,1
1770606283.711967,BIT,0
1770606283.711967,BIT,1
1770606283.711967,BIT,0
1770606283.711967,BIT,0
1770606283.711967,BIT,1
1770606283.711967,BIT,1
1770606283.891743,BIT,0
1770606283.891743,BIT,1
1770606283.891743,BIT,1
1770606283.891743,BIT,1
1770606283.891743,BIT,0
1770606283.891743,BIT,1
1770606283.891743,BIT,1
1770606283.891743,BIT,1
1770606283.891743,BIT,1
1770606283.891743,BIT,1
1770606284.0448413,BIT,1
1770606284.0448413,BIT,1
1770606284.0448413,BIT,0
1770606284.0448413,BIT,1
1770606284.0448413,BIT,0
1770606284.0448413,BIT,0
1770606284.0448413,BIT,1
1770606284.0448413,BIT,0
1770606284.0448413,BIT,0
1770606284.0448413,BIT,0
1770606284.2894957,BIT,1
1770606284.2894957,BIT,0
1770606284.2894957,BIT,0
1770606284.2894957,BIT,0
1770606284.2894957,BIT,0
1770606284.2894957,BIT,1
1770606284.2894957,BIT,1
1770606284.2894957,BIT,0
1770606284.2894957,BIT,0
1770606284.2894957,BIT,0
1770606284.5166798,BIT,0
1770606284.5166798,BIT,1
1770606284.5166798,BIT,0
1770606284.5166798,BIT,0
1770606284.5166798,BIT,1
1770606284.5166798,BIT,1
1770606284.5166798,BIT,0
1770606284.5166798,BIT,1
1770606284.5166798,BIT,1
1770606284.5166798,BIT,0
1770606284.7252684,BIT,1
1770606284.7252684,BIT,1
1770606284.7252684,BIT,1
1770606284.7252684,BIT,0
1770606284.7252684,BIT,1
1770606284.7252684,BIT,0
1770606284.7252684,BIT,0
1770606284.7252684,BIT,0
1770606284.7252684,BIT,0
1770606284.7252684,BIT,1
1770606284.9296181,BIT,0
1770606284.9296181,BIT,1
1770606284.9296181,BIT,0
1770606284.9296181,BIT,0
1770606284.9296181,BIT,0
1770606284.9296181,BIT,1
1770606284.9296181,BIT,0
1770606284.9296181,BIT,0
1770606284.9296181,BIT,0
1770606284.9296181,BIT,1
1770606285.1006856,BIT,0
1770606285.1006856,BIT,1
1770606285.1006856,BIT,1
1770606285.1006856,BIT,1
1770606285.1006856,BIT,1
1770606285.1006856,BIT,0
1770606285.1006856,BIT,0
1770606285.1006856,BIT,0
1770606285.1006856,BIT,1
1770606285.1006856,BIT,1
1770606285.2620714,BIT,0
1770606285.2620714,BIT,1
1770606285.2620714,BIT,1
1770606285.2620714,BIT,0
1770606285.2620714,BIT,0
1770606285.2620714,BIT,0
1770606285.2620714,BIT,1
1770606285.2620714,BIT,1
1770606285.2620714,BIT,0
1770606285.2620714,BIT,0
1770606285.45709,BIT,1
1770606285.45709,BIT,0
1770606285.45709,BIT,1
1770606285.45709,BIT,1
1770606285.45709,BIT,1
1770606285.45709,BIT,1
1770606285.45709,BIT,1
1770606285.45709,BIT,0
1770606285.45709,BIT,1
1770606285.45709,BIT,1
1770606285.6390924,BIT,0
1770606285.6390924,BIT,1
1770606285.6390924,BIT,0
1770606285.6390924,BIT,1
1770606285.6390924,BIT,1
1770606285.6390924,BIT,1
1770606285.6390924,BIT,0
1770606285.6390924,BIT,1
1770606285.6390924,BIT,1
1770606285.6390924,BIT,0
1770606285.8235462,BIT,0
1770606285.8235462,BIT,1
1770606285.8235462,BIT,0
1770606285.8235462,BIT,0
1770606285.8235462,BIT,1
1770606285.8235462,BIT,1
1770606285.8235462,BIT,0
1770606285.8235462,BIT,0
1770606285.8235462,BIT,0
1770606285.8235462,BIT,1
1770606286.0133128,BIT,1
1770606286.0133128,BIT,0
1770606286.0133128,BIT,1
1770606286.0133128,BIT,1
1770606286.0133128,BIT,0
1770606286.0133128,BIT,0
1770606286.0133128,BIT,0
1770606286.0133128,BIT,1
1770606286.0133128,BIT,0
1770606286.0133128,BIT,0
1770606286.2364025,BIT,1
1770606286.2364025,BIT,0
1770606286.2364025,BIT,1
1770606286.2364025,BIT,1
1770606286.2364025,BIT,0
1770606286.2364025,BIT,0
1770606286.2364025,BIT,1
1770606286.2364025,BIT,1
1770606286.2364025,BIT,0
1770606286.2364025,BIT,0
1770606286.4706812,BIT,0
1770606286.4706812,BIT,0
1770606286.4706812,BIT,1
1770606286.4706812,BIT,0
1770606286.4706812,BIT,0
1770606286.4706812,BIT,1
1770606286.4706812,BIT,1
1770606286.4706812,BIT,0
1770606286.4706812,BIT,1
1770606286.4706812,BIT,0
1770606286.6718962,BIT,0
1770606286.6718962,BIT,1
1770606286.6718962,BIT,1
1770606286.6718962,BIT,1
1770606286.6718962,BIT,0
1770606286.6718962,BIT,0
1770606286.6718962,BIT,1
1770606286.6718962,BIT,0
1770606286.6718962,BIT,1
1770606286.6718962,BIT,0
1770606286.864843,BIT,0
1770606286.864843,BIT,1
1770606286.864843,BIT,0
1770606286.864843,BIT,0
1770606286.864843,BIT,1
1770606286.864843,BIT,1
1770606286.864843,BIT,1
1770606286.864843,BIT,0
1770606286.864843,BIT,1
1770606286.864843,BIT,0
1770606287.032944,BIT,0
1770606287.032944,BIT,1
1770606287.032944,BIT,0
1770606287.032944,BIT,0
1770606287.032944,BIT,0
1770606287.032944,BIT,1
1770606287.032944,BIT,1
1770606287.032944,BIT,1
1770606287.032944,BIT,0
1770606287.032944,BIT,0
1770606287.202081,BIT,1
1770606287.202081,BIT,0
1770606287.202081,BIT,0
1770606287.202081,BIT,0
1770606287.202081,BIT,1
1770606287.202081,BIT,0
1770606287.202081,BIT,0
1770606287.202081,BIT,0
1770606287.202081,BIT,0
1770606287.202081,BIT,1
1770606287.3911293,BIT,0
1770606287.3911293,BIT,1
1770606287.3911293,BIT,0
1770606287.3911293,BIT,0
1770606287.3911293,BIT,1
1770606287.3911293,BIT,0
1770606287.3911293,BIT,0
1770606287.3911293,BIT,0
1770606287.3911293,BIT,1
1770606287.3911293,BIT,1
1770606287.5722578,BIT,0
1770606287.5722578,BIT,1
1770606287.5722578,BIT,0
1770606287.5722578,BIT,1
1770606287.5722578,BIT,0
1770606287.5722578,BIT,1
1770606287.5722578,BIT,0
1770606287.5722578,BIT,0
1770606287.5722578,BIT,1
1770606287.5722578,BIT,1
1770606287.7335243,BIT,0
1770606287.7335243,BIT,0
1770606287.7335243,BIT,1
1770606287.7335243,BIT,1
1770606287.7335243,BIT,0
1770606287.7335243,BIT,1
1770606287.7335243,BIT,1
1770606287.7335243,BIT,0
1770606287.7335243,BIT,0
1770606287.7335243,BIT,1
1770606287.9090922,BIT,0
1770606287.9090922,BIT,0
1770606287.9090922,BIT,0
1770606287.9090922,BIT,1
1770606287.9090922,BIT,1
1770606287.9090922,BIT,0
1770606287.9090922,BIT,1
1770606287.9090922,BIT,0
1770606287.9090922,BIT,0
1770606287.9090922,BIT,1
1770606288.067169,BIT,0
1770606288.067169,BIT,0
1770606288.067169,BIT,1
1770606288.067169,BIT,1
1770606288.067169,BIT,0
1770606288.067169,BIT,1
1770606288.067169,BIT,0
1770606288.067169,BIT,0
1770606288.067169,BIT,0
1770606288.067169,BIT,1
1770606288.232165,BIT,1
1770606288.232165,BIT,1
1770606288.232165,BIT,0
1770606288.232165,BIT,1
1770606288.232165,BIT,1
1770606288.232165,BIT,1
1770606288.232165,BIT,0
1770606288.232165,BIT,0
1770606288.232165,BIT,0
1770606288.232165,BIT,1
1770606288.3927884,BIT,0
1770606288.3927884,BIT,1
1770606288.3927884,BIT,1
1770606288.3927884,BIT,0
1770606288.3927884,BIT,0
1770606288.3927884,BIT,0
1770606288.3927884,BIT,0
1770606288.3927884,BIT,0
1770606288.3927884,BIT,1
1770606288.3927884,BIT,1
1770606288.549818,BIT,1
1770606288.549818,BIT,1
1770606288.549818,BIT,0
1770606288.549818,BIT,0
1770606288.549818,BIT,0
1770606288.549818,BIT,1
1770606288.549818,BIT,1
1770606288.549818,BIT,1
1770606288.549818,BIT,1
1770606288.549818,BIT,1
1770606288.7214615,BIT,0
1770606288.7214615,BIT,0
1770606288.7214615,BIT,1
1770606288.7214615,BIT,1
1770606288.7214615,BIT,1
1770606288.7214615,BIT,0
1770606288.7214615,BIT,0
1770606288.7214615,BIT,1
1770606288.7214615,BIT,0
1770606288.7214615,BIT,1
1770606288.8935037,BIT,0
1770606288.8935037,BIT,1
1770606288.8935037,BIT,1
1770606288.8935037,BIT,0
1770606288.8935037,BIT,1
1770606288.8935037,BIT,0
1770606288.8935037,BIT,1
1770606288.8935037,BIT,1
1770606288.8935037,BIT,0
1770606288.8935037,BIT,1
1770606289.0558631,BIT,0
1770606289.0558631,BIT,0
1770606289.0558631,BIT,0
1770606289.0558631,BIT,1
1770606289.0558631,BIT,1
1770606289.0558631,BIT,0
1770606289.0558631,BIT,1
1770606289.0558631,BIT,0
1770606289.0558631,BIT,0
1770606289.0558631,BIT,0
1770606289.220319,BIT,1
1770606289.220319,BIT,0
1770606289.220319,BIT,1
1770606289.220319,BIT,0
1770606289.220319,BIT,0
1770606289.220319,BIT,1
1770606289.220319,BIT,1
1770606289.220319,BIT,0
1770606289.220319,BIT,0
1770606289.220319,BIT,0
1770606289.3959649,BIT,1
1770606289.3959649,BIT,1
1770606289.3959649,BIT,0
1770606289.3959649,BIT,1
1770606289.3959649,BIT,0
1770606289.3959649,BIT,1
1770606289.3959649,BIT,0
1770606289.3959649,BIT,0
1770606289.3959649,BIT,1
1770606289.3959649,BIT,1
1770606289.5519812,BIT,1
1770606289.5519812,BIT,0
1770606289.5519812,BIT,0
1770606289.5519812,BIT,1
1770606289.5519812,BIT,1
1770606289.5519812,BIT,1
1770606289.5519812,BIT,1
1770606289.5519812,BIT,0
1770606289.5519812,BIT,0
1770606289.5519812,BIT,1
1770606289.7148733,BIT,1
1770606289.7148733,BIT,0
1770606289.7148733,BIT,1
1770606289.7148733,BIT,0
1770606289.7148733,BIT,1
1770606289.7148733,BIT,0
1770606289.7148733,BIT,1
1770606289.7148733,BIT,1
1770606289.7148733,BIT,1
1770606289.7148733,BIT,0
1770606289.9025266,BIT,1
1770606289.9025266,BIT,0
1770606289.9025266,BIT,0
1770606289.9025266,BIT,1
1770606289.9025266,BIT,0
1770606289.9025266,BIT,1
1770606289.9025266,BIT,1
1770606289.9025266,BIT,1
1770606289.9025266,BIT,0
1770606289.9025266,BIT,0
1770606290.093618,BIT,1
1770606290.093618,BIT,0
1770606290.093618,BIT,0
1770606290.093618,BIT,0
1770606290.093618,BIT,0
1770606290.093618,BIT,1
1770606290.093618,BIT,1
1770606290.093618,BIT,0
1770606290.093618,BIT,0
1770606290.093618,BIT,0
1770606290.2679908,BIT,1
1770606290.2679908,BIT,1
1770606290.2679908,BIT,0
1770606290.2679908,BIT,1
1770606290.2679908,BIT,1
1770606290.2679908,BIT,0
1770606290.2679908,BIT,1
1770606290.2679908,BIT,0
1770606290.2679908,BIT,1
1770606290.2679908,BIT,1
1770606290.4569256,BIT,0
1770606290.4569256,BIT,1
1770606290.4569256,BIT,0
1770606290.4569256,BIT,0
1770606290.4569256,BIT,0
1770606290.4569256,BIT,0
1770606290.4569256,BIT,0
1770606290.4569256,BIT,0
1770606290.4569256,BIT,0
1770606290.4569256,BIT,0
1770606290.693988,BIT,1
1770606290.693988,BIT,0
1770606290.693988,BIT,1
1770606290.693988,BIT,0
1770606290.693988,BIT,1
1770606290.693988,BIT,1
1770606290.693988,BIT,0
1770606290.693988,BIT,0
1770606290.693988,BIT,0
1770606290.693988,BIT,0
1770606290.8880212,BIT,0
1770606290.8880212,BIT,0
1770606290.8880212,BIT,1
1770606290.8880212,BIT,1
1770606290.8880212,BIT,1
1770606290.8880212,BIT,1
1770606290.8880212,BIT,1
1770606290.8880212,BIT,1
1770606290.8880212,BIT,1
1770606290.8880212,BIT,0
1770606291.0658677,BIT,1
1770606291.0658677,BIT,0
1770606291.0658677,BIT,1
1770606291.0658677,BIT,1
1770606291.0658677,BIT,1
1770606291.0658677,BIT,0
1770606291.0658677,BIT,1
1770606291.0658677,BIT,0
1770606291.0658677,BIT,0
1770606291.0658677,BIT,0
1770606291.3758302,BIT,0
1770606291.3758302,BIT,1
1770606291.3758302,BIT,0
1770606291.3758302,BIT,1
1770606291.3758302,BIT,0
1770606291.3758302,BIT,1
1770606291.3758302,BIT,0
1770606291.3758302,BIT,1
1770606291.3758302,BIT,0
1770606291.3758302,BIT,1
1770606291.5980558,BIT,0
1770606291.5980558,BIT,0
1770606291.5980558,BIT,0
1770606291.5980558,BIT,1
1770606291.5980558,BIT,0
1770606291.5980558,BIT,1
1770606291.5980558,BIT,0
1770606291.5980558,BIT,1
1770606291.5980558,BIT,0
1770606291.5980558,BIT,1
1770606291.7904353,BIT,0
1770606291.7904353,BIT,1
1770606291.7904353,BIT,1
1770606291.7904353,BIT,1
1770606291.7904353,BIT,0
1770606291.7904353,BIT,1
1770606291.7904353,BIT,1
1770606291.7904353,BIT,0
1770606291.7904353,BIT,1
1770606291.7904353,BIT,1
1770606292.0072484,BIT,0
1770606292.0072484,BIT,1
1770606292.0072484,BIT,1
1770606292.0072484,BIT,0
1770606292.0072484,BIT,0
1770606292.0072484,BIT,1
1770606292.0072484,BIT,0
1770606292.0072484,BIT,1
1770606292.0072484,BIT,1
1770606292.0072484,BIT,1
1770606292.183288,BIT,1
1770606292.183288,BIT,0
1770606292.183288,BIT,1
1770606292.183288,BIT,0
1770606292.183288,BIT,0
1770606292.183288,BIT,0
1770606292.183288,BIT,1
1770606292.183288,BIT,1
1770606292.183288,BIT,1
1770606292.183288,BIT,1
1770606292.492019,BIT,1
1770606292.492019,BIT,0
1770606292.492019,BIT,0
1770606292.492019,BIT,1
1770606292.492019,BIT,0
1770606292.492019,BIT,0
1770606292.492019,BIT,0
1770606292.492019,BIT,0
1770606292.492019,BIT,0
1770606292.492019,BIT,1
1770606292.70338,BIT,1
1770606292.70338,BIT,1
1770606292.70338,BIT,0
1770606292.70338,BIT,0
1770606292.70338,BIT,0
1770606292.70338,BIT,0
1770606292.70338,BIT,1
1770606292.70338,BIT,0
1770606292.70338,BIT,0
1770606292.70338,BIT,1
1770606292.9085422,BIT,1
1770606292.9085422,BIT,0
1770606292.9085422,BIT,0
1770606292.9085422,BIT,0
1770606292.9085422,BIT,1
1770606292.9085422,BIT,0
1770606292.9085422,BIT,1
1770606292.9085422,BIT,1
1770606292.9085422,BIT,0
1770606292.9085422,BIT,1
1770606293.0974276,BIT,1
1770606293.0974276,BIT,0
1770606293.0974276,BIT,1
1770606293.0974276,BIT,1
1770606293.0974276,BIT,1
1770606293.0974276,BIT,1
1770606293.0974276,BIT,0
1770606293.0974276,BIT,1
1770606293.0974276,BIT,1
1770606293.0974276,BIT,1
1770606293.2964163,BIT,0
1770606293.2964163,BIT,0
1770606293.2964163,BIT,1
1770606293.2964163,BIT,1
1770606293.2964163,BIT,0
1770606293.2964163,BIT,1
1770606293.2964163,BIT,0
1770606293.2964163,BIT,0
1770606293.2964163,BIT,0
1770606293.2964163,BIT,0
1770606293.521275,BIT,0
1770606293.521275,BIT,0
1770606293.521275,BIT,1
1770606293.521275,BIT,0
1770606293.521275,BIT,1
1770606293.521275,BIT,0
1770606293.521275,BIT,1
1770606293.521275,BIT,1
1770606293.521275,BIT,0
1770606293.521275,BIT,1
1770606293.805263,BIT,0
1770606293.805263,BIT,0
1770606293.805263,BIT,0
1770606293.805263,BIT,0
1770606293.805263,BIT,0
1770606293.805263,BIT,1
1770606293.805263,BIT,0
1770606293.805263,BIT,0
1770606293.805263,BIT,0
1770606293.805263,BIT,1
1770606294.0219162,BIT,1
1770606294.0219162,BIT,0
1770606294.0219162,BIT,1
1770606294.0219162,BIT,1
1770606294.0219162,BIT,0
1770606294.0219162,BIT,1
1770606294.0219162,BIT,1
1770606294.0219162,BIT,0
1770606294.0219162,BIT,1
1770606294.0219162,BIT,0
1770606294.2244437,BIT,1
1770606294.2244437,BIT,1
1770606294.2244437,BIT,0
1770606294.2244437,BIT,0
1770606294.2244437,BIT,1
1770606294.2244437,BIT,0
1770606294.2244437,BIT,0
1770606294.2244437,BIT,1
1770606294.2244437,BIT,1
1770606294.2244437,BIT,1
1770606294.4213612,BIT,0
1770606294.4213612,BIT,1
1770606294.4213612,BIT,1
1770606294.4213612,BIT,0
1770606294.4213612,BIT,0
1770606294.4213612,BIT,0
1770606294.4213612,BIT,0
1770606294.4213612,BIT,1
1770606294.4213612,BIT,0
1770606294.4213612,BIT,1
1770606294.6288402,BIT,1
1770606294.6288402,BIT,1
1770606294.6288402,BIT,1
1770606294.6288402,BIT,1
1770606294.6288402,BIT,1
1770606294.6288402,BIT,0
1770606294.6288402,BIT,0
1770606294.6288402,BIT,0
1770606294.6288402,BIT,1
1770606294.6288402,BIT,0
1770606294.8586593,BIT,1
1770606294.8586593,BIT,1
1770606294.8586593,BIT,0
1770606294.8586593,BIT,0
1770606294.8586593,BIT,1
1770606294.8586593,BIT,0
1770606294.8586593,BIT,0
1770606294.8586593,BIT,0
1770606294.8586593,BIT,1
1770606294.8586593,BIT,0
1770606295.0792727,BIT,1
1770606295.0792727,BIT,1
1770606295.0792727,BIT,0
1770606295.0792727,BIT,1
1770606295.0792727,BIT,0
1770606295.0792727,BIT,1
1770606295.0792727,BIT,1
1770606295.0792727,BIT,1
1770606295.0792727,BIT,1
1770606295.0792727,BIT,1
1770606295.2639153,BIT,0
1770606295.2639153,BIT,1
1770606295.2639153,BIT,1
1770606295.2639153,BIT,0
1770606295.2639153,BIT,0
1770606295.2639153,BIT,0
1770606295.2639153,BIT,1
1770606295.2639153,BIT,1
1770606295.2639153,BIT,1
1770606295.2639153,BIT,1
1770606295.468633,BIT,1
1770606295.468633,BIT,0
1770606295.468633,BIT,1
1770606295.468633,BIT,0
1770606295.468633,BIT,1
1770606295.468633,BIT,1
1770606295.468633,BIT,1
1770606295.468633,BIT,1
1770606295.468633,BIT,1
1770606295.468633,BIT,0
1770606295.6636746,BIT,0
1770606295.6636746,BIT,0
1770606295.6636746,BIT,0
1770606295.6636746,BIT,0
1770606295.6636746,BIT,0
1770606295.6636746,BIT,0
1770606295.6636746,BIT,0
1770606295.6636746,BIT,1
1770606295.6636746,BIT,0
1770606295.6636746,BIT,0
1770606295.869657,BIT,0
1770606295.869657,BIT,0
1770606295.869657,BIT,1
1770606295.869657,BIT,0
1770606295.869657,BIT,1
1770606295.869657,BIT,0
1770606295.869657,BIT,0
1770606295.869657,BIT,0
1770606295.869657,BIT,1
1770606295.869657,BIT,1
1770606296.045251,BIT,0
1770606296.045251,BIT,0
1770606296.045251,BIT,1
1770606296.045251,BIT,1
1770606296.045251,BIT,1
1770606296.045251,BIT,0
1770606296.045251,BIT,1
1770606296.045251,BIT,0
1770606296.045251,BIT,0
1770606296.045251,BIT,0
1770606296.2208014,BIT,0
1770606296.2208014,BIT,1
1770606296.2208014,BIT,1
1770606296.2208014,BIT,0
1770606296.2208014,BIT,1
1770606296.2208014,BIT,1
1770606296.2208014,BIT,1
1770606296.2208014,BIT,1
1770606296.2208014,BIT,0
1770606296.2208014,BIT,0
1770606296.4019945,BIT,0
1770606296.4019945,BIT,0
1770606296.4019945,BIT,1
1770606296.4019945,BIT,0
1770606296.4019945,BIT,0
1770606296.4019945,BIT,1
1770606296.4019945,BIT,0
1770606296.4019945,BIT,0
1770606296.4019945,BIT,0
1770606296.4019945,BIT,1
1770606296.5547729,BIT,0
1770606296.5547729,BIT,0
1770606296.5547729,BIT,0
1770606296.5547729,BIT,1
1770606296.5547729,BIT,0
1770606296.5547729,BIT,1
1770606296.5547729,BIT,0
1770606296.5547729,BIT,0
1770606296.5547729,BIT,1
1770606296.5547729,BIT,1
1770606296.7287836,BIT,1
1770606296.7287836,BIT,0
1770606296.7287836,BIT,0
1770606296.7287836,BIT,0
1770606296.7287836,BIT,0
1770606296.7287836,BIT,0
1770606296.7287836,BIT,0
1770606296.7287836,BIT,0
1770606296.7287836,BIT,0
1770606296.7287836,BIT,0
1770606296.9167602,BIT,1
1770606296.9167602,BIT,0
1770606296.9167602,BIT,1
1770606296.9167602,BIT,1
1770606296.9167602,BIT,0
1770606296.9167602,BIT,1
1770606296.9167602,BIT,1
1770606296.9167602,BIT,1
1770606296.9167602,BIT,0
1770606296.9167602,BIT,0
1770606297.0917218,BIT,1
1770606297.0917218,BIT,0
1770606297.0917218,BIT,1
1770606297.0917218,BIT,1
1770606297.0917218,BIT,0
1770606297.0917218,BIT,1
1770606297.0917218,BIT,1
1770606297.0917218,BIT,1
1770606297.0917218,BIT,1
1770606297.0917218,BIT,0
1770606297.2731843,BIT,1
1770606297.2731843,BIT,1
1770606297.2731843,BIT,1
1770606297.2731843,BIT,0
1770606297.2731843,BIT,0
1770606297.2731843,BIT,0
1770606297.2731843,BIT,1
1770606297.2731843,BIT,0
1770606297.2731843,BIT,1
1770606297.2731843,BIT,0
1770606297.4899647,BIT,0
1770606297.4899647,BIT,1
1770606297.4899647,BIT,1
1770606297.4899647,BIT,1
1770606297.4899647,BIT,0
1770606297.4899647,BIT,1
1770606297.4899647,BIT,1
1770606297.4899647,BIT,1
1770606297.4899647,BIT,0
1770606297.4899647,BIT,0
1770606297.6567636,BIT,1
1770606297.6567636,BIT,1
1770606297.6567636,BIT,0
1770606297.6567636,BIT,1
1770606297.6567636,BIT,0
1770606297.6567636,BIT,1
1770606297.6567636,BIT,1
1770606297.6567636,BIT,1
1770606297.6567636,BIT,0
1770606297.6567636,BIT,1
1770606297.8246858,BIT,1
1770606297.8246858,BIT,0
1770606297.8246858,BIT,0
1770606297.8246858,BIT,1
1770606297.8246858,BIT,0
1770606297.8246858,BIT,1
1770606297.8246858,BIT,1
1770606297.8246858,BIT,1
1770606297.8246858,BIT,0
1770606297.8246858,BIT,1
1770606297.9839122,BIT,1
1770606297.9839122,BIT,0
1770606297.9839122,BIT,0
1770606297.9839122,BIT,0
1770606297.9839122,BIT,1
1770606297.9839122,BIT,0
1770606297.9839122,BIT,0
1770606297.9839122,BIT,1
1770606297.9839122,BIT,1
1770606297.9839122,BIT,0
1770606298.150284,BIT,0
1770606298.150284,BIT,0
1770606298.150284,BIT,1
1770606298.150284,BIT,0
1770606298.150284,BIT,0
1770606298.150284,BIT,1
1770606298.150284,BIT,0
1770606298.150284,BIT,0
1770606298.150284,BIT,0
1770606298.150284,BIT,1
1770606298.3700187,BIT,0
1770606298.3700187,BIT,0
1770606298.3700187,BIT,1
1770606298.3700187,BIT,0
1770606298.3700187,BIT,0
1770606298.3700187,BIT,0
1770606298.3700187,BIT,0
1770606298.3700187,BIT,1
1770606298.3700187,BIT,0
1770606298.3700187,BIT,0
1770606298.5802941,BIT,1
1770606298.5802941,BIT,1
1770606298.5802941,BIT,0
1770606298.5802941,BIT,0
1770606298.5802941,BIT,1
1770606298.5802941,BIT,1
1770606298.5802941,BIT,0
1770606298.5802941,BIT,0
1770606298.5802941,BIT,0
1770606298.5802941,BIT,0
1770606298.820989,BIT,0
1770606298.820989,BIT,1
1770606298.820989,BIT,0
1770606298.820989,BIT,0
1770606298.820989,BIT,0
1770606298.820989,BIT,0
1770606298.820989,BIT,1
1770606298.820989,BIT,1
1770606298.820989,BIT,0
1770606298.820989,BIT,1
1770606299.0829983,BIT,1
1770606299.0829983,BIT,0
1770606299.0829983,BIT,1
1770606299.0829983,BIT,0
1770606299.0829983,BIT,1
1770606299.0829983,BIT,1
1770606299.0829983,BIT,0
1770606299.0829983,BIT,1
1770606299.0829983,BIT,1
1770606299.0829983,BIT,0
1770606299.3115761,BIT,0
1770606299.3115761,BIT,1
1770606299.3115761,BIT,0
1770606299.3115761,BIT,1
1770606299.3115761,BIT,1
1770606299.3115761,BIT,0
1770606299.3115761,BIT,1
1770606299.3115761,BIT,0
1770606299.3115761,BIT,1
1770606299.3115761,BIT,0
1770606299.5342152,BIT,0
1770606299.5342152,BIT,0
1770606299.5342152,BIT,1
1770606299.5342152,BIT,0
1770606299.5342152,BIT,0
1770606299.5342152,BIT,1
1770606299.5342152,BIT,1
1770606299.5342152,BIT,1
1770606299.5342152,BIT,0
1770606299.5342152,BIT,1
1770606299.7265012,BIT,1
1770606299.7265012,BIT,0
1770606299.7265012,BIT,0
1770606299.7265012,BIT,1
1770606299.7265012,BIT,0
1770606299.7265012,BIT,0
1770606299.7265012,BIT,1
1770606299.7265012,BIT,1
1770606299.7265012,BIT,1
1770606299.7265012,BIT,1
1770606299.9292448,BIT,0
1770606299.9292448,BIT,1
1770606299.9292448,BIT,1
1770606299.9292448,BIT,0
1770606299.9292448,BIT,0
1770606299.9292448,BIT,1
1770606299.9292448,BIT,0
1770606299.9292448,BIT,1
1770606299.9292448,BIT,0
1770606299.9292448,BIT,1
1770606300.1142533,BIT,1
1770606300.1142533,BIT,0
1770606300.1142533,BIT,0
1770606300.1142533,BIT,1
1770606300.1142533,BIT,1
1770606300.1142533,BIT,0
1770606300.1142533,BIT,1
1770606300.1142533,BIT,1
1770606300.1142533,BIT,1
1770606300.1142533,BIT,1
1770606300.286325,BIT,0
1770606300.286325,BIT,0
1770606300.286325,BIT,0
1770606300.286325,BIT,0
1770606300.286325,BIT,1
1770606300.286325,BIT,1
1770606300.286325,BIT,1
1770606300.286325,BIT,0
1770606300.286325,BIT,1
1770606300.286325,BIT,1
1770606300.4607942,BIT,0
1770606300.4607942,BIT,1
1770606300.4607942,BIT,1
1770606300.4607942,BIT,1
1770606300.4607942,BIT,0
1770606300.4607942,BIT,1
1770606300.4607942,BIT,1
1770606300.4607942,BIT,1
1770606300.4607942,BIT,0
1770606300.4607942,BIT,0
1770606300.6167595,BIT,1
1770606300.6167595,BIT,0
1770606300.6167595,BIT,1
1770606300.6167595,BIT,0
1770606300.6167595,BIT,0
1770606300.6167595,BIT,0
1770606300.6167595,BIT,0
1770606300.6167595,BIT,1
1770606300.6167595,BIT,0
1770606300.6167595,BIT,0
1770606300.7831573,BIT,1
1770606300.7831573,BIT,0
1770606300.7831573,BIT,1
1770606300.7831573,BIT,1
1770606300.7831573,BIT,0
1770606300.7831573,BIT,1
1770606300.7831573,BIT,1
1770606300.7831573,BIT,0
1770606300.7831573,BIT,1
1770606300.7831573,BIT,1
1770606300.9685917,BIT,1
1770606300.9685917,BIT,1
1770606300.9685917,BIT,0
1770606300.9685917,BIT,1
1770606300.9685917,BIT,0
1770606300.9685917,BIT,1
1770606300.9685917,BIT,1
1770606300.9685917,BIT,1
1770606300.9685917,BIT,1
1770606300.9685917,BIT,0
1770606301.132052,BIT,1
1770606301.132052,BIT,1
1770606301.132052,BIT,0
1770606301.132052,BIT,1
1770606301.132052,BIT,0
1770606301.132052,BIT,1
1770606301.132052,BIT,0
1770606301.132052,BIT,1
1770606301.132052,BIT,1
1770606301.132052,BIT,1
1770606301.3059807,BIT,0
1770606301.3059807,BIT,0
1770606301.3059807,BIT,1
1770606301.3059807,BIT,1
1770606301.3059807,BIT,1
1770606301.3059807,BIT,1
1770606301.3059807,BIT,0
1770606301.3059807,BIT,1
1770606301.3059807,BIT,1
1770606301.3059807,BIT,0
1770606301.4660504,BIT,1
1770606301.4660504,BIT,0
1770606301.4660504,BIT,1
1770606301.4660504,BIT,1
1770606301.4660504,BIT,0
1770606301.4660504,BIT,1
1770606301.4660504,BIT,1
1770606301.4660504,BIT,1
1770606301.4660504,BIT,1
1770606301.4660504,BIT,1
1770606301.6256542,BIT,1
1770606301.6256542,BIT,0
1770606301.6256542,BIT,0
1770606301.6256542,BIT,0
1770606301.6256542,BIT,0
1770606301.6256542,BIT,0
1770606301.6256542,BIT,0
1770606301.6256542,BIT,0
1770606301.6256542,BIT,0
1770606301.6256542,BIT,0
1770606301.7826877,BIT,1
1770606301.7826877,BIT,0
1770606301.7826877,BIT,1
1770606301.7826877,BIT,1
1770606301.7826877,BIT,1
1770606301.7826877,BIT,1
1770606301.7826877,BIT,1
1770606301.7826877,BIT,0
1770606301.7826877,BIT,1
1770606301.7826877,BIT,1
1770606301.957118,BIT,0
1770606301.957118,BIT,0
1770606301.957118,BIT,0
1770606301.957118,BIT,1
1770606301.957118,BIT,1
1770606301.957118,BIT,1
1770606301.957118,BIT,0
1770606301.957118,BIT,1
1770606301.957118,BIT,1
1770606301.957118,BIT,0
1770606302.1178563,BIT,1
1770606302.1178563,BIT,0
1770606302.1178563,BIT,0
1770606302.1178563,BIT,1
1770606302.1178563,BIT,1
1770606302.1178563,BIT,1
1770606302.1178563,BIT,0
1770606302.1178563,BIT,1
1770606302.1178563,BIT,0
1770606302.1178563,BIT,0
1770606302.286171,BIT,0
1770606302.286171,BIT,0
1770606302.286171,BIT,1
1770606302.286171,BIT,1
1770606302.286171,BIT,0
1770606302.286171,BIT,1
1770606302.286171,BIT,1
1770606302.286171,BIT,1
1770606302.286171,BIT,1
1770606302.286171,BIT,0
1770606302.4620838,BIT,1
1770606302.4620838,BIT,0
1770606302.4620838,BIT,1
1770606302.4620838,BIT,1
1770606302.4620838,BIT,1
1770606302.4620838,BIT,1
1770606302.4620838,BIT,0
1770606302.4620838,BIT,0
1770606302.4620838,BIT,1
1770606302.4620838,BIT,0
1770606302.6979158,BIT,0
1770606302.6979158,BIT,1
1770606302.6979158,BIT,0
1770606302.6979158,BIT,1
1770606302.6979158,BIT,0
1770606302.6979158,BIT,0
1770606302.6979158,BIT,0
1770606302.6979158,BIT,1
1770606302.6979158,BIT,0
1770606302.6979158,BIT,1
1770606302.9171686,BIT,1
1770606302.9171686,BIT,1
1770606302.9171686,BIT,1
1770606302.9171686,BIT,0
1770606302.9171686,BIT,1
1770606302.9171686,BIT,1
1770606302.9171686,BIT,1
1770606302.9171686,BIT,0
1770606302.9171686,BIT,1
1770606302.9171686,BIT,0
1770606303.1077132,BIT,1
1770606303.1077132,BIT,0
1770606303.1077132,BIT,0
1770606303.1077132,BIT,1
1770606303.1077132,BIT,1
1770606303.1077132,BIT,0
1770606303.1077132,BIT,0
1770606303.1077132,BIT,0
1770606303.1077132,BIT,0
1770606303.1077132,BIT,0
1770606303.2782726,BIT,0
1770606303.2782726,BIT,1
1770606303.2782726,BIT,0
1770606303.2782726,BIT,0
1770606303.2782726,BIT,1
1770606303.2782726,BIT,0
1770606303.2782726,BIT,0
1770606303.2782726,BIT,0
1770606303.2782726,BIT,1
1770606303.2782726,BIT,0
1770606303.513162,BIT,1
1770606303.513162,BIT,1
1770606303.513162,BIT,0
1770606303.513162,BIT,0
1770606303.513162,BIT,0
1770606303.513162,BIT,1
1770606303.513162,BIT,0
1770606303.513162,BIT,0
1770606303.513162,BIT,1
1770606303.513162,BIT,0
1770606303.736497,BIT,1
1770606303.736497,BIT,1
1770606303.736497,BIT,1
1770606303.736497,BIT,1
1770606303.736497,BIT,1
1770606303.736497,BIT,1
1770606303.736497,BIT,1
1770606303.736497,BIT,0
1770606303.736497,BIT,1
1770606303.736497,BIT,1
1770606303.933415,BIT,1
1770606303.933415,BIT,1
1770606303.933415,BIT,1
1770606303.933415,BIT,0
1770606303.933415,BIT,1
1770606303.933415,BIT,0
1770606303.933415,BIT,1
1770606303.933415,BIT,0
1770606303.933415,BIT,1
1770606303.933415,BIT,1
1770606304.1299345,BIT,1
1770606304.1299345,BIT,1
1770606304.1299345,BIT,1
1770606304.1299345,BIT,1
1770606304.1299345,BIT,1
1770606304.1299345,BIT,0
1770606304.1299345,BIT,0
1770606304.1299345,BIT,1
1770606304.1299345,BIT,0
1770606304.1299345,BIT,0
1770606304.2987251,BIT,0
1770606304.2987251,BIT,1
1770606304.2987251,BIT,1
1770606304.2987251,BIT,1
1770606304.2987251,BIT,1
1770606304.2987251,BIT,0
1770606304.2987251,BIT,1
1770606304.2987251,BIT,1
1770606304.2987251,BIT,1
1770606304.2987251,BIT,0
1770606304.5157638,BIT,1
1770606304.5157638,BIT,1
1770606304.5157638,BIT,1
1770606304.5157638,BIT,0
1770606304.5157638,BIT,1
1770606304.5157638,BIT,1
1770606304.5157638,BIT,0
1770606304.5157638,BIT,1
1770606304.5157638,BIT,1
1770606304.5157638,BIT,0
1770606304.6980786,BIT,1
1770606304.6980786,BIT,0
1770606304.6980786,BIT,1
1770606304.6980786,BIT,1
1770606304.6980786,BIT,1
1770606304.6980786,BIT,0
1770606304.6980786,BIT,0
1770606304.6980786,BIT,0
1770606304.6980786,BIT,1
1770606304.6980786,BIT,0
1770606304.8895125,BIT,1
1770606304.8895125,BIT,1
1770606304.8895125,BIT,0
1770606304.8895125,BIT,1
1770606304.8895125,BIT,0
1770606304.8895125,BIT,1
1770606304.8895125,BIT,0
1770606304.8895125,BIT,0
1770606304.8895125,BIT,1
1770606304.8895125,BIT,1
1770606305.060648,BIT,1
1770606305.060648,BIT,1
1770606305.060648,BIT,1
1770606305.060648,BIT,0
1770606305.060648,BIT,1
1770606305.060648,BIT,1
1770606305.060648,BIT,1
1770606305.060648,BIT,0
1770606305.060648,BIT,0
1770606305.060648,BIT,1
1770606305.2279456,BIT,1
1770606305.2279456,BIT,1
1770606305.2279456,BIT,0
1770606305.2279456,BIT,1
1770606305.2279456,BIT,0
1770606305.2279456,BIT,1
1770606305.2279456,BIT,0
1770606305.2279456,BIT,1
1770606305.2279456,BIT,1
1770606305.2279456,BIT,1
1770606305.3985517,BIT,0
1770606305.3985517,BIT,0
1770606305.3985517,BIT,1
1770606305.3985517,BIT,0
1770606305.3985517,BIT,1
1770606305.3985517,BIT,0
1770606305.3985517,BIT,0
1770606305.3985517,BIT,1
1770606305.3985517,BIT,1
1770606305.3985517,BIT,0
1770606305.5651894,BIT,0
1770606305.5651894,BIT,0
1770606305.5651894,BIT,0
1770606305.5651894,BIT,1
1770606305.5651894,BIT,0
1770606305.5651894,BIT,0
1770606305.5651894,BIT,1
1770606305.5651894,BIT,1
1770606305.5651894,BIT,1
1770606305.5651894,BIT,1
1770606305.7545629,BIT,1
1770606305.7545629,BIT,0
1770606305.7545629,BIT,1
1770606305.7545629,BIT,0
1770606305.7545629,BIT,0
1770606305.7545629,BIT,1
1770606305.7545629,BIT,1
1770606305.7545629,BIT,0
1770606305.7545629,BIT,0
1770606305.7545629,BIT,0
1770606305.947424,BIT,0
1770606305.947424,BIT,0
1770606305.947424,BIT,1
1770606305.947424,BIT,0
1770606305.947424,BIT,1
1770606305.947424,BIT,1
1770606305.947424,BIT,0
1770606305.947424,BIT,0
1770606305.947424,BIT,1
1770606305.947424,BIT,0
1770606306.1230233,BIT,1
1770606306.1230233,BIT,1
1770606306.1230233,BIT,1
1770606306.1230233,BIT,0
1770606306.1230233,BIT,1
1770606306.1230233,BIT,0
1770606306.1230233,BIT,0
1770606306.1230233,BIT,1
1770606306.1230233,BIT,0
1770606306.1230233,BIT,0
1770606306.2947743,BIT,1
1770606306.2947743,BIT,0
1770606306.2947743,BIT,1
1770606306.2947743,BIT,1
1770606306.2947743,BIT,1
1770606306.2947743,BIT,1
1770606306.2947743,BIT,0
1770606306.2947743,BIT,0
1770606306.2947743,BIT,0
1770606306.2947743,BIT,1
1770606306.47575,BIT,0
1770606306.47575,BIT,1
1770606306.47575,BIT,0
1770606306.47575,BIT,1
1770606306.47575,BIT,1
1770606306.47575,BIT,0
1770606306.47575,BIT,0
1770606306.47575,BIT,1
1770606306.47575,BIT,1
1770606306.47575,BIT,0
1770606306.6515994,BIT,0
1770606306.6515994,BIT,0
1770606306.6515994,BIT,1
1770606306.6515994,BIT,1
1770606306.6515994,BIT,1
1770606306.6515994,BIT,1
1770606306.6515994,BIT,0
1770606306.6515994,BIT,0
1770606306.6515994,BIT,0
1770606306.6515994,BIT,0
1770606306.8470588,BIT,1
1770606306.8470588,BIT,1
1770606306.8470588,BIT,1
1770606306.8470588,BIT,0
1770606306.8470588,BIT,0
1770606306.8470588,BIT,0
1770606306.8470588,BIT,0
1770606306.8470588,BIT,1
1770606306.8470588,BIT,1
1770606306.8470588,BIT,0
1770606307.03504,BIT,1
1770606307.03504,BIT,0
1770606307.03504,BIT,0
1770606307.03504,BIT,1
1770606307.03504,BIT,1
1770606307.03504,BIT,1
1770606307.03504,BIT,1
1770606307.03504,BIT,1
1770606307.03504,BIT,0
1770606307.03504,BIT,1
1770606307.2213633,BIT,1
1770606307.2213633,BIT,1
1770606307.2213633,BIT,0
1770606307.2213633,BIT,0
1770606307.2213633,BIT,0
1770606307.2213633,BIT,1
1770606307.2213633,BIT,1
1770606307.2213633,BIT,0
1770606307.2213633,BIT,1
1770606307.2213633,BIT,0
1770606307.399933,BIT,0
1770606307.399933,BIT,1
1770606307.399933,BIT,0
1770606307.399933,BIT,1
1770606307.399933,BIT,1
1770606307.399933,BIT,0
1770606307.399933,BIT,1
1770606307.399933,BIT,0
1770606307.399933,BIT,0
1770606307.399933,BIT,1
1770606307.5944571,BIT,1
1770606307.5944571,BIT,1
1770606307.5944571,BIT,1
1770606307.5944571,BIT,1
1770606307.5944571,BIT,0
1770606307.5944571,BIT,0
1770606307.5944571,BIT,0
1770606307.5944571,BIT,1
1770606307.5944571,BIT,1
1770606307.5944571,BIT,0
1770606307.7763615,BIT,1
1770606307.7763615,BIT,0
1770606307.7763615,BIT,1
1770606307.7763615,BIT,1
1770606307.7763615,BIT,1
1770606307.7763615,BIT,1
1770606307.7763615,BIT,1
1770606307.7763615,BIT,0
1770606307.7763615,BIT,1
1770606307.7763615,BIT,1
1770606307.9754355,BIT,0
1770606307.9754355,BIT,1
1770606307.9754355,BIT,1
1770606307.9754355,BIT,1
1770606307.9754355,BIT,0
1770606307.9754355,BIT,1
1770606307.9754355,BIT,0
1770606307.9754355,BIT,0
1770606307.9754355,BIT,0
1770606307.9754355,BIT,1
1770606308.160841,BIT,1
1770606308.160841,BIT,0
1770606308.160841,BIT,0
1770606308.160841,BIT,1
1770606308.160841,BIT,1
1770606308.160841,BIT,0
1770606308.160841,BIT,0
1770606308.160841,BIT,1
1770606308.160841,BIT,1
1770606308.160841,BIT,0
1770606308.3538122,BIT,0
1770606308.3538122,BIT,0
1770606308.3538122,BIT,0
1770606308.3538122,BIT,1
1770606308.3538122,BIT,0
1770606308.3538122,BIT,0
1770606308.3538122,BIT,0
1770606308.3538122,BIT,1
1770606308.3538122,BIT,0
1770606308.3538122,BIT,1
1770606308.5469682,BIT,0
1770606308.5469682,BIT,1
1770606308.5469682,BIT,0
1770606308.5469682,BIT,1
1770606308.5469682,BIT,0
1770606308.5469682,BIT,0
1770606308.5469682,BIT,0
1770606308.5469682,BIT,0
1770606308.5469682,BIT,1
1770606308.5469682,BIT,0
1770606308.7380264,BIT,0
1770606308.7380264,BIT,1
1770606308.7380264,BIT,1
1770606308.7380264,BIT,1
1770606308.7380264,BIT,0
1770606308.7380264,BIT,0
1770606308.7380264,BIT,0
1770606308.7380264,BIT,0
1770606308.7380264,BIT,1
1770606308.7380264,BIT,1
1770606308.9471133,BIT,0
1770606308.9471133,BIT,0
1770606308.9471133,BIT,0
1770606308.9471133,BIT,0
1770606308.9471133,BIT,0
1770606308.9471133,BIT,0
1770606308.9471133,BIT,1
1770606308.9471133,BIT,1
1770606308.9471133,BIT,0
1770606308.9471133,BIT,1
1770606309.1353123,BIT,0
1770606309.1353123,BIT,1
1770606309.1353123,BIT,0
1770606309.1353123,BIT,0
1770606309.1353123,BIT,0
1770606309.1353123,BIT,0
1770606309.1353123,BIT,0
1770606309.1353123,BIT,0
1770606309.1353123,BIT,1
1770606309.1353123,BIT,0
1770606309.3426573,BIT,1
1770606309.3426573,BIT,1
1770606309.3426573,BIT,0
1770606309.3426573,BIT,1
1770606309.3426573,BIT,0
1770606309.3426573,BIT,0
1770606309.3426573,BIT,1
1770606309.3426573,BIT,0
1770606309.3426573,BIT,0
1770606309.3426573,BIT,1
1770606309.5188181,BIT,1
1770606309.5188181,BIT,1
1770606309.5188181,BIT,0
1770606309.5188181,BIT,1
1770606309.5188181,BIT,1
1770606309.5188181,BIT,1
1770606309.5188181,BIT,0
1770606309.5188181,BIT,1
1770606309.5188181,BIT,0
1770606309.5188181,BIT,0
1770606309.6895607,BIT,0
1770606309.6895607,BIT,0
1770606309.6895607,BIT,0
1770606309.6895607,BIT,1
1770606309.6895607,BIT,0
1770606309.6895607,BIT,1
1770606309.6895607,BIT,0
1770606309.6895607,BIT,0
1770606309.6895607,BIT,1
1770606309.6895607,BIT,1
1770606309.8598902,BIT,0
1770606309.8598902,BIT,1
1770606309.8598902,BIT,0
1770606309.8598902,BIT,1
1770606309.8598902,BIT,0
1770606309.8598902,BIT,1
1770606309.8598902,BIT,0
1770606309.8598902,BIT,1
1770606309.8598902,BIT,1
1770606309.8598902,BIT,0
1770606310.0399346,BIT,0
1770606310.0399346,BIT,0
1770606310.0399346,BIT,0
1770606310.0399346,BIT,0
1770606310.0399346,BIT,0
1770606310.0399346,BIT,1
1770606310.0399346,BIT,1
1770606310.0399346,BIT,1
1770606310.0399346,BIT,1
1770606310.0399346,BIT,1
1770606310.239272,BIT,1
1770606310.239272,BIT,0
1770606310.239272,BIT,1
1770606310.239272,BIT,1
1770606310.239272,BIT,1
1770606310.239272,BIT,0
1770606310.239272,BIT,0
1770606310.239272,BIT,1
1770606310.239272,BIT,1
1770606310.239272,BIT,0
1770606310.4134128,BIT,0
1770606310.4134128,BIT,0
1770606310.4134128,BIT,1
1770606310.4134128,BIT,1
1770606310.4134128,BIT,1
1770606310.4134128,BIT,0
1770606310.4134128,BIT,1
1770606310.4134128,BIT,0
1770606310.4134128,BIT,0
1770606310.4134128,BIT,0
1770606310.5760715,BIT,1
1770606310.5760715,BIT,0
1770606310.5760715,BIT,0
1770606310.5760715,BIT,0
1770606310.5760715,BIT,1
1770606310.5760715,BIT,1
1770606310.5760715,BIT,0
1770606310.5760715,BIT,0
1770606310.5760715,BIT,1
1770606310.5760715,BIT,0
1770606310.7434025,BIT,0
1770606310.7434025,BIT,1
1770606310.7434025,BIT,1
1770606310.7434025,BIT,1
1770606310.7434025,BIT,1
1770606310.7434025,BIT,1
1770606310.7434025,BIT,1
1770606310.7434025,BIT,1
1770606310.7434025,BIT,1
1770606310.7434025,BIT,0
1770606310.9912837,BIT,1
1770606310.9912837,BIT,0
1770606310.9912837,BIT,0
1770606310.9912837,BIT,0
1770606310.9912837,BIT,0
1770606310.9912837,BIT,1
1770606310.9912837,BIT,0
1770606310.9912837,BIT,1
1770606310.9912837,BIT,0
1770606310.9912837,BIT,1
1770606311.181343,BIT,1
1770606311.181343,BIT,0
1770606311.181343,BIT,1
1770606311.181343,BIT,1
1770606311.181343,BIT,0
1770606311.181343,BIT,1
1770606311.181343,BIT,1
1770606311.181343,BIT,0
1770606311.181343,BIT,1
1770606311.181343,BIT,1
1770606311.3706722,BIT,1
1770606311.3706722,BIT,0
1770606311.3706722,BIT,1
1770606311.3706722,BIT,0
1770606311.3706722,BIT,1
1770606311.3706722,BIT,0
1770606311.3706722,BIT,1
1770606311.3706722,BIT,1
1770606311.3706722,BIT,1
1770606311.3706722,BIT,1
1770606311.6647794,BIT,0
1770606311.6647794,BIT,1
1770606311.6647794,BIT,1
1770606311.6647794,BIT,0
1770606311.6647794,BIT,0
1770606311.6647794,BIT,1
1770606311.6647794,BIT,0
1770606311.6647794,BIT,0
1770606311.6647794,BIT,0
1770606311.6647794,BIT,0
1770606311.8771734,BIT,1
1770606311.8771734,BIT,0
1770606311.8771734,BIT,1
1770606311.8771734,BIT,0
1770606311.8771734,BIT,1
1770606311.8771734,BIT,1
1770606311.8771734,BIT,0
1770606311.8771734,BIT,1
1770606311.8771734,BIT,0
1770606311.8771734,BIT,1
1770606312.076422,BIT,0
1770606312.076422,BIT,1
1770606312.076422,BIT,1
1770606312.076422,BIT,1
1770606312.076422,BIT,0
1770606312.076422,BIT,0
1770606312.076422,BIT,0
1770606312.076422,BIT,1
1770606312.076422,BIT,1
1770606312.076422,BIT,1
1770606312.2674913,BIT,1
1770606312.2674913,BIT,0
1770606312.2674913,BIT,0
1770606312.2674913,BIT,0
1770606312.2674913,BIT,1
1770606312.2674913,BIT,1
1770606312.2674913,BIT,0
1770606312.2674913,BIT,1
1770606312.2674913,BIT,0
1770606312.2674913,BIT,0
1770606312.4469259,BIT,1
1770606312.4469259,BIT,0
1770606312.4469259,BIT,0
1770606312.4469259,BIT,1
1770606312.4469259,BIT,0
1770606312.4469259,BIT,1
1770606312.4469259,BIT,0
1770606312.4469259,BIT,1
1770606312.4469259,BIT,0
1770606312.4469259,BIT,1
1770606312.6042142,BIT,0
1770606312.6042142,BIT,1
1770606312.6042142,BIT,0
1770606312.6042142,BIT,1
1770606312.6042142,BIT,1
1770606312.6042142,BIT,0
1770606312.6042142,BIT,0
1770606312.6042142,BIT,1
1770606312.6042142,BIT,0
1770606312.6042142,BIT,1
1770606312.7724984,BIT,0
1770606312.7724984,BIT,0
1770606312.7724984,BIT,1
1770606312.7724984,BIT,1
1770606312.7724984,BIT,0
1770606312.7724984,BIT,1
1770606312.7724984,BIT,0
1770606312.7724984,BIT,0
1770606312.7724984,BIT,1
1770606312.7724984,BIT,1
1770606312.9617226,BIT,1
1770606312.9617226,BIT,0
1770606312.9617226,BIT,1
1770606312.9617226,BIT,1
1770606312.9617226,BIT,1
1770606312.9617226,BIT,0
1770606312.9617226,BIT,1
1770606312.9617226,BIT,1
1770606312.9617226,BIT,0
1770606312.9617226,BIT,1
1770606313.1188607,BIT,0
1770606313.1188607,BIT,0
1770606313.1188607,BIT,1
1770606313.1188607,BIT,1
1770606313.1188607,BIT,1
1770606313.1188607,BIT,0
1770606313.1188607,BIT,1
1770606313.1188607,BIT,0
1770606313.1188607,BIT,0
1770606313.1188607,BIT,1
1770606313.2915342,BIT,1
1770606313.2915342,BIT,0
1770606313.2915342,BIT,1
1770606313.2915342,BIT,0
1770606313.2915342,BIT,1
1770606313.2915342,BIT,0
1770606313.2915342,BIT,1
1770606313.2915342,BIT,1
1770606313.2915342,BIT,1
1770606313.2915342,BIT,1
1770606313.4679341,BIT,0
1770606313.4679341,BIT,1
1770606313.4679341,BIT,0
1770606313.4679341,BIT,1
1770606313.4679341,BIT,1
1770606313.4679341,BIT,1
1770606313.4679341,BIT,1
1770606313.4679341,BIT,0
1770606313.4679341,BIT,1
1770606313.4679341,BIT,1
1770606313.6312318,BIT,0
1770606313.6312318,BIT,0
1770606313.6312318,BIT,1
1770606313.6312318,BIT,1
1770606313.6312318,BIT,0
1770606313.6312318,BIT,1
1770606313.6312318,BIT,0
1770606313.6312318,BIT,1
1770606313.6312318,BIT,0
1770606313.6312318,BIT,0
1770606313.7889686,BIT,0
1770606313.7889686,BIT,1
1770606313.7889686,BIT,0
1770606313.7889686,BIT,0
1770606313.7889686,BIT,0
1770606313.7889686,BIT,0
1770606313.7889686,BIT,1
1770606313.7889686,BIT,1
1770606313.7889686,BIT,1
1770606313.7889686,BIT,1
1770606313.9748833,BIT,1
1770606313.9748833,BIT,1
1770606313.9748833,BIT,0
1770606313.9748833,BIT,1
1770606313.9748833,BIT,0
1770606313.9748833,BIT,0
1770606313.9748833,BIT,0
1770606313.9748833,BIT,1
1770606313.9748833,BIT,0
1770606313.9748833,BIT,1
1770606314.1382933,BIT,0
1770606314.1382933,BIT,0
1770606314.1382933,BIT,1
1770606314.1382933,BIT,0
1770606314.1382933,BIT,0
1770606314.1382933,BIT,0
1770606314.1382933,BIT,1
1770606314.1382933,BIT,0
1770606314.1382933,BIT,1
1770606314.1382933,BIT,0
1770606314.320042,BIT,1
1770606314.320042,BIT,1
1770606314.320042,BIT,1
1770606314.320042,BIT,0
1770606314.320042,BIT,0
1770606314.320042,BIT,1
1770606314.320042,BIT,0
1770606314.320042,BIT,1
1770606314.320042,BIT,1
1770606314.320042,BIT,1
1770606314.4883902,BIT,1
1770606314.4883902,BIT,1
1770606314.4883902,BIT,1
1770606314.4883902,BIT,1
1770606314.4883902,BIT,1
1770606314.4883902,BIT,1
1770606314.4883902,BIT,1
1770606314.4883902,BIT,0
1770606314.4883902,BIT,0
1770606314.4883902,BIT,0
1770606314.6409874,BIT,0
1770606314.6409874,BIT,1
1770606314.6409874,BIT,1
1770606314.6409874,BIT,0
1770606314.6409874,BIT,1
1770606314.6409874,BIT,0
1770606314.6409874,BIT,1
1770606314.6409874,BIT,1
1770606314.6409874,BIT,0
1770606314.6409874,BIT,1
1770606314.80845,BIT,0
1770606314.80845,BIT,1
1770606314.80845,BIT,1
1770606314.80845,BIT,0
1770606314.80845,BIT,1
1770606314.80845,BIT,1
1770606314.80845,BIT,0
1770606314.80845,BIT,1
1770606314.80845,BIT,1
1770606314.80845,BIT,1
1770606314.983336,BIT,0
1770606314.983336,BIT,1
1770606314.983336,BIT,1
1770606314.983336,BIT,1
1770606314.983336,BIT,0
1770606314.983336,BIT,1
1770606314.983336,BIT,0
1770606314.983336,BIT,0
1770606314.983336,BIT,0
1770606314.983336,BIT,1
1770606315.1383643,BIT,0
1770606315.1383643,BIT,0
1770606315.1383643,BIT,0
1770606315.1383643,BIT,0
1770606315.1383643,BIT,1
1770606315.1383643,BIT,0
1770606315.1383643,BIT,0
1770606315.1383643,BIT,0
1770606315.1383643,BIT,1
1770606315.1383643,BIT,0
1770606315.3215795,BIT,0
1770606315.3215795,BIT,1
1770606315.3215795,BIT,1
1770606315.3215795,BIT,1
1770606315.3215795,BIT,1
1770606315.3215795,BIT,0
1770606315.3215795,BIT,1
1770606315.3215795,BIT,0
1770606315.3215795,BIT,1
1770606315.3215795,BIT,1
1770606315.484874,BIT,1
1770606315.484874,BIT,0
1770606315.484874,BIT,1
1770606315.484874,BIT,0
1770606315.484874,BIT,0
1770606315.484874,BIT,1
1770606315.484874,BIT,0
1770606315.484874,BIT,0
1770606315.484874,BIT,0
1770606315.484874,BIT,0
1770606315.63853,BIT,0
1770606315.63853,BIT,1
1770606315.63853,BIT,1
1770606315.63853,BIT,0
1770606315.63853,BIT,1
1770606315.63853,BIT,0
1770606315.63853,BIT,0
1770606315.63853,BIT,0
1770606315.63853,BIT,1
1770606315.63853,BIT,1
1770606315.81801,BIT,1
1770606315.81801,BIT,1
1770606315.81801,BIT,0
1770606315.81801,BIT,1
1770606315.81801,BIT,0
1770606315.81801,BIT,0
1770606315.81801,BIT,0
1770606315.81801,BIT,1
1770606315.81801,BIT,1
1770606315.81801,BIT,0
1770606315.9919748,BIT,0
1770606315.9919748,BIT,0
1770606315.9919748,BIT,0
1770606315.9919748,BIT,0
1770606315.9919748,BIT,1
1770606315.9919748,BIT,1
1770606315.9919748,BIT,1
1770606315.9919748,BIT,0
1770606315.9919748,BIT,0
1770606315.9919748,BIT,0
1770606316.1451025,BIT,1
1770606316.1451025,BIT,1
1770606316.1451025,BIT,0
1770606316.1451025,BIT,0
1770606316.1451025,BIT,1
1770606316.1451025,BIT,0
1770606316.1451025,BIT,1
1770606316.1451025,BIT,0
1770606316.1451025,BIT,0
1770606316.1451025,BIT,1
1770606316.3151033,BIT,0
1770606316.3151033,BIT,0
1770606316.3151033,BIT,0
1770606316.3151033,BIT,1
1770606316.3151033,BIT,1
1770606316.3151033,BIT,1
1770606316.3151033,BIT,0
1770606316.3151033,BIT,0
1770606316.3151033,BIT,1
1770606316.3151033,BIT,0
1770606316.4719517,BIT,0
1770606316.4719517,BIT,0
1770606316.4719517,BIT,0
1770606316.4719517,BIT,1
1770606316.4719517,BIT,1
1770606316.4719517,BIT,0
1770606316.4719517,BIT,1
1770606316.4719517,BIT,1
1770606316.4719517,BIT,1
1770606316.4719517,BIT,1
1770606316.621133,BIT,1
1770606316.621133,BIT,1
1770606316.621133,BIT,1
1770606316.621133,BIT,1
1770606316.621133,BIT,1
1770606316.621133,BIT,0
1770606316.621133,BIT,1
1770606316.621133,BIT,0
1770606316.621133,BIT,1
1770606316.621133,BIT,1
1770606316.8043036,BIT,0
1770606316.8043036,BIT,1
1770606316.8043036,BIT,1
1770606316.8043036,BIT,1
1770606316.8043036,BIT,1
1770606316.8043036,BIT,0
1770606316.8043036,BIT,1
1770606316.8043036,BIT,1
1770606316.8043036,BIT,0
1770606316.8043036,BIT,0
1770606317.0023344,BIT,0
1770606317.0023344,BIT,0
1770606317.0023344,BIT,1
1770606317.0023344,BIT,0
1770606317.0023344,BIT,0
1770606317.0023344,BIT,1
1770606317.0023344,BIT,1
1770606317.0023344,BIT,1
1770606317.0023344,BIT,0
1770606317.0023344,BIT,0
1770606317.1641278,BIT,1
1770606317.1641278,BIT,1
1770606317.1641278,BIT,0
1770606317.1641278,BIT,1
1770606317.1641278,BIT,0
1770606317.1641278,BIT,0
1770606317.1641278,BIT,0
1770606317.1641278,BIT,0
1770606317.1641278,BIT,0
1770606317.1641278,BIT,1
1770606317.3312802,BIT,0
1770606317.3312802,BIT,1
1770606317.3312802,BIT,1
1770606317.3312802,BIT,1
1770606317.3312802,BIT,1
1770606317.3312802,BIT,0
1770606317.3312802,BIT,1
1770606317.3312802,BIT,1
1770606317.3312802,BIT,1
1770606317.3312802,BIT,0
1770606317.4966767,BIT,0
1770606317.4966767,BIT,1
1770606317.4966767,BIT,1
1770606317.4966767,BIT,0
1770606317.4966767,BIT,0
1770606317.4966767,BIT,0
1770606317.4966767,BIT,0
1770606317.4966767,BIT,0
1770606317.4966767,BIT,1
1770606317.4966767,BIT,0
1770606317.6526182,BIT,0
1770606317.6526182,BIT,1
1770606317.6526182,BIT,1
1770606317.6526182,BIT,1
1770606317.6526182,BIT,1
1770606317.6526182,BIT,1
1770606317.6526182,BIT,0
1770606317.6526182,BIT,1
1770606317.6526182,BIT,0
1770606317.6526182,BIT,0
1770606317.825979,BIT,1
1770606317.825979,BIT,0
1770606317.825979,BIT,1
1770606317.825979,BIT,0
1770606317.825979,BIT,1
1770606317.825979,BIT,1
1770606317.825979,BIT,0
1770606317.825979,BIT,1
1770606317.825979,BIT,1
1770606317.825979,BIT,0
1770606318.00224,BIT,0
1770606318.00224,BIT,1
1770606318.00224,BIT,1
1770606318.00224,BIT,1
1770606318.00224,BIT,0
1770606318.00224,BIT,1
1770606318.00224,BIT,0
1770606318.00224,BIT,0
1770606318.00224,BIT,0
1770606318.00224,BIT,1
1770606318.1740408,BIT,1
1770606318.1740408,BIT,0
1770606318.1740408,BIT,0
1770606318.1740408,BIT,1
1770606318.1740408,BIT,1
1770606318.1740408,BIT,1
1770606318.1740408,BIT,1
1770606318.1740408,BIT,1
1770606318.1740408,BIT,0
1770606318.1740408,BIT,0
1770606318.3601334,BIT,1
1770606318.3601334,BIT,0
1770606318.3601334,BIT,1
1770606318.3601334,BIT,0
1770606318.3601334,BIT,1
1770606318.3601334,BIT,0
1770606318.3601334,BIT,1
1770606318.3601334,BIT,0
1770606318.3601334,BIT,1
1770606318.3601334,BIT,0
1770606318.5374231,BIT,1
1770606318.5374231,BIT,0
1770606318.5374231,BIT,0
1770606318.5374231,BIT,1
1770606318.5374231,BIT,0
1770606318.5374231,BIT,1
1770606318.5374231,BIT,1
1770606318.5374231,BIT,1
1770606318.5374231,BIT,0
1770606318.5374231,BIT,0
1770606318.7182167,BIT,0
1770606318.7182167,BIT,1
1770606318.7182167,BIT,0
1770606318.7182167,BIT,0
1770606318.7182167,BIT,0
1770606318.7182167,BIT,0
1770606318.7182167,BIT,0
1770606318.7182167,BIT,1
1770606318.7182167,BIT,0
1770606318.7182167,BIT,0
1770606318.9138935,BIT,0
1770606318.9138935,BIT,1
1770606318.9138935,BIT,1
1770606318.9138935,BIT,1
1770606318.9138935,BIT,0
1770606318.9138935,BIT,1
1770606318.9138935,BIT,1
1770606318.9138935,BIT,0
1770606318.9138935,BIT,1
1770606318.9138935,BIT,0
1770606319.1079292,BIT,0
1770606319.1079292,BIT,0
1770606319.1079292,BIT,1
1770606319.1079292,BIT,1
1770606319.1079292,BIT,0
1770606319.1079292,BIT,0
1770606319.1079292,BIT,1
1770606319.1079292,BIT,0
1770606319.1079292,BIT,0
1770606319.1079292,BIT,0
1770606319.2941184,BIT,0
1770606319.2941184,BIT,1
1770606319.2941184,BIT,1
1770606319.2941184,BIT,1
1770606319.2941184,BIT,1
1770606319.2941184,BIT,1
1770606319.2941184,BIT,1
1770606319.2941184,BIT,0
1770606319.2941184,BIT,0
1770606319.2941184,BIT,0
1770606319.4685643,BIT,0
1770606319.4685643,BIT,1
1770606319.4685643,BIT,1
1770606319.4685643,BIT,1
1770606319.4685643,BIT,0
1770606319.4685643,BIT,1
1770606319.4685643,BIT,1
1770606319.4685643,BIT,1
1770606319.4685643,BIT,1
1770606319.4685643,BIT,0
1770606319.6293252,BIT,1
1770606319.6293252,BIT,1
1770606319.6293252,BIT,0
1770606319.6293252,BIT,0
1770606319.6293252,BIT,0
1770606319.6293252,BIT,0
1770606319.6293252,BIT,0
1770606319.6293252,BIT,0
1770606319.6293252,BIT,0
1770606319.6293252,BIT,1
1770606319.8037822,BIT,0
1770606319.8037822,BIT,0
1770606319.8037822,BIT,0
1770606319.8037822,BIT,0
1770606319.8037822,BIT,0
1770606319.8037822,BIT,0
1770606319.8037822,BIT,0
1770606319.8037822,BIT,0
1770606319.8037822,BIT,0
1770606319.8037822,BIT,0
1770606320.000502,BIT,0
1770606320.000502,BIT,1
1770606320.000502,BIT,0
1770606320.000502,BIT,1
1770606320.000502,BIT,1
1770606320.000502,BIT,0
1770606320.000502,BIT,0
1770606320.000502,BIT,0
1770606320.000502,BIT,1
1770606320.000502,BIT,0
1770606320.1726513,BIT,0
1770606320.1726513,BIT,0
1770606320.1726513,BIT,0
1770606320.1726513,BIT,1
1770606320.1726513,BIT,1
1770606320.1726513,BIT,0
1770606320.1726513,BIT,0
1770606320.1726513,BIT,0
1770606320.1726513,BIT,0
1770606320.1726513,BIT,0
1770606320.3479044,BIT,0
1770606320.3479044,BIT,1
1770606320.3479044,BIT,0
1770606320.3479044,BIT,0
1770606320.3479044,BIT,1
1770606320.3479044,BIT,0
1770606320.3479044,BIT,0
1770606320.3479044,BIT,0
1770606320.3479044,BIT,1
1770606320.3479044,BIT,0
1770606320.526665,BIT,0
1770606320.526665,BIT,1
1770606320.526665,BIT,0
1770606320.526665,BIT,0
1770606320.526665,BIT,0
1770606320.526665,BIT,0
1770606320.526665,BIT,1
1770606320.526665,BIT,0
1770606320.526665,BIT,1
1770606320.526665,BIT,0
1770606320.713202,BIT,1
1770606320.713202,BIT,0
1770606320.713202,BIT,0
1770606320.713202,BIT,0
1770606320.713202,BIT,1
1770606320.713202,BIT,1
1770606320.713202,BIT,0
1770606320.713202,BIT,0
1770606320.713202,BIT,0
1770606320.713202,BIT,1
1770606320.906415,BIT,0
1770606320.906415,BIT,0
1770606320.906415,BIT,1
1770606320.906415,BIT,1
1770606320.906415,BIT,1
1770606320.906415,BIT,0
1770606320.906415,BIT,1
1770606320.906415,BIT,1
1770606320.906415,BIT,1
1770606320.906415,BIT,1
1770606321.0773585,BIT,0
1770606321.0773585,BIT,1
1770606321.0773585,BIT,0
1770606321.0773585,BIT,0
1770606321.0773585,BIT,0
1770606321.0773585,BIT,1
1770606321.0773585,BIT,0
1770606321.0773585,BIT,1
1770606321.0773585,BIT,0
1770606321.0773585,BIT,1
1770606321.2505322,BIT,1
1770606321.2505322,BIT,0
1770606321.2505322,BIT,1
1770606321.2505322,BIT,0
1770606321.2505322,BIT,1
1770606321.2505322,BIT,0
1770606321.2505322,BIT,1
1770606321.2505322,BIT,0
1770606321.2505322,BIT,0
1770606321.2505322,BIT,1
1770606321.4095204,BIT,1
1770606321.4095204,BIT,1
1770606321.4095204,BIT,0
1770606321.4095204,BIT,1
1770606321.4095204,BIT,1
1770606321.4095204,BIT,1
1770606321.4095204,BIT,0
1770606321.4095204,BIT,0
1770606321.4095204,BIT,0
1770606321.4095204,BIT,1
1770606321.5594814,BIT,0
1770606321.5594814,BIT,1
1770606321.5594814,BIT,0
1770606321.5594814,BIT,0
1770606321.5594814,BIT,0
1770606321.5594814,BIT,0
1770606321.5594814,BIT,0
1770606321.5594814,BIT,0
1770606321.5594814,BIT,1
1770606321.5594814,BIT,0
1770606321.7255352,BIT,1
1770606321.7255352,BIT,1
1770606321.7255352,BIT,0
1770606321.7255352,BIT,1
1770606321.7255352,BIT,1
1770606321.7255352,BIT,0
1770606321.7255352,BIT,0
1770606321.7255352,BIT,1
1770606321.7255352,BIT,0
1770606321.7255352,BIT,1
1770606321.9739916,BIT,1
1770606321.9739916,BIT,1
1770606321.9739916,BIT,0
1770606321.9739916,BIT,0
1770606321.9739916,BIT,1
1770606321.9739916,BIT,0
1770606321.9739916,BIT,0
1770606321.9739916,BIT,0
1770606321.9739916,BIT,1
1770606321.9739916,BIT,1
1770606322.1771593,BIT,0
1770606322.1771593,BIT,1
1770606322.1771593,BIT,0
1770606322.1771593,BIT,0
1770606322.1771593,BIT,1
1770606322.1771593,BIT,1
1770606322.1771593,BIT,1
1770606322.1771593,BIT,1
1770606322.1771593,BIT,1
1770606322.1771593,BIT,0
1770606322.3770082,BIT,1
1770606322.3770082,BIT,0
1770606322.3770082,BIT,1
1770606322.3770082,BIT,0
1770606322.3770082,BIT,0
1770606322.3770082,BIT,0
1770606322.3770082,BIT,1
1770606322.3770082,BIT,0
1770606322.3770082,BIT,0
1770606322.3770082,BIT,0
1770606322.562685,BIT,1
1770606322.562685,BIT,1
1770606322.562685,BIT,0
1770606322.562685,BIT,0
1770606322.562685,BIT,1
1770606322.562685,BIT,0
1770606322.562685,BIT,0
1770606322.562685,BIT,1
1770606322.562685,BIT,1
1770606322.562685,BIT,1
1770606322.7240748,BIT,0
1770606322.7240748,BIT,1
1770606322.7240748,BIT,1
1770606322.7240748,BIT,0
1770606322.7240748,BIT,1
1770606322.7240748,BIT,0
1770606322.7240748,BIT,1
1770606322.7240748,BIT,1
1770606322.7240748,BIT,0
1770606322.7240748,BIT,0
1770606322.9092352,BIT,0
1770606322.9092352,BIT,0
1770606322.9092352,BIT,0
1770606322.9092352,BIT,1
1770606322.9092352,BIT,1
1770606322.9092352,BIT,1
1770606322.9092352,BIT,1
1770606322.9092352,BIT,1
1770606322.9092352,BIT,1
1770606322.9092352,BIT,0
1770606323.0885236,BIT,1
1770606323.0885236,BIT,0
1770606323.0885236,BIT,0
1770606323.0885236,BIT,1
1770606323.0885236,BIT,1
1770606323.0885236,BIT,1
1770606323.0885236,BIT,0
1770606323.0885236,BIT,0
1770606323.0885236,BIT,0
1770606323.0885236,BIT,0
1770606323.2680864,BIT,0
1770606323.2680864,BIT,0
1770606323.2680864,BIT,0
1770606323.2680864,BIT,1
1770606323.2680864,BIT,1
1770606323.2680864,BIT,1
1770606323.2680864,BIT,0
1770606323.2680864,BIT,0
1770606323.2680864,BIT,1
1770606323.2680864,BIT,1
1770606323.437908,BIT,0
1770606323.437908,BIT,0
1770606323.437908,BIT,1
1770606323.437908,BIT,0
1770606323.437908,BIT,0
1770606323.437908,BIT,1
1770606323.437908,BIT,0
1770606323.437908,BIT,0
1770606323.437908,BIT,1
1770606323.437908,BIT,1
1770606323.598276,BIT,0
1770606323.598276,BIT,1
1770606323.598276,BIT,1
1770606323.598276,BIT,1
1770606323.598276,BIT,0
1770606323.598276,BIT,0
1770606323.598276,BIT,0
1770606323.598276,BIT,0
1770606323.598276,BIT,1
1770606323.598276,BIT,1
1770606323.7697673,BIT,0
1770606323.7697673,BIT,0
1770606323.7697673,BIT,0
1770606323.7697673,BIT,0
1770606323.7697673,BIT,1
1770606323.7697673,BIT,1
1770606323.7697673,BIT,0
1770606323.7697673,BIT,1
1770606323.7697673,BIT,1
1770606323.7697673,BIT,1
1770606323.944811,BIT,1
1770606323.944811,BIT,0
1770606323.944811,BIT,1
1770606323.944811,BIT,1
1770606323.944811,BIT,0
1770606323.944811,BIT,1
1770606323.944811,BIT,0
1770606323.944811,BIT,0
1770606323.944811,BIT,1
1770606323.944811,BIT,0
1770606324.1012428,BIT,1
1770606324.1012428,BIT,0
1770606324.1012428,BIT,0
1770606324.1012428,BIT,1
1770606324.1012428,BIT,0
1770606324.1012428,BIT,0
1770606324.1012428,BIT,0
1770606324.1012428,BIT,0
1770606324.1012428,BIT,1
1770606324.1012428,BIT,1
1770606324.2732239,BIT,1
1770606324.2732239,BIT,0
1770606324.2732239,BIT,1
1770606324.2732239,BIT,0
1770606324.2732239,BIT,1
1770606324.2732239,BIT,1
1770606324.2732239,BIT,1
1770606324.2732239,BIT,0
1770606324.2732239,BIT,1
1770606324.2732239,BIT,1
1770606324.4402997,BIT,0
1770606324.4402997,BIT,1
1770606324.4402997,BIT,1
1770606324.4402997,BIT,0
1770606324.4402997,BIT,1
1770606324.4402997,BIT,0
1770606324.4402997,BIT,1
1770606324.4402997,BIT,1
1770606324.4402997,BIT,0
1770606324.4402997,BIT,0
1770606324.6250362,BIT,1
1770606324.6250362,BIT,1
1770606324.6250362,BIT,0
1770606324.6250362,BIT,1
1770606324.6250362,BIT,0
1770606324.6250362,BIT,1
1770606324.6250362,BIT,1
1770606324.6250362,BIT,1
1770606324.6250362,BIT,1
1770606324.6250362,BIT,0
1770606324.8199997,BIT,1
1770606324.8199997,BIT,0
1770606324.8199997,BIT,0
1770606324.8199997,BIT,0
1770606324.8199997,BIT,0
1770606324.8199997,BIT,0
1770606324.8199997,BIT,0
1770606324.8199997,BIT,1
1770606324.8199997,BIT,1
1770606324.8199997,BIT,1
1770606325.0176058,BIT,0
1770606325.0176058,BIT,0
1770606325.0176058,BIT,1
1770606325.0176058,BIT,1
1770606325.0176058,BIT,0
1770606325.0176058,BIT,1
1770606325.0176058,BIT,0
1770606325.0176058,BIT,0
1770606325.0176058,BIT,0
1770606325.0176058,BIT,0
1770606325.2159424,BIT,1
1770606325.2159424,BIT,1
1770606325.2159424,BIT,1
1770606325.2159424,BIT,0
1770606325.2159424,BIT,1
1770606325.2159424,BIT,1
1770606325.2159424,BIT,1
1770606325.2159424,BIT,1
1770606325.2159424,BIT,0
1770606325.2159424,BIT,0
1770606325.4328852,BIT,1
1770606325.4328852,BIT,1
1770606325.4328852,BIT,0
1770606325.4328852,BIT,1
1770606325.4328852,BIT,1
1770606325.4328852,BIT,1
1770606325.4328852,BIT,1
1770606325.4328852,BIT,1
1770606325.4328852,BIT,0
1770606325.4328852,BIT,0
1770606325.6409304,BIT,0
1770606325.6409304,BIT,0
1770606325.6409304,BIT,0
1770606325.6409304,BIT,0
1770606325.6409304,BIT,1
1770606325.6409304,BIT,1
1770606325.6409304,BIT,1
1770606325.6409304,BIT,1
1770606325.6409304,BIT,0
1770606325.6409304,BIT,1
1770606325.8355129,BIT,0
1770606325.8355129,BIT,0
1770606325.8355129,BIT,1
1770606325.8355129,BIT,1
1770606325.8355129,BIT,1
1770606325.8355129,BIT,0
1770606325.8355129,BIT,1
1770606325.8355129,BIT,1
1770606325.8355129,BIT,1
1770606325.8355129,BIT,1
1770606326.041823,BIT,1
1770606326.041823,BIT,1
1770606326.041823,BIT,1
1770606326.041823,BIT,0
1770606326.041823,BIT,0
1770606326.041823,BIT,1
1770606326.041823,BIT,1
1770606326.041823,BIT,0
1770606326.041823,BIT,1
1770606326.041823,BIT,1
1770606326.2404447,BIT,0
1770606326.2404447,BIT,1
1770606326.2404447,BIT,0
1770606326.2404447,BIT,1
1770606326.2404447,BIT,0
1770606326.2404447,BIT,0
1770606326.2404447,BIT,0
1770606326.2404447,BIT,1
1770606326.2404447,BIT,0
1770606326.2404447,BIT,1
1770606326.452522,BIT,1
1770606326.452522,BIT,0
1770606326.452522,BIT,1
1770606326.452522,BIT,1
1770606326.452522,BIT,0
1770606326.452522,BIT,1
1770606326.452522,BIT,0
1770606326.452522,BIT,1
1770606326.452522,BIT,0
1770606326.452522,BIT,1
1770606326.640914,BIT,1
1770606326.640914,BIT,1
1770606326.640914,BIT,0
1770606326.640914,BIT,1
1770606326.640914,BIT,1
1770606326.640914,BIT,1
1770606326.640914,BIT,1
1770606326.640914,BIT,0
1770606326.640914,BIT,0
1770606326.640914,BIT,0
1770606326.8421288,BIT,0
1770606326.8421288,BIT,0
1770606326.8421288,BIT,1
1770606326.8421288,BIT,1
1770606326.8421288,BIT,1
1770606326.8421288,BIT,1
1770606326.8421288,BIT,0
1770606326.8421288,BIT,1
1770606326.8421288,BIT,1
1770606326.8421288,BIT,0
1770606327.0487292,BIT,1
1770606327.0487292,BIT,0
1770606327.0487292,BIT,1
1770606327.0487292,BIT,0
1770606327.0487292,BIT,1
1770606327.0487292,BIT,0
1770606327.0487292,BIT,1
1770606327.0487292,BIT,1
1770606327.0487292,BIT,0
1770606327.0487292,BIT,0
1770606327.2770677,BIT,1
1770606327.2770677,BIT,0
1770606327.2770677,BIT,1
1770606327.2770677,BIT,0
1770606327.2770677,BIT,1
1770606327.2770677,BIT,0
1770606327.2770677,BIT,0
1770606327.2770677,BIT,0
1770606327.2770677,BIT,1
1770606327.2770677,BIT,1
1770606327.490334,BIT,1
1770606327.490334,BIT,0
1770606327.490334,BIT,1
1770606327.490334,BIT,1
1770606327.490334,BIT,0
1770606327.490334,BIT,1
1770606327.490334,BIT,0
1770606327.490334,BIT,0
1770606327.490334,BIT,1
1770606327.490334,BIT,1
1770606327.7162535,BIT,0
1770606327.7162535,BIT,1
1770606327.7162535,BIT,1
1770606327.7162535,BIT,1
1770606327.7162535,BIT,1
1770606327.7162535,BIT,0
1770606327.7162535,BIT,0
1770606327.7162535,BIT,0
1770606327.7162535,BIT,0
1770606327.7162535,BIT,1
1770606327.9540527,BIT,0
1770606327.9540527,BIT,1
1770606327.9540527,BIT,1
1770606327.9540527,BIT,1
1770606327.9540527,BIT,0
1770606327.9540527,BIT,1
1770606327.9540527,BIT,1
1770606327.9540527,BIT,1
1770606327.9540527,BIT,0
1770606327.9540527,BIT,0
1770606328.1738613,BIT,1
1770606328.1738613,BIT,0
1770606328.1738613,BIT,1
1770606328.1738613,BIT,0
1770606328.1738613,BIT,1
1770606328.1738613,BIT,0
1770606328.1738613,BIT,0
1770606328.1738613,BIT,1
1770606328.1738613,BIT,0
1770606328.1738613,BIT,1
1770606328.383331,BIT,1
1770606328.383331,BIT,0
1770606328.383331,BIT,1
1770606328.383331,BIT,0
1770606328.383331,BIT,0
1770606328.383331,BIT,0
1770606328.383331,BIT,0
1770606328.383331,BIT,0
1770606328.383331,BIT,0
1770606328.383331,BIT,1
1770606328.572018,BIT,1
1770606328.572018,BIT,0
1770606328.572018,BIT,0
1770606328.572018,BIT,1
1770606328.572018,BIT,0
1770606328.572018,BIT,1
1770606328.572018,BIT,0
1770606328.572018,BIT,1
1770606328.572018,BIT,1
1770606328.572018,BIT,0
1770606328.776651,BIT,1
1770606328.776651,BIT,0
1770606328.776651,BIT,1
1770606328.776651,BIT,0
1770606328.776651,BIT,0
1770606328.776651,BIT,0
1770606328.776651,BIT,0
1770606328.776651,BIT,1
1770606328.776651,BIT,0
1770606328.776651,BIT,0
1770606328.988893,BIT,1
1770606328.988893,BIT,0
1770606328.988893,BIT,1
1770606328.988893,BIT,0
1770606328.988893,BIT,0
1770606328.988893,BIT,0
1770606328.988893,BIT,0
1770606328.988893,BIT,0
1770606328.988893,BIT,1
1770606328.988893,BIT,1
1770606329.200994,BIT,1
1770606329.200994,BIT,0
1770606329.200994,BIT,0
1770606329.200994,BIT,1
1770606329.200994,BIT,1
1770606329.200994,BIT,1
1770606329.200994,BIT,1
1770606329.200994,BIT,0
1770606329.200994,BIT,0
1770606329.200994,BIT,1
1770606329.424292,BIT,1
1770606329.424292,BIT,0
1770606329.424292,BIT,0
1770606329.424292,BIT,0
1770606329.424292,BIT,0
1770606329.424292,BIT,0
1770606329.424292,BIT,1
1770606329.424292,BIT,0
1770606329.424292,BIT,0
1770606329.424292,BIT,1
1770606329.6150966,BIT,1
1770606329.6150966,BIT,0
1770606329.6150966,BIT,0
1770606329.6150966,BIT,0
1770606329.6150966,BIT,1
1770606329.6150966,BIT,0
1770606329.6150966,BIT,1
1770606329.6150966,BIT,1
1770606329.6150966,BIT,1
1770606329.6150966,BIT,0
1770606329.8236964,BIT,1
1770606329.8236964,BIT,0
1770606329.8236964,BIT,1
1770606329.8236964,BIT,0
1770606329.8236964,BIT,0
1770606329.8236964,BIT,0
1770606329.8236964,BIT,1
1770606329.8236964,BIT,1
1770606329.8236964,BIT,0
1770606329.8236964,BIT,1
1770606330.0417027,BIT,0
1770606330.0417027,BIT,0
1770606330.0417027,BIT,1
1770606330.0417027,BIT,1
1770606330.0417027,BIT,0
1770606330.0417027,BIT,0
1770606330.0417027,BIT,1
1770606330.0417027,BIT,1
1770606330.0417027,BIT,0
1770606330.0417027,BIT,0
1770606330.2368925,BIT,1
1770606330.2368925,BIT,1
1770606330.2368925,BIT,0
1770606330.2368925,BIT,1
1770606330.2368925,BIT,0
1770606330.2368925,BIT,1
1770606330.2368925,BIT,0
1770606330.2368925,BIT,0
1770606330.2368925,BIT,0
1770606330.2368925,BIT,0
1770606330.4403963,BIT,0
1770606330.4403963,BIT,0
1770606330.4403963,BIT,0
1770606330.4403963,BIT,0
1770606330.4403963,BIT,0
1770606330.4403963,BIT,1
1770606330.4403963,BIT,1
1770606330.4403963,BIT,1
1770606330.4403963,BIT,1
1770606330.4403963,BIT,0
1770606330.624432,BIT,0
1770606330.624432,BIT,0
1770606330.624432,BIT,0
1770606330.624432,BIT,1
1770606330.624432,BIT,1
1770606330.624432,BIT,1
1770606330.624432,BIT,1
1770606330.624432,BIT,0
1770606330.624432,BIT,0
1770606330.624432,BIT,0
1770606330.83233,BIT,0
1770606330.83233,BIT,1
1770606330.83233,BIT,0
1770606330.83233,BIT,0
1770606330.83233,BIT,1
1770606330.83233,BIT,1
1770606330.83233,BIT,1
1770606330.83233,BIT,0
1770606330.83233,BIT,1
1770606330.83233,BIT,1
1770606331.046136,BIT,0
1770606331.046136,BIT,0
1770606331.046136,BIT,0
1770606331.046136,BIT,1
1770606331.046136,BIT,0
1770606331.046136,BIT,0
1770606331.046136,BIT,0
1770606331.046136,BIT,1
1770606331.046136,BIT,1
1770606331.046136,BIT,0
1770606331.2694368,BIT,0
1770606331.2694368,BIT,1
1770606331.2694368,BIT,1
1770606331.2694368,BIT,1
1770606331.2694368,BIT,0
1770606331.2694368,BIT,0
1770606331.2694368,BIT,0
1770606331.2694368,BIT,1
1770606331.2694368,BIT,1
1770606331.2694368,BIT,0
1770606331.4792242,BIT,0
1770606331.4792242,BIT,0
1770606331.4792242,BIT,1
1770606331.4792242,BIT,1
1770606331.4792242,BIT,0
1770606331.4792242,BIT,1
1770606331.4792242,BIT,0
1770606331.4792242,BIT,0
1770606331.4792242,BIT,0
1770606331.4792242,BIT,0
1770606331.6703837,BIT,0
1770606331.6703837,BIT,0
1770606331.6703837,BIT,1
1770606331.6703837,BIT,0
1770606331.6703837,BIT,1
1770606331.6703837,BIT,1
1770606331.6703837,BIT,0
1770606331.6703837,BIT,1
1770606331.6703837,BIT,0
1770606331.6703837,BIT,1
1770606331.8699496,BIT,1
1770606331.8699496,BIT,1
1770606331.8699496,BIT,1
1770606331.8699496,BIT,1
1770606331.8699496,BIT,0
1770606331.8699496,BIT,0
1770606331.8699496,BIT,1
1770606331.8699496,BIT,0
1770606331.8699496,BIT,0
1770606331.8699496,BIT,1
1770606332.0585356,BIT,1
1770606332.0585356,BIT,0
1770606332.0585356,BIT,0
1770606332.0585356,BIT,1
1770606332.0585356,BIT,0
1770606332.0585356,BIT,1
1770606332.0585356,BIT,0
1770606332.0585356,BIT,1
1770606332.0585356,BIT,0
1770606332.0585356,BIT,1
1770606332.2608063,BIT,1
1770606332.2608063,BIT,0
1770606332.2608063,BIT,1
1770606332.2608063,BIT,0
1770606332.2608063,BIT,0
1770606332.2608063,BIT,0
1770606332.2608063,BIT,0
1770606332.2608063,BIT,1
1770606332.2608063,BIT,1
1770606332.2608063,BIT,1
1770606332.457621,BIT,1
1770606332.457621,BIT,1
1770606332.457621,BIT,1
1770606332.457621,BIT,0
1770606332.457621,BIT,0
1770606332.457621,BIT,1
1770606332.457621,BIT,0
1770606332.457621,BIT,0
1770606332.457621,BIT,0
1770606332.457621,BIT,0
1770606332.6430254,BIT,1
1770606332.6430254,BIT,1
1770606332.6430254,BIT,1
1770606332.6430254,BIT,1
1770606332.6430254,BIT,1
1770606332.6430254,BIT,1
1770606332.6430254,BIT,0
1770606332.6430254,BIT,0
1770606332.6430254,BIT,0
1770606332.6430254,BIT,0
1770606332.8749068,BIT,1
1770606332.8749068,BIT,1
1770606332.8749068,BIT,0
1770606332.8749068,BIT,0
1770606332.8749068,BIT,1
1770606332.8749068,BIT,1
1770606332.8749068,BIT,0
1770606332.8749068,BIT,0
1770606332.8749068,BIT,1
1770606332.8749068,BIT,1
1770606333.1201925,BIT,0
1770606333.1201925,BIT,0
1770606333.1201925,BIT,0
1770606333.1201925,BIT,0
1770606333.1201925,BIT,1
1770606333.1201925,BIT,0
1770606333.1201925,BIT,0
1770606333.1201925,BIT,0
1770606333.1201925,BIT,0
1770606333.1201925,BIT,0
1770606333.3900921,BIT,0
1770606333.3900921,BIT,0
1770606333.3900921,BIT,0
1770606333.3900921,BIT,0
1770606333.3900921,BIT,1
1770606333.3900921,BIT,0
1770606333.3900921,BIT,0
1770606333.3900921,BIT,0
1770606333.3900921,BIT,1
1770606333.3900921,BIT,1
1770606333.6698494,BIT,1
1770606333.6698494,BIT,1
1770606333.6698494,BIT,0
1770606333.6698494,BIT,0
1770606333.6698494,BIT,0
1770606333.6698494,BIT,0
1770606333.6698494,BIT,1
1770606333.6698494,BIT,1
1770606333.6698494,BIT,0
1770606333.6698494,BIT,1
1770606333.91542,BIT,0
1770606333.91542,BIT,0
1770606333.91542,BIT,0
1770606333.91542,BIT,1
1770606333.91542,BIT,1
1770606333.91542,BIT,0
1770606333.91542,BIT,1
1770606333.91542,BIT,1
1770606333.91542,BIT,0
1770606333.91542,BIT,0
1770606334.1294665,BIT,1
1770606334.1294665,BIT,0
1770606334.1294665,BIT,1
1770606334.1294665,BIT,1
1770606334.1294665,BIT,1
1770606334.1294665,BIT,1
1770606334.1294665,BIT,0
1770606334.1294665,BIT,0
1770606334.1294665,BIT,0
1770606334.1294665,BIT,1
1770606334.3393977,BIT,1
1770606334.3393977,BIT,1
1770606334.3393977,BIT,0
1770606334.3393977,BIT,0
1770606334.3393977,BIT,0
1770606334.3393977,BIT,0
1770606334.3393977,BIT,0
1770606334.3393977,BIT,1
1770606334.3393977,BIT,1
1770606334.3393977,BIT,1
1770606334.5455039,BIT,1
1770606334.5455039,BIT,0
1770606334.5455039,BIT,1
1770606334.5455039,BIT,1
1770606334.5455039,BIT,1
1770606334.5455039,BIT,1
1770606334.5455039,BIT,0
1770606334.5455039,BIT,0
1770606334.5455039,BIT,0
1770606334.5455039,BIT,0
1770606334.7469702,BIT,1
1770606334.7469702,BIT,1
1770606334.7469702,BIT,0
1770606334.7469702,BIT,0
1770606334.7469702,BIT,1
1770606334.7469702,BIT,0
1770606334.7469702,BIT,1
1770606334.7469702,BIT,1
1770606334.7469702,BIT,1
1770606334.7469702,BIT,0
1770606334.9656026,BIT,1
1770606334.9656026,BIT,1
1770606334.9656026,BIT,0
1770606334.9656026,BIT,1
1770606334.9656026,BIT,1
1770606334.9656026,BIT,1
1770606334.9656026,BIT,1
1770606334.9656026,BIT,0
1770606334.9656026,BIT,1
1770606334.9656026,BIT,1
1770606335.19864,BIT,1
1770606335.19864,BIT,0
1770606335.19864,BIT,0
1770606335.19864,BIT,0
1770606335.19864,BIT,0
1770606335.19864,BIT,1
1770606335.19864,BIT,1
1770606335.19864,BIT,1
1770606335.19864,BIT,0
1770606335.19864,BIT,1
1770606335.394137,BIT,1
1770606335.394137,BIT,1
1770606335.394137,BIT,1
1770606335.394137,BIT,1
1770606335.394137,BIT,0
1770606335.394137,BIT,1
1770606335.394137,BIT,0
1770606335.394137,BIT,1
1770606335.394137,BIT,0
1770606335.394137,BIT,1
1770606335.5740957,BIT,0
1770606335.5740957,BIT,1
1770606335.5740957,BIT,0
1770606335.5740957,BIT,0
1770606335.5740957,BIT,0
1770606335.5740957,BIT,1
1770606335.5740957,BIT,1
1770606335.5740957,BIT,1
1770606335.5740957,BIT,1
1770606335.5740957,BIT,1
1770606335.7652593,BIT,1
1770606335.7652593,BIT,0
1770606335.7652593,BIT,1
1770606335.7652593,BIT,1
1770606335.7652593,BIT,1
1770606335.7652593,BIT,1
1770606335.7652593,BIT,1
1770606335.7652593,BIT,0
1770606335.7652593,BIT,1
1770606335.7652593,BIT,0
1770606336.012986,BIT,1
1770606336.012986,BIT,1
1770606336.012986,BIT,0
1770606336.012986,BIT,1
1770606336.012986,BIT,1
1770606336.012986,BIT,1
1770606336.012986,BIT,0
1770606336.012986,BIT,1
1770606336.012986,BIT,1
1770606336.012986,BIT,1
1770606336.2317898,BIT,1
1770606336.2317898,BIT,1
1770606336.2317898,BIT,0
1770606336.2317898,BIT,0
1770606336.2317898,BIT,1
1770606336.2317898,BIT,0
1770606336.2317898,BIT,0
1770606336.2317898,BIT,1
1770606336.2317898,BIT,1
1770606336.2317898,BIT,1
1770606336.4457624,BIT,1
1770606336.4457624,BIT,1
1770606336.4457624,BIT,1
1770606336.4457624,BIT,0
1770606336.4457624,BIT,1
1770606336.4457624,BIT,1
1770606336.4457624,BIT,0
1770606336.4457624,BIT,0
1770606336.4457624,BIT,1
1770606336.4457624,BIT,0
1770606336.6511884,BIT,0
1770606336.6511884,BIT,1
1770606336.6511884,BIT,0
1770606336.6511884,BIT,1
1770606336.6511884,BIT,0
1770606336.6511884,BIT,1
1770606336.6511884,BIT,0
1770606336.6511884,BIT,0
1770606336.6511884,BIT,0
1770606336.6511884,BIT,1
1770606336.8765187,BIT,1
1770606336.8765187,BIT,0
1770606336.8765187,BIT,0
1770606336.8765187,BIT,1
1770606336.8765187,BIT,1
1770606336.8765187,BIT,1
1770606336.8765187,BIT,0
1770606336.8765187,BIT,1
1770606336.8765187,BIT,0
1770606336.8765187,BIT,1
1770606337.104379,BIT,0
1770606337.104379,BIT,0
1770606337.104379,BIT,1
1770606337.104379,BIT,0
1770606337.104379,BIT,0
1770606337.104379,BIT,1
1770606337.104379,BIT,0
1770606337.104379,BIT,1
1770606337.104379,BIT,1
1770606337.104379,BIT,1
1770606337.2947736,BIT,1
1770606337.2947736,BIT,0
1770606337.2947736,BIT,1
1770606337.2947736,BIT,1
1770606337.2947736,BIT,0
1770606337.2947736,BIT,0
1770606337.2947736,BIT,0
1770606337.2947736,BIT,0
1770606337.2947736,BIT,0
1770606337.2947736,BIT,0
1770606337.486258,BIT,1
1770606337.486258,BIT,1
1770606337.486258,BIT,1
1770606337.486258,BIT,0
1770606337.486258,BIT,0
1770606337.486258,BIT,1
1770606337.486258,BIT,0
1770606337.486258,BIT,0
1770606337.486258,BIT,0
1770606337.486258,BIT,0
1770606337.6395056,BIT,1
1770606337.6395056,BIT,1
1770606337.6395056,BIT,0
1770606337.6395056,BIT,1
1770606337.6395056,BIT,0
1770606337.6395056,BIT,0
1770606337.6395056,BIT,0
1770606337.6395056,BIT,0
1770606337.6395056,BIT,0
1770606337.6395056,BIT,1
1770606337.8084927,BIT,1
1770606337.8084927,BIT,0
1770606337.8084927,BIT,1
1770606337.8084927,BIT,1
1770606337.8084927,BIT,1
1770606337.8084927,BIT,1
1770606337.8084927,BIT,1
1770606337.8084927,BIT,0
1770606337.8084927,BIT,1
1770606337.8084927,BIT,0
1770606337.9662857,BIT,0
1770606337.9662857,BIT,0
1770606337.9662857,BIT,1
1770606337.9662857,BIT,0
1770606337.9662857,BIT,0
1770606337.9662857,BIT,0
1770606337.9662857,BIT,0
1770606337.9662857,BIT,1
1770606337.9662857,BIT,1
1770606337.9662857,BIT,1
1770606338.1222806,BIT,1
1770606338.1222806,BIT,1
1770606338.1222806,BIT,0
1770606338.1222806,BIT,0
1770606338.1222806,BIT,0
1770606338.1222806,BIT,0
1770606338.1222806,BIT,0
1770606338.1222806,BIT,1
1770606338.1222806,BIT,1
1770606338.1222806,BIT,1
1770606338.2793205,BIT,0
1770606338.2793205,BIT,0
1770606338.2793205,BIT,1
1770606338.2793205,BIT,1
1770606338.2793205,BIT,1
1770606338.2793205,BIT,0
1770606338.2793205,BIT,0
1770606338.2793205,BIT,0
1770606338.2793205,BIT,1
1770606338.2793205,BIT,0
1770606338.4510114,BIT,0
1770606338.4510114,BIT,1
1770606338.4510114,BIT,0
1770606338.4510114,BIT,0
1770606338.4510114,BIT,0
1770606338.4510114,BIT,0
1770606338.4510114,BIT,0
1770606338.4510114,BIT,0
1770606338.4510114,BIT,1
1770606338.4510114,BIT,0
1770606338.6182473,BIT,0
1770606338.6182473,BIT,1
1770606338.6182473,BIT,1
1770606338.6182473,BIT,1
1770606338.6182473,BIT,1
1770606338.6182473,BIT,0
1770606338.6182473,BIT,0
1770606338.6182473,BIT,1
1770606338.6182473,BIT,0
1770606338.6182473,BIT,1
1770606338.7857473,BIT,0
1770606338.7857473,BIT,1
1770606338.7857473,BIT,0
1770606338.7857473,BIT,0
1770606338.7857473,BIT,0
1770606338.7857473,BIT,1
1770606338.7857473,BIT,0
1770606338.7857473,BIT,0
1770606338.7857473,BIT,1
1770606338.7857473,BIT,1
1770606338.966271,BIT,0
1770606338.966271,BIT,1
1770606338.966271,BIT,1
1770606338.966271,BIT,1
1770606338.966271,BIT,1
1770606338.966271,BIT,0
1770606338.966271,BIT,0
1770606338.966271,BIT,1
1770606338.966271,BIT,1
1770606338.966271,BIT,0
1770606339.1225762,BIT,0
1770606339.1225762,BIT,1
1770606339.1225762,BIT,1
1770606339.1225762,BIT,1
1770606339.1225762,BIT,0
1770606339.1225762,BIT,0
1770606339.1225762,BIT,0
1770606339.1225762,BIT,0
1770606339.1225762,BIT,1
1770606339.1225762,BIT,0
1770606339.2809603,BIT,0
1770606339.2809603,BIT,1
1770606339.2809603,BIT,0
1770606339.2809603,BIT,1
1770606339.2809603,BIT,1
1770606339.2809603,BIT,0
1770606339.2809603,BIT,0
1770606339.2809603,BIT,1
1770606339.2809603,BIT,0
1770606339.2809603,BIT,1
1770606339.4685442,BIT,0
1770606339.4685442,BIT,1
1770606339.4685442,BIT,0
1770606339.4685442,BIT,1
1770606339.4685442,BIT,0
1770606339.4685442,BIT,1
1770606339.4685442,BIT,0
1770606339.4685442,BIT,0
1770606339.4685442,BIT,0
1770606339.4685442,BIT,0
1770606339.6356113,BIT,0
1770606339.6356113,BIT,1
1770606339.6356113,BIT,0
1770606339.6356113,BIT,1
1770606339.6356113,BIT,0
1770606339.6356113,BIT,1
1770606339.6356113,BIT,1
1770606339.6356113,BIT,1
1770606339.6356113,BIT,0
1770606339.6356113,BIT,1
1770606339.8027918,BIT,1
1770606339.8027918,BIT,1
1770606339.8027918,BIT,0
1770606339.8027918,BIT,0
1770606339.8027918,BIT,1
1770606339.8027918,BIT,1
1770606339.8027918,BIT,1
1770606339.8027918,BIT,1
1770606339.8027918,BIT,1
1770606339.8027918,BIT,0
1770606339.9651804,BIT,1
1770606339.9651804,BIT,1
1770606339.9651804,BIT,1
1770606339.9651804,BIT,0
1770606339.9651804,BIT,1
1770606339.9651804,BIT,0
1770606339.9651804,BIT,0
1770606339.9651804,BIT,0
1770606339.9651804,BIT,0
1770606339.9651804,BIT,0
1770606340.1442323,BIT,1
1770606340.1442323,BIT,1
1770606340.1442323,BIT,0
1770606340.1442323,BIT,0
1770606340.1442323,BIT,0
1770606340.1442323,BIT,1
1770606340.1442323,BIT,0
1770606340.1442323,BIT,0
1770606340.1442323,BIT,1
1770606340.1442323,BIT,0
1770606340.3325639,BIT,1
1770606340.3325639,BIT,0
1770606340.3325639,BIT,1
1770606340.3325639,BIT,1
1770606340.3325639,BIT,1
1770606340.3325639,BIT,1
1770606340.3325639,BIT,0
1770606340.3325639,BIT,1
1770606340.3325639,BIT,0
1770606340.3325639,BIT,0
1770606340.5177364,BIT,0
1770606340.5177364,BIT,1
1770606340.5177364,BIT,1
1770606340.5177364,BIT,0
1770606340.5177364,BIT,1
1770606340.5177364,BIT,0
1770606340.5177364,BIT,1
1770606340.5177364,BIT,0
1770606340.5177364,BIT,0
1770606340.5177364,BIT,1
1770606340.686938,BIT,1
1770606340.686938,BIT,0
1770606340.686938,BIT,1
1770606340.686938,BIT,0
1770606340.686938,BIT,0
1770606340.686938,BIT,1
1770606340.686938,BIT,1
1770606340.686938,BIT,1
1770606340.686938,BIT,0
1770606340.686938,BIT,1
1770606340.8805027,BIT,1
1770606340.8805027,BIT,0
1770606340.8805027,BIT,0
1770606340.8805027,BIT,1
1770606340.8805027,BIT,1
1770606340.8805027,BIT,1
1770606340.8805027,BIT,0
1770606340.8805027,BIT,0
1770606340.8805027,BIT,0
1770606340.8805027,BIT,1
1770606341.0608833,BIT,1
1770606341.0608833,BIT,1
1770606341.0608833,BIT,0
1770606341.0608833,BIT,0
1770606341.0608833,BIT,1
1770606341.0608833,BIT,0
1770606341.0608833,BIT,1
1770606341.0608833,BIT,1
1770606341.0608833,BIT,1
1770606341.0608833,BIT,0
1770606341.2403796,BIT,1
1770606341.2403796,BIT,1
1770606341.2403796,BIT,1
1770606341.2403796,BIT,0
1770606341.2403796,BIT,0
1770606341.2403796,BIT,1
1770606341.2403796,BIT,0
1770606341.2403796,BIT,1
1770606341.2403796,BIT,1
1770606341.2403796,BIT,1
1770606341.4205775,BIT,1
1770606341.4205775,BIT,0
1770606341.4205775,BIT,1
1770606341.4205775,BIT,1
1770606341.4205775,BIT,0
1770606341.4205775,BIT,0
1770606341.4205775,BIT,1
1770606341.4205775,BIT,1
1770606341.4205775,BIT,0
1770606341.4205775,BIT,1
1770606341.5848951,BIT,0
1770606341.5848951,BIT,0
1770606341.5848951,BIT,1
1770606341.5848951,BIT,1
1770606341.5848951,BIT,1
1770606341.5848951,BIT,1
1770606341.5848951,BIT,0
1770606341.5848951,BIT,1
1770606341.5848951,BIT,1
1770606341.5848951,BIT,1
1770606341.8428113,BIT,1
1770606341.8428113,BIT,0
1770606341.8428113,BIT,1
1770606341.8428113,BIT,0
1770606341.8428113,BIT,1
1770606341.8428113,BIT,1
1770606341.8428113,BIT,0
1770606341.8428113,BIT,1
1770606341.8428113,BIT,1
1770606341.8428113,BIT,1
1770606342.0797122,BIT,1
1770606342.0797122,BIT,0
1770606342.0797122,BIT,0
1770606342.0797122,BIT,0
1770606342.0797122,BIT,0
1770606342.0797122,BIT,1
1770606342.0797122,BIT,1
1770606342.0797122,BIT,1
1770606342.0797122,BIT,1
1770606342.0797122,BIT,0
1770606342.2862856,BIT,0
1770606342.2862856,BIT,1
1770606342.2862856,BIT,0
1770606342.2862856,BIT,0
1770606342.2862856,BIT,0
1770606342.2862856,BIT,1
1770606342.2862856,BIT,0
1770606342.2862856,BIT,1
1770606342.2862856,BIT,0
1770606342.2862856,BIT,1
1770606342.503191,BIT,1
1770606342.503191,BIT,1
1770606342.503191,BIT,0
1770606342.503191,BIT,1
1770606342.503191,BIT,0
1770606342.503191,BIT,1
1770606342.503191,BIT,0
1770606342.503191,BIT,1
1770606342.503191,BIT,0
1770606342.503191,BIT,1
1770606342.7237008,BIT,1
1770606342.7237008,BIT,0
1770606342.7237008,BIT,0
1770606342.7237008,BIT,1
1770606342.7237008,BIT,1
1770606342.7237008,BIT,0
1770606342.7237008,BIT,0
1770606342.7237008,BIT,1
1770606342.7237008,BIT,1
1770606342.7237008,BIT,0
1770606342.9490309,BIT,0
1770606342.9490309,BIT,1
1770606342.9490309,BIT,0
1770606342.9490309,BIT,0
1770606342.9490309,BIT,1
1770606342.9490309,BIT,0
1770606342.9490309,BIT,1
1770606342.9490309,BIT,1
1770606342.9490309,BIT,0
1770606342.9490309,BIT,0
1770606343.1337051,BIT,1
1770606343.1337051,BIT,0
1770606343.1337051,BIT,0
1770606343.1337051,BIT,0
1770606343.1337051,BIT,0
1770606343.1337051,BIT,0
1770606343.1337051,BIT,0
1770606343.1337051,BIT,1
1770606343.1337051,BIT,0
1770606343.1337051,BIT,1
1770606343.3229527,BIT,1
1770606343.3229527,BIT,0
1770606343.3229527,BIT,0
1770606343.3229527,BIT,1
1770606343.3229527,BIT,0
1770606343.3229527,BIT,1
1770606343.3229527,BIT,0
1770606343.3229527,BIT,1
1770606343.3229527,BIT,1
1770606343.3229527,BIT,1
1770606343.5222495,BIT,0
1770606343.5222495,BIT,1
1770606343.5222495,BIT,1
1770606343.5222495,BIT,0
1770606343.5222495,BIT,1
1770606343.5222495,BIT,0
1770606343.5222495,BIT,0
1770606343.5222495,BIT,1
1770606343.5222495,BIT,0
1770606343.5222495,BIT,1
1770606343.7010167,BIT,1
1770606343.7010167,BIT,1
1770606343.7010167,BIT,1
1770606343.7010167,BIT,0
1770606343.7010167,BIT,0
1770606343.7010167,BIT,1
1770606343.7010167,BIT,1
1770606343.7010167,BIT,0
1770606343.7010167,BIT,1
1770606343.7010167,BIT,0
1770606343.8904717,BIT,1
1770606343.8904717,BIT,0
1770606343.8904717,BIT,1
1770606343.8904717,BIT,0
1770606343.8904717,BIT,0
1770606343.8904717,BIT,1
1770606343.8904717,BIT,1
1770606343.8904717,BIT,0
1770606343.8904717,BIT,1
1770606343.8904717,BIT,1
1770606344.0526102,BIT,1
1770606344.0526102,BIT,1
1770606344.0526102,BIT,1
1770606344.0526102,BIT,1
1770606344.0526102,BIT,0
1770606344.0526102,BIT,0
1770606344.0526102,BIT,0
1770606344.0526102,BIT,0
1770606344.0526102,BIT,1
1770606344.0526102,BIT,1
1770606344.2276714,BIT,1
1770606344.2276714,BIT,0
1770606344.2276714,BIT,1
1770606344.2276714,BIT,0
1770606344.2276714,BIT,1
1770606344.2276714,BIT,0
1770606344.2276714,BIT,0
1770606344.2276714,BIT,1
1770606344.2276714,BIT,1
1770606344.2276714,BIT,1
1770606344.3905582,BIT,0
1770606344.3905582,BIT,1
1770606344.3905582,BIT,0
1770606344.3905582,BIT,1
1770606344.3905582,BIT,1
1770606344.3905582,BIT,1
1770606344.3905582,BIT,1
1770606344.3905582,BIT,1
1770606344.3905582,BIT,0
1770606344.3905582,BIT,0
1770606344.5422642,BIT,1
1770606344.5422642,BIT,0
1770606344.5422642,BIT,0
1770606344.5422642,BIT,1
1770606344.5422642,BIT,0
1770606344.5422642,BIT,1
1770606344.5422642,BIT,0
1770606344.5422642,BIT,1
1770606344.5422642,BIT,0
1770606344.5422642,BIT,0
1770606344.6964848,BIT,0
1770606344.6964848,BIT,0
1770606344.6964848,BIT,1
1770606344.6964848,BIT,0
1770606344.6964848,BIT,1
1770606344.6964848,BIT,1
1770606344.6964848,BIT,1
1770606344.6964848,BIT,1
1770606344.6964848,BIT,0
1770606344.6964848,BIT,1
1770606344.8737037,BIT,1
1770606344.8737037,BIT,0
1770606344.8737037,BIT,0
1770606344.8737037,BIT,1
1770606344.8737037,BIT,0
1770606344.8737037,BIT,0
1770606344.8737037,BIT,1
1770606344.8737037,BIT,0
1770606344.8737037,BIT,1
1770606344.8737037,BIT,0
1770606345.0334413,BIT,0
1770606345.0334413,BIT,0
1770606345.0334413,BIT,1
1770606345.0334413,BIT,0
1770606345.0334413,BIT,0
1770606345.0334413,BIT,1
1770606345.0334413,BIT,1
1770606345.0334413,BIT,0
1770606345.0334413,BIT,1
1770606345.0334413,BIT,1
1770606345.2071683,BIT,1
1770606345.2071683,BIT,0
1770606345.2071683,BIT,0
1770606345.2071683,BIT,0
1770606345.2071683,BIT,1
1770606345.2071683,BIT,1
1770606345.2071683,BIT,0
1770606345.2071683,BIT,1
1770606345.2071683,BIT,0
1770606345.2071683,BIT,1
1770606345.3962007,BIT,0
1770606345.3962007,BIT,0
1770606345.3962007,BIT,1
1770606345.3962007,BIT,1
1770606345.3962007,BIT,1
1770606345.3962007,BIT,0
1770606345.3962007,BIT,1
1770606345.3962007,BIT,0
1770606345.3962007,BIT,0
1770606345.3962007,BIT,1
1770606345.556409,BIT,1
1770606345.556409,BIT,1
1770606345.556409,BIT,1
1770606345.556409,BIT,1
1770606345.556409,BIT,1
1770606345.556409,BIT,0
1770606345.556409,BIT,1
1770606345.556409,BIT,1
1770606345.556409,BIT,1
1770606345.556409,BIT,1
1770606345.7231429,BIT,0
1770606345.7231429,BIT,1
1770606345.7231429,BIT,1
1770606345.7231429,BIT,1
1770606345.7231429,BIT,1
1770606345.7231429,BIT,0
1770606345.7231429,BIT,1
1770606345.7231429,BIT,1
1770606345.7231429,BIT,1
1770606345.7231429,BIT,1
1770606345.8918114,BIT,0
1770606345.8918114,BIT,1
1770606345.8918114,BIT,1
1770606345.8918114,BIT,0
1770606345.8918114,BIT,1
1770606345.8918114,BIT,1
1770606345.8918114,BIT,0
1770606345.8918114,BIT,1
1770606345.8918114,BIT,1
1770606345.8918114,BIT,1
1770606346.061669,BIT,1
1770606346.061669,BIT,0
1770606346.061669,BIT,0
1770606346.061669,BIT,1
1770606346.061669,BIT,0
1770606346.061669,BIT,1
1770606346.061669,BIT,1
1770606346.061669,BIT,1
1770606346.061669,BIT,1
1770606346.061669,BIT,0
1770606346.2340682,BIT,0
1770606346.2340682,BIT,0
1770606346.2340682,BIT,0
1770606346.2340682,BIT,1
1770606346.2340682,BIT,0
1770606346.2340682,BIT,0
1770606346.2340682,BIT,1
1770606346.2340682,BIT,1
1770606346.2340682,BIT,1
1770606346.2340682,BIT,1
1770606346.4015858,BIT,1
1770606346.4015858,BIT,0
1770606346.4015858,BIT,0
1770606346.4015858,BIT,1
1770606346.4015858,BIT,1
1770606346.4015858,BIT,0
1770606346.4015858,BIT,0
1770606346.4015858,BIT,0
1770606346.4015858,BIT,1
1770606346.4015858,BIT,1
1770606346.571157,BIT,0
1770606346.571157,BIT,1
1770606346.571157,BIT,1
1770606346.571157,BIT,1
1770606346.571157,BIT,1
1770606346.571157,BIT,1
1770606346.571157,BIT,1
1770606346.571157,BIT,1
1770606346.571157,BIT,0
1770606346.571157,BIT,1
1770606346.7443094,BIT,1
1770606346.7443094,BIT,0
1770606346.7443094,BIT,0
1770606346.7443094,BIT,0
1770606346.7443094,BIT,0
1770606346.7443094,BIT,0
1770606346.7443094,BIT,1
1770606346.7443094,BIT,0
1770606346.7443094,BIT,0
1770606346.7443094,BIT,0
1770606346.9138258,BIT,1
1770606346.9138258,BIT,0
1770606346.9138258,BIT,1
1770606346.9138258,BIT,1
1770606346.9138258,BIT,0
1770606346.9138258,BIT,1
1770606346.9138258,BIT,0
1770606346.9138258,BIT,0
1770606346.9138258,BIT,0
1770606346.9138258,BIT,1
1770606347.079463,BIT,0
1770606347.079463,BIT,0
1770606347.079463,BIT,0
1770606347.079463,BIT,1
1770606347.079463,BIT,0
1770606347.079463,BIT,1
1770606347.079463,BIT,1
1770606347.079463,BIT,0
1770606347.079463,BIT,1
1770606347.079463,BIT,1
1770606347.232102,BIT,1
1770606347.232102,BIT,1
1770606347.232102,BIT,0
1770606347.232102,BIT,0
1770606347.232102,BIT,1
1770606347.232102,BIT,1
1770606347.232102,BIT,0
1770606347.232102,BIT,1
1770606347.232102,BIT,0
1770606347.232102,BIT,0
1770606347.3947961,BIT,1
1770606347.3947961,BIT,0
1770606347.3947961,BIT,0
1770606347.3947961,BIT,1
1770606347.3947961,BIT,0
1770606347.3947961,BIT,1
1770606347.3947961,BIT,1
1770606347.3947961,BIT,1
1770606347.3947961,BIT,1
1770606347.3947961,BIT,0
1770606347.5609853,BIT,0
1770606347.5609853,BIT,1
1770606347.5609853,BIT,0
1770606347.5609853,BIT,0
1770606347.5609853,BIT,1
1770606347.5609853,BIT,0
1770606347.5609853,BIT,1
1770606347.5609853,BIT,0
1770606347.5609853,BIT,1
1770606347.5609853,BIT,0
1770606347.7263615,BIT,0
1770606347.7263615,BIT,0
1770606347.7263615,BIT,0
1770606347.7263615,BIT,0
1770606347.7263615,BIT,0
1770606347.7263615,BIT,0
1770606347.7263615,BIT,1
1770606347.7263615,BIT,0
1770606347.7263615,BIT,1
1770606347.7263615,BIT,0
1770606347.8999293,BIT,0
1770606347.8999293,BIT,1
1770606347.8999293,BIT,0
1770606347.8999293,BIT,1
1770606347.8999293,BIT,1
1770606347.8999293,BIT,1
1770606347.8999293,BIT,0
1770606347.8999293,BIT,1
1770606347.8999293,BIT,1
1770606347.8999293,BIT,0
1770606348.0722036,BIT,0
1770606348.0722036,BIT,1
1770606348.0722036,BIT,1
1770606348.0722036,BIT,0
1770606348.0722036,BIT,1
1770606348.0722036,BIT,0
1770606348.0722036,BIT,0
1770606348.0722036,BIT,0
1770606348.0722036,BIT,1
1770606348.0722036,BIT,1
1770606348.2318668,BIT,0
1770606348.2318668,BIT,0
1770606348.2318668,BIT,1
1770606348.2318668,BIT,0
1770606348.2318668,BIT,1
1770606348.2318668,BIT,1
1770606348.2318668,BIT,1
1770606348.2318668,BIT,1
1770606348.2318668,BIT,1
1770606348.2318668,BIT,1
1770606348.3903844,BIT,1
1770606348.3903844,BIT,1
1770606348.3903844,BIT,0
1770606348.3903844,BIT,1
1770606348.3903844,BIT,1
1770606348.3903844,BIT,0
1770606348.3903844,BIT,0
1770606348.3903844,BIT,0
1770606348.3903844,BIT,0
1770606348.3903844,BIT,0
1770606348.561853,BIT,0
1770606348.561853,BIT,1
1770606348.561853,BIT,0
1770606348.561853,BIT,0
1770606348.561853,BIT,1
1770606348.561853,BIT,1
1770606348.561853,BIT,1
1770606348.561853,BIT,1
1770606348.561853,BIT,1
1770606348.561853,BIT,0
1770606348.7304156,BIT,1
1770606348.7304156,BIT,1
1770606348.7304156,BIT,1
1770606348.7304156,BIT,1
1770606348.7304156,BIT,1
1770606348.7304156,BIT,1
1770606348.7304156,BIT,0
1770606348.7304156,BIT,1
1770606348.7304156,BIT,1
1770606348.7304156,BIT,0
1770606348.909564,BIT,1
1770606348.909564,BIT,0
1770606348.909564,BIT,1
1770606348.909564,BIT,0
1770606348.909564,BIT,0
1770606348.909564,BIT,1
1770606348.909564,BIT,1
1770606348.909564,BIT,1
1770606348.909564,BIT,1
1770606348.909564,BIT,0
1770606349.098635,BIT,0
1770606349.098635,BIT,0
1770606349.098635,BIT,1
1770606349.098635,BIT,1
1770606349.098635,BIT,0
1770606349.098635,BIT,0
1770606349.098635,BIT,0
1770606349.098635,BIT,0
1770606349.098635,BIT,1
1770606349.098635,BIT,1
1770606349.2635965,BIT,1
1770606349.2635965,BIT,0
1770606349.2635965,BIT,0
1770606349.2635965,BIT,1
1770606349.2635965,BIT,1
1770606349.2635965,BIT,1
1770606349.2635965,BIT,0
1770606349.2635965,BIT,0
1770606349.2635965,BIT,0
1770606349.2635965,BIT,0
1770606349.430461,BIT,1
1770606349.430461,BIT,1
1770606349.430461,BIT,0
1770606349.430461,BIT,0
1770606349.430461,BIT,0
1770606349.430461,BIT,0
1770606349.430461,BIT,0
1770606349.430461,BIT,1
1770606349.430461,BIT,0
1770606349.430461,BIT,1
1770606349.593606,BIT,1
1770606349.593606,BIT,0
1770606349.593606,BIT,1
1770606349.593606,BIT,0
1770606349.593606,BIT,0
1770606349.593606,BIT,0
1770606349.593606,BIT,0
1770606349.593606,BIT,1
1770606349.593606,BIT,0
1770606349.593606,BIT,1
1770606349.7568016,BIT,0
1770606349.7568016,BIT,0
1770606349.7568016,BIT,1
1770606349.7568016,BIT,0
1770606349.7568016,BIT,1
1770606349.7568016,BIT,0
1770606349.7568016,BIT,1
1770606349.7568016,BIT,1
1770606349.7568016,BIT,0
1770606349.7568016,BIT,0
1770606349.9222012,BIT,1
1770606349.9222012,BIT,1
1770606349.9222012,BIT,0
1770606349.9222012,BIT,0
1770606349.9222012,BIT,1
1770606349.9222012,BIT,0
1770606349.9222012,BIT,1
1770606349.9222012,BIT,1
1770606349.9222012,BIT,1
1770606349.9222012,BIT,1
1770606350.08435,BIT,1
1770606350.08435,BIT,1
1770606350.08435,BIT,0
1770606350.08435,BIT,0
1770606350.08435,BIT,1
1770606350.08435,BIT,1
1770606350.08435,BIT,1
1770606350.08435,BIT,1
1770606350.08435,BIT,1
1770606350.08435,BIT,0
1770606350.2782574,BIT,1
1770606350.2782574,BIT,0
1770606350.2782574,BIT,1
1770606350.2782574,BIT,1
1770606350.2782574,BIT,1
1770606350.2782574,BIT,0
1770606350.2782574,BIT,1
1770606350.2782574,BIT,0
1770606350.2782574,BIT,1
1770606350.2782574,BIT,0
1770606350.489471,BIT,0
1770606350.489471,BIT,0
1770606350.489471,BIT,0
1770606350.489471,BIT,0
1770606350.489471,BIT,1
1770606350.489471,BIT,1
1770606350.489471,BIT,0
1770606350.489471,BIT,1
1770606350.489471,BIT,1
1770606350.489471,BIT,1
1770606350.6835618,BIT,1
1770606350.6835618,BIT,0
1770606350.6835618,BIT,1
1770606350.6835618,BIT,1
1770606350.6835618,BIT,0
1770606350.6835618,BIT,1
1770606350.6835618,BIT,0
1770606350.6835618,BIT,0
1770606350.6835618,BIT,1
1770606350.6835618,BIT,1
1770606351.044608,BIT,0
1770606351.044608,BIT,0
1770606351.044608,BIT,0
1770606351.044608,BIT,0
1770606351.044608,BIT,1
1770606351.044608,BIT,0
1770606351.044608,BIT,1
1770606351.044608,BIT,1
1770606351.044608,BIT,1
1770606351.044608,BIT,0
1770606351.261179,BIT,1
1770606351.261179,BIT,1
1770606351.261179,BIT,0
1770606351.261179,BIT,1
1770606351.261179,BIT,0
1770606351.261179,BIT,1
1770606351.261179,BIT,0
1770606351.261179,BIT,0
1770606351.261179,BIT,1
1770606351.261179,BIT,0
1770606351.4626422,BIT,1
1770606351.4626422,BIT,1
1770606351.4626422,BIT,1
1770606351.4626422,BIT,0
1770606351.4626422,BIT,0
1770606351.4626422,BIT,1
1770606351.4626422,BIT,1
1770606351.4626422,BIT,1
1770606351.4626422,BIT,0
1770606351.4626422,BIT,1
1770606351.6630707,BIT,1
1770606351.6630707,BIT,1
1770606351.6630707,BIT,0
1770606351.6630707,BIT,1
1770606351.6630707,BIT,1
1770606351.6630707,BIT,0
1770606351.6630707,BIT,0
1770606351.6630707,BIT,0
1770606351.6630707,BIT,0
1770606351.6630707,BIT,0
1770606351.8481412,BIT,1
1770606351.8481412,BIT,0
1770606351.8481412,BIT,0
1770606351.8481412,BIT,1
1770606351.8481412,BIT,1
1770606351.8481412,BIT,0
1770606351.8481412,BIT,1
1770606351.8481412,BIT,1
1770606351.8481412,BIT,1
1770606351.8481412,BIT,0
1770606352.0215716,BIT,0
1770606352.0215716,BIT,0
1770606352.0215716,BIT,1
1770606352.0215716,BIT,1
1770606352.0215716,BIT,0
1770606352.0215716,BIT,0
1770606352.0215716,BIT,1
1770606352.0215716,BIT,0
1770606352.0215716,BIT,0
1770606352.0215716,BIT,0
1770606352.1987476,BIT,0
1770606352.1987476,BIT,0
1770606352.1987476,BIT,1
1770606352.1987476,BIT,0
1770606352.1987476,BIT,0
1770606352.1987476,BIT,0
1770606352.1987476,BIT,0
1770606352.1987476,BIT,1
1770606352.1987476,BIT,1
1770606352.1987476,BIT,0
1770606352.3876705,BIT,1
1770606352.3876705,BIT,1
1770606352.3876705,BIT,1
1770606352.3876705,BIT,0
1770606352.3876705,BIT,0
1770606352.3876705,BIT,0
1770606352.3876705,BIT,0
1770606352.3876705,BIT,1
1770606352.3876705,BIT,1
1770606352.3876705,BIT,1
1770606352.5670938,BIT,1
1770606352.5670938,BIT,0
1770606352.5670938,BIT,0
1770606352.5670938,BIT,1
1770606352.5670938,BIT,0
1770606352.5670938,BIT,0
1770606352.5670938,BIT,1
1770606352.5670938,BIT,1
1770606352.5670938,BIT,0
1770606352.5670938,BIT,0
1770606352.7434094,BIT,0
1770606352.7434094,BIT,0
1770606352.7434094,BIT,0
1770606352.7434094,BIT,0
1770606352.7434094,BIT,1
1770606352.7434094,BIT,0
1770606352.7434094,BIT,0
1770606352.7434094,BIT,1
1770606352.7434094,BIT,1
1770606352.7434094,BIT,1
1770606352.9415286,BIT,0
1770606352.9415286,BIT,0
1770606352.9415286,BIT,0
1770606352.9415286,BIT,1
1770606352.9415286,BIT,1
1770606352.9415286,BIT,0
1770606352.9415286,BIT,1
1770606352.9415286,BIT,0
1770606352.9415286,BIT,0
1770606352.9415286,BIT,1
1770606353.12344,BIT,1
1770606353.12344,BIT,0
1770606353.12344,BIT,1
1770606353.12344,BIT,1
1770606353.12344,BIT,1
1770606353.12344,BIT,0
1770606353.12344,BIT,1
1770606353.12344,BIT,0
1770606353.12344,BIT,0
1770606353.12344,BIT,0
1770606353.299718,BIT,1
1770606353.299718,BIT,0
1770606353.299718,BIT,1
1770606353.299718,BIT,1
1770606353.299718,BIT,0
1770606353.299718,BIT,1
1770606353.299718,BIT,0
1770606353.299718,BIT,0
1770606353.299718,BIT,1
1770606353.299718,BIT,1
1770606353.4649937,BIT,0
1770606353.4649937,BIT,1
1770606353.4649937,BIT,1
1770606353.4649937,BIT,0
1770606353.4649937,BIT,1
1770606353.4649937,BIT,1
1770606353.4649937,BIT,0
1770606353.4649937,BIT,1
1770606353.4649937,BIT,1
1770606353.4649937,BIT,0
1770606353.6281204,BIT,1
1770606353.6281204,BIT,1
1770606353.6281204,BIT,1
1770606353.6281204,BIT,1
1770606353.6281204,BIT,0
1770606353.6281204,BIT,0
1770606353.6281204,BIT,1
1770606353.6281204,BIT,1
1770606353.6281204,BIT,1
1770606353.6281204,BIT,0
1770606353.7883627,BIT,0
1770606353.7883627,BIT,1
1770606353.7883627,BIT,1
1770606353.7883627,BIT,1
1770606353.7883627,BIT,1
1770606353.7883627,BIT,0
1770606353.7883627,BIT,1
1770606353.7883627,BIT,1
1770606353.7883627,BIT,0
1770606353.7883627,BIT,1
1770606353.9690638,BIT,1
1770606353.9690638,BIT,1
1770606353.9690638,BIT,1
1770606353.9690638,BIT,0
1770606353.9690638,BIT,1
1770606353.9690638,BIT,0
1770606353.9690638,BIT,0
1770606353.9690638,BIT,0
1770606353.9690638,BIT,1
1770606353.9690638,BIT,1
1770606354.131626,BIT,1
1770606354.131626,BIT,0
1770606354.131626,BIT,1
1770606354.131626,BIT,0
1770606354.131626,BIT,0
1770606354.131626,BIT,0
1770606354.131626,BIT,0
1770606354.131626,BIT,0
1770606354.131626,BIT,1
1770606354.131626,BIT,0
1770606354.3088884,BIT,1
1770606354.3088884,BIT,1
1770606354.3088884,BIT,0
1770606354.3088884,BIT,0
1770606354.3088884,BIT,1
1770606354.3088884,BIT,1
1770606354.3088884,BIT,1
1770606354.3088884,BIT,0
1770606354.3088884,BIT,1
1770606354.3088884,BIT,1
1770606354.479889,BIT,0
1770606354.479889,BIT,1
1770606354.479889,BIT,0
1770606354.479889,BIT,0
1770606354.479889,BIT,1
1770606354.479889,BIT,1
1770606354.479889,BIT,1
1770606354.479889,BIT,1
1770606354.479889,BIT,0
1770606354.479889,BIT,0
1770606354.6439836,BIT,0
1770606354.6439836,BIT,0
1770606354.6439836,BIT,1
1770606354.6439836,BIT,1
1770606354.6439836,BIT,0
1770606354.6439836,BIT,1
1770606354.6439836,BIT,0
1770606354.6439836,BIT,1
1770606354.6439836,BIT,1
1770606354.6439836,BIT,1
1770606354.858371,BIT,1
1770606354.858371,BIT,0
1770606354.858371,BIT,1
1770606354.858371,BIT,1
1770606354.858371,BIT,0
1770606354.858371,BIT,1
1770606354.858371,BIT,0
1770606354.858371,BIT,1
1770606354.858371,BIT,0
1770606354.858371,BIT,1
1770606355.026159,BIT,0
1770606355.026159,BIT,1
1770606355.026159,BIT,1
1770606355.026159,BIT,0
1770606355.026159,BIT,1
1770606355.026159,BIT,0
1770606355.026159,BIT,1
1770606355.026159,BIT,0
1770606355.026159,BIT,0
1770606355.026159,BIT,0
1770606355.1901069,BIT,1
1770606355.1901069,BIT,1
1770606355.1901069,BIT,0
1770606355.1901069,BIT,0
1770606355.1901069,BIT,0
1770606355.1901069,BIT,0
1770606355.1901069,BIT,1
1770606355.1901069,BIT,0
1770606355.1901069,BIT,0
1770606355.1901069,BIT,0
1770606355.3552382,BIT,0
1770606355.3552382,BIT,0
1770606355.3552382,BIT,1
1770606355.3552382,BIT,0
1770606355.3552382,BIT,0
1770606355.3552382,BIT,0
1770606355.3552382,BIT,1
1770606355.3552382,BIT,0
1770606355.3552382,BIT,1
1770606355.3552382,BIT,1
1770606355.5417836,BIT,1
1770606355.5417836,BIT,0
1770606355.5417836,BIT,0
1770606355.5417836,BIT,1
1770606355.5417836,BIT,0
1770606355.5417836,BIT,1
1770606355.5417836,BIT,0
1770606355.5417836,BIT,1
1770606355.5417836,BIT,0
1770606355.5417836,BIT,0
1770606355.7304225,BIT,1
1770606355.7304225,BIT,1
1770606355.7304225,BIT,0
1770606355.7304225,BIT,1
1770606355.7304225,BIT,0
1770606355.7304225,BIT,0
1770606355.7304225,BIT,0
1770606355.7304225,BIT,0
1770606355.7304225,BIT,0
1770606355.7304225,BIT,0
1770606355.9039655,BIT,0
1770606355.9039655,BIT,0
1770606355.9039655,BIT,1
1770606355.9039655,BIT,1
1770606355.9039655,BIT,0
1770606355.9039655,BIT,1
1770606355.9039655,BIT,0
1770606355.9039655,BIT,0
1770606355.9039655,BIT,1
1770606355.9039655,BIT,1
1770606356.0828042,BIT,0
1770606356.0828042,BIT,0
1770606356.0828042,BIT,1
1770606356.0828042,BIT,1
1770606356.0828042,BIT,0
1770606356.0828042,BIT,0
1770606356.0828042,BIT,1
1770606356.0828042,BIT,0
1770606356.0828042,BIT,1
1770606356.0828042,BIT,1
1770606356.2630746,BIT,1
1770606356.2630746,BIT,1
1770606356.2630746,BIT,0
1770606356.2630746,BIT,1
1770606356.2630746,BIT,0
1770606356.2630746,BIT,0
1770606356.2630746,BIT,0
1770606356.2630746,BIT,1
1770606356.2630746,BIT,0
1770606356.2630746,BIT,0
1770606356.4726431,BIT,0
1770606356.4726431,BIT,1
1770606356.4726431,BIT,0
1770606356.4726431,BIT,1
1770606356.4726431,BIT,1
1770606356.4726431,BIT,1
1770606356.4726431,BIT,1
1770606356.4726431,BIT,0
1770606356.4726431,BIT,0
1770606356.4726431,BIT,1
1770606356.6504953,BIT,1
1770606356.6504953,BIT,0
1770606356.6504953,BIT,1
1770606356.6504953,BIT,1
1770606356.6504953,BIT,0
1770606356.6504953,BIT,1
1770606356.6504953,BIT,1
1770606356.6504953,BIT,1
1770606356.6504953,BIT,0
1770606356.6504953,BIT,1
1770606356.8263743,BIT,1
1770606356.8263743,BIT,0
1770606356.8263743,BIT,0
1770606356.8263743,BIT,0
1770606356.8263743,BIT,0
1770606356.8263743,BIT,0
1770606356.8263743,BIT,1
1770606356.8263743,BIT,1
1770606356.8263743,BIT,1
1770606356.8263743,BIT,0
1770606357.0006244,BIT,1
1770606357.0006244,BIT,1
1770606357.0006244,BIT,0
1770606357.0006244,BIT,1
1770606357.0006244,BIT,0
1770606357.0006244,BIT,0
1770606357.0006244,BIT,0
1770606357.0006244,BIT,1
1770606357.0006244,BIT,0
1770606357.0006244,BIT,0
1770606357.1800349,BIT,1
1770606357.1800349,BIT,0
1770606357.1800349,BIT,1
1770606357.1800349,BIT,1
1770606357.1800349,BIT,1
1770606357.1800349,BIT,1
1770606357.1800349,BIT,1
1770606357.1800349,BIT,1
1770606357.1800349,BIT,0
1770606357.1800349,BIT,0
1770606357.3624518,BIT,1
1770606357.3624518,BIT,1
1770606357.3624518,BIT,0
1770606357.3624518,BIT,0
1770606357.3624518,BIT,1
1770606357.3624518,BIT,1
1770606357.3624518,BIT,0
1770606357.3624518,BIT,0
1770606357.3624518,BIT,0
1770606357.3624518,BIT,0
1770606357.5259573,BIT,1
1770606357.5259573,BIT,0
1770606357.5259573,BIT,1
1770606357.5259573,BIT,0
1770606357.5259573,BIT,0
1770606357.5259573,BIT,1
1770606357.5259573,BIT,1
1770606357.5259573,BIT,0
1770606357.5259573,BIT,0
1770606357.5259573,BIT,0
1770606357.689314,BIT,0
1770606357.689314,BIT,1
1770606357.689314,BIT,1
1770606357.689314,BIT,1
1770606357.689314,BIT,0
1770606357.689314,BIT,0
1770606357.689314,BIT,0
1770606357.689314,BIT,1
1770606357.689314,BIT,0
1770606357.689314,BIT,0
1770606357.9271464,BIT,0
1770606357.9271464,BIT,1
1770606357.9271464,BIT,0
1770606357.9271464,BIT,0
1770606357.9271464,BIT,1
1770606357.9271464,BIT,0
1770606357.9271464,BIT,0
1770606357.9271464,BIT,1
1770606357.9271464,BIT,0
1770606357.9271464,BIT,1
1770606358.1036198,BIT,0
1770606358.1036198,BIT,0
1770606358.1036198,BIT,1
1770606358.1036198,BIT,0
1770606358.1036198,BIT,1
1770606358.1036198,BIT,0
1770606358.1036198,BIT,0
1770606358.1036198,BIT,1
1770606358.1036198,BIT,0
1770606358.1036198,BIT,0
1770606358.2709584,BIT,0
1770606358.2709584,BIT,1
1770606358.2709584,BIT,0
1770606358.2709584,BIT,1
1770606358.2709584,BIT,0
1770606358.2709584,BIT,0
1770606358.2709584,BIT,1
1770606358.2709584,BIT,0
1770606358.2709584,BIT,0
1770606358.2709584,BIT,0
1770606358.4896626,BIT,1
1770606358.4896626,BIT,0
1770606358.4896626,BIT,0
1770606358.4896626,BIT,1
1770606358.4896626,BIT,0
1770606358.4896626,BIT,1
1770606358.4896626,BIT,0
1770606358.4896626,BIT,0
1770606358.4896626,BIT,1
1770606358.4896626,BIT,0
1770606358.6908193,BIT,1
1770606358.6908193,BIT,1
1770606358.6908193,BIT,1
1770606358.6908193,BIT,1
1770606358.6908193,BIT,1
1770606358.6908193,BIT,0
1770606358.6908193,BIT,1
1770606358.6908193,BIT,1
1770606358.6908193,BIT,1
1770606358.6908193,BIT,0
1770606358.895995,BIT,0
1770606358.895995,BIT,0
1770606358.895995,BIT,0
1770606358.895995,BIT,0
1770606358.895995,BIT,0
1770606358.895995,BIT,0
1770606358.895995,BIT,0
1770606358.895995,BIT,1
1770606358.895995,BIT,1
1770606358.895995,BIT,0
1770606359.0865066,BIT,0
1770606359.0865066,BIT,0
1770606359.0865066,BIT,0
1770606359.0865066,BIT,0
1770606359.0865066,BIT,1
1770606359.0865066,BIT,0
1770606359.0865066,BIT,1
1770606359.0865066,BIT,1
1770606359.0865066,BIT,1
1770606359.0865066,BIT,1
1770606359.2580166,BIT,0
1770606359.2580166,BIT,0
1770606359.2580166,BIT,0
1770606359.2580166,BIT,0
1770606359.2580166,BIT,0
1770606359.2580166,BIT,1
1770606359.2580166,BIT,0
1770606359.2580166,BIT,1
1770606359.2580166,BIT,0
1770606359.2580166,BIT,0
1770606359.4332495,BIT,1
1770606359.4332495,BIT,0
1770606359.4332495,BIT,1
1770606359.4332495,BIT,1
1770606359.4332495,BIT,1
1770606359.4332495,BIT,0
1770606359.4332495,BIT,1
1770606359.4332495,BIT,0
1770606359.4332495,BIT,1
1770606359.4332495,BIT,0
1770606359.6084685,BIT,1
1770606359.6084685,BIT,0
1770606359.6084685,BIT,1
1770606359.6084685,BIT,0
1770606359.6084685,BIT,0
1770606359.6084685,BIT,0
1770606359.6084685,BIT,0
1770606359.6084685,BIT,0
1770606359.6084685,BIT,1
1770606359.6084685,BIT,1
1770606359.7860243,BIT,1
1770606359.7860243,BIT,0
1770606359.7860243,BIT,1
1770606359.7860243,BIT,0
1770606359.7860243,BIT,0
1770606359.7860243,BIT,1
1770606359.7860243,BIT,0
1770606359.7860243,BIT,0
1770606359.7860243,BIT,1
1770606359.7860243,BIT,0
1770606359.9759257,BIT,0
1770606359.9759257,BIT,1
1770606359.9759257,BIT,0
1770606359.9759257,BIT,0
1770606359.9759257,BIT,1
1770606359.9759257,BIT,1
1770606359.9759257,BIT,0
1770606359.9759257,BIT,1
1770606359.9759257,BIT,1
1770606359.9759257,BIT,1
1770606360.2563531,BIT,1
1770606360.2563531,BIT,0
1770606360.2563531,BIT,0
1770606360.2563531,BIT,0
1770606360.2563531,BIT,0
1770606360.2563531,BIT,1
1770606360.2563531,BIT,1
1770606360.2563531,BIT,1
1770606360.2563531,BIT,0
1770606360.2563531,BIT,0
1770606360.484867,BIT,0
1770606360.484867,BIT,1
1770606360.484867,BIT,0
1770606360.484867,BIT,1
1770606360.484867,BIT,0
1770606360.484867,BIT,1
1770606360.484867,BIT,0
1770606360.484867,BIT,0
1770606360.484867,BIT,1
1770606360.484867,BIT,0
1770606360.6915772,BIT,0
1770606360.6915772,BIT,1
1770606360.6915772,BIT,1
1770606360.6915772,BIT,0
1770606360.6915772,BIT,1
1770606360.6915772,BIT,0
1770606360.6915772,BIT,1
1770606360.6915772,BIT,1
1770606360.6915772,BIT,1
1770606360.6915772,BIT,1
1770606360.8710668,BIT,0
1770606360.8710668,BIT,1
1770606360.8710668,BIT,1
1770606360.8710668,BIT,0
1770606360.8710668,BIT,1
1770606360.8710668,BIT,0
1770606360.8710668,BIT,1
1770606360.8710668,BIT,0
1770606360.8710668,BIT,0
1770606360.8710668,BIT,0
1770606361.0504043,BIT,0
1770606361.0504043,BIT,0
1770606361.0504043,BIT,0
1770606361.0504043,BIT,0
1770606361.0504043,BIT,1
1770606361.0504043,BIT,1
1770606361.0504043,BIT,1
1770606361.0504043,BIT,0
1770606361.0504043,BIT,1
1770606361.0504043,BIT,1
1770606361.2336257,BIT,0
1770606361.2336257,BIT,1
1770606361.2336257,BIT,0
1770606361.2336257,BIT,0
1770606361.2336257,BIT,0
1770606361.2336257,BIT,1
1770606361.2336257,BIT,1
1770606361.2336257,BIT,0
1770606361.2336257,BIT,1
1770606361.2336257,BIT,0
1770606361.4860492,BIT,0
1770606361.4860492,BIT,0
1770606361.4860492,BIT,0
1770606361.4860492,BIT,0
1770606361.4860492,BIT,0
1770606361.4860492,BIT,0
1770606361.4860492,BIT,1
1770606361.4860492,BIT,1
1770606361.4860492,BIT,0
1770606361.4860492,BIT,0
1770606361.7190936,BIT,0
1770606361.7190936,BIT,0
1770606361.7190936,BIT,1
1770606361.7190936,BIT,0
1770606361.7190936,BIT,0
1770606361.7190936,BIT,0
1770606361.7190936,BIT,0
1770606361.7190936,BIT,1
1770606361.7190936,BIT,1
1770606361.7190936,BIT,0
1770606361.9460633,BIT,1
1770606361.9460633,BIT,1
1770606361.9460633,BIT,0
1770606361.9460633,BIT,1
1770606361.9460633,BIT,1
1770606361.9460633,BIT,1
1770606361.9460633,BIT,1
1770606361.9460633,BIT,1
1770606361.9460633,BIT,1
1770606361.9460633,BIT,0
1770606362.1544237,BIT,0
1770606362.1544237,BIT,0
1770606362.1544237,BIT,0
1770606362.1544237,BIT,0
1770606362.1544237,BIT,0
1770606362.1544237,BIT,0
1770606362.1544237,BIT,0
1770606362.1544237,BIT,1
1770606362.1544237,BIT,1
1770606362.1544237,BIT,1
1770606362.3640735,BIT,0
1770606362.3640735,BIT,0
1770606362.3640735,BIT,1
1770606362.3640735,BIT,0
1770606362.3640735,BIT,1
1770606362.3640735,BIT,1
1770606362.3640735,BIT,1
1770606362.3640735,BIT,1
1770606362.3640735,BIT,1
1770606362.3640735,BIT,1
1770606362.5526195,BIT,0
1770606362.5526195,BIT,1
1770606362.5526195,BIT,1
1770606362.5526195,BIT,1
1770606362.5526195,BIT,1
1770606362.5526195,BIT,0
1770606362.5526195,BIT,1
1770606362.5526195,BIT,0
1770606362.5526195,BIT,0
1770606362.5526195,BIT,1
1770606362.824343,BIT,1
1770606362.824343,BIT,1
1770606362.824343,BIT,1
1770606362.824343,BIT,1
1770606362.824343,BIT,1
1770606362.824343,BIT,0
1770606362.824343,BIT,0
1770606362.824343,BIT,0
1770606362.824343,BIT,0
1770606362.824343,BIT,1
1770606363.072301,BIT,0
1770606363.072301,BIT,1
1770606363.072301,BIT,0
1770606363.072301,BIT,0
1770606363.072301,BIT,1
1770606363.072301,BIT,0
1770606363.072301,BIT,1
1770606363.072301,BIT,0
1770606363.072301,BIT,1
1770606363.072301,BIT,0
1770606363.2733521,BIT,1
1770606363.2733521,BIT,0
1770606363.2733521,BIT,0
1770606363.2733521,BIT,0
1770606363.2733521,BIT,0
1770606363.2733521,BIT,1
1770606363.2733521,BIT,0
1770606363.2733521,BIT,1
1770606363.2733521,BIT,1
1770606363.2733521,BIT,0
1770606363.4568734,BIT,0
1770606363.4568734,BIT,1
1770606363.4568734,BIT,1
1770606363.4568734,BIT,1
1770606363.4568734,BIT,0
1770606363.4568734,BIT,0
1770606363.4568734,BIT,1
1770606363.4568734,BIT,0
1770606363.4568734,BIT,1
1770606363.4568734,BIT,1
1770606363.6392941,BIT,1
1770606363.6392941,BIT,0
1770606363.6392941,BIT,1
1770606363.6392941,BIT,1
1770606363.6392941,BIT,1
1770606363.6392941,BIT,0
1770606363.6392941,BIT,0
1770606363.6392941,BIT,1
1770606363.6392941,BIT,1
1770606363.6392941,BIT,0
1770606363.8274496,BIT,0
1770606363.8274496,BIT,0
1770606363.8274496,BIT,1
1770606363.8274496,BIT,1
1770606363.8274496,BIT,1
1770606363.8274496,BIT,1
1770606363.8274496,BIT,0
1770606363.8274496,BIT,1
1770606363.8274496,BIT,0
1770606363.8274496,BIT,0
1770606363.9983256,BIT,1
1770606363.9983256,BIT,0
1770606363.9983256,BIT,0
1770606363.9983256,BIT,1
1770606363.9983256,BIT,1
1770606363.9983256,BIT,0
1770606363.9983256,BIT,1
1770606363.9983256,BIT,1
1770606363.9983256,BIT,1
1770606363.9983256,BIT,0
1770606364.1659584,BIT,1
1770606364.1659584,BIT,1
1770606364.1659584,BIT,1
1770606364.1659584,BIT,1
1770606364.1659584,BIT,1
1770606364.1659584,BIT,0
1770606364.1659584,BIT,1
1770606364.1659584,BIT,1
1770606364.1659584,BIT,0
1770606364.1659584,BIT,0
1770606364.346348,BIT,0
1770606364.346348,BIT,1
1770606364.346348,BIT,1
1770606364.346348,BIT,0
1770606364.346348,BIT,1
1770606364.346348,BIT,1
1770606364.346348,BIT,0
1770606364.346348,BIT,0
1770606364.346348,BIT,0
1770606364.346348,BIT,1
1770606364.528058,BIT,0
1770606364.528058,BIT,0
1770606364.528058,BIT,0
1770606364.528058,BIT,0
1770606364.528058,BIT,1
1770606364.528058,BIT,0
1770606364.528058,BIT,1
1770606364.528058,BIT,1
1770606364.528058,BIT,0
1770606364.528058,BIT,1
1770606364.6948118,BIT,0
1770606364.6948118,BIT,0
1770606364.6948118,BIT,1
1770606364.6948118,BIT,0
1770606364.6948118,BIT,1
1770606364.6948118,BIT,1
1770606364.6948118,BIT,0
1770606364.6948118,BIT,0
1770606364.6948118,BIT,1
1770606364.6948118,BIT,1
1770606364.8998723,BIT,0
1770606364.8998723,BIT,0
1770606364.8998723,BIT,1
1770606364.8998723,BIT,1
1770606364.8998723,BIT,1
1770606364.8998723,BIT,0
1770606364.8998723,BIT,1
1770606364.8998723,BIT,1
1770606364.8998723,BIT,0
1770606364.8998723,BIT,1
1770606365.0616531,BIT,0
1770606365.0616531,BIT,1
1770606365.0616531,BIT,0
1770606365.0616531,BIT,0
1770606365.0616531,BIT,1
1770606365.0616531,BIT,0
1770606365.0616531,BIT,1
1770606365.0616531,BIT,1
1770606365.0616531,BIT,1
1770606365.0616531,BIT,0
1770606365.2279932,BIT,1
1770606365.2279932,BIT,0
1770606365.2279932,BIT,1
1770606365.2279932,BIT,0
1770606365.2279932,BIT,1
1770606365.2279932,BIT,1
1770606365.2279932,BIT,0
1770606365.2279932,BIT,0
1770606365.2279932,BIT,0
1770606365.2279932,BIT,1
1770606365.4195907,BIT,1
1770606365.4195907,BIT,1
1770606365.4195907,BIT,0
1770606365.4195907,BIT,0
1770606365.4195907,BIT,1
1770606365.4195907,BIT,1
1770606365.4195907,BIT,0
1770606365.4195907,BIT,0
1770606365.4195907,BIT,1
1770606365.4195907,BIT,0
1770606365.5772014,BIT,1
1770606365.5772014,BIT,0
1770606365.5772014,BIT,1
1770606365.5772014,BIT,1
1770606365.5772014,BIT,0
1770606365.5772014,BIT,0
1770606365.5772014,BIT,0
1770606365.5772014,BIT,1
1770606365.5772014,BIT,1
1770606365.5772014,BIT,1
1770606365.7450676,BIT,1
1770606365.7450676,BIT,1
1770606365.7450676,BIT,0
1770606365.7450676,BIT,0
1770606365.7450676,BIT,1
1770606365.7450676,BIT,1
1770606365.7450676,BIT,0
1770606365.7450676,BIT,1
1770606365.7450676,BIT,0
1770606365.7450676,BIT,0
1770606365.9204323,BIT,1
1770606365.9204323,BIT,0
1770606365.9204323,BIT,1
1770606365.9204323,BIT,0
1770606365.9204323,BIT,0
1770606365.9204323,BIT,1
1770606365.9204323,BIT,1
1770606365.9204323,BIT,1
1770606365.9204323,BIT,1
1770606365.9204323,BIT,0
1770606366.1114478,BIT,1
1770606366.1114478,BIT,0
1770606366.1114478,BIT,1
1770606366.1114478,BIT,0
1770606366.1114478,BIT,1
1770606366.1114478,BIT,1
1770606366.1114478,BIT,0
1770606366.1114478,BIT,0
1770606366.1114478,BIT,0
1770606366.1114478,BIT,0
1770606366.290213,BIT,1
1770606366.290213,BIT,1
1770606366.290213,BIT,1
1770606366.290213,BIT,1
1770606366.290213,BIT,1
1770606366.290213,BIT,0
1770606366.290213,BIT,0
1770606366.290213,BIT,1
1770606366.290213,BIT,0
1770606366.290213,BIT,1
1770606366.4743268,BIT,0
1770606366.4743268,BIT,0
1770606366.4743268,BIT,1
1770606366.4743268,BIT,0
1770606366.4743268,BIT,0
1770606366.4743268,BIT,1
1770606366.4743268,BIT,0
1770606366.4743268,BIT,1
1770606366.4743268,BIT,1
1770606366.4743268,BIT,0
1770606366.6429625,BIT,0
1770606366.6429625,BIT,1
1770606366.6429625,BIT,0
1770606366.6429625,BIT,1
1770606366.6429625,BIT,1
1770606366.6429625,BIT,0
1770606366.6429625,BIT,0
1770606366.6429625,BIT,0
1770606366.6429625,BIT,1
1770606366.6429625,BIT,1
1770606366.8224597,BIT,1
1770606366.8224597,BIT,0
1770606366.8224597,BIT,0
1770606366.8224597,BIT,1
1770606366.8224597,BIT,0
1770606366.8224597,BIT,0
1770606366.8224597,BIT,0
1770606366.8224597,BIT,0
1770606366.8224597,BIT,1
1770606366.8224597,BIT,1
1770606366.999443,BIT,1
1770606366.999443,BIT,0
1770606366.999443,BIT,0
1770606366.999443,BIT,1
1770606366.999443,BIT,1
1770606366.999443,BIT,0
1770606366.999443,BIT,0
1770606366.999443,BIT,0
1770606366.999443,BIT,1
1770606366.999443,BIT,1
1770606367.1544046,BIT,1
1770606367.1544046,BIT,1
1770606367.1544046,BIT,1
1770606367.1544046,BIT,1
1770606367.1544046,BIT,1
1770606367.1544046,BIT,1
1770606367.1544046,BIT,1
1770606367.1544046,BIT,0
1770606367.1544046,BIT,0
1770606367.1544046,BIT,0
1770606367.3260167,BIT,0
1770606367.3260167,BIT,0
1770606367.3260167,BIT,1
1770606367.3260167,BIT,1
1770606367.3260167,BIT,0
1770606367.3260167,BIT,0
1770606367.3260167,BIT,0
1770606367.3260167,BIT,1
1770606367.3260167,BIT,0
1770606367.3260167,BIT,0
1770606367.479046,BIT,1
1770606367.479046,BIT,1
1770606367.479046,BIT,1
1770606367.479046,BIT,1
1770606367.479046,BIT,1
1770606367.479046,BIT,1
1770606367.479046,BIT,1
1770606367.479046,BIT,1
1770606367.479046,BIT,1
1770606367.479046,BIT,0
1770606367.6382706,BIT,0
1770606367.6382706,BIT,1
1770606367.6382706,BIT,1
1770606367.6382706,BIT,1
1770606367.6382706,BIT,1
1770606367.6382706,BIT,1
1770606367.6382706,BIT,0
1770606367.6382706,BIT,1
1770606367.6382706,BIT,0
1770606367.6382706,BIT,1
1770606367.804513,BIT,0
1770606367.804513,BIT,0
1770606367.804513,BIT,0
1770606367.804513,BIT,0
1770606367.804513,BIT,1
1770606367.804513,BIT,1
1770606367.804513,BIT,1
1770606367.804513,BIT,0
1770606367.804513,BIT,0
1770606367.804513,BIT,0
1770606367.967374,BIT,1
1770606367.967374,BIT,0
1770606367.967374,BIT,1
1770606367.967374,BIT,1
1770606367.967374,BIT,0
1770606367.967374,BIT,0
1770606367.967374,BIT,1
1770606367.967374,BIT,1
1770606367.967374,BIT,1
1770606367.967374,BIT,0
1770606368.123136,BIT,1
1770606368.123136,BIT,1
1770606368.123136,BIT,1
1770606368.123136,BIT,0
1770606368.123136,BIT,1
1770606368.123136,BIT,0
1770606368.123136,BIT,0
1770606368.123136,BIT,0
1770606368.123136,BIT,1
1770606368.123136,BIT,0
1770606368.284873,BIT,1
1770606368.284873,BIT,1
1770606368.284873,BIT,1
1770606368.284873,BIT,0
1770606368.284873,BIT,1
1770606368.284873,BIT,0
1770606368.284873,BIT,0
1770606368.284873,BIT,1
1770606368.284873,BIT,1
1770606368.284873,BIT,0
1770606368.4483514,BIT,1
1770606368.4483514,BIT,1
1770606368.4483514,BIT,0
1770606368.4483514,BIT,0
1770606368.4483514,BIT,0
1770606368.4483514,BIT,0
1770606368.4483514,BIT,0
1770606368.4483514,BIT,1
1770606368.4483514,BIT,1
1770606368.4483514,BIT,1
1770606368.614596,BIT,0
1770606368.614596,BIT,1
1770606368.614596,BIT,0
1770606368.614596,BIT,0
1770606368.614596,BIT,1
1770606368.614596,BIT,0
1770606368.614596,BIT,0
1770606368.614596,BIT,1
1770606368.614596,BIT,0
1770606368.614596,BIT,1
1770606368.7734048,BIT,1
1770606368.7734048,BIT,1
1770606368.7734048,BIT,0
1770606368.7734048,BIT,1
1770606368.7734048,BIT,1
1770606368.7734048,BIT,1
1770606368.7734048,BIT,0
1770606368.7734048,BIT,0
1770606368.7734048,BIT,0
1770606368.7734048,BIT,1
1770606368.9425426,BIT,0
1770606368.9425426,BIT,1
1770606368.9425426,BIT,0
1770606368.9425426,BIT,1
1770606368.9425426,BIT,0
1770606368.9425426,BIT,1
1770606368.9425426,BIT,1
1770606368.9425426,BIT,1
1770606368.9425426,BIT,1
1770606368.9425426,BIT,1
1770606369.1116235,BIT,0
1770606369.1116235,BIT,0
1770606369.1116235,BIT,0
1770606369.1116235,BIT,0
1770606369.1116235,BIT,0
1770606369.1116235,BIT,1
1770606369.1116235,BIT,0
1770606369.1116235,BIT,0
1770606369.1116235,BIT,1
1770606369.1116235,BIT,0
1770606369.269886,BIT,0
1770606369.269886,BIT,1
1770606369.269886,BIT,0
1770606369.269886,BIT,1
1770606369.269886,BIT,0
1770606369.269886,BIT,0
1770606369.269886,BIT,0
1770606369.269886,BIT,1
1770606369.269886,BIT,1
1770606369.269886,BIT,0
1770606369.4424694,BIT,1
1770606369.4424694,BIT,0
1770606369.4424694,BIT,0
1770606369.4424694,BIT,1
1770606369.4424694,BIT,0
1770606369.4424694,BIT,1
1770606369.4424694,BIT,0
1770606369.4424694,BIT,1
1770606369.4424694,BIT,1
1770606369.4424694,BIT,1
1770606369.5978944,BIT,0
1770606369.5978944,BIT,1
1770606369.5978944,BIT,0
1770606369.5978944,BIT,1
1770606369.5978944,BIT,1
1770606369.5978944,BIT,1
1770606369.5978944,BIT,0
1770606369.5978944,BIT,1
1770606369.5978944,BIT,0
1770606369.5978944,BIT,0
1770606369.762701,BIT,0
1770606369.762701,BIT,0
1770606369.762701,BIT,0
1770606369.762701,BIT,0
1770606369.762701,BIT,0
1770606369.762701,BIT,0
1770606369.762701,BIT,0
1770606369.762701,BIT,1
1770606369.762701,BIT,0
1770606369.762701,BIT,1
1770606369.9319954,BIT,0
1770606369.9319954,BIT,1
1770606369.9319954,BIT,1
1770606369.9319954,BIT,1
1770606369.9319954,BIT,1
1770606369.9319954,BIT,1
1770606369.9319954,BIT,0
1770606369.9319954,BIT,0
1770606369.9319954,BIT,1
1770606369.9319954,BIT,1
1770606370.0887644,BIT,0
1770606370.0887644,BIT,0
1770606370.0887644,BIT,0
1770606370.0887644,BIT,1
1770606370.0887644,BIT,1
1770606370.0887644,BIT,0
1770606370.0887644,BIT,0
1770606370.0887644,BIT,0
1770606370.0887644,BIT,1
1770606370.0887644,BIT,1
1770606370.2488053,BIT,1
1770606370.2488053,BIT,1
1770606370.2488053,BIT,0
1770606370.2488053,BIT,0
1770606370.2488053,BIT,1
1770606370.2488053,BIT,0
1770606370.2488053,BIT,1
1770606370.2488053,BIT,0
1770606370.2488053,BIT,0
1770606370.2488053,BIT,1
1770606370.4247947,BIT,1
1770606370.4247947,BIT,0
1770606370.4247947,BIT,1
1770606370.4247947,BIT,0
1770606370.4247947,BIT,1
1770606370.4247947,BIT,1
1770606370.4247947,BIT,0
1770606370.4247947,BIT,1
1770606370.4247947,BIT,0
1770606370.4247947,BIT,1
1770606370.5790749,BIT,1
1770606370.5790749,BIT,1
1770606370.5790749,BIT,1
1770606370.5790749,BIT,0
1770606370.5790749,BIT,0
1770606370.5790749,BIT,0
1770606370.5790749,BIT,0
1770606370.5790749,BIT,0
1770606370.5790749,BIT,1
1770606370.5790749,BIT,1
1770606370.7406523,BIT,0
1770606370.7406523,BIT,0
1770606370.7406523,BIT,1
1770606370.7406523,BIT,0
1770606370.7406523,BIT,1
1770606370.7406523,BIT,0
1770606370.7406523,BIT,0
1770606370.7406523,BIT,0
1770606370.7406523,BIT,0
1770606370.7406523,BIT,0
1770606370.9267786,BIT,0
1770606370.9267786,BIT,1
1770606370.9267786,BIT,1
1770606370.9267786,BIT,1
1770606370.9267786,BIT,0
1770606370.9267786,BIT,0
1770606370.9267786,BIT,0
1770606370.9267786,BIT,0
1770606370.9267786,BIT,1
1770606370.9267786,BIT,0
1770606371.0815709,BIT,1
1770606371.0815709,BIT,1
1770606371.0815709,BIT,0
1770606371.0815709,BIT,0
1770606371.0815709,BIT,0
1770606371.0815709,BIT,1
1770606371.0815709,BIT,0
1770606371.0815709,BIT,1
1770606371.0815709,BIT,1
1770606371.0815709,BIT,0
1770606371.2561634,BIT,1
1770606371.2561634,BIT,1
1770606371.2561634,BIT,1
1770606371.2561634,BIT,1
1770606371.2561634,BIT,0
1770606371.2561634,BIT,0
1770606371.2561634,BIT,1
1770606371.2561634,BIT,1
1770606371.2561634,BIT,1
1770606371.2561634,BIT,0
1770606371.4514868,BIT,0
1770606371.4514868,BIT,1
1770606371.4514868,BIT,1
1770606371.4514868,BIT,1
1770606371.4514868,BIT,0
1770606371.4514868,BIT,1
1770606371.4514868,BIT,0
1770606371.4514868,BIT,0
1770606371.4514868,BIT,0
1770606371.4514868,BIT,1
1770606371.631497,BIT,1
1770606371.631497,BIT,1
1770606371.631497,BIT,0
1770606371.631497,BIT,1
1770606371.631497,BIT,1
1770606371.631497,BIT,0
1770606371.631497,BIT,0
1770606371.631497,BIT,1
1770606371.631497,BIT,0
1770606371.631497,BIT,0
1770606371.811406,BIT,0
1770606371.811406,BIT,1
1770606371.811406,BIT,1
1770606371.811406,BIT,1
1770606371.811406,BIT,0
1770606371.811406,BIT,1
1770606371.811406,BIT,1
1770606371.811406,BIT,1
1770606371.811406,BIT,0
1770606371.811406,BIT,1
1770606372.0051887,BIT,1
1770606372.0051887,BIT,0
1770606372.0051887,BIT,1
1770606372.0051887,BIT,0
1770606372.0051887,BIT,1
1770606372.0051887,BIT,1
1770606372.0051887,BIT,1
1770606372.0051887,BIT,1
1770606372.0051887,BIT,1
1770606372.0051887,BIT,1
1770606372.1678255,BIT,1
1770606372.1678255,BIT,0
1770606372.1678255,BIT,1
1770606372.1678255,BIT,0
1770606372.1678255,BIT,1
1770606372.1678255,BIT,1
1770606372.1678255,BIT,0
1770606372.1678255,BIT,1
1770606372.1678255,BIT,1
1770606372.1678255,BIT,1
1770606372.3443494,BIT,1
1770606372.3443494,BIT,0
1770606372.3443494,BIT,1
1770606372.3443494,BIT,1
1770606372.3443494,BIT,1
1770606372.3443494,BIT,1
1770606372.3443494,BIT,0
1770606372.3443494,BIT,1
1770606372.3443494,BIT,0
1770606372.3443494,BIT,1
1770606372.5234857,BIT,1
1770606372.5234857,BIT,0
1770606372.5234857,BIT,0
1770606372.5234857,BIT,1
1770606372.5234857,BIT,0
1770606372.5234857,BIT,1
1770606372.5234857,BIT,0
1770606372.5234857,BIT,1
1770606372.5234857,BIT,1
1770606372.5234857,BIT,1
1770606372.6906228,BIT,0
1770606372.6906228,BIT,1
1770606372.6906228,BIT,0
1770606372.6906228,BIT,0
1770606372.6906228,BIT,0
1770606372.6906228,BIT,1
1770606372.6906228,BIT,0
1770606372.6906228,BIT,0
1770606372.6906228,BIT,0
1770606372.6906228,BIT,1
1770606372.867193,BIT,1
1770606372.867193,BIT,0
1770606372.867193,BIT,0
1770606372.867193,BIT,0
1770606372.867193,BIT,0
1770606372.867193,BIT,0
1770606372.867193,BIT,0
1770606372.867193,BIT,1
1770606372.867193,BIT,0
1770606372.867193,BIT,0
1770606373.0388057,BIT,0
1770606373.0388057,BIT,0
1770606373.0388057,BIT,1
1770606373.0388057,BIT,1
1770606373.0388057,BIT,1
1770606373.0388057,BIT,1
1770606373.0388057,BIT,0
1770606373.0388057,BIT,1
1770606373.0388057,BIT,1
1770606373.0388057,BIT,1
1770606373.2066336,BIT,0
1770606373.2066336,BIT,1
1770606373.2066336,BIT,1
1770606373.2066336,BIT,0
1770606373.2066336,BIT,1
1770606373.2066336,BIT,0
1770606373.2066336,BIT,1
1770606373.2066336,BIT,1
1770606373.2066336,BIT,0
1770606373.2066336,BIT,1
1770606373.369249,BIT,0
1770606373.369249,BIT,1
1770606373.369249,BIT,1
1770606373.369249,BIT,0
1770606373.369249,BIT,0
1770606373.369249,BIT,0
1770606373.369249,BIT,1
1770606373.369249,BIT,0
1770606373.369249,BIT,0
1770606373.369249,BIT,1
1770606373.5285037,BIT,1
1770606373.5285037,BIT,0
1770606373.5285037,BIT,0
1770606373.5285037,BIT,1
1770606373.5285037,BIT,1
1770606373.5285037,BIT,1
1770606373.5285037,BIT,1
1770606373.5285037,BIT,1
1770606373.5285037,BIT,1
1770606373.5285037,BIT,1
1770606373.692972,BIT,0
1770606373.692972,BIT,0
1770606373.692972,BIT,0
1770606373.692972,BIT,1
1770606373.692972,BIT,0
1770606373.692972,BIT,0
1770606373.692972,BIT,0
1770606373.692972,BIT,0
1770606373.692972,BIT,1
1770606373.692972,BIT,0
1770606373.862606,BIT,1
1770606373.862606,BIT,0
1770606373.862606,BIT,0
1770606373.862606,BIT,1
1770606373.862606,BIT,0
1770606373.862606,BIT,0
1770606373.862606,BIT,0
1770606373.862606,BIT,1
1770606373.862606,BIT,0
1770606373.862606,BIT,1
1770606374.063533,BIT,0
1770606374.063533,BIT,0
1770606374.063533,BIT,0
1770606374.063533,BIT,0
1770606374.063533,BIT,1
1770606374.063533,BIT,0
1770606374.063533,BIT,0
1770606374.063533,BIT,0
1770606374.063533,BIT,0
1770606374.063533,BIT,0
1770606374.2491882,BIT,1
1770606374.2491882,BIT,1
1770606374.2491882,BIT,1
1770606374.2491882,BIT,0
1770606374.2491882,BIT,1
1770606374.2491882,BIT,1
1770606374.2491882,BIT,0
1770606374.2491882,BIT,0
1770606374.2491882,BIT,1
1770606374.2491882,BIT,0
1770606374.4311314,BIT,0
1770606374.4311314,BIT,1
1770606374.4311314,BIT,0
1770606374.4311314,BIT,0
1770606374.4311314,BIT,1
1770606374.4311314,BIT,0
1770606374.4311314,BIT,0
1770606374.4311314,BIT,1
1770606374.4311314,BIT,1
1770606374.4311314,BIT,0
1770606374.609816,BIT,1
1770606374.609816,BIT,0
1770606374.609816,BIT,1
1770606374.609816,BIT,1
1770606374.609816,BIT,0
1770606374.609816,BIT,1
1770606374.609816,BIT,1
1770606374.609816,BIT,0
1770606374.609816,BIT,1
1770606374.609816,BIT,1
1770606374.8002315,BIT,0
1770606374.8002315,BIT,0
1770606374.8002315,BIT,1
1770606374.8002315,BIT,1
1770606374.8002315,BIT,0
1770606374.8002315,BIT,0
1770606374.8002315,BIT,0
1770606374.8002315,BIT,1
1770606374.8002315,BIT,1
1770606374.8002315,BIT,0
1770606374.992566,BIT,0
1770606374.992566,BIT,0
1770606374.992566,BIT,1
1770606374.992566,BIT,1
1770606374.992566,BIT,0
1770606374.992566,BIT,1
1770606374.992566,BIT,0
1770606374.992566,BIT,1
1770606374.992566,BIT,1
1770606374.992566,BIT,0
1770606375.1723568,BIT,0
1770606375.1723568,BIT,0
1770606375.1723568,BIT,1
1770606375.1723568,BIT,0
1770606375.1723568,BIT,0
1770606375.1723568,BIT,0
1770606375.1723568,BIT,0
1770606375.1723568,BIT,0
1770606375.1723568,BIT,1
1770606375.1723568,BIT,0
1770606375.3771725,BIT,1
1770606375.3771725,BIT,1
1770606375.3771725,BIT,0
1770606375.3771725,BIT,0
1770606375.3771725,BIT,1
1770606375.3771725,BIT,1
1770606375.3771725,BIT,1
1770606375.3771725,BIT,0
1770606375.3771725,BIT,1
1770606375.3771725,BIT,1
1770606375.5735393,BIT,1
1770606375.5735393,BIT,0
1770606375.5735393,BIT,1
1770606375.5735393,BIT,0
1770606375.5735393,BIT,0
1770606375.5735393,BIT,0
1770606375.5735393,BIT,0
1770606375.5735393,BIT,0
1770606375.5735393,BIT,0
1770606375.5735393,BIT,1
1770606375.7590687,BIT,0
1770606375.7590687,BIT,0
1770606375.7590687,BIT,1
1770606375.7590687,BIT,0
1770606375.7590687,BIT,0
1770606375.7590687,BIT,1
1770606375.7590687,BIT,0
1770606375.7590687,BIT,1
1770606375.7590687,BIT,1
1770606375.7590687,BIT,1
1770606375.9737642,BIT,1
1770606375.9737642,BIT,1
1770606375.9737642,BIT,0
1770606375.9737642,BIT,0
1770606375.9737642,BIT,0
1770606375.9737642,BIT,0
1770606375.9737642,BIT,1
1770606375.9737642,BIT,1
1770606375.9737642,BIT,1
1770606375.9737642,BIT,0
1770606376.1369104,BIT,0
1770606376.1369104,BIT,0
1770606376.1369104,BIT,1
1770606376.1369104,BIT,1
1770606376.1369104,BIT,1
1770606376.1369104,BIT,1
1770606376.1369104,BIT,0
1770606376.1369104,BIT,0
1770606376.1369104,BIT,0
1770606376.1369104,BIT,0
1770606376.3148494,BIT,0
1770606376.3148494,BIT,0
1770606376.3148494,BIT,1
1770606376.3148494,BIT,1
1770606376.3148494,BIT,0
1770606376.3148494,BIT,1
1770606376.3148494,BIT,0
1770606376.3148494,BIT,0
1770606376.3148494,BIT,0
1770606376.3148494,BIT,1
1770606376.4861975,BIT,1
1770606376.4861975,BIT,1
1770606376.4861975,BIT,0
1770606376.4861975,BIT,0
1770606376.4861975,BIT,1
1770606376.4861975,BIT,1
1770606376.4861975,BIT,1
1770606376.4861975,BIT,1
1770606376.4861975,BIT,1
1770606376.4861975,BIT,0
1770606376.693733,BIT,0
1770606376.693733,BIT,0
1770606376.693733,BIT,1
1770606376.693733,BIT,0
1770606376.693733,BIT,1
1770606376.693733,BIT,1
1770606376.693733,BIT,1
1770606376.693733,BIT,0
1770606376.693733,BIT,0
1770606376.693733,BIT,0
1770606376.9332993,BIT,0
1770606376.9332993,BIT,0
1770606376.9332993,BIT,1
1770606376.9332993,BIT,1
1770606376.9332993,BIT,0
1770606376.9332993,BIT,0
1770606376.9332993,BIT,1
1770606376.9332993,BIT,1
1770606376.9332993,BIT,1
1770606376.9332993,BIT,1
1770606377.1188202,BIT,0
1770606377.1188202,BIT,0
1770606377.1188202,BIT,1
1770606377.1188202,BIT,1
1770606377.1188202,BIT,0
1770606377.1188202,BIT,1
1770606377.1188202,BIT,0
1770606377.1188202,BIT,0
1770606377.1188202,BIT,0
1770606377.1188202,BIT,1
1770606377.312512,BIT,0
1770606377.312512,BIT,1
1770606377.312512,BIT,0
1770606377.312512,BIT,0
1770606377.312512,BIT,1
1770606377.312512,BIT,0
1770606377.312512,BIT,1
1770606377.312512,BIT,1
1770606377.312512,BIT,1
1770606377.312512,BIT,0
1770606377.5030982,BIT,1
1770606377.5030982,BIT,1
1770606377.5030982,BIT,0
1770606377.5030982,BIT,0
1770606377.5030982,BIT,1
1770606377.5030982,BIT,0
1770606377.5030982,BIT,0
1770606377.5030982,BIT,1
1770606377.5030982,BIT,1
1770606377.5030982,BIT,1
1770606377.6760545,BIT,0
1770606377.6760545,BIT,1
1770606377.6760545,BIT,1
1770606377.6760545,BIT,1
1770606377.6760545,BIT,1
1770606377.6760545,BIT,1
1770606377.6760545,BIT,1
1770606377.6760545,BIT,1
1770606377.6760545,BIT,0
1770606377.6760545,BIT,0
1770606377.863418,BIT,0
1770606377.863418,BIT,1
1770606377.863418,BIT,1
1770606377.863418,BIT,0
1770606377.863418,BIT,0
1770606377.863418,BIT,1
1770606377.863418,BIT,0
1770606377.863418,BIT,0
1770606377.863418,BIT,1
1770606377.863418,BIT,1
1770606378.0384407,BIT,0
1770606378.0384407,BIT,1
1770606378.0384407,BIT,0
1770606378.0384407,BIT,1
1770606378.0384407,BIT,0
1770606378.0384407,BIT,1
1770606378.0384407,BIT,0
1770606378.0384407,BIT,1
1770606378.0384407,BIT,0
1770606378.0384407,BIT,0
1770606378.2060251,BIT,1
1770606378.2060251,BIT,0
1770606378.2060251,BIT,1
1770606378.2060251,BIT,0
1770606378.2060251,BIT,1
1770606378.2060251,BIT,1
1770606378.2060251,BIT,1
1770606378.2060251,BIT,1
1770606378.2060251,BIT,0
1770606378.2060251,BIT,1
1770606378.3775842,BIT,0
1770606378.3775842,BIT,0
1770606378.3775842,BIT,0
1770606378.3775842,BIT,0
1770606378.3775842,BIT,0
1770606378.3775842,BIT,1
1770606378.3775842,BIT,1
1770606378.3775842,BIT,0
1770606378.3775842,BIT,1
1770606378.3775842,BIT,1
1770606378.6260667,BIT,0
1770606378.6260667,BIT,1
1770606378.6260667,BIT,0
1770606378.6260667,BIT,1
1770606378.6260667,BIT,1
1770606378.6260667,BIT,1
1770606378.6260667,BIT,1
1770606378.6260667,BIT,1
1770606378.6260667,BIT,0
1770606378.6260667,BIT,1
1770606378.8449206,BIT,1
1770606378.8449206,BIT,0
1770606378.8449206,BIT,1
1770606378.8449206,BIT,0
1770606378.8449206,BIT,0
1770606378.8449206,BIT,0
1770606378.8449206,BIT,1
1770606378.8449206,BIT,0
1770606378.8449206,BIT,1
1770606378.8449206,BIT,1
1770606379.0680928,BIT,0
1770606379.0680928,BIT,1
1770606379.0680928,BIT,0
1770606379.0680928,BIT,1
1770606379.0680928,BIT,0
1770606379.0680928,BIT,1
1770606379.0680928,BIT,1
1770606379.0680928,BIT,1
1770606379.0680928,BIT,1
1770606379.0680928,BIT,1
1770606379.2363553,BIT,0
1770606379.2363553,BIT,1
1770606379.2363553,BIT,1
1770606379.2363553,BIT,0
1770606379.2363553,BIT,0
1770606379.2363553,BIT,0
1770606379.2363553,BIT,0
1770606379.2363553,BIT,0
1770606379.2363553,BIT,0
1770606379.2363553,BIT,0
1770606379.418568,BIT,1
1770606379.418568,BIT,0
1770606379.418568,BIT,1
1770606379.418568,BIT,1
1770606379.418568,BIT,0
1770606379.418568,BIT,0
1770606379.418568,BIT,0
1770606379.418568,BIT,0
1770606379.418568,BIT,0
1770606379.418568,BIT,0
1770606379.5771735,BIT,1
1770606379.5771735,BIT,0
1770606379.5771735,BIT,1
1770606379.5771735,BIT,0
1770606379.5771735,BIT,0
1770606379.5771735,BIT,0
1770606379.5771735,BIT,1
1770606379.5771735,BIT,1
1770606379.5771735,BIT,1
1770606379.5771735,BIT,0
1770606379.7690647,BIT,0
1770606379.7690647,BIT,0
1770606379.7690647,BIT,1
1770606379.7690647,BIT,1
1770606379.7690647,BIT,1
1770606379.7690647,BIT,0
1770606379.7690647,BIT,0
1770606379.7690647,BIT,0
1770606379.7690647,BIT,1
1770606379.7690647,BIT,1
1770606379.9583051,BIT,1
1770606379.9583051,BIT,1
1770606379.9583051,BIT,0
1770606379.9583051,BIT,1
1770606379.9583051,BIT,0
1770606379.9583051,BIT,1
1770606379.9583051,BIT,0
1770606379.9583051,BIT,1
1770606379.9583051,BIT,0
1770606379.9583051,BIT,1
1770606380.1336486,BIT,0
1770606380.1336486,BIT,1
1770606380.1336486,BIT,1
1770606380.1336486,BIT,0
1770606380.1336486,BIT,0
1770606380.1336486,BIT,1
1770606380.1336486,BIT,0
1770606380.1336486,BIT,0
1770606380.1336486,BIT,1
1770606380.1336486,BIT,1
1770606380.3144372,BIT,0
1770606380.3144372,BIT,1
1770606380.3144372,BIT,1
1770606380.3144372,BIT,0
1770606380.3144372,BIT,1
1770606380.3144372,BIT,0
1770606380.3144372,BIT,0
1770606380.3144372,BIT,0
1770606380.3144372,BIT,0
1770606380.3144372,BIT,0
1770606380.4899588,BIT,0
1770606380.4899588,BIT,0
1770606380.4899588,BIT,0
1770606380.4899588,BIT,1
1770606380.4899588,BIT,1
1770606380.4899588,BIT,0
1770606380.4899588,BIT,1
1770606380.4899588,BIT,0
1770606380.4899588,BIT,1
1770606380.4899588,BIT,0
1770606380.6539755,BIT,0
1770606380.6539755,BIT,1
1770606380.6539755,BIT,0
1770606380.6539755,BIT,0
1770606380.6539755,BIT,1
1770606380.6539755,BIT,1
1770606380.6539755,BIT,0
1770606380.6539755,BIT,0
1770606380.6539755,BIT,0
1770606380.6539755,BIT,1
1770606380.8511524,BIT,0
1770606380.8511524,BIT,0
1770606380.8511524,BIT,0
1770606380.8511524,BIT,0
1770606380.8511524,BIT,1
1770606380.8511524,BIT,1
1770606380.8511524,BIT,0
1770606380.8511524,BIT,0
1770606380.8511524,BIT,0
1770606380.8511524,BIT,0
1770606381.0331166,BIT,0
1770606381.0331166,BIT,0
1770606381.0331166,BIT,0
1770606381.0331166,BIT,1
1770606381.0331166,BIT,1
1770606381.0331166,BIT,1
1770606381.0331166,BIT,1
1770606381.0331166,BIT,0
1770606381.0331166,BIT,0
1770606381.0331166,BIT,0
1770606381.205674,BIT,0
1770606381.205674,BIT,0
1770606381.205674,BIT,1
1770606381.205674,BIT,0
1770606381.205674,BIT,0
1770606381.205674,BIT,0
1770606381.205674,BIT,1
1770606381.205674,BIT,0
1770606381.205674,BIT,1
1770606381.205674,BIT,1
1770606381.3749177,BIT,1
1770606381.3749177,BIT,0
1770606381.3749177,BIT,1
1770606381.3749177,BIT,0
1770606381.3749177,BIT,1
1770606381.3749177,BIT,1
1770606381.3749177,BIT,1
1770606381.3749177,BIT,1
1770606381.3749177,BIT,1
1770606381.3749177,BIT,0
1770606381.5355399,BIT,1
1770606381.5355399,BIT,0
1770606381.5355399,BIT,1
1770606381.5355399,BIT,0
1770606381.5355399,BIT,0
1770606381.5355399,BIT,1
1770606381.5355399,BIT,1
1770606381.5355399,BIT,0
1770606381.5355399,BIT,0
1770606381.5355399,BIT,1
1770606381.7023752,BIT,1
1770606381.7023752,BIT,1
1770606381.7023752,BIT,1
1770606381.7023752,BIT,0
1770606381.7023752,BIT,1
1770606381.7023752,BIT,0
1770606381.7023752,BIT,1
1770606381.7023752,BIT,0
1770606381.7023752,BIT,1
1770606381.7023752,BIT,0
1770606381.8885725,BIT,1
1770606381.8885725,BIT,1
1770606381.8885725,BIT,0
1770606381.8885725,BIT,1
1770606381.8885725,BIT,1
1770606381.8885725,BIT,0
1770606381.8885725,BIT,1
1770606381.8885725,BIT,0
1770606381.8885725,BIT,1
1770606381.8885725,BIT,0
1770606382.0654993,BIT,0
1770606382.0654993,BIT,0
1770606382.0654993,BIT,0
1770606382.0654993,BIT,0
1770606382.0654993,BIT,1
1770606382.0654993,BIT,1
1770606382.0654993,BIT,1
1770606382.0654993,BIT,1
1770606382.0654993,BIT,1
1770606382.0654993,BIT,1
1770606382.24334,BIT,0
1770606382.24334,BIT,1
1770606382.24334,BIT,0
1770606382.24334,BIT,0
1770606382.24334,BIT,1
1770606382.24334,BIT,0
1770606382.24334,BIT,0
1770606382.24334,BIT,0
1770606382.24334,BIT,1
1770606382.24334,BIT,1
1770606382.41963,BIT,0
1770606382.41963,BIT,0
1770606382.41963,BIT,1
1770606382.41963,BIT,0
1770606382.41963,BIT,1
1770606382.41963,BIT,0
1770606382.41963,BIT,1
1770606382.41963,BIT,1
1770606382.41963,BIT,0
1770606382.41963,BIT,1
1770606382.5776517,BIT,1
1770606382.5776517,BIT,1
1770606382.5776517,BIT,1
1770606382.5776517,BIT,0
1770606382.5776517,BIT,1
1770606382.5776517,BIT,1
1770606382.5776517,BIT,0
1770606382.5776517,BIT,0
1770606382.5776517,BIT,0
1770606382.5776517,BIT,0
1770606382.755083,BIT,0
1770606382.755083,BIT,0
1770606382.755083,BIT,1
1770606382.755083,BIT,0
1770606382.755083,BIT,0
1770606382.755083,BIT,1
1770606382.755083,BIT,1
1770606382.755083,BIT,1
1770606382.755083,BIT,0
1770606382.755083,BIT,1
1770606382.962359,BIT,1
1770606382.962359,BIT,1
1770606382.962359,BIT,0
1770606382.962359,BIT,0
1770606382.962359,BIT,0
1770606382.962359,BIT,1
1770606382.962359,BIT,0
1770606382.962359,BIT,0
1770606382.962359,BIT,1
1770606382.962359,BIT,1
1770606383.1461189,BIT,1
1770606383.1461189,BIT,0
1770606383.1461189,BIT,1
1770606383.1461189,BIT,0
1770606383.1461189,BIT,0
1770606383.1461189,BIT,1
1770606383.1461189,BIT,0
1770606383.1461189,BIT,1
1770606383.1461189,BIT,1
1770606383.1461189,BIT,1
1770606383.3285828,BIT,0
1770606383.3285828,BIT,0
1770606383.3285828,BIT,0
1770606383.3285828,BIT,1
1770606383.3285828,BIT,1
1770606383.3285828,BIT,1
1770606383.3285828,BIT,1
1770606383.3285828,BIT,0
1770606383.3285828,BIT,1
1770606383.3285828,BIT,1
1770606383.5143044,BIT,0
1770606383.5143044,BIT,1
1770606383.5143044,BIT,0
1770606383.5143044,BIT,0
1770606383.5143044,BIT,0
1770606383.5143044,BIT,0
1770606383.5143044,BIT,1
1770606383.5143044,BIT,0
1770606383.5143044,BIT,0
1770606383.5143044,BIT,1
1770606383.7645583,BIT,1
1770606383.7645583,BIT,0
1770606383.7645583,BIT,1
1770606383.7645583,BIT,0
1770606383.7645583,BIT,1
1770606383.7645583,BIT,0
1770606383.7645583,BIT,0
1770606383.7645583,BIT,1
1770606383.7645583,BIT,1
1770606383.7645583,BIT,1
1770606383.9678082,BIT,0
1770606383.9678082,BIT,1
1770606383.9678082,BIT,0
1770606383.9678082,BIT,1
1770606383.9678082,BIT,0
1770606383.9678082,BIT,1
1770606383.9678082,BIT,1
1770606383.9678082,BIT,0
1770606383.9678082,BIT,1
1770606383.9678082,BIT,0
1770606384.13807,BIT,1
1770606384.13807,BIT,0
1770606384.13807,BIT,1
1770606384.13807,BIT,0
1770606384.13807,BIT,0
1770606384.13807,BIT,1
1770606384.13807,BIT,0
1770606384.13807,BIT,0
1770606384.13807,BIT,1
1770606384.13807,BIT,0
1770606384.3221037,BIT,0
1770606384.3221037,BIT,1
1770606384.3221037,BIT,1
1770606384.3221037,BIT,0
1770606384.3221037,BIT,0
1770606384.3221037,BIT,0
1770606384.3221037,BIT,0
1770606384.3221037,BIT,1
1770606384.3221037,BIT,0
1770606384.3221037,BIT,1
1770606384.4935296,BIT,0
1770606384.4935296,BIT,1
1770606384.4935296,BIT,1
1770606384.4935296,BIT,0
1770606384.4935296,BIT,1
1770606384.4935296,BIT,1
1770606384.4935296,BIT,1
1770606384.4935296,BIT,0
1770606384.4935296,BIT,1
1770606384.4935296,BIT,1
1770606384.722992,BIT,1
1770606384.722992,BIT,0
1770606384.722992,BIT,1
1770606384.722992,BIT,1
1770606384.722992,BIT,0
1770606384.722992,BIT,0
1770606384.722992,BIT,1
1770606384.722992,BIT,1
1770606384.722992,BIT,0
1770606384.722992,BIT,0
1770606384.930348,BIT,1
1770606384.930348,BIT,0
1770606384.930348,BIT,0
1770606384.930348,BIT,0
1770606384.930348,BIT,0
1770606384.930348,BIT,0
1770606384.930348,BIT,0
1770606384.930348,BIT,1
1770606384.930348,BIT,1
1770606384.930348,BIT,0
1770606385.124777,BIT,0
1770606385.124777,BIT,1
1770606385.124777,BIT,1
1770606385.124777,BIT,0
1770606385.124777,BIT,1
1770606385.124777,BIT,1
1770606385.124777,BIT,1
1770606385.124777,BIT,1
1770606385.124777,BIT,1
1770606385.124777,BIT,0
1770606385.3416605,BIT,0
1770606385.3416605,BIT,0
1770606385.3416605,BIT,0
1770606385.3416605,BIT,1
1770606385.3416605,BIT,0
1770606385.3416605,BIT,1
1770606385.3416605,BIT,0
1770606385.3416605,BIT,1
1770606385.3416605,BIT,1
1770606385.3416605,BIT,1
1770606385.5670464,BIT,0
1770606385.5670464,BIT,1
1770606385.5670464,BIT,0
1770606385.5670464,BIT,0
1770606385.5670464,BIT,1
1770606385.5670464,BIT,0
1770606385.5670464,BIT,1
1770606385.5670464,BIT,1
1770606385.5670464,BIT,0
1770606385.5670464,BIT,0
1770606385.806275,BIT,1
1770606385.806275,BIT,0
1770606385.806275,BIT,0
1770606385.806275,BIT,0
1770606385.806275,BIT,0
1770606385.806275,BIT,0
1770606385.806275,BIT,1
1770606385.806275,BIT,1
1770606385.806275,BIT,1
1770606385.806275,BIT,0
1770606386.0468898,BIT,1
1770606386.0468898,BIT,1
1770606386.0468898,BIT,1
1770606386.0468898,BIT,1
1770606386.0468898,BIT,0
1770606386.0468898,BIT,1
1770606386.0468898,BIT,1
1770606386.0468898,BIT,1
1770606386.0468898,BIT,0
1770606386.0468898,BIT,0
1770606386.2561677,BIT,1
1770606386.2561677,BIT,1
1770606386.2561677,BIT,0
1770606386.2561677,BIT,0
1770606386.2561677,BIT,1
1770606386.2561677,BIT,1
1770606386.2561677,BIT,1
1770606386.2561677,BIT,1
1770606386.2561677,BIT,1
1770606386.2561677,BIT,0
1770606386.4859612,BIT,1
1770606386.4859612,BIT,1
1770606386.4859612,BIT,1
1770606386.4859612,BIT,0
1770606386.4859612,BIT,0
1770606386.4859612,BIT,1
1770606386.4859612,BIT,0
1770606386.4859612,BIT,1
1770606386.4859612,BIT,0
1770606386.4859612,BIT,0
1770606386.6849258,BIT,0
1770606386.6849258,BIT,1
1770606386.6849258,BIT,0
1770606386.6849258,BIT,1
1770606386.6849258,BIT,1
1770606386.6849258,BIT,1
1770606386.6849258,BIT,0
1770606386.6849258,BIT,0
1770606386.6849258,BIT,0
1770606386.6849258,BIT,1
1770606386.8880038,BIT,1
1770606386.8880038,BIT,0
1770606386.8880038,BIT,0
1770606386.8880038,BIT,0
1770606386.8880038,BIT,1
1770606386.8880038,BIT,1
1770606386.8880038,BIT,1
1770606386.8880038,BIT,0
1770606386.8880038,BIT,0
1770606386.8880038,BIT,1
1770606387.0973706,BIT,1
1770606387.0973706,BIT,0
1770606387.0973706,BIT,1
1770606387.0973706,BIT,1
1770606387.0973706,BIT,1
1770606387.0973706,BIT,0
1770606387.0973706,BIT,1
1770606387.0973706,BIT,1
1770606387.0973706,BIT,0
1770606387.0973706,BIT,0
1770606387.2996566,BIT,1
1770606387.2996566,BIT,0
1770606387.2996566,BIT,0
1770606387.2996566,BIT,0
1770606387.2996566,BIT,1
1770606387.2996566,BIT,0
1770606387.2996566,BIT,1
1770606387.2996566,BIT,0
1770606387.2996566,BIT,0
1770606387.2996566,BIT,0
1770606387.5394127,BIT,0
1770606387.5394127,BIT,0
1770606387.5394127,BIT,1
1770606387.5394127,BIT,1
1770606387.5394127,BIT,1
1770606387.5394127,BIT,1
1770606387.5394127,BIT,1
1770606387.5394127,BIT,1
1770606387.5394127,BIT,0
1770606387.5394127,BIT,1
1770606387.7634938,BIT,1
1770606387.7634938,BIT,0
1770606387.7634938,BIT,1
1770606387.7634938,BIT,0
1770606387.7634938,BIT,1
1770606387.7634938,BIT,0
1770606387.7634938,BIT,1
1770606387.7634938,BIT,0
1770606387.7634938,BIT,1
1770606387.7634938,BIT,0
1770606387.9926977,BIT,0
1770606387.9926977,BIT,1
1770606387.9926977,BIT,0
1770606387.9926977,BIT,1
1770606387.9926977,BIT,0
1770606387.9926977,BIT,0
1770606387.9926977,BIT,0
1770606387.9926977,BIT,1
1770606387.9926977,BIT,0
1770606387.9926977,BIT,0
1770606388.2269628,BIT,0
1770606388.2269628,BIT,0
1770606388.2269628,BIT,1
1770606388.2269628,BIT,0
1770606388.2269628,BIT,1
1770606388.2269628,BIT,1
1770606388.2269628,BIT,1
1770606388.2269628,BIT,0
1770606388.2269628,BIT,1
1770606388.2269628,BIT,1
1770606388.4920285,BIT,0
1770606388.4920285,BIT,1
1770606388.4920285,BIT,0
1770606388.4920285,BIT,0
1770606388.4920285,BIT,0
1770606388.4920285,BIT,1
1770606388.4920285,BIT,1
1770606388.4920285,BIT,0
1770606388.4920285,BIT,1
1770606388.4920285,BIT,0
1770606388.7223883,BIT,0
1770606388.7223883,BIT,0
1770606388.7223883,BIT,1
1770606388.7223883,BIT,1
1770606388.7223883,BIT,0
1770606388.7223883,BIT,0
1770606388.7223883,BIT,1
1770606388.7223883,BIT,1
1770606388.7223883,BIT,1
1770606388.7223883,BIT,0
1770606388.9539213,BIT,1
1770606388.9539213,BIT,1
1770606388.9539213,BIT,1
1770606388.9539213,BIT,0
1770606388.9539213,BIT,1
1770606388.9539213,BIT,0
1770606388.9539213,BIT,1
1770606388.9539213,BIT,1
1770606388.9539213,BIT,0
1770606388.9539213,BIT,0
1770606389.2109814,BIT,1
1770606389.2109814,BIT,0
1770606389.2109814,BIT,1
1770606389.2109814,BIT,0
1770606389.2109814,BIT,1
1770606389.2109814,BIT,1
1770606389.2109814,BIT,1
1770606389.2109814,BIT,1
1770606389.2109814,BIT,1
1770606389.2109814,BIT,0
1770606389.4298606,BIT,1
1770606389.4298606,BIT,1
1770606389.4298606,BIT,0
1770606389.4298606,BIT,0
1770606389.4298606,BIT,1
1770606389.4298606,BIT,0
1770606389.4298606,BIT,0
1770606389.4298606,BIT,0
1770606389.4298606,BIT,0
1770606389.4298606,BIT,0
1770606389.6238334,BIT,0
1770606389.6238334,BIT,1
1770606389.6238334,BIT,1
1770606389.6238334,BIT,0
1770606389.6238334,BIT,0
1770606389.6238334,BIT,0
1770606389.6238334,BIT,0
1770606389.6238334,BIT,0
1770606389.6238334,BIT,1
1770606389.6238334,BIT,1
1770606389.8237758,BIT,0
1770606389.8237758,BIT,1
1770606389.8237758,BIT,1
1770606389.8237758,BIT,1
1770606389.8237758,BIT,1
1770606389.8237758,BIT,0
1770606389.8237758,BIT,0
1770606389.8237758,BIT,1
1770606389.8237758,BIT,1
1770606389.8237758,BIT,0
1770606390.0489483,BIT,1
1770606390.0489483,BIT,0
1770606390.0489483,BIT,0
1770606390.0489483,BIT,0
1770606390.0489483,BIT,0
1770606390.0489483,BIT,0
1770606390.0489483,BIT,1
1770606390.0489483,BIT,0
1770606390.0489483,BIT,0
1770606390.0489483,BIT,1
1770606390.2564566,BIT,1
1770606390.2564566,BIT,1
1770606390.2564566,BIT,1
1770606390.2564566,BIT,0
1770606390.2564566,BIT,0
1770606390.2564566,BIT,0
1770606390.2564566,BIT,0
1770606390.2564566,BIT,1
1770606390.2564566,BIT,0
1770606390.2564566,BIT,1
1770606390.4570189,BIT,1
1770606390.4570189,BIT,0
1770606390.4570189,BIT,0
1770606390.4570189,BIT,0
1770606390.4570189,BIT,0
1770606390.4570189,BIT,1
1770606390.4570189,BIT,1
1770606390.4570189,BIT,0
1770606390.4570189,BIT,0
1770606390.4570189,BIT,1
1770606390.6388204,BIT,1
1770606390.6388204,BIT,0
1770606390.6388204,BIT,1
1770606390.6388204,BIT,1
1770606390.6388204,BIT,0
1770606390.6388204,BIT,0
1770606390.6388204,BIT,0
1770606390.6388204,BIT,1
1770606390.6388204,BIT,1
1770606390.6388204,BIT,0
1770606390.846276,BIT,1
1770606390.846276,BIT,0
1770606390.846276,BIT,1
1770606390.846276,BIT,0
1770606390.846276,BIT,0
1770606390.846276,BIT,1
1770606390.846276,BIT,0
1770606390.846276,BIT,1
1770606390.846276,BIT,1
1770606390.846276,BIT,1
1770606391.0386043,BIT,1
1770606391.0386043,BIT,0
1770606391.0386043,BIT,1
1770606391.0386043,BIT,1
1770606391.0386043,BIT,0
1770606391.0386043,BIT,0
1770606391.0386043,BIT,1
1770606391.0386043,BIT,0
1770606391.0386043,BIT,1
1770606391.0386043,BIT,1
1770606391.2668276,BIT,0
1770606391.2668276,BIT,0
1770606391.2668276,BIT,1
1770606391.2668276,BIT,1
1770606391.2668276,BIT,0
1770606391.2668276,BIT,0
1770606391.2668276,BIT,1
1770606391.2668276,BIT,1
1770606391.2668276,BIT,1
1770606391.2668276,BIT,0
1770606391.4675145,BIT,0
1770606391.4675145,BIT,0
1770606391.4675145,BIT,0
1770606391.4675145,BIT,0
1770606391.4675145,BIT,0
1770606391.4675145,BIT,1
1770606391.4675145,BIT,1
1770606391.4675145,BIT,1
1770606391.4675145,BIT,0
1770606391.4675145,BIT,0
1770606391.674502,BIT,0
1770606391.674502,BIT,1
1770606391.674502,BIT,1
1770606391.674502,BIT,0
1770606391.674502,BIT,0
1770606391.674502,BIT,0
1770606391.674502,BIT,1
1770606391.674502,BIT,0
1770606391.674502,BIT,0
1770606391.674502,BIT,0
1770606391.8900514,BIT,0
1770606391.8900514,BIT,1
1770606391.8900514,BIT,1
1770606391.8900514,BIT,1
1770606391.8900514,BIT,1
1770606391.8900514,BIT,1
1770606391.8900514,BIT,0
1770606391.8900514,BIT,1
1770606391.8900514,BIT,1
1770606391.8900514,BIT,1
1770606392.0846834,BIT,1
1770606392.0846834,BIT,0
1770606392.0846834,BIT,1
1770606392.0846834,BIT,1
1770606392.0846834,BIT,0
1770606392.0846834,BIT,1
1770606392.0846834,BIT,0
1770606392.0846834,BIT,1
1770606392.0846834,BIT,0
1770606392.0846834,BIT,1
1770606392.3516219,BIT,0
1770606392.3516219,BIT,0
1770606392.3516219,BIT,1
1770606392.3516219,BIT,1
1770606392.3516219,BIT,1
1770606392.3516219,BIT,1
1770606392.3516219,BIT,0
1770606392.3516219,BIT,1
1770606392.3516219,BIT,1
1770606392.3516219,BIT,1
1770606392.5664275,BIT,0
1770606392.5664275,BIT,0
1770606392.5664275,BIT,1
1770606392.5664275,BIT,0
1770606392.5664275,BIT,1
1770606392.5664275,BIT,0
1770606392.5664275,BIT,0
1770606392.5664275,BIT,1
1770606392.5664275,BIT,1
1770606392.5664275,BIT,0
1770606392.775668,BIT,0
1770606392.775668,BIT,1
1770606392.775668,BIT,1
1770606392.775668,BIT,0
1770606392.775668,BIT,1
1770606392.775668,BIT,1
1770606392.775668,BIT,0
1770606392.775668,BIT,0
1770606392.775668,BIT,1
1770606392.775668,BIT,0
1770606392.9845238,BIT,1
1770606392.9845238,BIT,0
1770606392.9845238,BIT,1
1770606392.9845238,BIT,1
1770606392.9845238,BIT,0
1770606392.9845238,BIT,1
1770606392.9845238,BIT,0
1770606392.9845238,BIT,1
1770606392.9845238,BIT,1
1770606392.9845238,BIT,1
1770606393.2524707,BIT,0
1770606393.2524707,BIT,0
1770606393.2524707,BIT,0
1770606393.2524707,BIT,1
1770606393.2524707,BIT,0
1770606393.2524707,BIT,1
1770606393.2524707,BIT,1
1770606393.2524707,BIT,0
1770606393.2524707,BIT,1
1770606393.2524707,BIT,0
1770606393.4885776,BIT,1
1770606393.4885776,BIT,1
1770606393.4885776,BIT,1
1770606393.4885776,BIT,0
1770606393.4885776,BIT,0
1770606393.4885776,BIT,1
1770606393.4885776,BIT,1
1770606393.4885776,BIT,0
1770606393.4885776,BIT,1
1770606393.4885776,BIT,0
1770606393.7465374,BIT,1
1770606393.7465374,BIT,1
1770606393.7465374,BIT,1
1770606393.7465374,BIT,0
1770606393.7465374,BIT,1
1770606393.7465374,BIT,0
1770606393.7465374,BIT,0
1770606393.7465374,BIT,0
1770606393.7465374,BIT,0
1770606393.7465374,BIT,1
1770606394.058051,BIT,1
1770606394.058051,BIT,0
1770606394.058051,BIT,1
1770606394.058051,BIT,0
1770606394.058051,BIT,0
1770606394.058051,BIT,1
1770606394.058051,BIT,0
1770606394.058051,BIT,1
1770606394.058051,BIT,0
1770606394.058051,BIT,1
1770606394.3253796,BIT,0
1770606394.3253796,BIT,1
1770606394.3253796,BIT,1
1770606394.3253796,BIT,1
1770606394.3253796,BIT,1
1770606394.3253796,BIT,1
1770606394.3253796,BIT,0
1770606394.3253796,BIT,0
1770606394.3253796,BIT,1
1770606394.3253796,BIT,0
1770606394.5710833,BIT,1
1770606394.5710833,BIT,0
1770606394.5710833,BIT,0
1770606394.5710833,BIT,0
1770606394.5710833,BIT,0
1770606394.5710833,BIT,0
1770606394.5710833,BIT,1
1770606394.5710833,BIT,1
1770606394.5710833,BIT,0
1770606394.5710833,BIT,1
1770606394.8938205,BIT,1
1770606394.8938205,BIT,1
1770606394.8938205,BIT,1
1770606394.8938205,BIT,1
1770606394.8938205,BIT,0
1770606394.8938205,BIT,1
1770606394.8938205,BIT,0
1770606394.8938205,BIT,1
1770606394.8938205,BIT,0
1770606394.8938205,BIT,0
1770606395.1365535,BIT,1
1770606395.1365535,BIT,1
1770606395.1365535,BIT,1
1770606395.1365535,BIT,1
1770606395.1365535,BIT,0
1770606395.1365535,BIT,0
1770606395.1365535,BIT,1
1770606395.1365535,BIT,1
1770606395.1365535,BIT,1
1770606395.1365535,BIT,1
1770606395.4021645,BIT,0
1770606395.4021645,BIT,1
1770606395.4021645,BIT,0
1770606395.4021645,BIT,0
1770606395.4021645,BIT,1
1770606395.4021645,BIT,0
1770606395.4021645,BIT,0
1770606395.4021645,BIT,1
1770606395.4021645,BIT,1
1770606395.4021645,BIT,0
1770606395.6343355,BIT,1
1770606395.6343355,BIT,0
1770606395.6343355,BIT,1
1770606395.6343355,BIT,1
1770606395.6343355,BIT,1
1770606395.6343355,BIT,0
1770606395.6343355,BIT,0
1770606395.6343355,BIT,0
1770606395.6343355,BIT,0
1770606395.6343355,BIT,0
1770606395.9198332,BIT,0
1770606395.9198332,BIT,0
1770606395.9198332,BIT,0
1770606395.9198332,BIT,1
1770606395.9198332,BIT,0
1770606395.9198332,BIT,0
1770606395.9198332,BIT,0
1770606395.9198332,BIT,1
1770606395.9198332,BIT,0
1770606395.9198332,BIT,0
1770606396.1378987,BIT,0
1770606396.1378987,BIT,1
1770606396.1378987,BIT,0
1770606396.1378987,BIT,1
1770606396.1378987,BIT,0
1770606396.1378987,BIT,0
1770606396.1378987,BIT,1
1770606396.1378987,BIT,1
1770606396.1378987,BIT,0
1770606396.1378987,BIT,1
1770606396.3732212,BIT,0
1770606396.3732212,BIT,0
1770606396.3732212,BIT,0
1770606396.3732212,BIT,0
1770606396.3732212,BIT,1
1770606396.3732212,BIT,1
1770606396.3732212,BIT,1
1770606396.3732212,BIT,0
1770606396.3732212,BIT,1
1770606396.3732212,BIT,1
1770606396.578767,BIT,1
1770606396.578767,BIT,1
1770606396.578767,BIT,0
1770606396.578767,BIT,0
1770606396.578767,BIT,0
1770606396.578767,BIT,0
1770606396.578767,BIT,0
1770606396.578767,BIT,1
1770606396.578767,BIT,0
1770606396.578767,BIT,0
1770606396.8141458,BIT,0
1770606396.8141458,BIT,1
1770606396.8141458,BIT,0
1770606396.8141458,BIT,1
1770606396.8141458,BIT,0
1770606396.8141458,BIT,0
1770606396.8141458,BIT,1
1770606396.8141458,BIT,0
1770606396.8141458,BIT,1
1770606396.8141458,BIT,0
1770606397.052918,BIT,1
1770606397.052918,BIT,1
1770606397.052918,BIT,0
1770606397.052918,BIT,1
1770606397.052918,BIT,1
1770606397.052918,BIT,1
1770606397.052918,BIT,0
1770606397.052918,BIT,1
1770606397.052918,BIT,1
1770606397.052918,BIT,0
1770606397.3063786,BIT,1
1770606397.3063786,BIT,0
1770606397.3063786,BIT,0
1770606397.3063786,BIT,1
1770606397.3063786,BIT,1
1770606397.3063786,BIT,1
1770606397.3063786,BIT,1
1770606397.3063786,BIT,1
1770606397.3063786,BIT,0
1770606397.3063786,BIT,0
1770606397.5300858,BIT,0
1770606397.5300858,BIT,0
1770606397.5300858,BIT,1
1770606397.5300858,BIT,1
1770606397.5300858,BIT,0
1770606397.5300858,BIT,1
1770606397.5300858,BIT,1
1770606397.5300858,BIT,0
1770606397.5300858,BIT,0
1770606397.5300858,BIT,0
1770606397.7365673,BIT,0
1770606397.7365673,BIT,1
1770606397.7365673,BIT,1
1770606397.7365673,BIT,0
1770606397.7365673,BIT,1
1770606397.7365673,BIT,1
1770606397.7365673,BIT,1
1770606397.7365673,BIT,0
1770606397.7365673,BIT,0
1770606397.7365673,BIT,1
1770606397.9487638,BIT,0
1770606397.9487638,BIT,0
1770606397.9487638,BIT,0
1770606397.9487638,BIT,0
1770606397.9487638,BIT,1
1770606397.9487638,BIT,0
1770606397.9487638,BIT,0
1770606397.9487638,BIT,0
1770606397.9487638,BIT,0
1770606397.9487638,BIT,0
1770606398.1169713,BIT,0
1770606398.1169713,BIT,0
1770606398.1169713,BIT,1
1770606398.1169713,BIT,0
1770606398.1169713,BIT,0
1770606398.1169713,BIT,1
1770606398.1169713,BIT,1
1770606398.1169713,BIT,1
1770606398.1169713,BIT,0
1770606398.1169713,BIT,0
1770606398.288494,BIT,1
1770606398.288494,BIT,1
1770606398.288494,BIT,1
1770606398.288494,BIT,0
1770606398.288494,BIT,1
1770606398.288494,BIT,1
1770606398.288494,BIT,0
1770606398.288494,BIT,1
1770606398.288494,BIT,1
1770606398.288494,BIT,1
1770606398.4765935,BIT,0
1770606398.4765935,BIT,0
1770606398.4765935,BIT,1
1770606398.4765935,BIT,0
1770606398.4765935,BIT,0
1770606398.4765935,BIT,1
1770606398.4765935,BIT,0
1770606398.4765935,BIT,1
1770606398.4765935,BIT,0
1770606398.4765935,BIT,1
1770606398.6333768,BIT,1
1770606398.6333768,BIT,1
1770606398.6333768,BIT,0
1770606398.6333768,BIT,0
1770606398.6333768,BIT,1
1770606398.6333768,BIT,0
1770606398.6333768,BIT,1
1770606398.6333768,BIT,1
1770606398.6333768,BIT,0
1770606398.6333768,BIT,1
1770606398.8037632,BIT,1
1770606398.8037632,BIT,1
1770606398.8037632,BIT,0
1770606398.8037632,BIT,0
1770606398.8037632,BIT,0
1770606398.8037632,BIT,0
1770606398.8037632,BIT,1
1770606398.8037632,BIT,0
1770606398.8037632,BIT,1
1770606398.8037632,BIT,1
1770606398.9744973,BIT,1
1770606398.9744973,BIT,0
1770606398.9744973,BIT,1
1770606398.9744973,BIT,1
1770606398.9744973,BIT,1
1770606398.9744973,BIT,1
1770606398.9744973,BIT,1
1770606398.9744973,BIT,0
1770606398.9744973,BIT,1
1770606398.9744973,BIT,1
1770606399.1237903,BIT,0
1770606399.1237903,BIT,1
1770606399.1237903,BIT,0
1770606399.1237903,BIT,0
1770606399.1237903,BIT,1
1770606399.1237903,BIT,1
1770606399.1237903,BIT,1
1770606399.1237903,BIT,1
1770606399.1237903,BIT,1
1770606399.1237903,BIT,0
1770606399.2965,BIT,0
1770606399.2965,BIT,1
1770606399.2965,BIT,1
1770606399.2965,BIT,0
1770606399.2965,BIT,0
1770606399.2965,BIT,1
1770606399.2965,BIT,1
1770606399.2965,BIT,1
1770606399.2965,BIT,0
1770606399.2965,BIT,1
1770606399.472249,BIT,1
1770606399.472249,BIT,0
1770606399.472249,BIT,0
1770606399.472249,BIT,0
1770606399.472249,BIT,0
1770606399.472249,BIT,1
1770606399.472249,BIT,0
1770606399.472249,BIT,0
1770606399.472249,BIT,1
1770606399.472249,BIT,0
1770606399.6490123,BIT,1
1770606399.6490123,BIT,0
1770606399.6490123,BIT,1
1770606399.6490123,BIT,0
1770606399.6490123,BIT,1
1770606399.6490123,BIT,0
1770606399.6490123,BIT,1
1770606399.6490123,BIT,1
1770606399.6490123,BIT,1
1770606399.6490123,BIT,1
1770606399.8915799,BIT,0
1770606399.8915799,BIT,0
1770606399.8915799,BIT,0
1770606399.8915799,BIT,1
1770606399.8915799,BIT,0
1770606399.8915799,BIT,0
1770606399.8915799,BIT,0
1770606399.8915799,BIT,0
1770606399.8915799,BIT,0
1770606399.8915799,BIT,1
1770606400.0880132,BIT,0
1770606400.0880132,BIT,0
1770606400.0880132,BIT,0
1770606400.0880132,BIT,1
1770606400.0880132,BIT,0
1770606400.0880132,BIT,1
1770606400.0880132,BIT,0
1770606400.0880132,BIT,0
1770606400.0880132,BIT,0
1770606400.0880132,BIT,1
1770606400.2813976,BIT,1
1770606400.2813976,BIT,0
1770606400.2813976,BIT,0
1770606400.2813976,BIT,0
1770606400.2813976,BIT,1
1770606400.2813976,BIT,1
1770606400.2813976,BIT,0
1770606400.2813976,BIT,0
1770606400.2813976,BIT,0
1770606400.2813976,BIT,1
1770606400.4504442,BIT,1
1770606400.4504442,BIT,0
1770606400.4504442,BIT,0
1770606400.4504442,BIT,1
1770606400.4504442,BIT,1
1770606400.4504442,BIT,0
1770606400.4504442,BIT,0
1770606400.4504442,BIT,1
1770606400.4504442,BIT,0
1770606400.4504442,BIT,1
1770606400.619954,BIT,1
1770606400.619954,BIT,1
1770606400.619954,BIT,1
1770606400.619954,BIT,1
1770606400.619954,BIT,1
1770606400.619954,BIT,0
1770606400.619954,BIT,1
1770606400.619954,BIT,0
1770606400.619954,BIT,0
1770606400.619954,BIT,0
1770606400.7985797,BIT,0
1770606400.7985797,BIT,1
1770606400.7985797,BIT,0
1770606400.7985797,BIT,1
1770606400.7985797,BIT,0
1770606400.7985797,BIT,1
1770606400.7985797,BIT,1
1770606400.7985797,BIT,0
1770606400.7985797,BIT,1
1770606400.7985797,BIT,0
1770606401.0222685,BIT,0
1770606401.0222685,BIT,1
1770606401.0222685,BIT,1
1770606401.0222685,BIT,0
1770606401.0222685,BIT,0
1770606401.0222685,BIT,1
1770606401.0222685,BIT,0
1770606401.0222685,BIT,1
1770606401.0222685,BIT,1
1770606401.0222685,BIT,0
1770606401.263356,BIT,0
1770606401.263356,BIT,1
1770606401.263356,BIT,1
1770606401.263356,BIT,0
1770606401.263356,BIT,1
1770606401.263356,BIT,1
1770606401.263356,BIT,0
1770606401.263356,BIT,0
1770606401.263356,BIT,0
1770606401.263356,BIT,0
1770606401.490104,BIT,1
1770606401.490104,BIT,1
1770606401.490104,BIT,0
1770606401.490104,BIT,1
1770606401.490104,BIT,0
1770606401.490104,BIT,0
1770606401.490104,BIT,1
1770606401.490104,BIT,0
1770606401.490104,BIT,1
1770606401.490104,BIT,1
1770606401.7892892,BIT,0
1770606401.7892892,BIT,0
1770606401.7892892,BIT,1
1770606401.7892892,BIT,0
1770606401.7892892,BIT,0
1770606401.7892892,BIT,0
1770606401.7892892,BIT,0
1770606401.7892892,BIT,0
1770606401.7892892,BIT,1
1770606401.7892892,BIT,1
1770606402.0092862,BIT,1
1770606402.0092862,BIT,1
1770606402.0092862,BIT,1
1770606402.0092862,BIT,0
1770606402.0092862,BIT,1
1770606402.0092862,BIT,1
1770606402.0092862,BIT,1
1770606402.0092862,BIT,1
1770606402.0092862,BIT,1
1770606402.0092862,BIT,0
1770606402.2134893,BIT,0
1770606402.2134893,BIT,1
1770606402.2134893,BIT,1
1770606402.2134893,BIT,1
1770606402.2134893,BIT,1
1770606402.2134893,BIT,1
1770606402.2134893,BIT,0
1770606402.2134893,BIT,1
1770606402.2134893,BIT,1
1770606402.2134893,BIT,1
1770606402.441604,BIT,1
1770606402.441604,BIT,0
1770606402.441604,BIT,1
1770606402.441604,BIT,0
1770606402.441604,BIT,0
1770606402.441604,BIT,1
1770606402.441604,BIT,0
1770606402.441604,BIT,1
1770606402.441604,BIT,0
1770606402.441604,BIT,1
1770606402.624703,BIT,0
1770606402.624703,BIT,1
1770606402.624703,BIT,1
1770606402.624703,BIT,1
1770606402.624703,BIT,1
1770606402.624703,BIT,0
1770606402.624703,BIT,1
1770606402.624703,BIT,1
1770606402.624703,BIT,0
1770606402.624703,BIT,1
1770606402.8256612,BIT,0
1770606402.8256612,BIT,0
1770606402.8256612,BIT,0
1770606402.8256612,BIT,0
1770606402.8256612,BIT,1
1770606402.8256612,BIT,1
1770606402.8256612,BIT,0
1770606402.8256612,BIT,0
1770606402.8256612,BIT,0
1770606402.8256612,BIT,1
1770606403.0173578,BIT,0
1770606403.0173578,BIT,1
1770606403.0173578,BIT,0
1770606403.0173578,BIT,1
1770606403.0173578,BIT,1
1770606403.0173578,BIT,0
1770606403.0173578,BIT,0
1770606403.0173578,BIT,1
1770606403.0173578,BIT,1
1770606403.0173578,BIT,1
1770606403.2127597,BIT,0
1770606403.2127597,BIT,0
1770606403.2127597,BIT,1
1770606403.2127597,BIT,1
1770606403.2127597,BIT,1
1770606403.2127597,BIT,1
1770606403.2127597,BIT,1
1770606403.2127597,BIT,0
1770606403.2127597,BIT,1
1770606403.2127597,BIT,1
1770606403.4126842,BIT,0
1770606403.4126842,BIT,1
1770606403.4126842,BIT,0
1770606403.4126842,BIT,0
1770606403.4126842,BIT,1
1770606403.4126842,BIT,1
1770606403.4126842,BIT,0
1770606403.4126842,BIT,0
1770606403.4126842,BIT,1
1770606403.4126842,BIT,1
1770606403.5958056,BIT,0
1770606403.5958056,BIT,1
1770606403.5958056,BIT,1
1770606403.5958056,BIT,1
1770606403.5958056,BIT,1
1770606403.5958056,BIT,0
1770606403.5958056,BIT,1
1770606403.5958056,BIT,0
1770606403.5958056,BIT,0
1770606403.5958056,BIT,1
1770606403.7771657,BIT,1
1770606403.7771657,BIT,0
1770606403.7771657,BIT,0
1770606403.7771657,BIT,1
1770606403.7771657,BIT,1
1770606403.7771657,BIT,1
1770606403.7771657,BIT,0
1770606403.7771657,BIT,0
1770606403.7771657,BIT,1
1770606403.7771657,BIT,1
1770606403.9786508,BIT,1
1770606403.9786508,BIT,0
1770606403.9786508,BIT,0
1770606403.9786508,BIT,1
1770606403.9786508,BIT,1
1770606403.9786508,BIT,1
1770606403.9786508,BIT,0
1770606403.9786508,BIT,1
1770606403.9786508,BIT,1
1770606403.9786508,BIT,1
1770606404.1494873,BIT,1
1770606404.1494873,BIT,0
1770606404.1494873,BIT,1
1770606404.1494873,BIT,0
1770606404.1494873,BIT,0
1770606404.1494873,BIT,1
1770606404.1494873,BIT,1
1770606404.1494873,BIT,0
1770606404.1494873,BIT,1
1770606404.1494873,BIT,1
1770606404.3199222,BIT,1
1770606404.3199222,BIT,0
1770606404.3199222,BIT,0
1770606404.3199222,BIT,0
1770606404.3199222,BIT,0
1770606404.3199222,BIT,0
1770606404.3199222,BIT,1
1770606404.3199222,BIT,0
1770606404.3199222,BIT,0
1770606404.3199222,BIT,1
1770606404.5013618,BIT,0
1770606404.5013618,BIT,1
1770606404.5013618,BIT,0
1770606404.5013618,BIT,1
1770606404.5013618,BIT,0
1770606404.5013618,BIT,1
1770606404.5013618,BIT,1
1770606404.5013618,BIT,1
1770606404.5013618,BIT,1
1770606404.5013618,BIT,0
1770606404.7060704,BIT,0
1770606404.7060704,BIT,1
1770606404.7060704,BIT,1
1770606404.7060704,BIT,1
1770606404.7060704,BIT,0
1770606404.7060704,BIT,0
1770606404.7060704,BIT,1
1770606404.7060704,BIT,1
1770606404.7060704,BIT,1
1770606404.7060704,BIT,0
1770606404.9097779,BIT,0
1770606404.9097779,BIT,1
1770606404.9097779,BIT,1
1770606404.9097779,BIT,1
1770606404.9097779,BIT,0
1770606404.9097779,BIT,1
1770606404.9097779,BIT,0
1770606404.9097779,BIT,0
1770606404.9097779,BIT,1
1770606404.9097779,BIT,0
1770606405.1253667,BIT,0
1770606405.1253667,BIT,1
1770606405.1253667,BIT,1
1770606405.1253667,BIT,0
1770606405.1253667,BIT,0
1770606405.1253667,BIT,0
1770606405.1253667,BIT,1
1770606405.1253667,BIT,0
1770606405.1253667,BIT,0
1770606405.1253667,BIT,0
1770606405.3379483,BIT,0
1770606405.3379483,BIT,1
1770606405.3379483,BIT,0
1770606405.3379483,BIT,0
1770606405.3379483,BIT,1
1770606405.3379483,BIT,0
1770606405.3379483,BIT,1
1770606405.3379483,BIT,1
1770606405.3379483,BIT,1
1770606405.3379483,BIT,1
1770606405.5557883,BIT,1
1770606405.5557883,BIT,0
1770606405.5557883,BIT,1
1770606405.5557883,BIT,1
1770606405.5557883,BIT,1
1770606405.5557883,BIT,1
1770606405.5557883,BIT,1
1770606405.5557883,BIT,0
1770606405.5557883,BIT,0
1770606405.5557883,BIT,1
1770606405.800112,BIT,0
1770606405.800112,BIT,0
1770606405.800112,BIT,1
1770606405.800112,BIT,1
1770606405.800112,BIT,1
1770606405.800112,BIT,1
1770606405.800112,BIT,1
1770606405.800112,BIT,0
1770606405.800112,BIT,0
1770606405.800112,BIT,0
1770606406.0216634,BIT,0
1770606406.0216634,BIT,0
1770606406.0216634,BIT,0
1770606406.0216634,BIT,1
1770606406.0216634,BIT,0
1770606406.0216634,BIT,1
1770606406.0216634,BIT,0
1770606406.0216634,BIT,1
1770606406.0216634,BIT,0
1770606406.0216634,BIT,0
1770606406.210567,BIT,0
1770606406.210567,BIT,0
1770606406.210567,BIT,0
1770606406.210567,BIT,0
1770606406.210567,BIT,0
1770606406.210567,BIT,0
1770606406.210567,BIT,0
1770606406.210567,BIT,1
1770606406.210567,BIT,1
1770606406.210567,BIT,1
1770606406.4350011,BIT,0
1770606406.4350011,BIT,1
1770606406.4350011,BIT,0
1770606406.4350011,BIT,1
1770606406.4350011,BIT,1
1770606406.4350011,BIT,0
1770606406.4350011,BIT,1
1770606406.4350011,BIT,0
1770606406.4350011,BIT,0
1770606406.4350011,BIT,1
1770606406.6427357,BIT,0
1770606406.6427357,BIT,1
1770606406.6427357,BIT,0
1770606406.6427357,BIT,0
1770606406.6427357,BIT,1
1770606406.6427357,BIT,1
1770606406.6427357,BIT,1
1770606406.6427357,BIT,1
1770606406.6427357,BIT,1
1770606406.6427357,BIT,1
1770606406.8462777,BIT,1
1770606406.8462777,BIT,1
1770606406.8462777,BIT,1
1770606406.8462777,BIT,1
1770606406.8462777,BIT,1
1770606406.8462777,BIT,0
1770606406.8462777,BIT,0
1770606406.8462777,BIT,1
1770606406.8462777,BIT,1
1770606406.8462777,BIT,0
1770606407.0598216,BIT,0
1770606407.0598216,BIT,0
1770606407.0598216,BIT,1
1770606407.0598216,BIT,0
1770606407.0598216,BIT,0
1770606407.0598216,BIT,0
1770606407.0598216,BIT,1
1770606407.0598216,BIT,1
1770606407.0598216,BIT,0
1770606407.0598216,BIT,0
1770606407.2453647,BIT,1
1770606407.2453647,BIT,1
1770606407.2453647,BIT,1
1770606407.2453647,BIT,1
1770606407.2453647,BIT,1
1770606407.2453647,BIT,1
1770606407.2453647,BIT,1
1770606407.2453647,BIT,0
1770606407.2453647,BIT,1
1770606407.2453647,BIT,1
1770606407.4436867,BIT,1
1770606407.4436867,BIT,0
1770606407.4436867,BIT,1
1770606407.4436867,BIT,1
1770606407.4436867,BIT,0
1770606407.4436867,BIT,0
1770606407.4436867,BIT,0
1770606407.4436867,BIT,0
1770606407.4436867,BIT,0
1770606407.4436867,BIT,0
1770606407.6492474,BIT,1
1770606407.6492474,BIT,0
1770606407.6492474,BIT,1
1770606407.6492474,BIT,1
1770606407.6492474,BIT,0
1770606407.6492474,BIT,1
1770606407.6492474,BIT,1
1770606407.6492474,BIT,0
1770606407.6492474,BIT,0
1770606407.6492474,BIT,0
1770606407.8289156,BIT,1
1770606407.8289156,BIT,1
1770606407.8289156,BIT,1
1770606407.8289156,BIT,0
1770606407.8289156,BIT,1
1770606407.8289156,BIT,1
1770606407.8289156,BIT,1
1770606407.8289156,BIT,1
1770606407.8289156,BIT,1
1770606407.8289156,BIT,0
1770606408.01003,BIT,0
1770606408.01003,BIT,0
1770606408.01003,BIT,1
1770606408.01003,BIT,0
1770606408.01003,BIT,1
1770606408.01003,BIT,0
1770606408.01003,BIT,0
1770606408.01003,BIT,0
1770606408.01003,BIT,1
1770606408.01003,BIT,1
1770606408.1775827,BIT,1
1770606408.1775827,BIT,0
1770606408.1775827,BIT,0
1770606408.1775827,BIT,1
1770606408.1775827,BIT,0
1770606408.1775827,BIT,0
1770606408.1775827,BIT,0
1770606408.1775827,BIT,1
1770606408.1775827,BIT,0
1770606408.1775827,BIT,0
1770606408.4058628,BIT,0
1770606408.4058628,BIT,0
1770606408.4058628,BIT,1
1770606408.4058628,BIT,1
1770606408.4058628,BIT,0
1770606408.4058628,BIT,1
1770606408.4058628,BIT,0
1770606408.4058628,BIT,0
1770606408.4058628,BIT,1
1770606408.4058628,BIT,0
1770606408.6104057,BIT,1
1770606408.6104057,BIT,0
1770606408.6104057,BIT,0
1770606408.6104057,BIT,1
1770606408.6104057,BIT,0
1770606408.6104057,BIT,1
1770606408.6104057,BIT,1
1770606408.6104057,BIT,1
1770606408.6104057,BIT,1
1770606408.6104057,BIT,0
1770606408.8017802,BIT,1
1770606408.8017802,BIT,0
1770606408.8017802,BIT,0
1770606408.8017802,BIT,1
1770606408.8017802,BIT,0
1770606408.8017802,BIT,1
1770606408.8017802,BIT,1
1770606408.8017802,BIT,0
1770606408.8017802,BIT,1
1770606408.8017802,BIT,1
1770606408.994334,BIT,1
1770606408.994334,BIT,0
1770606408.994334,BIT,1
1770606408.994334,BIT,1
1770606408.994334,BIT,1
1770606408.994334,BIT,0
1770606408.994334,BIT,0
1770606408.994334,BIT,1
1770606408.994334,BIT,0
1770606408.994334,BIT,0
1770606409.1764257,BIT,1
1770606409.1764257,BIT,0
1770606409.1764257,BIT,1
1770606409.1764257,BIT,1
1770606409.1764257,BIT,1
1770606409.1764257,BIT,0
1770606409.1764257,BIT,1
1770606409.1764257,BIT,0
1770606409.1764257,BIT,0
1770606409.1764257,BIT,0
1770606409.3823004,BIT,1
1770606409.3823004,BIT,0
1770606409.3823004,BIT,0
1770606409.3823004,BIT,1
1770606409.3823004,BIT,1
1770606409.3823004,BIT,0
1770606409.3823004,BIT,1
1770606409.3823004,BIT,1
1770606409.3823004,BIT,0
1770606409.3823004,BIT,0
1770606409.5943356,BIT,0
1770606409.5943356,BIT,0
1770606409.5943356,BIT,1
1770606409.5943356,BIT,0
1770606409.5943356,BIT,0
1770606409.5943356,BIT,0
1770606409.5943356,BIT,1
1770606409.5943356,BIT,1
1770606409.5943356,BIT,1
1770606409.5943356,BIT,0
1770606409.7995205,BIT,1
1770606409.7995205,BIT,0
1770606409.7995205,BIT,0
1770606409.7995205,BIT,1
1770606409.7995205,BIT,0
1770606409.7995205,BIT,1
1770606409.7995205,BIT,1
1770606409.7995205,BIT,0
1770606409.7995205,BIT,0
1770606409.7995205,BIT,1
1770606409.9908886,BIT,1
1770606409.9908886,BIT,0
1770606409.9908886,BIT,0
1770606409.9908886,BIT,1
1770606409.9908886,BIT,1
1770606409.9908886,BIT,0
1770606409.9908886,BIT,0
1770606409.9908886,BIT,1
1770606409.9908886,BIT,0
1770606409.9908886,BIT,1
1770606410.1763847,BIT,0
1770606410.1763847,BIT,1
1770606410.1763847,BIT,1
1770606410.1763847,BIT,1
1770606410.1763847,BIT,0
1770606410.1763847,BIT,1
1770606410.1763847,BIT,1
1770606410.1763847,BIT,0
1770606410.1763847,BIT,1
1770606410.1763847,BIT,1
1770606410.3885965,BIT,0
1770606410.3885965,BIT,1
1770606410.3885965,BIT,0
1770606410.3885965,BIT,0
1770606410.3885965,BIT,1
1770606410.3885965,BIT,0
1770606410.3885965,BIT,0
1770606410.3885965,BIT,1
1770606410.3885965,BIT,0
1770606410.3885965,BIT,0
1770606410.5713582,BIT,1
1770606410.5713582,BIT,1
1770606410.5713582,BIT,0
1770606410.5713582,BIT,1
1770606410.5713582,BIT,0
1770606410.5713582,BIT,0
1770606410.5713582,BIT,0
1770606410.5713582,BIT,1
1770606410.5713582,BIT,1
1770606410.5713582,BIT,1
1770606410.75675,BIT,1
1770606410.75675,BIT,0
1770606410.75675,BIT,0
1770606410.75675,BIT,0
1770606410.75675,BIT,0
1770606410.75675,BIT,1
1770606410.75675,BIT,1
1770606410.75675,BIT,0
1770606410.75675,BIT,1
1770606410.75675,BIT,0
1770606410.960643,BIT,0
1770606410.960643,BIT,1
1770606410.960643,BIT,0
1770606410.960643,BIT,1
1770606410.960643,BIT,1
1770606410.960643,BIT,1
1770606410.960643,BIT,1
1770606410.960643,BIT,0
1770606410.960643,BIT,1
1770606410.960643,BIT,1
1770606411.1354892,BIT,0
1770606411.1354892,BIT,0
1770606411.1354892,BIT,1
1770606411.1354892,BIT,0
1770606411.1354892,BIT,1
1770606411.1354892,BIT,1
1770606411.1354892,BIT,0
1770606411.1354892,BIT,1
1770606411.1354892,BIT,1
1770606411.1354892,BIT,1
1770606411.3257406,BIT,1
1770606411.3257406,BIT,0
1770606411.3257406,BIT,1
1770606411.3257406,BIT,0
1770606411.3257406,BIT,0
1770606411.3257406,BIT,1
1770606411.3257406,BIT,0
1770606411.3257406,BIT,1
1770606411.3257406,BIT,1
1770606411.3257406,BIT,1
1770606411.532251,BIT,0
1770606411.532251,BIT,1
1770606411.532251,BIT,0
1770606411.532251,BIT,1
1770606411.532251,BIT,0
1770606411.532251,BIT,1
1770606411.532251,BIT,1
1770606411.532251,BIT,1
1770606411.532251,BIT,1
1770606411.532251,BIT,1
1770606411.7411888,BIT,1
1770606411.7411888,BIT,0
1770606411.7411888,BIT,1
1770606411.7411888,BIT,1
1770606411.7411888,BIT,0
1770606411.7411888,BIT,1
1770606411.7411888,BIT,1
1770606411.7411888,BIT,0
1770606411.7411888,BIT,1
1770606411.7411888,BIT,0
1770606412.049327,BIT,1
1770606412.049327,BIT,1
1770606412.049327,BIT,0
1770606412.049327,BIT,0
1770606412.049327,BIT,0
1770606412.049327,BIT,1
1770606412.049327,BIT,1
1770606412.049327,BIT,0
1770606412.049327,BIT,1
1770606412.049327,BIT,1
1770606412.2726738,BIT,1
1770606412.2726738,BIT,1
1770606412.2726738,BIT,0
1770606412.2726738,BIT,0
1770606412.2726738,BIT,0
1770606412.2726738,BIT,0
1770606412.2726738,BIT,0
1770606412.2726738,BIT,1
1770606412.2726738,BIT,1
1770606412.2726738,BIT,1
1770606412.46665,BIT,1
1770606412.46665,BIT,1
1770606412.46665,BIT,1
1770606412.46665,BIT,1
1770606412.46665,BIT,1
1770606412.46665,BIT,0
1770606412.46665,BIT,1
1770606412.46665,BIT,0
1770606412.46665,BIT,1
1770606412.46665,BIT,1
1770606412.6440568,BIT,1
1770606412.6440568,BIT,0
1770606412.6440568,BIT,1
1770606412.6440568,BIT,1
1770606412.6440568,BIT,0
1770606412.6440568,BIT,1
1770606412.6440568,BIT,1
1770606412.6440568,BIT,0
1770606412.6440568,BIT,1
1770606412.6440568,BIT,0
1770606412.8151157,BIT,1
1770606412.8151157,BIT,0
1770606412.8151157,BIT,0
1770606412.8151157,BIT,0
1770606412.8151157,BIT,0
1770606412.8151157,BIT,1
1770606412.8151157,BIT,1
1770606412.8151157,BIT,0
1770606412.8151157,BIT,0
1770606412.8151157,BIT,1
1770606412.9934895,BIT,0
1770606412.9934895,BIT,0
1770606412.9934895,BIT,0
1770606412.9934895,BIT,1
1770606412.9934895,BIT,0
1770606412.9934895,BIT,1
1770606412.9934895,BIT,1
1770606412.9934895,BIT,1
1770606412.9934895,BIT,0
1770606412.9934895,BIT,0
1770606413.153711,BIT,1
1770606413.153711,BIT,0
1770606413.153711,BIT,1
1770606413.153711,BIT,1
1770606413.153711,BIT,0
1770606413.153711,BIT,0
1770606413.153711,BIT,0
1770606413.153711,BIT,0
1770606413.153711,BIT,0
1770606413.153711,BIT,0
1770606413.346683,BIT,1
1770606413.346683,BIT,1
1770606413.346683,BIT,0
1770606413.346683,BIT,1
1770606413.346683,BIT,0
1770606413.346683,BIT,0
1770606413.346683,BIT,0
1770606413.346683,BIT,1
1770606413.346683,BIT,0
1770606413.346683,BIT,0
1770606413.5264442,BIT,0
1770606413.5264442,BIT,1
1770606413.5264442,BIT,1
1770606413.5264442,BIT,0
1770606413.5264442,BIT,1
1770606413.5264442,BIT,0
1770606413.5264442,BIT,1
1770606413.5264442,BIT,0
1770606413.5264442,BIT,1
1770606413.5264442,BIT,1
1770606413.6926305,BIT,1
1770606413.6926305,BIT,1
1770606413.6926305,BIT,1
1770606413.6926305,BIT,1
1770606413.6926305,BIT,0
1770606413.6926305,BIT,1
1770606413.6926305,BIT,0
1770606413.6926305,BIT,1
1770606413.6926305,BIT,1
1770606413.6926305,BIT,0
1770606413.8710263,BIT,0
1770606413.8710263,BIT,0
1770606413.8710263,BIT,1
1770606413.8710263,BIT,0
1770606413.8710263,BIT,1
1770606413.8710263,BIT,1
1770606413.8710263,BIT,1
1770606413.8710263,BIT,1
1770606413.8710263,BIT,0
1770606413.8710263,BIT,1
1770606414.0530643,BIT,0
1770606414.0530643,BIT,0
1770606414.0530643,BIT,0
1770606414.0530643,BIT,0
1770606414.0530643,BIT,1
1770606414.0530643,BIT,0
1770606414.0530643,BIT,1
1770606414.0530643,BIT,0
1770606414.0530643,BIT,0
1770606414.0530643,BIT,1
1770606414.2234614,BIT,0
1770606414.2234614,BIT,0
1770606414.2234614,BIT,0
1770606414.2234614,BIT,1
1770606414.2234614,BIT,0
1770606414.2234614,BIT,1
1770606414.2234614,BIT,1
1770606414.2234614,BIT,1
1770606414.2234614,BIT,0
1770606414.2234614,BIT,0
1770606414.4183042,BIT,1
1770606414.4183042,BIT,0
1770606414.4183042,BIT,0
1770606414.4183042,BIT,1
1770606414.4183042,BIT,0
1770606414.4183042,BIT,1
1770606414.4183042,BIT,1
1770606414.4183042,BIT,0
1770606414.4183042,BIT,1
1770606414.4183042,BIT,0
1770606414.5981352,BIT,1
1770606414.5981352,BIT,0
1770606414.5981352,BIT,0
1770606414.5981352,BIT,0
1770606414.5981352,BIT,0
1770606414.5981352,BIT,1
1770606414.5981352,BIT,0
1770606414.5981352,BIT,1
1770606414.5981352,BIT,0
1770606414.5981352,BIT,0
1770606414.7738783,BIT,0
1770606414.7738783,BIT,0
1770606414.7738783,BIT,0
1770606414.7738783,BIT,1
1770606414.7738783,BIT,0
1770606414.7738783,BIT,1
1770606414.7738783,BIT,1
1770606414.7738783,BIT,0
1770606414.7738783,BIT,0
1770606414.7738783,BIT,1
1770606414.9521158,BIT,0
1770606414.9521158,BIT,0
1770606414.9521158,BIT,1
1770606414.9521158,BIT,1
1770606414.9521158,BIT,0
1770606414.9521158,BIT,1
1770606414.9521158,BIT,1
1770606414.9521158,BIT,0
1770606414.9521158,BIT,0
1770606414.9521158,BIT,1
1770606415.1079743,BIT,1
1770606415.1079743,BIT,1
1770606415.1079743,BIT,0
1770606415.1079743,BIT,0
1770606415.1079743,BIT,1
1770606415.1079743,BIT,1
1770606415.1079743,BIT,0
1770606415.1079743,BIT,0
1770606415.1079743,BIT,0
1770606415.1079743,BIT,0
1770606415.2819571,BIT,0
1770606415.2819571,BIT,1
1770606415.2819571,BIT,1
1770606415.2819571,BIT,0
1770606415.2819571,BIT,0
1770606415.2819571,BIT,0
1770606415.2819571,BIT,1
1770606415.2819571,BIT,1
1770606415.2819571,BIT,0
1770606415.2819571,BIT,1
1770606415.4493885,BIT,1
1770606415.4493885,BIT,0
1770606415.4493885,BIT,0
1770606415.4493885,BIT,1
1770606415.4493885,BIT,1
1770606415.4493885,BIT,1
1770606415.4493885,BIT,1
1770606415.4493885,BIT,0
1770606415.4493885,BIT,1
1770606415.4493885,BIT,0
1770606415.6518645,BIT,1
1770606415.6518645,BIT,1
1770606415.6518645,BIT,0
1770606415.6518645,BIT,1
1770606415.6518645,BIT,0
1770606415.6518645,BIT,0
1770606415.6518645,BIT,0
1770606415.6518645,BIT,0
1770606415.6518645,BIT,0
1770606415.6518645,BIT,1
1770606415.8287845,BIT,0
1770606415.8287845,BIT,1
1770606415.8287845,BIT,1
1770606415.8287845,BIT,1
1770606415.8287845,BIT,0
1770606415.8287845,BIT,0
1770606415.8287845,BIT,0
1770606415.8287845,BIT,0
1770606415.8287845,BIT,1
1770606415.8287845,BIT,0
1770606416.012801,BIT,0
1770606416.012801,BIT,0
1770606416.012801,BIT,0
1770606416.012801,BIT,1
1770606416.012801,BIT,1
1770606416.012801,BIT,0
1770606416.012801,BIT,0
1770606416.012801,BIT,0
1770606416.012801,BIT,0
1770606416.012801,BIT,0
1770606416.1803887,BIT,1
1770606416.1803887,BIT,1
1770606416.1803887,BIT,1
1770606416.1803887,BIT,1
1770606416.1803887,BIT,0
1770606416.1803887,BIT,0
1770606416.1803887,BIT,0
1770606416.1803887,BIT,0
1770606416.1803887,BIT,1
1770606416.1803887,BIT,1
1770606416.367344,BIT,0
1770606416.367344,BIT,0
1770606416.367344,BIT,1
1770606416.367344,BIT,1
1770606416.367344,BIT,0
1770606416.367344,BIT,1
1770606416.367344,BIT,0
1770606416.367344,BIT,1
1770606416.367344,BIT,1
1770606416.367344,BIT,0
1770606416.557971,BIT,1
1770606416.557971,BIT,1
1770606416.557971,BIT,0
1770606416.557971,BIT,1
1770606416.557971,BIT,0
1770606416.557971,BIT,1
1770606416.557971,BIT,1
1770606416.557971,BIT,1
1770606416.557971,BIT,1
1770606416.557971,BIT,0
1770606416.7507374,BIT,1
1770606416.7507374,BIT,0
1770606416.7507374,BIT,1
1770606416.7507374,BIT,1
1770606416.7507374,BIT,1
1770606416.7507374,BIT,0
1770606416.7507374,BIT,0
1770606416.7507374,BIT,0
1770606416.7507374,BIT,0
1770606416.7507374,BIT,1
1770606416.9336498,BIT,1
1770606416.9336498,BIT,0
1770606416.9336498,BIT,0
1770606416.9336498,BIT,0
1770606416.9336498,BIT,1
1770606416.9336498,BIT,0
1770606416.9336498,BIT,1
1770606416.9336498,BIT,0
1770606416.9336498,BIT,1
1770606416.9336498,BIT,1
1770606417.1045558,BIT,0
1770606417.1045558,BIT,0
1770606417.1045558,BIT,0
1770606417.1045558,BIT,1
1770606417.1045558,BIT,0
1770606417.1045558,BIT,1
1770606417.1045558,BIT,0
1770606417.1045558,BIT,0
1770606417.1045558,BIT,1
1770606417.1045558,BIT,0
1770606417.2719355,BIT,1
1770606417.2719355,BIT,1
1770606417.2719355,BIT,0
1770606417.2719355,BIT,1
1770606417.2719355,BIT,1
1770606417.2719355,BIT,0
1770606417.2719355,BIT,0
1770606417.2719355,BIT,1
1770606417.2719355,BIT,1
1770606417.2719355,BIT,0
1770606417.4396918,BIT,1
1770606417.4396918,BIT,1
1770606417.4396918,BIT,0
1770606417.4396918,BIT,0
1770606417.4396918,BIT,1
1770606417.4396918,BIT,1
1770606417.4396918,BIT,0
1770606417.4396918,BIT,1
1770606417.4396918,BIT,0
1770606417.4396918,BIT,0
1770606417.6088297,BIT,1
1770606417.6088297,BIT,0
1770606417.6088297,BIT,0
1770606417.6088297,BIT,1
1770606417.6088297,BIT,0
1770606417.6088297,BIT,1
1770606417.6088297,BIT,1
1770606417.6088297,BIT,1
1770606417.6088297,BIT,1
1770606417.6088297,BIT,1
1770606417.779985,BIT,1
1770606417.779985,BIT,1
1770606417.779985,BIT,1
1770606417.779985,BIT,1
1770606417.779985,BIT,1
1770606417.779985,BIT,1
1770606417.779985,BIT,0
1770606417.779985,BIT,0
1770606417.779985,BIT,1
1770606417.779985,BIT,1
1770606417.9746983,BIT,1
1770606417.9746983,BIT,1
1770606417.9746983,BIT,1
1770606417.9746983,BIT,1
1770606417.9746983,BIT,0
1770606417.9746983,BIT,0
1770606417.9746983,BIT,0
1770606417.9746983,BIT,1
1770606417.9746983,BIT,1
1770606417.9746983,BIT,0
1770606418.1305075,BIT,0
1770606418.1305075,BIT,1
1770606418.1305075,BIT,1
1770606418.1305075,BIT,1
1770606418.1305075,BIT,1
1770606418.1305075,BIT,1
1770606418.1305075,BIT,0
1770606418.1305075,BIT,0
1770606418.1305075,BIT,1
1770606418.1305075,BIT,0
1770606418.3344417,BIT,0
1770606418.3344417,BIT,1
1770606418.3344417,BIT,1
1770606418.3344417,BIT,1
1770606418.3344417,BIT,1
1770606418.3344417,BIT,1
1770606418.3344417,BIT,1
1770606418.3344417,BIT,1
1770606418.3344417,BIT,1
1770606418.3344417,BIT,1
1770606418.552396,BIT,1
1770606418.552396,BIT,1
1770606418.552396,BIT,0
1770606418.552396,BIT,0
1770606418.552396,BIT,0
1770606418.552396,BIT,0
1770606418.552396,BIT,1
1770606418.552396,BIT,0
1770606418.552396,BIT,0
1770606418.552396,BIT,0
1770606418.7401786,BIT,1
1770606418.7401786,BIT,0
1770606418.7401786,BIT,1
1770606418.7401786,BIT,0
1770606418.7401786,BIT,0
1770606418.7401786,BIT,1
1770606418.7401786,BIT,0
1770606418.7401786,BIT,0
1770606418.7401786,BIT,0
1770606418.7401786,BIT,1
1770606418.9268684,BIT,1
1770606418.9268684,BIT,1
1770606418.9268684,BIT,1
1770606418.9268684,BIT,0
1770606418.9268684,BIT,0
1770606418.9268684,BIT,0
1770606418.9268684,BIT,1
1770606418.9268684,BIT,1
1770606418.9268684,BIT,0
1770606418.9268684,BIT,1
1770606419.1697254,BIT,1
1770606419.1697254,BIT,1
1770606419.1697254,BIT,1
1770606419.1697254,BIT,1
1770606419.1697254,BIT,1
1770606419.1697254,BIT,1
1770606419.1697254,BIT,1
1770606419.1697254,BIT,0
1770606419.1697254,BIT,1
1770606419.1697254,BIT,1
1770606419.4307861,BIT,1
1770606419.4307861,BIT,1
1770606419.4307861,BIT,0
1770606419.4307861,BIT,0
1770606419.4307861,BIT,0
1770606419.4307861,BIT,1
1770606419.4307861,BIT,1
1770606419.4307861,BIT,0
1770606419.4307861,BIT,0
1770606419.4307861,BIT,1
1770606419.6298466,BIT,0
1770606419.6298466,BIT,1
1770606419.6298466,BIT,0
1770606419.6298466,BIT,1
1770606419.6298466,BIT,0
1770606419.6298466,BIT,0
1770606419.6298466,BIT,1
1770606419.6298466,BIT,1
1770606419.6298466,BIT,1
1770606419.6298466,BIT,1
1770606419.8078287,BIT,1
1770606419.8078287,BIT,0
1770606419.8078287,BIT,1
1770606419.8078287,BIT,1
1770606419.8078287,BIT,0
1770606419.8078287,BIT,0
1770606419.8078287,BIT,0
1770606419.8078287,BIT,0
1770606419.8078287,BIT,0
1770606419.8078287,BIT,0
1770606419.9956143,BIT,0
1770606419.9956143,BIT,0
1770606419.9956143,BIT,0
1770606419.9956143,BIT,1
1770606419.9956143,BIT,1
1770606419.9956143,BIT,0
1770606419.9956143,BIT,1
1770606419.9956143,BIT,1
1770606419.9956143,BIT,1
1770606419.9956143,BIT,1
1770606420.1783369,BIT,0
1770606420.1783369,BIT,1
1770606420.1783369,BIT,1
1770606420.1783369,BIT,1
1770606420.1783369,BIT,0
1770606420.1783369,BIT,0
1770606420.1783369,BIT,0
1770606420.1783369,BIT,1
1770606420.1783369,BIT,0
1770606420.1783369,BIT,1
1770606420.3660886,BIT,1
1770606420.3660886,BIT,0
1770606420.3660886,BIT,1
1770606420.3660886,BIT,1
1770606420.3660886,BIT,0
1770606420.3660886,BIT,1
1770606420.3660886,BIT,0
1770606420.3660886,BIT,1
1770606420.3660886,BIT,1
1770606420.3660886,BIT,0
1770606420.5435705,BIT,1
1770606420.5435705,BIT,1
1770606420.5435705,BIT,0
1770606420.5435705,BIT,1
1770606420.5435705,BIT,0
1770606420.5435705,BIT,1
1770606420.5435705,BIT,1
1770606420.5435705,BIT,0
1770606420.5435705,BIT,1
1770606420.5435705,BIT,1
1770606420.7250843,BIT,0
1770606420.7250843,BIT,0
1770606420.7250843,BIT,0
1770606420.7250843,BIT,1
1770606420.7250843,BIT,0
1770606420.7250843,BIT,0
1770606420.7250843,BIT,1
1770606420.7250843,BIT,1
1770606420.7250843,BIT,1
1770606420.7250843,BIT,0
1770606420.9138758,BIT,0
1770606420.9138758,BIT,1
1770606420.9138758,BIT,0
1770606420.9138758,BIT,1
1770606420.9138758,BIT,0
1770606420.9138758,BIT,0
1770606420.9138758,BIT,0
1770606420.9138758,BIT,0
1770606420.9138758,BIT,0
1770606420.9138758,BIT,1
1770606421.0859177,BIT,1
1770606421.0859177,BIT,0
1770606421.0859177,BIT,0
1770606421.0859177,BIT,0
1770606421.0859177,BIT,0
1770606421.0859177,BIT,0
1770606421.0859177,BIT,1
1770606421.0859177,BIT,0
1770606421.0859177,BIT,0
1770606421.0859177,BIT,1
1770606421.26332,BIT,0
1770606421.26332,BIT,0
1770606421.26332,BIT,0
1770606421.26332,BIT,1
1770606421.26332,BIT,1
1770606421.26332,BIT,0
1770606421.26332,BIT,1
1770606421.26332,BIT,1
1770606421.26332,BIT,0
1770606421.26332,BIT,1
1770606421.4319746,BIT,1
1770606421.4319746,BIT,0
1770606421.4319746,BIT,0
1770606421.4319746,BIT,1
1770606421.4319746,BIT,0
1770606421.4319746,BIT,1
1770606421.4319746,BIT,0
1770606421.4319746,BIT,1
1770606421.4319746,BIT,0
1770606421.4319746,BIT,1
1770606421.6058366,BIT,1
1770606421.6058366,BIT,1
1770606421.6058366,BIT,1
1770606421.6058366,BIT,1
1770606421.6058366,BIT,1
1770606421.6058366,BIT,1
1770606421.6058366,BIT,0
1770606421.6058366,BIT,1
1770606421.6058366,BIT,1
1770606421.6058366,BIT,0
1770606421.7740364,BIT,1
1770606421.7740364,BIT,0
1770606421.7740364,BIT,0
1770606421.7740364,BIT,0
1770606421.7740364,BIT,0
1770606421.7740364,BIT,0
1770606421.7740364,BIT,0
1770606421.7740364,BIT,1
1770606421.7740364,BIT,0
1770606421.7740364,BIT,0
1770606421.9538543,BIT,0
1770606421.9538543,BIT,0
1770606421.9538543,BIT,0
1770606421.9538543,BIT,0
1770606421.9538543,BIT,1
1770606421.9538543,BIT,1
1770606421.9538543,BIT,1
1770606421.9538543,BIT,0
1770606421.9538543,BIT,0
1770606421.9538543,BIT,0
1770606422.1181562,BIT,0
1770606422.1181562,BIT,1
1770606422.1181562,BIT,0
1770606422.1181562,BIT,0
1770606422.1181562,BIT,1
1770606422.1181562,BIT,0
1770606422.1181562,BIT,0
1770606422.1181562,BIT,1
1770606422.1181562,BIT,0
1770606422.1181562,BIT,1
1770606422.2800677,BIT,0
1770606422.2800677,BIT,0
1770606422.2800677,BIT,1
1770606422.2800677,BIT,1
1770606422.2800677,BIT,1
1770606422.2800677,BIT,1
1770606422.2800677,BIT,1
1770606422.2800677,BIT,1
1770606422.2800677,BIT,0
1770606422.2800677,BIT,1
1770606422.4482524,BIT,0
1770606422.4482524,BIT,1
1770606422.4482524,BIT,1
1770606422.4482524,BIT,0
1770606422.4482524,BIT,1
1770606422.4482524,BIT,1
1770606422.4482524,BIT,0
1770606422.4482524,BIT,0
1770606422.4482524,BIT,0
1770606422.4482524,BIT,1
1770606422.7137675,BIT,1
1770606422.7137675,BIT,0
1770606422.7137675,BIT,0
1770606422.7137675,BIT,0
1770606422.7137675,BIT,1
1770606422.7137675,BIT,1
1770606422.7137675,BIT,0
1770606422.7137675,BIT,0
1770606422.7137675,BIT,0
1770606422.7137675,BIT,1
1770606422.901313,BIT,1
1770606422.901313,BIT,0
1770606422.901313,BIT,0
1770606422.901313,BIT,0
1770606422.901313,BIT,0
1770606422.901313,BIT,0
1770606422.901313,BIT,0
1770606422.901313,BIT,1
1770606422.901313,BIT,1
1770606422.901313,BIT,0
1770606423.0774436,BIT,1
1770606423.0774436,BIT,1
1770606423.0774436,BIT,0
1770606423.0774436,BIT,0
1770606423.0774436,BIT,1
1770606423.0774436,BIT,0
1770606423.0774436,BIT,0
1770606423.0774436,BIT,1
1770606423.0774436,BIT,0
1770606423.0774436,BIT,1
1770606423.243117,BIT,0
1770606423.243117,BIT,1
1770606423.243117,BIT,1
1770606423.243117,BIT,0
1770606423.243117,BIT,1
1770606423.243117,BIT,1
1770606423.243117,BIT,1
1770606423.243117,BIT,1
1770606423.243117,BIT,1
1770606423.243117,BIT,1
1770606423.421067,BIT,0
1770606423.421067,BIT,0
1770606423.421067,BIT,0
1770606423.421067,BIT,0
1770606423.421067,BIT,0
1770606423.421067,BIT,0
1770606423.421067,BIT,0
1770606423.421067,BIT,0
1770606423.421067,BIT,0
1770606423.421067,BIT,0
1770606423.6275177,BIT,0
1770606423.6275177,BIT,1
1770606423.6275177,BIT,0
1770606423.6275177,BIT,1
1770606423.6275177,BIT,1
1770606423.6275177,BIT,0
1770606423.6275177,BIT,0
1770606423.6275177,BIT,0
1770606423.6275177,BIT,1
1770606423.6275177,BIT,1
1770606423.8421698,BIT,1
1770606423.8421698,BIT,0
1770606423.8421698,BIT,1
1770606423.8421698,BIT,1
1770606423.8421698,BIT,0
1770606423.8421698,BIT,1
1770606423.8421698,BIT,0
1770606423.8421698,BIT,0
1770606423.8421698,BIT,1
1770606423.8421698,BIT,0
1770606424.0511332,BIT,0
1770606424.0511332,BIT,1
1770606424.0511332,BIT,0
1770606424.0511332,BIT,1
1770606424.0511332,BIT,0
1770606424.0511332,BIT,1
1770606424.0511332,BIT,1
1770606424.0511332,BIT,0
1770606424.0511332,BIT,1
1770606424.0511332,BIT,1
1770606424.2432384,BIT,1
1770606424.2432384,BIT,0
1770606424.2432384,BIT,1
1770606424.2432384,BIT,0
1770606424.2432384,BIT,1
1770606424.2432384,BIT,0
1770606424.2432384,BIT,1
1770606424.2432384,BIT,1
1770606424.2432384,BIT,1
1770606424.2432384,BIT,0
1770606424.4431856,BIT,0
1770606424.4431856,BIT,0
1770606424.4431856,BIT,1
1770606424.4431856,BIT,1
1770606424.4431856,BIT,0
1770606424.4431856,BIT,1
1770606424.4431856,BIT,1
1770606424.4431856,BIT,1
1770606424.4431856,BIT,0
1770606424.4431856,BIT,0
1770606424.6565247,BIT,0
1770606424.6565247,BIT,0
1770606424.6565247,BIT,0
1770606424.6565247,BIT,0
1770606424.6565247,BIT,1
1770606424.6565247,BIT,0
1770606424.6565247,BIT,1
1770606424.6565247,BIT,1
1770606424.6565247,BIT,0
1770606424.6565247,BIT,0
1770606424.8945794,BIT,0
1770606424.8945794,BIT,1
1770606424.8945794,BIT,0
1770606424.8945794,BIT,1
1770606424.8945794,BIT,0
1770606424.8945794,BIT,1
1770606424.8945794,BIT,0
1770606424.8945794,BIT,1
1770606424.8945794,BIT,1
1770606424.8945794,BIT,0
1770606425.0826087,BIT,0
1770606425.0826087,BIT,1
1770606425.0826087,BIT,1
1770606425.0826087,BIT,1
1770606425.0826087,BIT,1
1770606425.0826087,BIT,1
1770606425.0826087,BIT,1
1770606425.0826087,BIT,0
1770606425.0826087,BIT,0
1770606425.0826087,BIT,0
1770606425.2664561,BIT,0
1770606425.2664561,BIT,0
1770606425.2664561,BIT,1
1770606425.2664561,BIT,1
1770606425.2664561,BIT,0
1770606425.2664561,BIT,1
1770606425.2664561,BIT,0
1770606425.2664561,BIT,0
1770606425.2664561,BIT,1
1770606425.2664561,BIT,1
1770606425.4460812,BIT,1
1770606425.4460812,BIT,1
1770606425.4460812,BIT,0
1770606425.4460812,BIT,1
1770606425.4460812,BIT,0
1770606425.4460812,BIT,1
1770606425.4460812,BIT,0
1770606425.4460812,BIT,0
1770606425.4460812,BIT,1
1770606425.4460812,BIT,0
1770606425.6179233,BIT,0
1770606425.6179233,BIT,1
1770606425.6179233,BIT,1
1770606425.6179233,BIT,1
1770606425.6179233,BIT,1
1770606425.6179233,BIT,1
1770606425.6179233,BIT,1
1770606425.6179233,BIT,0
1770606425.6179233,BIT,0
1770606425.6179233,BIT,0
1770606425.79231,BIT,1
1770606425.79231,BIT,1
1770606425.79231,BIT,1
1770606425.79231,BIT,1
1770606425.79231,BIT,1
1770606425.79231,BIT,1
1770606425.79231,BIT,0
1770606425.79231,BIT,1
1770606425.79231,BIT,0
1770606425.79231,BIT,0
1770606425.9906359,BIT,1
1770606425.9906359,BIT,0
1770606425.9906359,BIT,1
1770606425.9906359,BIT,1
1770606425.9906359,BIT,0
1770606425.9906359,BIT,0
1770606425.9906359,BIT,1
1770606425.9906359,BIT,1
1770606425.9906359,BIT,1
1770606425.9906359,BIT,0
1770606426.162165,BIT,0
1770606426.162165,BIT,0
1770606426.162165,BIT,1
1770606426.162165,BIT,0
1770606426.162165,BIT,1
1770606426.162165,BIT,0
1770606426.162165,BIT,0
1770606426.162165,BIT,1
1770606426.162165,BIT,1
1770606426.162165,BIT,1
1770606426.3469625,BIT,1
1770606426.3469625,BIT,0
1770606426.3469625,BIT,1
1770606426.3469625,BIT,1
1770606426.3469625,BIT,1
1770606426.3469625,BIT,1
1770606426.3469625,BIT,1
1770606426.3469625,BIT,0
1770606426.3469625,BIT,1
1770606426.3469625,BIT,1
1770606426.530383,BIT,1
1770606426.530383,BIT,1
1770606426.530383,BIT,0
1770606426.530383,BIT,0
1770606426.530383,BIT,0
1770606426.530383,BIT,0
1770606426.530383,BIT,1
1770606426.530383,BIT,0
1770606426.530383,BIT,0
1770606426.530383,BIT,0
1770606426.709374,BIT,1
1770606426.709374,BIT,1
1770606426.709374,BIT,0
1770606426.709374,BIT,0
1770606426.709374,BIT,1
1770606426.709374,BIT,1
1770606426.709374,BIT,1
1770606426.709374,BIT,1
1770606426.709374,BIT,1
1770606426.709374,BIT,1
1770606426.8950565,BIT,0
1770606426.8950565,BIT,0
1770606426.8950565,BIT,1
1770606426.8950565,BIT,1
1770606426.8950565,BIT,0
1770606426.8950565,BIT,0
1770606426.8950565,BIT,1
1770606426.8950565,BIT,1
1770606426.8950565,BIT,0
1770606426.8950565,BIT,1
1770606427.0769384,BIT,1
1770606427.0769384,BIT,0
1770606427.0769384,BIT,0
1770606427.0769384,BIT,0
1770606427.0769384,BIT,0
1770606427.0769384,BIT,1
1770606427.0769384,BIT,0
1770606427.0769384,BIT,0
1770606427.0769384,BIT,1
1770606427.0769384,BIT,0
1770606427.2592452,BIT,0
1770606427.2592452,BIT,1
1770606427.2592452,BIT,0
1770606427.2592452,BIT,0
1770606427.2592452,BIT,1
1770606427.2592452,BIT,0
1770606427.2592452,BIT,1
1770606427.2592452,BIT,0
1770606427.2592452,BIT,0
1770606427.2592452,BIT,1
1770606427.4433002,BIT,0
1770606427.4433002,BIT,0
1770606427.4433002,BIT,0
1770606427.4433002,BIT,0
1770606427.4433002,BIT,0
1770606427.4433002,BIT,0
1770606427.4433002,BIT,0
1770606427.4433002,BIT,1
1770606427.4433002,BIT,1
1770606427.4433002,BIT,0
1770606427.6136868,BIT,1
1770606427.6136868,BIT,1
1770606427.6136868,BIT,1
1770606427.6136868,BIT,0
1770606427.6136868,BIT,0
1770606427.6136868,BIT,0
1770606427.6136868,BIT,1
1770606427.6136868,BIT,1
1770606427.6136868,BIT,1
1770606427.6136868,BIT,0
1770606427.7952201,BIT,0
1770606427.7952201,BIT,0
1770606427.7952201,BIT,1
1770606427.7952201,BIT,1
1770606427.7952201,BIT,0
1770606427.7952201,BIT,1
1770606427.7952201,BIT,0
1770606427.7952201,BIT,0
1770606427.7952201,BIT,1
1770606427.7952201,BIT,1
1770606427.9829016,BIT,1
1770606427.9829016,BIT,0
1770606427.9829016,BIT,1
1770606427.9829016,BIT,1
1770606427.9829016,BIT,0
1770606427.9829016,BIT,0
1770606427.9829016,BIT,1
1770606427.9829016,BIT,1
1770606427.9829016,BIT,0
1770606427.9829016,BIT,0
1770606428.1492991,BIT,1
1770606428.1492991,BIT,1
1770606428.1492991,BIT,1
1770606428.1492991,BIT,1
1770606428.1492991,BIT,1
1770606428.1492991,BIT,1
1770606428.1492991,BIT,0
1770606428.1492991,BIT,1
1770606428.1492991,BIT,0
1770606428.1492991,BIT,1
1770606428.324555,BIT,1
1770606428.324555,BIT,0
1770606428.324555,BIT,1
1770606428.324555,BIT,0
1770606428.324555,BIT,0
1770606428.324555,BIT,1
1770606428.324555,BIT,0
1770606428.324555,BIT,0
1770606428.324555,BIT,0
1770606428.324555,BIT,0
1770606428.5169442,BIT,1
1770606428.5169442,BIT,1
1770606428.5169442,BIT,0
1770606428.5169442,BIT,0
1770606428.5169442,BIT,1
1770606428.5169442,BIT,0
1770606428.5169442,BIT,1
1770606428.5169442,BIT,1
1770606428.5169442,BIT,0
1770606428.5169442,BIT,0
1770606428.69909,BIT,0
1770606428.69909,BIT,0
1770606428.69909,BIT,1
1770606428.69909,BIT,0
1770606428.69909,BIT,0
1770606428.69909,BIT,1
1770606428.69909,BIT,1
1770606428.69909,BIT,1
1770606428.69909,BIT,1
1770606428.69909,BIT,0
1770606428.8838155,BIT,0
1770606428.8838155,BIT,1
1770606428.8838155,BIT,1
1770606428.8838155,BIT,0
1770606428.8838155,BIT,1
1770606428.8838155,BIT,0
1770606428.8838155,BIT,0
1770606428.8838155,BIT,0
1770606428.8838155,BIT,0
1770606428.8838155,BIT,0
1770606429.0660474,BIT,0
1770606429.0660474,BIT,1
1770606429.0660474,BIT,1
1770606429.0660474,BIT,0
1770606429.0660474,BIT,0
1770606429.0660474,BIT,1
1770606429.0660474,BIT,1
1770606429.0660474,BIT,0
1770606429.0660474,BIT,0
1770606429.0660474,BIT,1
1770606429.2479882,BIT,0
1770606429.2479882,BIT,0
1770606429.2479882,BIT,0
1770606429.2479882,BIT,1
1770606429.2479882,BIT,0
1770606429.2479882,BIT,0
1770606429.2479882,BIT,1
1770606429.2479882,BIT,0
1770606429.2479882,BIT,1
1770606429.2479882,BIT,0
1770606429.533412,BIT,1
1770606429.533412,BIT,1
1770606429.533412,BIT,0
1770606429.533412,BIT,0
1770606429.533412,BIT,1
1770606429.533412,BIT,0
1770606429.533412,BIT,0
1770606429.533412,BIT,0
1770606429.533412,BIT,1
1770606429.533412,BIT,1
1770606429.7879899,BIT,1
1770606429.7879899,BIT,1
1770606429.7879899,BIT,0
1770606429.7879899,BIT,0
1770606429.7879899,BIT,1
1770606429.7879899,BIT,0
1770606429.7879899,BIT,0
1770606429.7879899,BIT,1
1770606429.7879899,BIT,0
1770606429.7879899,BIT,1
1770606430.05959,BIT,0
1770606430.05959,BIT,0
1770606430.05959,BIT,0
1770606430.05959,BIT,0
1770606430.05959,BIT,1
1770606430.05959,BIT,0
1770606430.05959,BIT,0
1770606430.05959,BIT,1
1770606430.05959,BIT,0
1770606430.05959,BIT,0
1770606430.2715669,BIT,1
1770606430.2715669,BIT,1
1770606430.2715669,BIT,1
1770606430.2715669,BIT,0
1770606430.2715669,BIT,1
1770606430.2715669,BIT,0
1770606430.2715669,BIT,1
1770606430.2715669,BIT,0
1770606430.2715669,BIT,0
1770606430.2715669,BIT,0
1770606430.5537565,BIT,1
1770606430.5537565,BIT,0
1770606430.5537565,BIT,1
1770606430.5537565,BIT,0
1770606430.5537565,BIT,0
1770606430.5537565,BIT,0
1770606430.5537565,BIT,0
1770606430.5537565,BIT,1
1770606430.5537565,BIT,1
1770606430.5537565,BIT,1
1770606430.7924683,BIT,1
1770606430.7924683,BIT,0
1770606430.7924683,BIT,1
1770606430.7924683,BIT,1
1770606430.7924683,BIT,0
1770606430.7924683,BIT,0
1770606430.7924683,BIT,0
1770606430.7924683,BIT,1
1770606430.7924683,BIT,1
1770606430.7924683,BIT,0
1770606431.0775423,BIT,1
1770606431.0775423,BIT,0
1770606431.0775423,BIT,0
1770606431.0775423,BIT,0
1770606431.0775423,BIT,1
1770606431.0775423,BIT,0
1770606431.0775423,BIT,1
1770606431.0775423,BIT,0
1770606431.0775423,BIT,1
1770606431.0775423,BIT,1
1770606431.3024087,BIT,1
1770606431.3024087,BIT,1
1770606431.3024087,BIT,1
1770606431.3024087,BIT,0
1770606431.3024087,BIT,1
1770606431.3024087,BIT,0
1770606431.3024087,BIT,0
1770606431.3024087,BIT,1
1770606431.3024087,BIT,1
1770606431.3024087,BIT,1
1770606431.544895,BIT,1
1770606431.544895,BIT,1
1770606431.544895,BIT,0
1770606431.544895,BIT,1
1770606431.544895,BIT,0
1770606431.544895,BIT,1
1770606431.544895,BIT,0
1770606431.544895,BIT,1
1770606431.544895,BIT,0
1770606431.544895,BIT,1
1770606431.7629051,BIT,1
1770606431.7629051,BIT,1
1770606431.7629051,BIT,1
1770606431.7629051,BIT,0
1770606431.7629051,BIT,1
1770606431.7629051,BIT,0
1770606431.7629051,BIT,1
1770606431.7629051,BIT,1
1770606431.7629051,BIT,0
1770606431.7629051,BIT,1
1770606431.9790804,BIT,1
1770606431.9790804,BIT,0
1770606431.9790804,BIT,0
1770606431.9790804,BIT,1
1770606431.9790804,BIT,1
1770606431.9790804,BIT,1
1770606431.9790804,BIT,1
1770606431.9790804,BIT,0
1770606431.9790804,BIT,0
1770606431.9790804,BIT,0
1770606432.174586,BIT,0
1770606432.174586,BIT,1
1770606432.174586,BIT,0
1770606432.174586,BIT,1
1770606432.174586,BIT,0
1770606432.174586,BIT,1
1770606432.174586,BIT,1
1770606432.174586,BIT,1
1770606432.174586,BIT,1
1770606432.174586,BIT,1
1770606432.3707166,BIT,0
1770606432.3707166,BIT,0
1770606432.3707166,BIT,0
1770606432.3707166,BIT,0
1770606432.3707166,BIT,1
1770606432.3707166,BIT,0
1770606432.3707166,BIT,0
1770606432.3707166,BIT,0
1770606432.3707166,BIT,0
1770606432.3707166,BIT,0
1770606432.5645528,BIT,1
1770606432.5645528,BIT,1
1770606432.5645528,BIT,1
1770606432.5645528,BIT,1
1770606432.5645528,BIT,0
1770606432.5645528,BIT,1
1770606432.5645528,BIT,1
1770606432.5645528,BIT,1
1770606432.5645528,BIT,1
1770606432.5645528,BIT,0
1770606432.7668154,BIT,0
1770606432.7668154,BIT,1
1770606432.7668154,BIT,1
1770606432.7668154,BIT,0
1770606432.7668154,BIT,1
1770606432.7668154,BIT,0
1770606432.7668154,BIT,0
1770606432.7668154,BIT,1
1770606432.7668154,BIT,1
1770606432.7668154,BIT,1
1770606432.9580557,BIT,0
1770606432.9580557,BIT,0
1770606432.9580557,BIT,1
1770606432.9580557,BIT,0
1770606432.9580557,BIT,0
1770606432.9580557,BIT,0
1770606432.9580557,BIT,0
1770606432.9580557,BIT,1
1770606432.9580557,BIT,1
1770606432.9580557,BIT,1
1770606433.148751,BIT,0
1770606433.148751,BIT,1
1770606433.148751,BIT,1
1770606433.148751,BIT,0
1770606433.148751,BIT,1
1770606433.148751,BIT,1
1770606433.148751,BIT,0
1770606433.148751,BIT,0
1770606433.148751,BIT,0
1770606433.148751,BIT,0
1770606433.328715,BIT,1
1770606433.328715,BIT,1
1770606433.328715,BIT,1
1770606433.328715,BIT,1
1770606433.328715,BIT,0
1770606433.328715,BIT,1
1770606433.328715,BIT,0
1770606433.328715,BIT,0
1770606433.328715,BIT,1
1770606433.328715,BIT,1
1770606433.5309103,BIT,1
1770606433.5309103,BIT,1
1770606433.5309103,BIT,0
1770606433.5309103,BIT,1
1770606433.5309103,BIT,1
1770606433.5309103,BIT,1
1770606433.5309103,BIT,1
1770606433.5309103,BIT,1
1770606433.5309103,BIT,1
1770606433.5309103,BIT,1
1770606433.7111666,BIT,0
1770606433.7111666,BIT,0
1770606433.7111666,BIT,1
1770606433.7111666,BIT,0
1770606433.7111666,BIT,0
1770606433.7111666,BIT,0
1770606433.7111666,BIT,1
1770606433.7111666,BIT,1
1770606433.7111666,BIT,1
1770606433.7111666,BIT,0
1770606433.929215,BIT,1
1770606433.929215,BIT,0
1770606433.929215,BIT,0
1770606433.929215,BIT,0
1770606433.929215,BIT,0
1770606433.929215,BIT,1
1770606433.929215,BIT,1
1770606433.929215,BIT,0
1770606433.929215,BIT,1
1770606433.929215,BIT,0
1770606434.1327004,BIT,1
1770606434.1327004,BIT,0
1770606434.1327004,BIT,1
1770606434.1327004,BIT,1
1770606434.1327004,BIT,1
1770606434.1327004,BIT,0
1770606434.1327004,BIT,0
1770606434.1327004,BIT,0
1770606434.1327004,BIT,0
1770606434.1327004,BIT,1
1770606434.325265,BIT,0
1770606434.325265,BIT,1
1770606434.325265,BIT,1
1770606434.325265,BIT,1
1770606434.325265,BIT,1
1770606434.325265,BIT,1
1770606434.325265,BIT,1
1770606434.325265,BIT,1
1770606434.325265,BIT,0
1770606434.325265,BIT,0
1770606434.5147274,BIT,0
1770606434.5147274,BIT,0
1770606434.5147274,BIT,1
1770606434.5147274,BIT,0
1770606434.5147274,BIT,1
1770606434.5147274,BIT,0
1770606434.5147274,BIT,0
1770606434.5147274,BIT,0
1770606434.5147274,BIT,1
1770606434.5147274,BIT,1
1770606434.7023585,BIT,1
1770606434.7023585,BIT,0
1770606434.7023585,BIT,1
1770606434.7023585,BIT,0
1770606434.7023585,BIT,1
1770606434.7023585,BIT,0
1770606434.7023585,BIT,0
1770606434.7023585,BIT,1
1770606434.7023585,BIT,1
1770606434.7023585,BIT,0
1770606434.8978431,BIT,1
1770606434.8978431,BIT,1
1770606434.8978431,BIT,0
1770606434.8978431,BIT,1
1770606434.8978431,BIT,0
1770606434.8978431,BIT,0
1770606434.8978431,BIT,1
1770606434.8978431,BIT,1
1770606434.8978431,BIT,1
1770606434.8978431,BIT,0
1770606435.078127,BIT,0
1770606435.078127,BIT,0
1770606435.078127,BIT,1
1770606435.078127,BIT,1
1770606435.078127,BIT,1
1770606435.078127,BIT,0
1770606435.078127,BIT,1
1770606435.078127,BIT,0
1770606435.078127,BIT,1
1770606435.078127,BIT,0
1770606435.2587829,BIT,1
1770606435.2587829,BIT,1
1770606435.2587829,BIT,0
1770606435.2587829,BIT,1
1770606435.2587829,BIT,0
1770606435.2587829,BIT,1
1770606435.2587829,BIT,1
1770606435.2587829,BIT,1
1770606435.2587829,BIT,1
1770606435.2587829,BIT,1
1770606435.4521716,BIT,0
1770606435.4521716,BIT,1
1770606435.4521716,BIT,1
1770606435.4521716,BIT,0
1770606435.4521716,BIT,0
1770606435.4521716,BIT,1
1770606435.4521716,BIT,0
1770606435.4521716,BIT,1
1770606435.4521716,BIT,0
1770606435.4521716,BIT,0
1770606435.6176775,BIT,0
1770606435.6176775,BIT,1
1770606435.6176775,BIT,1
1770606435.6176775,BIT,0
1770606435.6176775,BIT,0
1770606435.6176775,BIT,1
1770606435.6176775,BIT,0
1770606435.6176775,BIT,0
1770606435.6176775,BIT,1
1770606435.6176775,BIT,1
1770606435.810239,BIT,1
1770606435.810239,BIT,0
1770606435.810239,BIT,0
1770606435.810239,BIT,0
1770606435.810239,BIT,1
1770606435.810239,BIT,1
1770606435.810239,BIT,1
1770606435.810239,BIT,0
1770606435.810239,BIT,1
1770606435.810239,BIT,0
1770606436.0024488,BIT,0
1770606436.0024488,BIT,0
1770606436.0024488,BIT,1
1770606436.0024488,BIT,1
1770606436.0024488,BIT,1
1770606436.0024488,BIT,1
1770606436.0024488,BIT,1
1770606436.0024488,BIT,1
1770606436.0024488,BIT,1
1770606436.0024488,BIT,1
1770606436.1756718,BIT,0
1770606436.1756718,BIT,1
1770606436.1756718,BIT,0
1770606436.1756718,BIT,0
1770606436.1756718,BIT,1
1770606436.1756718,BIT,0
1770606436.1756718,BIT,1
1770606436.1756718,BIT,1
1770606436.1756718,BIT,0
1770606436.1756718,BIT,0
1770606436.3507328,BIT,0
1770606436.3507328,BIT,1
1770606436.3507328,BIT,1
1770606436.3507328,BIT,1
1770606436.3507328,BIT,1
1770606436.3507328,BIT,0
1770606436.3507328,BIT,0
1770606436.3507328,BIT,1
1770606436.3507328,BIT,1
1770606436.3507328,BIT,1
1770606436.5188236,BIT,1
1770606436.5188236,BIT,1
1770606436.5188236,BIT,1
1770606436.5188236,BIT,1
1770606436.5188236,BIT,1
1770606436.5188236,BIT,0
1770606436.5188236,BIT,1
1770606436.5188236,BIT,0
1770606436.5188236,BIT,0
1770606436.5188236,BIT,1
1770606436.7053666,BIT,0
1770606436.7053666,BIT,0
1770606436.7053666,BIT,0
1770606436.7053666,BIT,0
1770606436.7053666,BIT,1
1770606436.7053666,BIT,0
1770606436.7053666,BIT,0
1770606436.7053666,BIT,0
1770606436.7053666,BIT,1
1770606436.7053666,BIT,0
1770606436.8909924,BIT,1
1770606436.8909924,BIT,1
1770606436.8909924,BIT,0
1770606436.8909924,BIT,0
1770606436.8909924,BIT,1
1770606436.8909924,BIT,1
1770606436.8909924,BIT,1
1770606436.8909924,BIT,1
1770606436.8909924,BIT,1
1770606436.8909924,BIT,1
1770606437.072871,BIT,1
1770606437.072871,BIT,0
1770606437.072871,BIT,0
1770606437.072871,BIT,0
1770606437.072871,BIT,1
1770606437.072871,BIT,0
1770606437.072871,BIT,0
1770606437.072871,BIT,0
1770606437.072871,BIT,0
1770606437.072871,BIT,1
1770606437.2431903,BIT,1
1770606437.2431903,BIT,0
1770606437.2431903,BIT,0
1770606437.2431903,BIT,1
1770606437.2431903,BIT,0
1770606437.2431903,BIT,0
1770606437.2431903,BIT,1
1770606437.2431903,BIT,1
1770606437.2431903,BIT,1
1770606437.2431903,BIT,0
1770606437.4214346,BIT,0
1770606437.4214346,BIT,0
1770606437.4214346,BIT,0
1770606437.4214346,BIT,0
1770606437.4214346,BIT,1
1770606437.4214346,BIT,0
1770606437.4214346,BIT,0
1770606437.4214346,BIT,0
1770606437.4214346,BIT,0
1770606437.4214346,BIT,0
1770606437.6109962,BIT,0
1770606437.6109962,BIT,1
1770606437.6109962,BIT,0
1770606437.6109962,BIT,0
1770606437.6109962,BIT,1
1770606437.6109962,BIT,0
1770606437.6109962,BIT,1
1770606437.6109962,BIT,1
1770606437.6109962,BIT,0
1770606437.6109962,BIT,0
1770606437.798297,BIT,0
1770606437.798297,BIT,0
1770606437.798297,BIT,1
1770606437.798297,BIT,0
1770606437.798297,BIT,0
1770606437.798297,BIT,1
1770606437.798297,BIT,1
1770606437.798297,BIT,1
1770606437.798297,BIT,0
1770606437.798297,BIT,0
1770606437.9867916,BIT,1
1770606437.9867916,BIT,0
1770606437.9867916,BIT,1
1770606437.9867916,BIT,0
1770606437.9867916,BIT,0
1770606437.9867916,BIT,1
1770606437.9867916,BIT,0
1770606437.9867916,BIT,0
1770606437.9867916,BIT,0
1770606437.9867916,BIT,0
1770606438.168398,BIT,0
1770606438.168398,BIT,0
1770606438.168398,BIT,0
1770606438.168398,BIT,1
1770606438.168398,BIT,1
1770606438.168398,BIT,0
1770606438.168398,BIT,0
1770606438.168398,BIT,0
1770606438.168398,BIT,0
1770606438.168398,BIT,1
1770606438.3397532,BIT,1
1770606438.3397532,BIT,0
1770606438.3397532,BIT,1
1770606438.3397532,BIT,1
1770606438.3397532,BIT,0
1770606438.3397532,BIT,0
1770606438.3397532,BIT,0
1770606438.3397532,BIT,1
1770606438.3397532,BIT,0
1770606438.3397532,BIT,1
1770606438.5158784,BIT,0
1770606438.5158784,BIT,0
1770606438.5158784,BIT,1
1770606438.5158784,BIT,1
1770606438.5158784,BIT,1
1770606438.5158784,BIT,0
1770606438.5158784,BIT,1
1770606438.5158784,BIT,1
1770606438.5158784,BIT,0
1770606438.5158784,BIT,1
1770606438.680002,BIT,1
1770606438.680002,BIT,0
1770606438.680002,BIT,0
1770606438.680002,BIT,0
1770606438.680002,BIT,1
1770606438.680002,BIT,0
1770606438.680002,BIT,0
1770606438.680002,BIT,1
1770606438.680002,BIT,1
1770606438.680002,BIT,1
1770606438.9828358,BIT,0
1770606438.9828358,BIT,1
1770606438.9828358,BIT,1
1770606438.9828358,BIT,1
1770606438.9828358,BIT,0
1770606438.9828358,BIT,1
1770606438.9828358,BIT,1
1770606438.9828358,BIT,0
1770606438.9828358,BIT,1
1770606438.9828358,BIT,0
1770606439.188598,BIT,1
1770606439.188598,BIT,1
1770606439.188598,BIT,1
1770606439.188598,BIT,1
1770606439.188598,BIT,1
1770606439.188598,BIT,1
1770606439.188598,BIT,1
1770606439.188598,BIT,1
1770606439.188598,BIT,1
1770606439.188598,BIT,1
1770606439.3997452,BIT,0
1770606439.3997452,BIT,1
1770606439.3997452,BIT,0
1770606439.3997452,BIT,0
1770606439.3997452,BIT,1
1770606439.3997452,BIT,1
1770606439.3997452,BIT,0
1770606439.3997452,BIT,0
1770606439.3997452,BIT,1
1770606439.3997452,BIT,0
1770606439.5857096,BIT,1
1770606439.5857096,BIT,0
1770606439.5857096,BIT,1
1770606439.5857096,BIT,0
1770606439.5857096,BIT,1
1770606439.5857096,BIT,1
1770606439.5857096,BIT,1
1770606439.5857096,BIT,0
1770606439.5857096,BIT,1
1770606439.5857096,BIT,0
1770606439.7803512,BIT,1
1770606439.7803512,BIT,0
1770606439.7803512,BIT,0
1770606439.7803512,BIT,1
1770606439.7803512,BIT,1
1770606439.7803512,BIT,1
1770606439.7803512,BIT,0
1770606439.7803512,BIT,1
1770606439.7803512,BIT,1
1770606439.7803512,BIT,1
1770606439.983068,BIT,0
1770606439.983068,BIT,0
1770606439.983068,BIT,1
1770606439.983068,BIT,0
1770606439.983068,BIT,0
1770606439.983068,BIT,0
1770606439.983068,BIT,0
1770606439.983068,BIT,0
1770606439.983068,BIT,1
1770606439.983068,BIT,0
1770606440.1711087,BIT,1
1770606440.1711087,BIT,0
1770606440.1711087,BIT,1
1770606440.1711087,BIT,1
1770606440.1711087,BIT,0
1770606440.1711087,BIT,0
1770606440.1711087,BIT,0
1770606440.1711087,BIT,0
1770606440.1711087,BIT,0
1770606440.1711087,BIT,0
1770606440.360421,BIT,1
1770606440.360421,BIT,0
1770606440.360421,BIT,1
1770606440.360421,BIT,1
1770606440.360421,BIT,0
1770606440.360421,BIT,0
1770606440.360421,BIT,1
1770606440.360421,BIT,0
1770606440.360421,BIT,1
1770606440.360421,BIT,1
1770606440.5337691,BIT,1
1770606440.5337691,BIT,1
1770606440.5337691,BIT,1
1770606440.5337691,BIT,0
1770606440.5337691,BIT,1
1770606440.5337691,BIT,1
1770606440.5337691,BIT,0
1770606440.5337691,BIT,1
1770606440.5337691,BIT,1
1770606440.5337691,BIT,1
1770606440.7023642,BIT,0
1770606440.7023642,BIT,1
1770606440.7023642,BIT,1
1770606440.7023642,BIT,1
1770606440.7023642,BIT,1
1770606440.7023642,BIT,0
1770606440.7023642,BIT,1
1770606440.7023642,BIT,0
1770606440.7023642,BIT,1
1770606440.7023642,BIT,0
1770606440.8989434,BIT,1
1770606440.8989434,BIT,0
1770606440.8989434,BIT,1
1770606440.8989434,BIT,0
1770606440.8989434,BIT,1
1770606440.8989434,BIT,0
1770606440.8989434,BIT,1
1770606440.8989434,BIT,1
1770606440.8989434,BIT,0
1770606440.8989434,BIT,1
1770606441.0850677,BIT,1
1770606441.0850677,BIT,1
1770606441.0850677,BIT,1
1770606441.0850677,BIT,1
1770606441.0850677,BIT,0
1770606441.0850677,BIT,1
1770606441.0850677,BIT,0
1770606441.0850677,BIT,1
1770606441.0850677,BIT,1
1770606441.0850677,BIT,1
1770606441.2712767,BIT,1
1770606441.2712767,BIT,0
1770606441.2712767,BIT,1
1770606441.2712767,BIT,1
1770606441.2712767,BIT,1
1770606441.2712767,BIT,1
1770606441.2712767,BIT,1
1770606441.2712767,BIT,1
1770606441.2712767,BIT,0
1770606441.2712767,BIT,1
1770606441.4545903,BIT,0
1770606441.4545903,BIT,0
1770606441.4545903,BIT,0
1770606441.4545903,BIT,0
1770606441.4545903,BIT,1
1770606441.4545903,BIT,1
1770606441.4545903,BIT,1
1770606441.4545903,BIT,0
1770606441.4545903,BIT,0
1770606441.4545903,BIT,1
1770606441.633919,BIT,0
1770606441.633919,BIT,0
1770606441.633919,BIT,1
1770606441.633919,BIT,0
1770606441.633919,BIT,0
1770606441.633919,BIT,0
1770606441.633919,BIT,1
1770606441.633919,BIT,1
1770606441.633919,BIT,1
1770606441.633919,BIT,1
1770606441.830549,BIT,0
1770606441.830549,BIT,0
1770606441.830549,BIT,0
1770606441.830549,BIT,1
1770606441.830549,BIT,0
1770606441.830549,BIT,0
1770606441.830549,BIT,0
1770606441.830549,BIT,0
1770606441.830549,BIT,1
1770606441.830549,BIT,1
1770606442.019622,BIT,1
1770606442.019622,BIT,0
1770606442.019622,BIT,0
1770606442.019622,BIT,1
1770606442.019622,BIT,0
1770606442.019622,BIT,1
1770606442.019622,BIT,0
1770606442.019622,BIT,0
1770606442.019622,BIT,1
1770606442.019622,BIT,1
1770606442.1879098,BIT,1
1770606442.1879098,BIT,1
1770606442.1879098,BIT,1
1770606442.1879098,BIT,1
1770606442.1879098,BIT,1
1770606442.1879098,BIT,0
1770606442.1879098,BIT,0
1770606442.1879098,BIT,1
1770606442.1879098,BIT,0
1770606442.1879098,BIT,1
1770606442.371862,BIT,0
1770606442.371862,BIT,1
1770606442.371862,BIT,0
1770606442.371862,BIT,0
1770606442.371862,BIT,1
1770606442.371862,BIT,1
1770606442.371862,BIT,1
1770606442.371862,BIT,0
1770606442.371862,BIT,0
1770606442.371862,BIT,1
1770606442.5355318,BIT,1
1770606442.5355318,BIT,0
1770606442.5355318,BIT,1
1770606442.5355318,BIT,0
1770606442.5355318,BIT,1
1770606442.5355318,BIT,0
1770606442.5355318,BIT,1
1770606442.5355318,BIT,1
1770606442.5355318,BIT,0
1770606442.5355318,BIT,0
1770606442.7071135,BIT,0
1770606442.7071135,BIT,1
1770606442.7071135,BIT,1
1770606442.7071135,BIT,0
1770606442.7071135,BIT,1
1770606442.7071135,BIT,1
1770606442.7071135,BIT,0
1770606442.7071135,BIT,1
1770606442.7071135,BIT,0
1770606442.7071135,BIT,0
1770606442.8924203,BIT,0
1770606442.8924203,BIT,0
1770606442.8924203,BIT,1
1770606442.8924203,BIT,1
1770606442.8924203,BIT,1
1770606442.8924203,BIT,0
1770606442.8924203,BIT,0
1770606442.8924203,BIT,0
1770606442.8924203,BIT,1
1770606442.8924203,BIT,1
1770606443.0715547,BIT,1
1770606443.0715547,BIT,0
1770606443.0715547,BIT,0
1770606443.0715547,BIT,1
1770606443.0715547,BIT,0
1770606443.0715547,BIT,1
1770606443.0715547,BIT,1
1770606443.0715547,BIT,1
1770606443.0715547,BIT,0
1770606443.0715547,BIT,0
1770606443.251036,BIT,0
1770606443.251036,BIT,0
1770606443.251036,BIT,1
1770606443.251036,BIT,1
1770606443.251036,BIT,1
1770606443.251036,BIT,0
1770606443.251036,BIT,0
1770606443.251036,BIT,1
1770606443.251036,BIT,1
1770606443.251036,BIT,1
1770606443.4312463,BIT,0
1770606443.4312463,BIT,1
1770606443.4312463,BIT,0
1770606443.4312463,BIT,1
1770606443.4312463,BIT,1
1770606443.4312463,BIT,0
1770606443.4312463,BIT,1
1770606443.4312463,BIT,1
1770606443.4312463,BIT,1
1770606443.4312463,BIT,1
1770606443.5993934,BIT,1
1770606443.5993934,BIT,1
1770606443.5993934,BIT,1
1770606443.5993934,BIT,1
1770606443.5993934,BIT,1
1770606443.5993934,BIT,0
1770606443.5993934,BIT,0
1770606443.5993934,BIT,1
1770606443.5993934,BIT,0
1770606443.5993934,BIT,0
1770606443.779486,BIT,0
1770606443.779486,BIT,0
1770606443.779486,BIT,0
1770606443.779486,BIT,0
1770606443.779486,BIT,0
1770606443.779486,BIT,1
1770606443.779486,BIT,1
1770606443.779486,BIT,1
1770606443.779486,BIT,0
1770606443.779486,BIT,1
1770606443.9732575,BIT,1
1770606443.9732575,BIT,0
1770606443.9732575,BIT,1
1770606443.9732575,BIT,1
1770606443.9732575,BIT,0
1770606443.9732575,BIT,1
1770606443.9732575,BIT,1
1770606443.9732575,BIT,0
1770606443.9732575,BIT,1
1770606443.9732575,BIT,0
1770606444.1521995,BIT,0
1770606444.1521995,BIT,1
1770606444.1521995,BIT,0
1770606444.1521995,BIT,0
1770606444.1521995,BIT,0
1770606444.1521995,BIT,0
1770606444.1521995,BIT,1
1770606444.1521995,BIT,1
1770606444.1521995,BIT,1
1770606444.1521995,BIT,0
1770606444.3359637,BIT,1
1770606444.3359637,BIT,0
1770606444.3359637,BIT,1
1770606444.3359637,BIT,1
1770606444.3359637,BIT,1
1770606444.3359637,BIT,1
1770606444.3359637,BIT,0
1770606444.3359637,BIT,0
1770606444.3359637,BIT,0
1770606444.3359637,BIT,0
1770606444.507041,BIT,1
1770606444.507041,BIT,1
1770606444.507041,BIT,1
1770606444.507041,BIT,0
1770606444.507041,BIT,1
1770606444.507041,BIT,0
1770606444.507041,BIT,0
1770606444.507041,BIT,1
1770606444.507041,BIT,1
1770606444.507041,BIT,0
1770606444.742101,BIT,1
1770606444.742101,BIT,1
1770606444.742101,BIT,0
1770606444.742101,BIT,1
1770606444.742101,BIT,1
1770606444.742101,BIT,1
1770606444.742101,BIT,0
1770606444.742101,BIT,1
1770606444.742101,BIT,1
1770606444.742101,BIT,0
1770606444.9876175,BIT,1
1770606444.9876175,BIT,1
1770606444.9876175,BIT,0
1770606444.9876175,BIT,1
1770606444.9876175,BIT,0
1770606444.9876175,BIT,1
1770606444.9876175,BIT,0
1770606444.9876175,BIT,1
1770606444.9876175,BIT,1
1770606444.9876175,BIT,1
1770606445.1989768,BIT,0
1770606445.1989768,BIT,0
1770606445.1989768,BIT,1
1770606445.1989768,BIT,0
1770606445.1989768,BIT,1
1770606445.1989768,BIT,0
1770606445.1989768,BIT,0
1770606445.1989768,BIT,1
1770606445.1989768,BIT,0
1770606445.1989768,BIT,0
1770606445.4186094,BIT,1
1770606445.4186094,BIT,0
1770606445.4186094,BIT,1
1770606445.4186094,BIT,0
1770606445.4186094,BIT,0
1770606445.4186094,BIT,1
1770606445.4186094,BIT,1
1770606445.4186094,BIT,1
1770606445.4186094,BIT,0
1770606445.4186094,BIT,0
1770606445.615995,BIT,1
1770606445.615995,BIT,1
1770606445.615995,BIT,1
1770606445.615995,BIT,1
1770606445.615995,BIT,1
1770606445.615995,BIT,1
1770606445.615995,BIT,0
1770606445.615995,BIT,0
1770606445.615995,BIT,1
1770606445.615995,BIT,0
1770606445.870503,BIT,0
1770606445.870503,BIT,0
1770606445.870503,BIT,0
1770606445.870503,BIT,1
1770606445.870503,BIT,0
1770606445.870503,BIT,0
1770606445.870503,BIT,0
1770606445.870503,BIT,1
1770606445.870503,BIT,1
1770606445.870503,BIT,1
1770606446.126723,BIT,0
1770606446.126723,BIT,1
1770606446.126723,BIT,1
1770606446.126723,BIT,0
1770606446.126723,BIT,1
1770606446.126723,BIT,1
1770606446.126723,BIT,0
1770606446.126723,BIT,0
1770606446.126723,BIT,0
1770606446.126723,BIT,1
1770606446.3518183,BIT,0
1770606446.3518183,BIT,1
1770606446.3518183,BIT,1
1770606446.3518183,BIT,1
1770606446.3518183,BIT,0
1770606446.3518183,BIT,1
1770606446.3518183,BIT,1
1770606446.3518183,BIT,0
1770606446.3518183,BIT,1
1770606446.3518183,BIT,0
1770606446.5879521,BIT,1
1770606446.5879521,BIT,0
1770606446.5879521,BIT,0
1770606446.5879521,BIT,1
1770606446.5879521,BIT,1
1770606446.5879521,BIT,1
1770606446.5879521,BIT,1
1770606446.5879521,BIT,0
1770606446.5879521,BIT,0
1770606446.5879521,BIT,0
1770606446.8238585,BIT,1
1770606446.8238585,BIT,0
1770606446.8238585,BIT,0
1770606446.8238585,BIT,0
1770606446.8238585,BIT,1
1770606446.8238585,BIT,1
1770606446.8238585,BIT,1
1770606446.8238585,BIT,0
1770606446.8238585,BIT,0
1770606446.8238585,BIT,1
1770606447.0638435,BIT,1
1770606447.0638435,BIT,1
1770606447.0638435,BIT,1
1770606447.0638435,BIT,1
1770606447.0638435,BIT,0
1770606447.0638435,BIT,0
1770606447.0638435,BIT,0
1770606447.0638435,BIT,0
1770606447.0638435,BIT,1
1770606447.0638435,BIT,0
1770606447.283634,BIT,1
1770606447.283634,BIT,0
1770606447.283634,BIT,1
1770606447.283634,BIT,0
1770606447.283634,BIT,0
1770606447.283634,BIT,0
1770606447.283634,BIT,0
1770606447.283634,BIT,0
1770606447.283634,BIT,1
1770606447.283634,BIT,0
1770606447.5159976,BIT,1
1770606447.5159976,BIT,1
1770606447.5159976,BIT,1
1770606447.5159976,BIT,0
1770606447.5159976,BIT,1
1770606447.5159976,BIT,0
1770606447.5159976,BIT,1
1770606447.5159976,BIT,1
1770606447.5159976,BIT,1
1770606447.5159976,BIT,0
1770606447.748859,BIT,1
1770606447.748859,BIT,0
1770606447.748859,BIT,1
1770606447.748859,BIT,0
1770606447.748859,BIT,1
1770606447.748859,BIT,1
1770606447.748859,BIT,0
1770606447.748859,BIT,1
1770606447.748859,BIT,0
1770606447.748859,BIT,1
1770606447.9865696,BIT,0
1770606447.9865696,BIT,0
1770606447.9865696,BIT,1
1770606447.9865696,BIT,1
1770606447.9865696,BIT,0
1770606447.9865696,BIT,0
1770606447.9865696,BIT,0
1770606447.9865696,BIT,1
1770606447.9865696,BIT,0
1770606447.9865696,BIT,1
1770606448.19856,BIT,1
1770606448.19856,BIT,0
1770606448.19856,BIT,1
1770606448.19856,BIT,0
1770606448.19856,BIT,1
1770606448.19856,BIT,0
1770606448.19856,BIT,0
1770606448.19856,BIT,1
1770606448.19856,BIT,1
1770606448.19856,BIT,1
1770606448.4399433,BIT,0
1770606448.4399433,BIT,1
1770606448.4399433,BIT,1
1770606448.4399433,BIT,0
1770606448.4399433,BIT,0
1770606448.4399433,BIT,1
1770606448.4399433,BIT,1
1770606448.4399433,BIT,1
1770606448.4399433,BIT,1
1770606448.4399433,BIT,1
1770606448.6444962,BIT,1
1770606448.6444962,BIT,0
1770606448.6444962,BIT,1
1770606448.6444962,BIT,1
1770606448.6444962,BIT,1
1770606448.6444962,BIT,1
1770606448.6444962,BIT,1
1770606448.6444962,BIT,1
1770606448.6444962,BIT,0
1770606448.6444962,BIT,0
1770606448.8749452,BIT,0
1770606448.8749452,BIT,1
1770606448.8749452,BIT,0
1770606448.8749452,BIT,0
1770606448.8749452,BIT,0
1770606448.8749452,BIT,0
1770606448.8749452,BIT,0
1770606448.8749452,BIT,0
1770606448.8749452,BIT,1
1770606448.8749452,BIT,0
1770606449.1079447,BIT,1
1770606449.1079447,BIT,0
1770606449.1079447,BIT,0
1770606449.1079447,BIT,0
1770606449.1079447,BIT,0
1770606449.1079447,BIT,0
1770606449.1079447,BIT,1
1770606449.1079447,BIT,0
1770606449.1079447,BIT,1
1770606449.1079447,BIT,0
1770606449.3209891,BIT,0
1770606449.3209891,BIT,1
1770606449.3209891,BIT,0
1770606449.3209891,BIT,1
1770606449.3209891,BIT,0
1770606449.3209891,BIT,1
1770606449.3209891,BIT,0
1770606449.3209891,BIT,0
1770606449.3209891,BIT,0
1770606449.3209891,BIT,1
1770606449.6176348,BIT,0
1770606449.6176348,BIT,1
1770606449.6176348,BIT,0
1770606449.6176348,BIT,0
1770606449.6176348,BIT,1
1770606449.6176348,BIT,0
1770606449.6176348,BIT,0
1770606449.6176348,BIT,1
1770606449.6176348,BIT,1
1770606449.6176348,BIT,0
1770606449.8373532,BIT,1
1770606449.8373532,BIT,0
1770606449.8373532,BIT,1
1770606449.8373532,BIT,0
1770606449.8373532,BIT,0
1770606449.8373532,BIT,0
1770606449.8373532,BIT,0
1770606449.8373532,BIT,0
1770606449.8373532,BIT,0
1770606449.8373532,BIT,1
1770606450.0953615,BIT,1
1770606450.0953615,BIT,0
1770606450.0953615,BIT,0
1770606450.0953615,BIT,1
1770606450.0953615,BIT,0
1770606450.0953615,BIT,0
1770606450.0953615,BIT,1
1770606450.0953615,BIT,0
1770606450.0953615,BIT,0
1770606450.0953615,BIT,1
1770606450.3396332,BIT,0
1770606450.3396332,BIT,0
1770606450.3396332,BIT,1
1770606450.3396332,BIT,1
1770606450.3396332,BIT,1
1770606450.3396332,BIT,1
1770606450.3396332,BIT,0
1770606450.3396332,BIT,0
1770606450.3396332,BIT,1
1770606450.3396332,BIT,1
1770606450.580478,BIT,0
1770606450.580478,BIT,0
1770606450.580478,BIT,0
1770606450.580478,BIT,1
1770606450.580478,BIT,0
1770606450.580478,BIT,1
1770606450.580478,BIT,1
1770606450.580478,BIT,0
1770606450.580478,BIT,1
1770606450.580478,BIT,0
1770606450.8001895,BIT,0
1770606450.8001895,BIT,0
1770606450.8001895,BIT,1
1770606450.8001895,BIT,0
1770606450.8001895,BIT,0
1770606450.8001895,BIT,0
1770606450.8001895,BIT,0
1770606450.8001895,BIT,0
1770606450.8001895,BIT,1
1770606450.8001895,BIT,0
1770606451.0374959,BIT,1
1770606451.0374959,BIT,0
1770606451.0374959,BIT,1
1770606451.0374959,BIT,0
1770606451.0374959,BIT,1
1770606451.0374959,BIT,0
1770606451.0374959,BIT,1
1770606451.0374959,BIT,0
1770606451.0374959,BIT,1
1770606451.0374959,BIT,0
1770606451.251579,BIT,1
1770606451.251579,BIT,0
1770606451.251579,BIT,1
1770606451.251579,BIT,1
1770606451.251579,BIT,0
1770606451.251579,BIT,0
1770606451.251579,BIT,0
1770606451.251579,BIT,0
1770606451.251579,BIT,0
1770606451.251579,BIT,0
1770606451.4616265,BIT,1
1770606451.4616265,BIT,1
1770606451.4616265,BIT,1
1770606451.4616265,BIT,1
1770606451.4616265,BIT,1
1770606451.4616265,BIT,0
1770606451.4616265,BIT,0
1770606451.4616265,BIT,0
1770606451.4616265,BIT,1
1770606451.4616265,BIT,0
1770606451.6819923,BIT,1
1770606451.6819923,BIT,0
1770606451.6819923,BIT,1
1770606451.6819923,BIT,1
1770606451.6819923,BIT,1
1770606451.6819923,BIT,1
1770606451.6819923,BIT,1
1770606451.6819923,BIT,1
1770606451.6819923,BIT,0
1770606451.6819923,BIT,0
1770606451.9497354,BIT,1
1770606451.9497354,BIT,0
1770606451.9497354,BIT,1
1770606451.9497354,BIT,1
1770606451.9497354,BIT,1
1770606451.9497354,BIT,1
1770606451.9497354,BIT,0
1770606451.9497354,BIT,0
1770606451.9497354,BIT,0
1770606451.9497354,BIT,1
1770606452.1652544,BIT,0
1770606452.1652544,BIT,0
1770606452.1652544,BIT,0
1770606452.1652544,BIT,1
1770606452.1652544,BIT,1
1770606452.1652544,BIT,1
1770606452.1652544,BIT,0
1770606452.1652544,BIT,1
1770606452.1652544,BIT,1
1770606452.1652544,BIT,0
1770606452.3845277,BIT,1
1770606452.3845277,BIT,1
1770606452.3845277,BIT,0
1770606452.3845277,BIT,0
1770606452.3845277,BIT,0
1770606452.3845277,BIT,1
1770606452.3845277,BIT,1
1770606452.3845277,BIT,0
1770606452.3845277,BIT,0
1770606452.3845277,BIT,0
1770606452.5896184,BIT,1
1770606452.5896184,BIT,0
1770606452.5896184,BIT,1
1770606452.5896184,BIT,1
1770606452.5896184,BIT,0
1770606452.5896184,BIT,1
1770606452.5896184,BIT,1
1770606452.5896184,BIT,1
1770606452.5896184,BIT,0
1770606452.5896184,BIT,1
1770606452.8063474,BIT,1
1770606452.8063474,BIT,0
1770606452.8063474,BIT,0
1770606452.8063474,BIT,0
1770606452.8063474,BIT,1
1770606452.8063474,BIT,1
1770606452.8063474,BIT,0
1770606452.8063474,BIT,1
1770606452.8063474,BIT,1
1770606452.8063474,BIT,1
1770606453.04323,BIT,1
1770606453.04323,BIT,0
1770606453.04323,BIT,0
1770606453.04323,BIT,0
1770606453.04323,BIT,1
1770606453.04323,BIT,0
1770606453.04323,BIT,0
1770606453.04323,BIT,1
1770606453.04323,BIT,0
1770606453.04323,BIT,0
1770606453.2582748,BIT,1
1770606453.2582748,BIT,1
1770606453.2582748,BIT,0
1770606453.2582748,BIT,0
1770606453.2582748,BIT,1
1770606453.2582748,BIT,1
1770606453.2582748,BIT,0
1770606453.2582748,BIT,0
1770606453.2582748,BIT,1
1770606453.2582748,BIT,0
1770606453.4745305,BIT,1
1770606453.4745305,BIT,1
1770606453.4745305,BIT,0
1770606453.4745305,BIT,0
1770606453.4745305,BIT,1
1770606453.4745305,BIT,1
1770606453.4745305,BIT,0
1770606453.4745305,BIT,0
1770606453.4745305,BIT,0
1770606453.4745305,BIT,1
1770606453.7510643,BIT,1
1770606453.7510643,BIT,0
1770606453.7510643,BIT,0
1770606453.7510643,BIT,0
1770606453.7510643,BIT,0
1770606453.7510643,BIT,1
1770606453.7510643,BIT,1
1770606453.7510643,BIT,0
1770606453.7510643,BIT,1
1770606453.7510643,BIT,1
1770606454.0392458,BIT,1
1770606454.0392458,BIT,1
1770606454.0392458,BIT,0
1770606454.0392458,BIT,1
1770606454.0392458,BIT,1
1770606454.0392458,BIT,1
1770606454.0392458,BIT,0
1770606454.0392458,BIT,0
1770606454.0392458,BIT,0
1770606454.0392458,BIT,1
1770606454.3420613,BIT,0
1770606454.3420613,BIT,0
1770606454.3420613,BIT,0
1770606454.3420613,BIT,1
1770606454.3420613,BIT,1
1770606454.3420613,BIT,1
1770606454.3420613,BIT,1
1770606454.3420613,BIT,0
1770606454.3420613,BIT,1
1770606454.3420613,BIT,1
1770606454.7150283,BIT,1
1770606454.7150283,BIT,1
1770606454.7150283,BIT,1
1770606454.7150283,BIT,1
1770606454.7150283,BIT,0
1770606454.7150283,BIT,1
1770606454.7150283,BIT,1
1770606454.7150283,BIT,1
1770606454.7150283,BIT,1
1770606454.7150283,BIT,1
1770606455.009586,BIT,0
1770606455.009586,BIT,0
1770606455.009586,BIT,1
1770606455.009586,BIT,1
1770606455.009586,BIT,0
1770606455.009586,BIT,0
1770606455.009586,BIT,1
1770606455.009586,BIT,1
1770606455.009586,BIT,0
1770606455.009586,BIT,1
1770606455.2442398,BIT,1
1770606455.2442398,BIT,1
1770606455.2442398,BIT,1
1770606455.2442398,BIT,0
1770606455.2442398,BIT,1
1770606455.2442398,BIT,1
1770606455.2442398,BIT,1
1770606455.2442398,BIT,1
1770606455.2442398,BIT,1
1770606455.2442398,BIT,1
1770606455.4991653,BIT,1
1770606455.4991653,BIT,0
1770606455.4991653,BIT,1
1770606455.4991653,BIT,0
1770606455.4991653,BIT,0
1770606455.4991653,BIT,1
1770606455.4991653,BIT,1
1770606455.4991653,BIT,1
1770606455.4991653,BIT,1
1770606455.4991653,BIT,0
1770606455.7140324,BIT,0
1770606455.7140324,BIT,0
1770606455.7140324,BIT,0
1770606455.7140324,BIT,1
1770606455.7140324,BIT,0
1770606455.7140324,BIT,0
1770606455.7140324,BIT,1
1770606455.7140324,BIT,0
1770606455.7140324,BIT,1
1770606455.7140324,BIT,1
1770606455.9618268,BIT,1
1770606455.9618268,BIT,1
1770606455.9618268,BIT,0
1770606455.9618268,BIT,0
1770606455.9618268,BIT,1
1770606455.9618268,BIT,0
1770606455.9618268,BIT,0
1770606455.9618268,BIT,0
1770606455.9618268,BIT,0
1770606455.9618268,BIT,1
1770606456.181934,BIT,1
1770606456.181934,BIT,0
1770606456.181934,BIT,0
1770606456.181934,BIT,1
1770606456.181934,BIT,1
1770606456.181934,BIT,1
1770606456.181934,BIT,1
1770606456.181934,BIT,1
1770606456.181934,BIT,0
1770606456.181934,BIT,0
1770606456.442982,BIT,0
1770606456.442982,BIT,0
1770606456.442982,BIT,1
1770606456.442982,BIT,0
1770606456.442982,BIT,0
1770606456.442982,BIT,1
1770606456.442982,BIT,1
1770606456.442982,BIT,1
1770606456.442982,BIT,0
1770606456.442982,BIT,0
1770606456.6475806,BIT,1
1770606456.6475806,BIT,0
1770606456.6475806,BIT,0
1770606456.6475806,BIT,0
1770606456.6475806,BIT,0
1770606456.6475806,BIT,0
1770606456.6475806,BIT,1
1770606456.6475806,BIT,0
1770606456.6475806,BIT,1
1770606456.6475806,BIT,1
1770606456.8669593,BIT,0
1770606456.8669593,BIT,0
1770606456.8669593,BIT,0
1770606456.8669593,BIT,0
1770606456.8669593,BIT,0
1770606456.8669593,BIT,1
1770606456.8669593,BIT,1
1770606456.8669593,BIT,1
1770606456.8669593,BIT,0
1770606456.8669593,BIT,1
1770606457.0752335,BIT,1
1770606457.0752335,BIT,1
1770606457.0752335,BIT,0
1770606457.0752335,BIT,0
1770606457.0752335,BIT,0
1770606457.0752335,BIT,0
1770606457.0752335,BIT,0
1770606457.0752335,BIT,1
1770606457.0752335,BIT,0
1770606457.0752335,BIT,1
1770606457.3409479,BIT,0
1770606457.3409479,BIT,1
1770606457.3409479,BIT,0
1770606457.3409479,BIT,1
1770606457.3409479,BIT,1
1770606457.3409479,BIT,1
1770606457.3409479,BIT,0
1770606457.3409479,BIT,0
1770606457.3409479,BIT,1
1770606457.3409479,BIT,0
1770606457.5863287,BIT,1
1770606457.5863287,BIT,0
1770606457.5863287,BIT,1
1770606457.5863287,BIT,1
1770606457.5863287,BIT,0
1770606457.5863287,BIT,0
1770606457.5863287,BIT,0
1770606457.5863287,BIT,1
1770606457.5863287,BIT,1
1770606457.5863287,BIT,0
1770606457.8443286,BIT,0
1770606457.8443286,BIT,1
1770606457.8443286,BIT,1
1770606457.8443286,BIT,0
1770606457.8443286,BIT,1
1770606457.8443286,BIT,1
1770606457.8443286,BIT,1
1770606457.8443286,BIT,0
1770606457.8443286,BIT,0
1770606457.8443286,BIT,1
1770606458.0971153,BIT,0
1770606458.0971153,BIT,1
1770606458.0971153,BIT,0
1770606458.0971153,BIT,1
1770606458.0971153,BIT,0
1770606458.0971153,BIT,1
1770606458.0971153,BIT,0
1770606458.0971153,BIT,1
1770606458.0971153,BIT,0
1770606458.0971153,BIT,1
1770606458.3192492,BIT,0
1770606458.3192492,BIT,1
1770606458.3192492,BIT,0
1770606458.3192492,BIT,0
1770606458.3192492,BIT,1
1770606458.3192492,BIT,1
1770606458.3192492,BIT,0
1770606458.3192492,BIT,0
1770606458.3192492,BIT,0
1770606458.3192492,BIT,1
1770606458.5529587,BIT,1
1770606458.5529587,BIT,0
1770606458.5529587,BIT,0
1770606458.5529587,BIT,0
1770606458.5529587,BIT,1
1770606458.5529587,BIT,0
1770606458.5529587,BIT,1
1770606458.5529587,BIT,1
1770606458.5529587,BIT,1
1770606458.5529587,BIT,1
1770606458.750173,BIT,1
1770606458.750173,BIT,0
1770606458.750173,BIT,0
1770606458.750173,BIT,1
1770606458.750173,BIT,0
1770606458.750173,BIT,1
1770606458.750173,BIT,1
1770606458.750173,BIT,0
1770606458.750173,BIT,0
1770606458.750173,BIT,1
1770606458.9676306,BIT,0
1770606458.9676306,BIT,1
1770606458.9676306,BIT,0
1770606458.9676306,BIT,0
1770606458.9676306,BIT,0
1770606458.9676306,BIT,0
1770606458.9676306,BIT,0
1770606458.9676306,BIT,0
1770606458.9676306,BIT,0
1770606458.9676306,BIT,1
1770606459.1453211,BIT,0
1770606459.1453211,BIT,0
1770606459.1453211,BIT,0
1770606459.1453211,BIT,0
1770606459.1453211,BIT,0
1770606459.1453211,BIT,0
1770606459.1453211,BIT,1
1770606459.1453211,BIT,0
1770606459.1453211,BIT,0
1770606459.1453211,BIT,1
1770606459.3275635,BIT,1
1770606459.3275635,BIT,0
1770606459.3275635,BIT,0
1770606459.3275635,BIT,1
1770606459.3275635,BIT,1
1770606459.3275635,BIT,1
1770606459.3275635,BIT,0
1770606459.3275635,BIT,0
1770606459.3275635,BIT,0
1770606459.3275635,BIT,1
1770606459.5159054,BIT,0
1770606459.5159054,BIT,1
1770606459.5159054,BIT,1
1770606459.5159054,BIT,0
1770606459.5159054,BIT,1
1770606459.5159054,BIT,0
1770606459.5159054,BIT,0
1770606459.5159054,BIT,0
1770606459.5159054,BIT,0
1770606459.5159054,BIT,1
1770606459.6833813,BIT,0
1770606459.6833813,BIT,0
1770606459.6833813,BIT,1
1770606459.6833813,BIT,1
1770606459.6833813,BIT,1
1770606459.6833813,BIT,1
1770606459.6833813,BIT,0
1770606459.6833813,BIT,1
1770606459.6833813,BIT,0
1770606459.6833813,BIT,1
1770606459.85931,BIT,0
1770606459.85931,BIT,1
1770606459.85931,BIT,0
1770606459.85931,BIT,0
1770606459.85931,BIT,0
1770606459.85931,BIT,1
1770606459.85931,BIT,0
1770606459.85931,BIT,1
1770606459.85931,BIT,1
1770606459.85931,BIT,0
1770606460.050926,BIT,1
1770606460.050926,BIT,0
1770606460.050926,BIT,1
1770606460.050926,BIT,0
1770606460.050926,BIT,1
1770606460.050926,BIT,1
1770606460.050926,BIT,0
1770606460.050926,BIT,1
1770606460.050926,BIT,0
1770606460.050926,BIT,0
1770606460.233163,BIT,0
1770606460.233163,BIT,0
1770606460.233163,BIT,0
1770606460.233163,BIT,1
1770606460.233163,BIT,1
1770606460.233163,BIT,1
1770606460.233163,BIT,1
1770606460.233163,BIT,1
1770606460.233163,BIT,1
1770606460.233163,BIT,0
1770606460.4085968,BIT,1
1770606460.4085968,BIT,0
1770606460.4085968,BIT,1
1770606460.4085968,BIT,1
1770606460.4085968,BIT,1
1770606460.4085968,BIT,0
1770606460.4085968,BIT,0
1770606460.4085968,BIT,1
1770606460.4085968,BIT,0
1770606460.4085968,BIT,1
1770606460.5862496,BIT,1
1770606460.5862496,BIT,1
1770606460.5862496,BIT,0
1770606460.5862496,BIT,1
1770606460.5862496,BIT,0
1770606460.5862496,BIT,0
1770606460.5862496,BIT,1
1770606460.5862496,BIT,0
1770606460.5862496,BIT,0
1770606460.5862496,BIT,0
1770606460.8369665,BIT,1
1770606460.8369665,BIT,1
1770606460.8369665,BIT,1
1770606460.8369665,BIT,0
1770606460.8369665,BIT,0
1770606460.8369665,BIT,1
1770606460.8369665,BIT,0
1770606460.8369665,BIT,0
1770606460.8369665,BIT,0
1770606460.8369665,BIT,0
1770606461.0716765,BIT,0
1770606461.0716765,BIT,0
1770606461.0716765,BIT,0
1770606461.0716765,BIT,1
1770606461.0716765,BIT,1
1770606461.0716765,BIT,0
1770606461.0716765,BIT,1
1770606461.0716765,BIT,1
1770606461.0716765,BIT,0
1770606461.0716765,BIT,1
1770606461.2841425,BIT,1
1770606461.2841425,BIT,1
1770606461.2841425,BIT,1
1770606461.2841425,BIT,0
1770606461.2841425,BIT,0
1770606461.2841425,BIT,1
1770606461.2841425,BIT,0
1770606461.2841425,BIT,0
1770606461.2841425,BIT,1
1770606461.2841425,BIT,1
1770606461.478121,BIT,0
1770606461.478121,BIT,0
1770606461.478121,BIT,1
1770606461.478121,BIT,1
1770606461.478121,BIT,0
1770606461.478121,BIT,1
1770606461.478121,BIT,0
1770606461.478121,BIT,1
1770606461.478121,BIT,1
1770606461.478121,BIT,0
1770606461.6630867,BIT,0
1770606461.6630867,BIT,1
1770606461.6630867,BIT,1
1770606461.6630867,BIT,1
1770606461.6630867,BIT,0
1770606461.6630867,BIT,0
1770606461.6630867,BIT,0
1770606461.6630867,BIT,1
1770606461.6630867,BIT,1
1770606461.6630867,BIT,1
1770606461.8643186,BIT,1
1770606461.8643186,BIT,1
1770606461.8643186,BIT,0
1770606461.8643186,BIT,1
1770606461.8643186,BIT,0
1770606461.8643186,BIT,1
1770606461.8643186,BIT,0
1770606461.8643186,BIT,0
1770606461.8643186,BIT,0
1770606461.8643186,BIT,0
1770606462.054992,BIT,0
1770606462.054992,BIT,0
1770606462.054992,BIT,0
1770606462.054992,BIT,1
1770606462.054992,BIT,1
1770606462.054992,BIT,0
1770606462.054992,BIT,1
1770606462.054992,BIT,0
1770606462.054992,BIT,1
1770606462.054992,BIT,1
1770606462.2357364,BIT,1
1770606462.2357364,BIT,0
1770606462.2357364,BIT,1
1770606462.2357364,BIT,1
1770606462.2357364,BIT,0
1770606462.2357364,BIT,0
1770606462.2357364,BIT,1
1770606462.2357364,BIT,1
1770606462.2357364,BIT,1
1770606462.2357364,BIT,1
1770606462.4218595,BIT,1
1770606462.4218595,BIT,0
1770606462.4218595,BIT,0
1770606462.4218595,BIT,0
1770606462.4218595,BIT,0
1770606462.4218595,BIT,1
1770606462.4218595,BIT,0
1770606462.4218595,BIT,0
1770606462.4218595,BIT,1
1770606462.4218595,BIT,1
1770606462.591045,BIT,1
1770606462.591045,BIT,1
1770606462.591045,BIT,0
1770606462.591045,BIT,0
1770606462.591045,BIT,1
1770606462.591045,BIT,1
1770606462.591045,BIT,1
1770606462.591045,BIT,0
1770606462.591045,BIT,0
1770606462.591045,BIT,0
1770606462.7647452,BIT,0
1770606462.7647452,BIT,0
1770606462.7647452,BIT,0
1770606462.7647452,BIT,0
1770606462.7647452,BIT,0
1770606462.7647452,BIT,0
1770606462.7647452,BIT,1
1770606462.7647452,BIT,1
1770606462.7647452,BIT,1
1770606462.7647452,BIT,1
1770606462.9719076,BIT,0
1770606462.9719076,BIT,1
1770606462.9719076,BIT,1
1770606462.9719076,BIT,0
1770606462.9719076,BIT,0
1770606462.9719076,BIT,0
1770606462.9719076,BIT,1
1770606462.9719076,BIT,0
1770606462.9719076,BIT,0
1770606462.9719076,BIT,1
1770606463.1601996,BIT,1
1770606463.1601996,BIT,1
1770606463.1601996,BIT,1
1770606463.1601996,BIT,1
1770606463.1601996,BIT,0
1770606463.1601996,BIT,0
1770606463.1601996,BIT,0
1770606463.1601996,BIT,0
1770606463.1601996,BIT,0
1770606463.1601996,BIT,0
1770606463.3390703,BIT,0
1770606463.3390703,BIT,1
1770606463.3390703,BIT,0
1770606463.3390703,BIT,1
1770606463.3390703,BIT,1
1770606463.3390703,BIT,0
1770606463.3390703,BIT,0
1770606463.3390703,BIT,0
1770606463.3390703,BIT,1
1770606463.3390703,BIT,1
1770606463.525948,BIT,0
1770606463.525948,BIT,1
1770606463.525948,BIT,0
1770606463.525948,BIT,0
1770606463.525948,BIT,1
1770606463.525948,BIT,0
1770606463.525948,BIT,0
1770606463.525948,BIT,1
1770606463.525948,BIT,0
1770606463.525948,BIT,0
1770606463.705188,BIT,0
1770606463.705188,BIT,1
1770606463.705188,BIT,1
1770606463.705188,BIT,0
1770606463.705188,BIT,1
1770606463.705188,BIT,1
1770606463.705188,BIT,0
1770606463.705188,BIT,1
1770606463.705188,BIT,0
1770606463.705188,BIT,1
1770606463.9144845,BIT,0
1770606463.9144845,BIT,0
1770606463.9144845,BIT,1
1770606463.9144845,BIT,0
1770606463.9144845,BIT,1
1770606463.9144845,BIT,1
1770606463.9144845,BIT,0
1770606463.9144845,BIT,1
1770606463.9144845,BIT,1
1770606463.9144845,BIT,1
1770606464.1090095,BIT,0
1770606464.1090095,BIT,0
1770606464.1090095,BIT,1
1770606464.1090095,BIT,0
1770606464.1090095,BIT,0
1770606464.1090095,BIT,0
1770606464.1090095,BIT,1
1770606464.1090095,BIT,1
1770606464.1090095,BIT,1
1770606464.1090095,BIT,0
1770606464.3098967,BIT,1
1770606464.3098967,BIT,0
1770606464.3098967,BIT,1
1770606464.3098967,BIT,0
1770606464.3098967,BIT,0
1770606464.3098967,BIT,0
1770606464.3098967,BIT,1
1770606464.3098967,BIT,1
1770606464.3098967,BIT,1
1770606464.3098967,BIT,1
1770606464.5195906,BIT,0
1770606464.5195906,BIT,1
1770606464.5195906,BIT,1
1770606464.5195906,BIT,1
1770606464.5195906,BIT,1
1770606464.5195906,BIT,1
1770606464.5195906,BIT,1
1770606464.5195906,BIT,0
1770606464.5195906,BIT,1
1770606464.5195906,BIT,0
1770606464.704894,BIT,1
1770606464.704894,BIT,0
1770606464.704894,BIT,1
1770606464.704894,BIT,0
1770606464.704894,BIT,1
1770606464.704894,BIT,1
1770606464.704894,BIT,1
1770606464.704894,BIT,0
1770606464.704894,BIT,0
1770606464.704894,BIT,1
1770606464.9277518,BIT,1
1770606464.9277518,BIT,1
1770606464.9277518,BIT,1
1770606464.9277518,BIT,0
1770606464.9277518,BIT,0
1770606464.9277518,BIT,1
1770606464.9277518,BIT,0
1770606464.9277518,BIT,0
1770606464.9277518,BIT,1
1770606464.9277518,BIT,1
1770606465.125921,BIT,1
1770606465.125921,BIT,1
1770606465.125921,BIT,1
1770606465.125921,BIT,0
1770606465.125921,BIT,0
1770606465.125921,BIT,0
1770606465.125921,BIT,1
1770606465.125921,BIT,1
1770606465.125921,BIT,0
1770606465.125921,BIT,1
1770606465.3241694,BIT,1
1770606465.3241694,BIT,0
1770606465.3241694,BIT,1
1770606465.3241694,BIT,0
1770606465.3241694,BIT,0
1770606465.3241694,BIT,1
1770606465.3241694,BIT,1
1770606465.3241694,BIT,1
1770606465.3241694,BIT,0
1770606465.3241694,BIT,1
1770606465.5292335,BIT,0
1770606465.5292335,BIT,0
1770606465.5292335,BIT,0
1770606465.5292335,BIT,1
1770606465.5292335,BIT,1
1770606465.5292335,BIT,1
1770606465.5292335,BIT,1
1770606465.5292335,BIT,0
1770606465.5292335,BIT,0
1770606465.5292335,BIT,1
1770606465.7351532,BIT,1
1770606465.7351532,BIT,0
1770606465.7351532,BIT,0
1770606465.7351532,BIT,1
1770606465.7351532,BIT,0
1770606465.7351532,BIT,0
1770606465.7351532,BIT,1
1770606465.7351532,BIT,0
1770606465.7351532,BIT,0
1770606465.7351532,BIT,0
1770606465.9393628,BIT,0
1770606465.9393628,BIT,1
1770606465.9393628,BIT,0
1770606465.9393628,BIT,0
1770606465.9393628,BIT,0
1770606465.9393628,BIT,1
1770606465.9393628,BIT,1
1770606465.9393628,BIT,1
1770606465.9393628,BIT,1
1770606465.9393628,BIT,1
1770606466.1335092,BIT,1
1770606466.1335092,BIT,0
1770606466.1335092,BIT,0
1770606466.1335092,BIT,0
1770606466.1335092,BIT,0
1770606466.1335092,BIT,0
1770606466.1335092,BIT,0
1770606466.1335092,BIT,1
1770606466.1335092,BIT,0
1770606466.1335092,BIT,1
1770606466.3311532,BIT,1
1770606466.3311532,BIT,0
1770606466.3311532,BIT,0
1770606466.3311532,BIT,0
1770606466.3311532,BIT,1
1770606466.3311532,BIT,0
1770606466.3311532,BIT,1
1770606466.3311532,BIT,1
1770606466.3311532,BIT,1
1770606466.3311532,BIT,1
1770606466.537521,BIT,0
1770606466.537521,BIT,1
1770606466.537521,BIT,0
1770606466.537521,BIT,1
1770606466.537521,BIT,1
1770606466.537521,BIT,1
1770606466.537521,BIT,0
1770606466.537521,BIT,1
1770606466.537521,BIT,1
1770606466.537521,BIT,1
1770606466.7345054,BIT,1
1770606466.7345054,BIT,1
1770606466.7345054,BIT,0
1770606466.7345054,BIT,0
1770606466.7345054,BIT,1
1770606466.7345054,BIT,1
1770606466.7345054,BIT,1
1770606466.7345054,BIT,0
1770606466.7345054,BIT,1
1770606466.7345054,BIT,0
1770606466.9580598,BIT,1
1770606466.9580598,BIT,0
1770606466.9580598,BIT,1
1770606466.9580598,BIT,0
1770606466.9580598,BIT,1
1770606466.9580598,BIT,1
1770606466.9580598,BIT,0
1770606466.9580598,BIT,1
1770606466.9580598,BIT,1
1770606466.9580598,BIT,0
1770606467.1612206,BIT,1
1770606467.1612206,BIT,1
1770606467.1612206,BIT,0
1770606467.1612206,BIT,1
1770606467.1612206,BIT,0
1770606467.1612206,BIT,1
1770606467.1612206,BIT,1
1770606467.1612206,BIT,0
1770606467.1612206,BIT,1
1770606467.1612206,BIT,1
1770606467.3347259,BIT,0
1770606467.3347259,BIT,0
1770606467.3347259,BIT,1
1770606467.3347259,BIT,1
1770606467.3347259,BIT,0
1770606467.3347259,BIT,1
1770606467.3347259,BIT,0
1770606467.3347259,BIT,0
1770606467.3347259,BIT,0
1770606467.3347259,BIT,1
1770606467.5179029,BIT,0
1770606467.5179029,BIT,1
1770606467.5179029,BIT,1
1770606467.5179029,BIT,0
1770606467.5179029,BIT,1
1770606467.5179029,BIT,0
1770606467.5179029,BIT,1
1770606467.5179029,BIT,0
1770606467.5179029,BIT,0
1770606467.5179029,BIT,0
1770606467.6957538,BIT,1
1770606467.6957538,BIT,1
1770606467.6957538,BIT,1
1770606467.6957538,BIT,0
1770606467.6957538,BIT,0
1770606467.6957538,BIT,0
1770606467.6957538,BIT,1
1770606467.6957538,BIT,0
1770606467.6957538,BIT,1
1770606467.6957538,BIT,0
1770606467.8802364,BIT,1
1770606467.8802364,BIT,1
1770606467.8802364,BIT,0
1770606467.8802364,BIT,1
1770606467.8802364,BIT,1
1770606467.8802364,BIT,1
1770606467.8802364,BIT,0
1770606467.8802364,BIT,0
1770606467.8802364,BIT,0
1770606467.8802364,BIT,1
1770606468.0585978,BIT,1
1770606468.0585978,BIT,1
1770606468.0585978,BIT,0
1770606468.0585978,BIT,0
1770606468.0585978,BIT,0
1770606468.0585978,BIT,0
1770606468.0585978,BIT,1
1770606468.0585978,BIT,1
1770606468.0585978,BIT,1
1770606468.0585978,BIT,0
1770606468.23897,BIT,1
1770606468.23897,BIT,0
1770606468.23897,BIT,1
1770606468.23897,BIT,0
1770606468.23897,BIT,1
1770606468.23897,BIT,0
1770606468.23897,BIT,0
1770606468.23897,BIT,0
1770606468.23897,BIT,0
1770606468.23897,BIT,1
1770606468.4446828,BIT,0
1770606468.4446828,BIT,1
1770606468.4446828,BIT,1
1770606468.4446828,BIT,1
1770606468.4446828,BIT,1
1770606468.4446828,BIT,1
1770606468.4446828,BIT,1
1770606468.4446828,BIT,1
1770606468.4446828,BIT,0
1770606468.4446828,BIT,1
1770606468.6434658,BIT,1
1770606468.6434658,BIT,0
1770606468.6434658,BIT,0
1770606468.6434658,BIT,1
1770606468.6434658,BIT,1
1770606468.6434658,BIT,0
1770606468.6434658,BIT,1
1770606468.6434658,BIT,0
1770606468.6434658,BIT,0
1770606468.6434658,BIT,1
1770606468.8484302,BIT,0
1770606468.8484302,BIT,0
1770606468.8484302,BIT,0
1770606468.8484302,BIT,0
1770606468.8484302,BIT,1
1770606468.8484302,BIT,1
1770606468.8484302,BIT,1
1770606468.8484302,BIT,1
1770606468.8484302,BIT,1
1770606468.8484302,BIT,1
1770606469.0566318,BIT,1
1770606469.0566318,BIT,1
1770606469.0566318,BIT,1
1770606469.0566318,BIT,0
1770606469.0566318,BIT,0
1770606469.0566318,BIT,0
1770606469.0566318,BIT,1
1770606469.0566318,BIT,0
1770606469.0566318,BIT,0
1770606469.0566318,BIT,0
1770606469.2503164,BIT,1
1770606469.2503164,BIT,1
1770606469.2503164,BIT,1
1770606469.2503164,BIT,0
1770606469.2503164,BIT,0
1770606469.2503164,BIT,1
1770606469.2503164,BIT,0
1770606469.2503164,BIT,1
1770606469.2503164,BIT,1
1770606469.2503164,BIT,0
1770606469.4542632,BIT,1
1770606469.4542632,BIT,0
1770606469.4542632,BIT,1
1770606469.4542632,BIT,0
1770606469.4542632,BIT,1
1770606469.4542632,BIT,1
1770606469.4542632,BIT,0
1770606469.4542632,BIT,0
1770606469.4542632,BIT,1
1770606469.4542632,BIT,1
1770606469.642943,BIT,0
1770606469.642943,BIT,0
1770606469.642943,BIT,0
1770606469.642943,BIT,1
1770606469.642943,BIT,0
1770606469.642943,BIT,0
1770606469.642943,BIT,0
1770606469.642943,BIT,1
1770606469.642943,BIT,0
1770606469.642943,BIT,1
1770606469.8210568,BIT,1
1770606469.8210568,BIT,0
1770606469.8210568,BIT,1
1770606469.8210568,BIT,0
1770606469.8210568,BIT,1
1770606469.8210568,BIT,1
1770606469.8210568,BIT,0
1770606469.8210568,BIT,1
1770606469.8210568,BIT,1
1770606469.8210568,BIT,1
1770606470.0386763,BIT,1
1770606470.0386763,BIT,0
1770606470.0386763,BIT,1
1770606470.0386763,BIT,1
1770606470.0386763,BIT,0
1770606470.0386763,BIT,1
1770606470.0386763,BIT,1
1770606470.0386763,BIT,1
1770606470.0386763,BIT,1
1770606470.0386763,BIT,1
1770606470.2333348,BIT,1
1770606470.2333348,BIT,1
1770606470.2333348,BIT,0
1770606470.2333348,BIT,0
1770606470.2333348,BIT,0
1770606470.2333348,BIT,1
1770606470.2333348,BIT,1
1770606470.2333348,BIT,1
1770606470.2333348,BIT,0
1770606470.2333348,BIT,0
1770606470.436466,BIT,0
1770606470.436466,BIT,0
1770606470.436466,BIT,1
1770606470.436466,BIT,1
1770606470.436466,BIT,1
1770606470.436466,BIT,1
1770606470.436466,BIT,0
1770606470.436466,BIT,1
1770606470.436466,BIT,1
1770606470.436466,BIT,0
1770606470.633013,BIT,1
1770606470.633013,BIT,1
1770606470.633013,BIT,0
1770606470.633013,BIT,1
1770606470.633013,BIT,1
1770606470.633013,BIT,1
1770606470.633013,BIT,1
1770606470.633013,BIT,1
1770606470.633013,BIT,1
1770606470.633013,BIT,0
1770606470.9591322,BIT,0
1770606470.9591322,BIT,1
1770606470.9591322,BIT,1
1770606470.9591322,BIT,1
1770606470.9591322,BIT,1
1770606470.9591322,BIT,0
1770606470.9591322,BIT,0
1770606470.9591322,BIT,1
1770606470.9591322,BIT,1
1770606470.9591322,BIT,1
1770606471.2358813,BIT,0
1770606471.2358813,BIT,1
1770606471.2358813,BIT,0
1770606471.2358813,BIT,1
1770606471.2358813,BIT,1
1770606471.2358813,BIT,0
1770606471.2358813,BIT,0
1770606471.2358813,BIT,1
1770606471.2358813,BIT,1
1770606471.2358813,BIT,1
1770606471.4545708,BIT,0
1770606471.4545708,BIT,0
1770606471.4545708,BIT,1
1770606471.4545708,BIT,1
1770606471.4545708,BIT,1
1770606471.4545708,BIT,0
1770606471.4545708,BIT,0
1770606471.4545708,BIT,1
1770606471.4545708,BIT,0
1770606471.4545708,BIT,1
1770606471.697174,BIT,1
1770606471.697174,BIT,0
1770606471.697174,BIT,1
1770606471.697174,BIT,0
1770606471.697174,BIT,1
1770606471.697174,BIT,1
1770606471.697174,BIT,0
1770606471.697174,BIT,1
1770606471.697174,BIT,1
1770606471.697174,BIT,1
1770606471.9293084,BIT,0
1770606471.9293084,BIT,0
1770606471.9293084,BIT,0
1770606471.9293084,BIT,0
1770606471.9293084,BIT,0
1770606471.9293084,BIT,0
1770606471.9293084,BIT,0
1770606471.9293084,BIT,1
1770606471.9293084,BIT,0
1770606471.9293084,BIT,0
1770606472.1335144,BIT,1
1770606472.1335144,BIT,1
1770606472.1335144,BIT,1
1770606472.1335144,BIT,1
1770606472.1335144,BIT,0
1770606472.1335144,BIT,1
1770606472.1335144,BIT,1
1770606472.1335144,BIT,1
1770606472.1335144,BIT,1
1770606472.1335144,BIT,1
1770606472.3292568,BIT,0
1770606472.3292568,BIT,0
1770606472.3292568,BIT,0
1770606472.3292568,BIT,1
1770606472.3292568,BIT,0
1770606472.3292568,BIT,1
1770606472.3292568,BIT,0
1770606472.3292568,BIT,0
1770606472.3292568,BIT,1
1770606472.3292568,BIT,1
1770606472.5332794,BIT,1
1770606472.5332794,BIT,0
1770606472.5332794,BIT,1
1770606472.5332794,BIT,1
1770606472.5332794,BIT,1
1770606472.5332794,BIT,0
1770606472.5332794,BIT,0
1770606472.5332794,BIT,1
1770606472.5332794,BIT,0
1770606472.5332794,BIT,1
1770606472.746619,BIT,1
1770606472.746619,BIT,1
1770606472.746619,BIT,0
1770606472.746619,BIT,0
1770606472.746619,BIT,0
1770606472.746619,BIT,0
1770606472.746619,BIT,0
1770606472.746619,BIT,0
1770606472.746619,BIT,1
1770606472.746619,BIT,0
1770606472.954325,BIT,0
1770606472.954325,BIT,1
1770606472.954325,BIT,0
1770606472.954325,BIT,1
1770606472.954325,BIT,1
1770606472.954325,BIT,1
1770606472.954325,BIT,0
1770606472.954325,BIT,1
1770606472.954325,BIT,1
1770606472.954325,BIT,0
1770606473.1542556,BIT,1
1770606473.1542556,BIT,0
1770606473.1542556,BIT,0
1770606473.1542556,BIT,1
1770606473.1542556,BIT,1
1770606473.1542556,BIT,1
1770606473.1542556,BIT,1
1770606473.1542556,BIT,0
1770606473.1542556,BIT,0
1770606473.1542556,BIT,0
1770606473.3456342,BIT,1
1770606473.3456342,BIT,0
1770606473.3456342,BIT,0
1770606473.3456342,BIT,0
1770606473.3456342,BIT,0
1770606473.3456342,BIT,0
1770606473.3456342,BIT,1
1770606473.3456342,BIT,0
1770606473.3456342,BIT,1
1770606473.3456342,BIT,1
1770606473.5357857,BIT,1
1770606473.5357857,BIT,0
1770606473.5357857,BIT,1
1770606473.5357857,BIT,1
1770606473.5357857,BIT,0
1770606473.5357857,BIT,1
1770606473.5357857,BIT,1
1770606473.5357857,BIT,0
1770606473.5357857,BIT,0
1770606473.5357857,BIT,1
1770606473.7209508,BIT,0
1770606473.7209508,BIT,0
1770606473.7209508,BIT,0
1770606473.7209508,BIT,0
1770606473.7209508,BIT,1
1770606473.7209508,BIT,1
1770606473.7209508,BIT,1
1770606473.7209508,BIT,1
1770606473.7209508,BIT,0
1770606473.7209508,BIT,0
1770606474.01375,BIT,1
1770606474.01375,BIT,1
1770606474.01375,BIT,0
1770606474.01375,BIT,0
1770606474.01375,BIT,1
1770606474.01375,BIT,1
1770606474.01375,BIT,0
1770606474.01375,BIT,1
1770606474.01375,BIT,0
1770606474.01375,BIT,0
1770606474.3036628,BIT,1
1770606474.3036628,BIT,0
1770606474.3036628,BIT,1
1770606474.3036628,BIT,1
1770606474.3036628,BIT,0
1770606474.3036628,BIT,1
1770606474.3036628,BIT,0
1770606474.3036628,BIT,1
1770606474.3036628,BIT,0
1770606474.3036628,BIT,1
1770606474.53599,BIT,1
1770606474.53599,BIT,1
1770606474.53599,BIT,1
1770606474.53599,BIT,0
1770606474.53599,BIT,1
1770606474.53599,BIT,0
1770606474.53599,BIT,1
1770606474.53599,BIT,0
1770606474.53599,BIT,1
1770606474.53599,BIT,0
1770606474.7487533,BIT,0
1770606474.7487533,BIT,0
1770606474.7487533,BIT,1
1770606474.7487533,BIT,1
1770606474.7487533,BIT,0
1770606474.7487533,BIT,0
1770606474.7487533,BIT,0
1770606474.7487533,BIT,0
1770606474.7487533,BIT,0
1770606474.7487533,BIT,0
1770606474.9576914,BIT,1
1770606474.9576914,BIT,0
1770606474.9576914,BIT,0
1770606474.9576914,BIT,1
1770606474.9576914,BIT,1
1770606474.9576914,BIT,1
1770606474.9576914,BIT,1
1770606474.9576914,BIT,0
1770606474.9576914,BIT,0
1770606474.9576914,BIT,0
1770606475.1760461,BIT,1
1770606475.1760461,BIT,0
1770606475.1760461,BIT,1
1770606475.1760461,BIT,1
1770606475.1760461,BIT,0
1770606475.1760461,BIT,0
1770606475.1760461,BIT,0
1770606475.1760461,BIT,1
1770606475.1760461,BIT,0
1770606475.1760461,BIT,0
1770606475.4950912,BIT,0
1770606475.4950912,BIT,0
1770606475.4950912,BIT,0
1770606475.4950912,BIT,1
1770606475.4950912,BIT,0
1770606475.4950912,BIT,0
1770606475.4950912,BIT,0
1770606475.4950912,BIT,1
1770606475.4950912,BIT,1
1770606475.4950912,BIT,1
1770606475.7126243,BIT,0
1770606475.7126243,BIT,1
1770606475.7126243,BIT,0
1770606475.7126243,BIT,1
1770606475.7126243,BIT,0
1770606475.7126243,BIT,0
1770606475.7126243,BIT,1
1770606475.7126243,BIT,1
1770606475.7126243,BIT,0
1770606475.7126243,BIT,0
1770606475.9838433,BIT,1
1770606475.9838433,BIT,1
1770606475.9838433,BIT,0
1770606475.9838433,BIT,1
1770606475.9838433,BIT,1
1770606475.9838433,BIT,0
1770606475.9838433,BIT,0
1770606475.9838433,BIT,0
1770606475.9838433,BIT,0
1770606475.9838433,BIT,1
1770606476.2115571,BIT,0
1770606476.2115571,BIT,0
1770606476.2115571,BIT,0
1770606476.2115571,BIT,0
1770606476.2115571,BIT,1
1770606476.2115571,BIT,0
1770606476.2115571,BIT,0
1770606476.2115571,BIT,0
1770606476.2115571,BIT,1
1770606476.2115571,BIT,0
1770606476.5082643,BIT,1
1770606476.5082643,BIT,1
1770606476.5082643,BIT,1
1770606476.5082643,BIT,1
1770606476.5082643,BIT,1
1770606476.5082643,BIT,0
1770606476.5082643,BIT,1
1770606476.5082643,BIT,0
1770606476.5082643,BIT,0
1770606476.5082643,BIT,1
1770606476.850124,BIT,0
1770606476.850124,BIT,1
1770606476.850124,BIT,0
1770606476.850124,BIT,0
1770606476.850124,BIT,0
1770606476.850124,BIT,0
1770606476.850124,BIT,0
1770606476.850124,BIT,0
1770606476.850124,BIT,1
1770606476.850124,BIT,1
1770606477.083083,BIT,1
1770606477.083083,BIT,0
1770606477.083083,BIT,1
1770606477.083083,BIT,0
1770606477.083083,BIT,0
1770606477.083083,BIT,0
1770606477.083083,BIT,0
1770606477.083083,BIT,0
1770606477.083083,BIT,1
1770606477.083083,BIT,1
1770606477.2854605,BIT,1
1770606477.2854605,BIT,1
1770606477.2854605,BIT,0
1770606477.2854605,BIT,0
1770606477.2854605,BIT,0
1770606477.2854605,BIT,1
1770606477.2854605,BIT,1
1770606477.2854605,BIT,1
1770606477.2854605,BIT,1
1770606477.2854605,BIT,1
1770606477.4848058,BIT,1
1770606477.4848058,BIT,0
1770606477.4848058,BIT,1
1770606477.4848058,BIT,0
1770606477.4848058,BIT,0
1770606477.4848058,BIT,0
1770606477.4848058,BIT,1
1770606477.4848058,BIT,1
1770606477.4848058,BIT,0
1770606477.4848058,BIT,0
1770606477.6804106,BIT,0
1770606477.6804106,BIT,1
1770606477.6804106,BIT,1
1770606477.6804106,BIT,0
1770606477.6804106,BIT,0
1770606477.6804106,BIT,1
1770606477.6804106,BIT,0
1770606477.6804106,BIT,1
1770606477.6804106,BIT,0
1770606477.6804106,BIT,1
1770606477.87385,BIT,0
1770606477.87385,BIT,1
1770606477.87385,BIT,1
1770606477.87385,BIT,1
1770606477.87385,BIT,0
1770606477.87385,BIT,1
1770606477.87385,BIT,0
1770606477.87385,BIT,1
1770606477.87385,BIT,0
1770606477.87385,BIT,1
1770606478.0660105,BIT,1
1770606478.0660105,BIT,0
1770606478.0660105,BIT,0
1770606478.0660105,BIT,0
1770606478.0660105,BIT,0
1770606478.0660105,BIT,0
1770606478.0660105,BIT,1
1770606478.0660105,BIT,0
1770606478.0660105,BIT,0
1770606478.0660105,BIT,1
1770606478.2560537,BIT,1
1770606478.2560537,BIT,1
1770606478.2560537,BIT,1
1770606478.2560537,BIT,1
1770606478.2560537,BIT,0
1770606478.2560537,BIT,1
1770606478.2560537,BIT,1
1770606478.2560537,BIT,1
1770606478.2560537,BIT,1
1770606478.2560537,BIT,1
1770606478.4569468,BIT,0
1770606478.4569468,BIT,1
1770606478.4569468,BIT,1
1770606478.4569468,BIT,0
1770606478.4569468,BIT,0
1770606478.4569468,BIT,1
1770606478.4569468,BIT,1
1770606478.4569468,BIT,1
1770606478.4569468,BIT,0
1770606478.4569468,BIT,1
1770606478.6349354,BIT,1
1770606478.6349354,BIT,1
1770606478.6349354,BIT,1
1770606478.6349354,BIT,1
1770606478.6349354,BIT,0
1770606478.6349354,BIT,1
1770606478.6349354,BIT,0
1770606478.6349354,BIT,1
1770606478.6349354,BIT,0
1770606478.6349354,BIT,1
1770606478.8236015,BIT,1
1770606478.8236015,BIT,0
1770606478.8236015,BIT,1
1770606478.8236015,BIT,1
1770606478.8236015,BIT,1
1770606478.8236015,BIT,0
1770606478.8236015,BIT,0
1770606478.8236015,BIT,0
1770606478.8236015,BIT,0
1770606478.8236015,BIT,1
1770606479.0188997,BIT,0
1770606479.0188997,BIT,0
1770606479.0188997,BIT,0
1770606479.0188997,BIT,0
1770606479.0188997,BIT,0
1770606479.0188997,BIT,1
1770606479.0188997,BIT,0
1770606479.0188997,BIT,0
1770606479.0188997,BIT,0
1770606479.0188997,BIT,0
1770606479.21018,BIT,1
1770606479.21018,BIT,0
1770606479.21018,BIT,1
1770606479.21018,BIT,0
1770606479.21018,BIT,0
1770606479.21018,BIT,1
1770606479.21018,BIT,0
1770606479.21018,BIT,1
1770606479.21018,BIT,0
1770606479.21018,BIT,0
1770606479.3906476,BIT,0
1770606479.3906476,BIT,0
1770606479.3906476,BIT,0
1770606479.3906476,BIT,0
1770606479.3906476,BIT,0
1770606479.3906476,BIT,0
1770606479.3906476,BIT,0
1770606479.3906476,BIT,0
1770606479.3906476,BIT,1
1770606479.3906476,BIT,1
1770606479.5776958,BIT,0
1770606479.5776958,BIT,1
1770606479.5776958,BIT,0
1770606479.5776958,BIT,0
1770606479.5776958,BIT,0
1770606479.5776958,BIT,1
1770606479.5776958,BIT,1
1770606479.5776958,BIT,0
1770606479.5776958,BIT,1
1770606479.5776958,BIT,0
1770606479.761746,BIT,1
1770606479.761746,BIT,0
1770606479.761746,BIT,0
1770606479.761746,BIT,1
1770606479.761746,BIT,0
1770606479.761746,BIT,1
1770606479.761746,BIT,0
1770606479.761746,BIT,0
1770606479.761746,BIT,1
1770606479.761746,BIT,0
1770606479.9608653,BIT,1
1770606479.9608653,BIT,0
1770606479.9608653,BIT,1
1770606479.9608653,BIT,1
1770606479.9608653,BIT,1
1770606479.9608653,BIT,0
1770606479.9608653,BIT,1
1770606479.9608653,BIT,1
1770606479.9608653,BIT,1
1770606479.9608653,BIT,0
1770606480.1414692,BIT,1
1770606480.1414692,BIT,0
1770606480.1414692,BIT,0
1770606480.1414692,BIT,1
1770606480.1414692,BIT,0
1770606480.1414692,BIT,1
1770606480.1414692,BIT,0
1770606480.1414692,BIT,1
1770606480.1414692,BIT,1
1770606480.1414692,BIT,0
1770606480.3559365,BIT,1
1770606480.3559365,BIT,1
1770606480.3559365,BIT,0
1770606480.3559365,BIT,0
1770606480.3559365,BIT,0
1770606480.3559365,BIT,0
1770606480.3559365,BIT,1
1770606480.3559365,BIT,1
1770606480.3559365,BIT,0
1770606480.3559365,BIT,0
1770606480.5333295,BIT,0
1770606480.5333295,BIT,1
1770606480.5333295,BIT,0
1770606480.5333295,BIT,0
1770606480.5333295,BIT,0
1770606480.5333295,BIT,1
1770606480.5333295,BIT,0
1770606480.5333295,BIT,1
1770606480.5333295,BIT,0
1770606480.5333295,BIT,0
1770606480.7139368,BIT,0
1770606480.7139368,BIT,0
1770606480.7139368,BIT,1
1770606480.7139368,BIT,1
1770606480.7139368,BIT,0
1770606480.7139368,BIT,1
1770606480.7139368,BIT,1
1770606480.7139368,BIT,0
1770606480.7139368,BIT,1
1770606480.7139368,BIT,1
1770606480.8993597,BIT,0
1770606480.8993597,BIT,0
1770606480.8993597,BIT,1
1770606480.8993597,BIT,1
1770606480.8993597,BIT,1
1770606480.8993597,BIT,1
1770606480.8993597,BIT,0
1770606480.8993597,BIT,1
1770606480.8993597,BIT,1
1770606480.8993597,BIT,1
1770606481.0854652,BIT,0
1770606481.0854652,BIT,0
1770606481.0854652,BIT,1
1770606481.0854652,BIT,0
1770606481.0854652,BIT,0
1770606481.0854652,BIT,1
1770606481.0854652,BIT,1
1770606481.0854652,BIT,1
1770606481.0854652,BIT,1
1770606481.0854652,BIT,0
1770606481.279872,BIT,1
1770606481.279872,BIT,0
1770606481.279872,BIT,1
1770606481.279872,BIT,1
1770606481.279872,BIT,0
1770606481.279872,BIT,0
1770606481.279872,BIT,0
1770606481.279872,BIT,1
1770606481.279872,BIT,0
1770606481.279872,BIT,0
1770606481.5072522,BIT,0
1770606481.5072522,BIT,1
1770606481.5072522,BIT,1
1770606481.5072522,BIT,0
1770606481.5072522,BIT,1
1770606481.5072522,BIT,0
1770606481.5072522,BIT,0
1770606481.5072522,BIT,1
1770606481.5072522,BIT,0
1770606481.5072522,BIT,0
1770606481.7764635,BIT,1
1770606481.7764635,BIT,0
1770606481.7764635,BIT,1
1770606481.7764635,BIT,0
1770606481.7764635,BIT,1
1770606481.7764635,BIT,0
1770606481.7764635,BIT,0
1770606481.7764635,BIT,1
1770606481.7764635,BIT,1
1770606481.7764635,BIT,1
1770606482.0192714,BIT,1
1770606482.0192714,BIT,0
1770606482.0192714,BIT,1
1770606482.0192714,BIT,0
1770606482.0192714,BIT,0
1770606482.0192714,BIT,1
1770606482.0192714,BIT,1
1770606482.0192714,BIT,1
1770606482.0192714,BIT,0
1770606482.0192714,BIT,1
1770606482.2276723,BIT,0
1770606482.2276723,BIT,1
1770606482.2276723,BIT,1
1770606482.2276723,BIT,0
1770606482.2276723,BIT,0
1770606482.2276723,BIT,0
1770606482.2276723,BIT,0
1770606482.2276723,BIT,1
1770606482.2276723,BIT,0
1770606482.2276723,BIT,0
1770606482.4345462,BIT,0
1770606482.4345462,BIT,0
1770606482.4345462,BIT,0
1770606482.4345462,BIT,0
1770606482.4345462,BIT,1
1770606482.4345462,BIT,0
1770606482.4345462,BIT,0
1770606482.4345462,BIT,1
1770606482.4345462,BIT,0
1770606482.4345462,BIT,1
1770606482.7013261,BIT,0
1770606482.7013261,BIT,1
1770606482.7013261,BIT,0
1770606482.7013261,BIT,0
1770606482.7013261,BIT,0
1770606482.7013261,BIT,1
1770606482.7013261,BIT,0
1770606482.7013261,BIT,0
1770606482.7013261,BIT,1
1770606482.7013261,BIT,0
1770606482.9413314,BIT,1
1770606482.9413314,BIT,1
1770606482.9413314,BIT,1
1770606482.9413314,BIT,0
1770606482.9413314,BIT,1
1770606482.9413314,BIT,0
1770606482.9413314,BIT,1
1770606482.9413314,BIT,0
1770606482.9413314,BIT,0
1770606482.9413314,BIT,1
1770606483.1414874,BIT,1
1770606483.1414874,BIT,0
1770606483.1414874,BIT,1
1770606483.1414874,BIT,0
1770606483.1414874,BIT,0
1770606483.1414874,BIT,0
1770606483.1414874,BIT,1
1770606483.1414874,BIT,1
1770606483.1414874,BIT,0
1770606483.1414874,BIT,1
1770606483.3540246,BIT,0
1770606483.3540246,BIT,0
1770606483.3540246,BIT,0
1770606483.3540246,BIT,1
1770606483.3540246,BIT,1
1770606483.3540246,BIT,1
1770606483.3540246,BIT,1
1770606483.3540246,BIT,0
1770606483.3540246,BIT,0
1770606483.3540246,BIT,0
1770606483.532705,BIT,1
1770606483.532705,BIT,0
1770606483.532705,BIT,1
1770606483.532705,BIT,0
1770606483.532705,BIT,0
1770606483.532705,BIT,0
1770606483.532705,BIT,0
1770606483.532705,BIT,0
1770606483.532705,BIT,1
1770606483.532705,BIT,1
1770606483.716728,BIT,0
1770606483.716728,BIT,0
1770606483.716728,BIT,0
1770606483.716728,BIT,0
1770606483.716728,BIT,1
1770606483.716728,BIT,0
1770606483.716728,BIT,0
1770606483.716728,BIT,1
1770606483.716728,BIT,1
1770606483.716728,BIT,1
1770606483.918824,BIT,0
1770606483.918824,BIT,1
1770606483.918824,BIT,0
1770606483.918824,BIT,1
1770606483.918824,BIT,0
1770606483.918824,BIT,1
1770606483.918824,BIT,0
1770606483.918824,BIT,0
1770606483.918824,BIT,0
1770606483.918824,BIT,0
1770606484.1001549,BIT,0
1770606484.1001549,BIT,0
1770606484.1001549,BIT,1
1770606484.1001549,BIT,0
1770606484.1001549,BIT,1
1770606484.1001549,BIT,0
1770606484.1001549,BIT,1
1770606484.1001549,BIT,1
1770606484.1001549,BIT,1
1770606484.1001549,BIT,0
1770606484.2995389,BIT,0
1770606484.2995389,BIT,1
1770606484.2995389,BIT,1
1770606484.2995389,BIT,0
1770606484.2995389,BIT,0
1770606484.2995389,BIT,0
1770606484.2995389,BIT,0
1770606484.2995389,BIT,1
1770606484.2995389,BIT,0
1770606484.2995389,BIT,1
1770606484.5071042,BIT,1
1770606484.5071042,BIT,0
1770606484.5071042,BIT,1
1770606484.5071042,BIT,1
1770606484.5071042,BIT,0
1770606484.5071042,BIT,1
1770606484.5071042,BIT,0
1770606484.5071042,BIT,0
1770606484.5071042,BIT,0
1770606484.5071042,BIT,1
1770606484.6856554,BIT,0
1770606484.6856554,BIT,1
1770606484.6856554,BIT,1
1770606484.6856554,BIT,0
1770606484.6856554,BIT,0
1770606484.6856554,BIT,0
1770606484.6856554,BIT,1
1770606484.6856554,BIT,0
1770606484.6856554,BIT,1
1770606484.6856554,BIT,0
1770606484.8822095,BIT,0
1770606484.8822095,BIT,0
1770606484.8822095,BIT,1
1770606484.8822095,BIT,0
1770606484.8822095,BIT,0
1770606484.8822095,BIT,1
1770606484.8822095,BIT,0
1770606484.8822095,BIT,1
1770606484.8822095,BIT,1
1770606484.8822095,BIT,0
1770606485.0719824,BIT,1
1770606485.0719824,BIT,0
1770606485.0719824,BIT,0
1770606485.0719824,BIT,0
1770606485.0719824,BIT,1
1770606485.0719824,BIT,0
1770606485.0719824,BIT,0
1770606485.0719824,BIT,1
1770606485.0719824,BIT,1
1770606485.0719824,BIT,0
1770606485.251909,BIT,1
1770606485.251909,BIT,0
1770606485.251909,BIT,0
1770606485.251909,BIT,1
1770606485.251909,BIT,0
1770606485.251909,BIT,1
1770606485.251909,BIT,0
1770606485.251909,BIT,0
1770606485.251909,BIT,1
1770606485.251909,BIT,1
1770606485.4482079,BIT,1
1770606485.4482079,BIT,0
1770606485.4482079,BIT,1
1770606485.4482079,BIT,0
1770606485.4482079,BIT,1
1770606485.4482079,BIT,0
1770606485.4482079,BIT,1
1770606485.4482079,BIT,0
1770606485.4482079,BIT,1
1770606485.4482079,BIT,0
1770606485.6379206,BIT,0
1770606485.6379206,BIT,1
1770606485.6379206,BIT,0
1770606485.6379206,BIT,0
1770606485.6379206,BIT,0
1770606485.6379206,BIT,0
1770606485.6379206,BIT,0
1770606485.6379206,BIT,1
1770606485.6379206,BIT,0
1770606485.6379206,BIT,0
1770606485.81169,BIT,0
1770606485.81169,BIT,0
1770606485.81169,BIT,0
1770606485.81169,BIT,1
1770606485.81169,BIT,1
1770606485.81169,BIT,0
1770606485.81169,BIT,0
1770606485.81169,BIT,1
1770606485.81169,BIT,0
1770606485.81169,BIT,1
1770606486.000235,BIT,0
1770606486.000235,BIT,1
1770606486.000235,BIT,1
1770606486.000235,BIT,1
1770606486.000235,BIT,0
1770606486.000235,BIT,1
1770606486.000235,BIT,1
1770606486.000235,BIT,0
1770606486.000235,BIT,1
1770606486.000235,BIT,0
1770606486.1697996,BIT,0
1770606486.1697996,BIT,1
1770606486.1697996,BIT,1
1770606486.1697996,BIT,1
1770606486.1697996,BIT,1
1770606486.1697996,BIT,1
1770606486.1697996,BIT,1
1770606486.1697996,BIT,0
1770606486.1697996,BIT,0
1770606486.1697996,BIT,1
1770606486.3517513,BIT,1
1770606486.3517513,BIT,1
1770606486.3517513,BIT,1
1770606486.3517513,BIT,0
1770606486.3517513,BIT,1
1770606486.3517513,BIT,1
1770606486.3517513,BIT,1
1770606486.3517513,BIT,0
1770606486.3517513,BIT,1
1770606486.3517513,BIT,0
1770606486.5310402,BIT,1
1770606486.5310402,BIT,0
1770606486.5310402,BIT,1
1770606486.5310402,BIT,1
1770606486.5310402,BIT,1
1770606486.5310402,BIT,1
1770606486.5310402,BIT,0
1770606486.5310402,BIT,1
1770606486.5310402,BIT,1
1770606486.5310402,BIT,0
1770606486.705538,BIT,0
1770606486.705538,BIT,1
1770606486.705538,BIT,0
1770606486.705538,BIT,1
1770606486.705538,BIT,1
1770606486.705538,BIT,0
1770606486.705538,BIT,0
1770606486.705538,BIT,0
1770606486.705538,BIT,1
1770606486.705538,BIT,0
1770606486.8917606,BIT,1
1770606486.8917606,BIT,0
1770606486.8917606,BIT,1
1770606486.8917606,BIT,1
1770606486.8917606,BIT,1
1770606486.8917606,BIT,0
1770606486.8917606,BIT,0
1770606486.8917606,BIT,1
1770606486.8917606,BIT,1
1770606486.8917606,BIT,1
1770606487.0705242,BIT,1
1770606487.0705242,BIT,0
1770606487.0705242,BIT,0
1770606487.0705242,BIT,0
1770606487.0705242,BIT,1
1770606487.0705242,BIT,0
1770606487.0705242,BIT,1
1770606487.0705242,BIT,1
1770606487.0705242,BIT,0
1770606487.0705242,BIT,0
1770606487.258605,BIT,1
1770606487.258605,BIT,0
1770606487.258605,BIT,1
1770606487.258605,BIT,0
1770606487.258605,BIT,0
1770606487.258605,BIT,0
1770606487.258605,BIT,0
1770606487.258605,BIT,0
1770606487.258605,BIT,1
1770606487.258605,BIT,0
1770606487.4540584,BIT,0
1770606487.4540584,BIT,1
1770606487.4540584,BIT,1
1770606487.4540584,BIT,0
1770606487.4540584,BIT,0
1770606487.4540584,BIT,1
1770606487.4540584,BIT,1
1770606487.4540584,BIT,1
1770606487.4540584,BIT,1
1770606487.4540584,BIT,1
1770606487.6179054,BIT,1
1770606487.6179054,BIT,1
1770606487.6179054,BIT,1
1770606487.6179054,BIT,0
1770606487.6179054,BIT,1
1770606487.6179054,BIT,1
1770606487.6179054,BIT,1
1770606487.6179054,BIT,0
1770606487.6179054,BIT,0
1770606487.6179054,BIT,0
1770606487.799568,BIT,0
1770606487.799568,BIT,1
1770606487.799568,BIT,1
1770606487.799568,BIT,0
1770606487.799568,BIT,0
1770606487.799568,BIT,0
1770606487.799568,BIT,0
1770606487.799568,BIT,0
1770606487.799568,BIT,1
1770606487.799568,BIT,0
1770606488.005576,BIT,0
1770606488.005576,BIT,0
1770606488.005576,BIT,0
1770606488.005576,BIT,0
1770606488.005576,BIT,1
1770606488.005576,BIT,1
1770606488.005576,BIT,0
1770606488.005576,BIT,1
1770606488.005576,BIT,0
1770606488.005576,BIT,1
1770606488.1802394,BIT,1
1770606488.1802394,BIT,0
1770606488.1802394,BIT,0
1770606488.1802394,BIT,0
1770606488.1802394,BIT,0
1770606488.1802394,BIT,0
1770606488.1802394,BIT,1
1770606488.1802394,BIT,0
1770606488.1802394,BIT,1
1770606488.1802394,BIT,0
1770606488.3836887,BIT,1
1770606488.3836887,BIT,0
1770606488.3836887,BIT,1
1770606488.3836887,BIT,0
1770606488.3836887,BIT,1
1770606488.3836887,BIT,1
1770606488.3836887,BIT,0
1770606488.3836887,BIT,0
1770606488.3836887,BIT,1
1770606488.3836887,BIT,1
1770606488.5724494,BIT,1
1770606488.5724494,BIT,1
1770606488.5724494,BIT,1
1770606488.5724494,BIT,1
1770606488.5724494,BIT,1
1770606488.5724494,BIT,1
1770606488.5724494,BIT,0
1770606488.5724494,BIT,1
1770606488.5724494,BIT,1
1770606488.5724494,BIT,1
1770606488.7470288,BIT,0
1770606488.7470288,BIT,1
1770606488.7470288,BIT,0
1770606488.7470288,BIT,1
1770606488.7470288,BIT,0
1770606488.7470288,BIT,0
1770606488.7470288,BIT,0
1770606488.7470288,BIT,0
1770606488.7470288,BIT,1
1770606488.7470288,BIT,1
1770606488.9474955,BIT,1
1770606488.9474955,BIT,0
1770606488.9474955,BIT,0
1770606488.9474955,BIT,1
1770606488.9474955,BIT,0
1770606488.9474955,BIT,0
1770606488.9474955,BIT,1
1770606488.9474955,BIT,0
1770606488.9474955,BIT,1
1770606488.9474955,BIT,0
1770606489.133027,BIT,0
1770606489.133027,BIT,1
1770606489.133027,BIT,0
1770606489.133027,BIT,1
1770606489.133027,BIT,0
1770606489.133027,BIT,1
1770606489.133027,BIT,1
1770606489.133027,BIT,0
1770606489.133027,BIT,0
1770606489.133027,BIT,1
1770606489.3234544,BIT,1
1770606489.3234544,BIT,1
1770606489.3234544,BIT,1
1770606489.3234544,BIT,0
1770606489.3234544,BIT,1
1770606489.3234544,BIT,0
1770606489.3234544,BIT,1
1770606489.3234544,BIT,0
1770606489.3234544,BIT,1
1770606489.3234544,BIT,0
1770606489.530907,BIT,1
1770606489.530907,BIT,0
1770606489.530907,BIT,1
1770606489.530907,BIT,1
1770606489.530907,BIT,1
1770606489.530907,BIT,0
1770606489.530907,BIT,1
1770606489.530907,BIT,1
1770606489.530907,BIT,1
1770606489.530907,BIT,1
1770606489.7137923,BIT,0
1770606489.7137923,BIT,0
1770606489.7137923,BIT,1
1770606489.7137923,BIT,0
1770606489.7137923,BIT,1
1770606489.7137923,BIT,1
1770606489.7137923,BIT,0
1770606489.7137923,BIT,1
1770606489.7137923,BIT,1
1770606489.7137923,BIT,0
1770606489.912829,BIT,0
1770606489.912829,BIT,1
1770606489.912829,BIT,1
1770606489.912829,BIT,1
1770606489.912829,BIT,1
1770606489.912829,BIT,1
1770606489.912829,BIT,0
1770606489.912829,BIT,0
1770606489.912829,BIT,1
1770606489.912829,BIT,1
1770606490.1197734,BIT,1
1770606490.1197734,BIT,0
1770606490.1197734,BIT,1
1770606490.1197734,BIT,1
1770606490.1197734,BIT,0
1770606490.1197734,BIT,1
1770606490.1197734,BIT,1
1770606490.1197734,BIT,1
1770606490.1197734,BIT,0
1770606490.1197734,BIT,0
1770606490.3293614,BIT,1
1770606490.3293614,BIT,0
1770606490.3293614,BIT,1
1770606490.3293614,BIT,1
1770606490.3293614,BIT,0
1770606490.3293614,BIT,0
1770606490.3293614,BIT,0
1770606490.3293614,BIT,1
1770606490.3293614,BIT,0
1770606490.3293614,BIT,0
1770606490.5427806,BIT,1
1770606490.5427806,BIT,0
1770606490.5427806,BIT,1
1770606490.5427806,BIT,0
1770606490.5427806,BIT,0
1770606490.5427806,BIT,0
1770606490.5427806,BIT,0
1770606490.5427806,BIT,1
1770606490.5427806,BIT,1
1770606490.5427806,BIT,1
1770606490.7305446,BIT,1
1770606490.7305446,BIT,1
1770606490.7305446,BIT,1
1770606490.7305446,BIT,1
1770606490.7305446,BIT,0
1770606490.7305446,BIT,0
1770606490.7305446,BIT,0
1770606490.7305446,BIT,1
1770606490.7305446,BIT,0
1770606490.7305446,BIT,1
1770606490.943695,BIT,1
1770606490.943695,BIT,1
1770606490.943695,BIT,0
1770606490.943695,BIT,0
1770606490.943695,BIT,0
1770606490.943695,BIT,0
1770606490.943695,BIT,0
1770606490.943695,BIT,0
1770606490.943695,BIT,1
1770606490.943695,BIT,1
1770606491.1214042,BIT,1
1770606491.1214042,BIT,1
1770606491.1214042,BIT,1
1770606491.1214042,BIT,0
1770606491.1214042,BIT,0
1770606491.1214042,BIT,1
1770606491.1214042,BIT,1
1770606491.1214042,BIT,1
1770606491.1214042,BIT,1
1770606491.1214042,BIT,1
1770606491.3073895,BIT,1
1770606491.3073895,BIT,1
1770606491.3073895,BIT,0
1770606491.3073895,BIT,0
1770606491.3073895,BIT,0
1770606491.3073895,BIT,0
1770606491.3073895,BIT,0
1770606491.3073895,BIT,0
1770606491.3073895,BIT,0
1770606491.3073895,BIT,1
1770606491.5099115,BIT,1
1770606491.5099115,BIT,0
1770606491.5099115,BIT,1
1770606491.5099115,BIT,1
1770606491.5099115,BIT,0
1770606491.5099115,BIT,1
1770606491.5099115,BIT,1
1770606491.5099115,BIT,1
1770606491.5099115,BIT,0
1770606491.5099115,BIT,0
1770606491.6816108,BIT,1
1770606491.6816108,BIT,0
1770606491.6816108,BIT,0
1770606491.6816108,BIT,0
1770606491.6816108,BIT,1
1770606491.6816108,BIT,1
1770606491.6816108,BIT,0
1770606491.6816108,BIT,1
1770606491.6816108,BIT,0
1770606491.6816108,BIT,0
1770606491.8817716,BIT,1
1770606491.8817716,BIT,0
1770606491.8817716,BIT,0
1770606491.8817716,BIT,0
1770606491.8817716,BIT,1
1770606491.8817716,BIT,1
1770606491.8817716,BIT,0
1770606491.8817716,BIT,1
1770606491.8817716,BIT,0
1770606491.8817716,BIT,0
1770606492.071487,BIT,0
1770606492.071487,BIT,0
1770606492.071487,BIT,1
1770606492.071487,BIT,1
1770606492.071487,BIT,1
1770606492.071487,BIT,0
1770606492.071487,BIT,1
1770606492.071487,BIT,1
1770606492.071487,BIT,0
1770606492.071487,BIT,0
1770606492.2542808,BIT,1
1770606492.2542808,BIT,0
1770606492.2542808,BIT,0
1770606492.2542808,BIT,1
1770606492.2542808,BIT,1
1770606492.2542808,BIT,1
1770606492.2542808,BIT,1
1770606492.2542808,BIT,1
1770606492.2542808,BIT,0
1770606492.2542808,BIT,0
1770606492.444772,BIT,0
1770606492.444772,BIT,1
1770606492.444772,BIT,0
1770606492.444772,BIT,0
1770606492.444772,BIT,0
1770606492.444772,BIT,1
1770606492.444772,BIT,1
1770606492.444772,BIT,0
1770606492.444772,BIT,0
1770606492.444772,BIT,0
1770606492.6204312,BIT,0
1770606492.6204312,BIT,0
1770606492.6204312,BIT,0
1770606492.6204312,BIT,0
1770606492.6204312,BIT,1
1770606492.6204312,BIT,0
1770606492.6204312,BIT,0
1770606492.6204312,BIT,1
1770606492.6204312,BIT,0
1770606492.6204312,BIT,1
1770606492.8036578,BIT,1
1770606492.8036578,BIT,1
1770606492.8036578,BIT,0
1770606492.8036578,BIT,1
1770606492.8036578,BIT,0
1770606492.8036578,BIT,1
1770606492.8036578,BIT,0
1770606492.8036578,BIT,1
1770606492.8036578,BIT,1
1770606492.8036578,BIT,1
1770606492.9949188,BIT,1
1770606492.9949188,BIT,0
1770606492.9949188,BIT,0
1770606492.9949188,BIT,0
1770606492.9949188,BIT,0
1770606492.9949188,BIT,0
1770606492.9949188,BIT,1
1770606492.9949188,BIT,0
1770606492.9949188,BIT,1
1770606492.9949188,BIT,0
1770606493.177068,BIT,1
1770606493.177068,BIT,0
1770606493.177068,BIT,0
1770606493.177068,BIT,1
1770606493.177068,BIT,0
1770606493.177068,BIT,1
1770606493.177068,BIT,0
1770606493.177068,BIT,0
1770606493.177068,BIT,0
1770606493.177068,BIT,1
1770606493.3755531,BIT,1
1770606493.3755531,BIT,0
1770606493.3755531,BIT,1
1770606493.3755531,BIT,0
1770606493.3755531,BIT,1
1770606493.3755531,BIT,1
1770606493.3755531,BIT,1
1770606493.3755531,BIT,1
1770606493.3755531,BIT,0
1770606493.3755531,BIT,1
1770606493.5722153,BIT,0
1770606493.5722153,BIT,0
1770606493.5722153,BIT,1
1770606493.5722153,BIT,1
1770606493.5722153,BIT,1
1770606493.5722153,BIT,1
1770606493.5722153,BIT,0
1770606493.5722153,BIT,0
1770606493.5722153,BIT,1
1770606493.5722153,BIT,1
1770606493.7526097,BIT,0
1770606493.7526097,BIT,0
1770606493.7526097,BIT,0
1770606493.7526097,BIT,0
1770606493.7526097,BIT,1
1770606493.7526097,BIT,0
1770606493.7526097,BIT,1
1770606493.7526097,BIT,1
1770606493.7526097,BIT,1
1770606493.7526097,BIT,1
1770606493.951098,BIT,0
1770606493.951098,BIT,1
1770606493.951098,BIT,0
1770606493.951098,BIT,1
1770606493.951098,BIT,1
1770606493.951098,BIT,1
1770606493.951098,BIT,1
1770606493.951098,BIT,0
1770606493.951098,BIT,1
1770606493.951098,BIT,1
1770606494.1243541,BIT,0
1770606494.1243541,BIT,1
1770606494.1243541,BIT,1
1770606494.1243541,BIT,1
1770606494.1243541,BIT,1
1770606494.1243541,BIT,1
1770606494.1243541,BIT,1
1770606494.1243541,BIT,1
1770606494.1243541,BIT,1
1770606494.1243541,BIT,0
1770606494.3085732,BIT,1
1770606494.3085732,BIT,1
1770606494.3085732,BIT,1
1770606494.3085732,BIT,0
1770606494.3085732,BIT,0
1770606494.3085732,BIT,0
1770606494.3085732,BIT,0
1770606494.3085732,BIT,1
1770606494.3085732,BIT,0
1770606494.3085732,BIT,1
1770606494.5283659,BIT,1
1770606494.5283659,BIT,1
1770606494.5283659,BIT,0
1770606494.5283659,BIT,1
1770606494.5283659,BIT,0
1770606494.5283659,BIT,0
1770606494.5283659,BIT,0
1770606494.5283659,BIT,1
1770606494.5283659,BIT,1
1770606494.5283659,BIT,0
1770606494.7354152,BIT,1
1770606494.7354152,BIT,1
1770606494.7354152,BIT,1
1770606494.7354152,BIT,1
1770606494.7354152,BIT,1
1770606494.7354152,BIT,0
1770606494.7354152,BIT,0
1770606494.7354152,BIT,1
1770606494.7354152,BIT,1
1770606494.7354152,BIT,0
1770606494.9323838,BIT,0
1770606494.9323838,BIT,1
1770606494.9323838,BIT,1
1770606494.9323838,BIT,1
1770606494.9323838,BIT,1
1770606494.9323838,BIT,1
1770606494.9323838,BIT,1
1770606494.9323838,BIT,0
1770606494.9323838,BIT,1
1770606494.9323838,BIT,0
1770606495.11545,BIT,1
1770606495.11545,BIT,1
1770606495.11545,BIT,1
1770606495.11545,BIT,1
1770606495.11545,BIT,1
1770606495.11545,BIT,0
1770606495.11545,BIT,1
1770606495.11545,BIT,1
1770606495.11545,BIT,0
1770606495.11545,BIT,0
1770606495.3271198,BIT,1
1770606495.3271198,BIT,0
1770606495.3271198,BIT,0
1770606495.3271198,BIT,0
1770606495.3271198,BIT,1
1770606495.3271198,BIT,0
1770606495.3271198,BIT,0
1770606495.3271198,BIT,0
1770606495.3271198,BIT,1
1770606495.3271198,BIT,0
1770606495.5369065,BIT,1
1770606495.5369065,BIT,0
1770606495.5369065,BIT,1
1770606495.5369065,BIT,0
1770606495.5369065,BIT,0
1770606495.5369065,BIT,0
1770606495.5369065,BIT,0
1770606495.5369065,BIT,1
1770606495.5369065,BIT,0
1770606495.5369065,BIT,1
1770606495.7410965,BIT,1
1770606495.7410965,BIT,1
1770606495.7410965,BIT,0
1770606495.7410965,BIT,0
1770606495.7410965,BIT,1
1770606495.7410965,BIT,0
1770606495.7410965,BIT,1
1770606495.7410965,BIT,0
1770606495.7410965,BIT,0
1770606495.7410965,BIT,0
1770606495.948121,BIT,1
1770606495.948121,BIT,1
1770606495.948121,BIT,1
1770606495.948121,BIT,1
1770606495.948121,BIT,1
1770606495.948121,BIT,1
1770606495.948121,BIT,0
1770606495.948121,BIT,1
1770606495.948121,BIT,1
1770606495.948121,BIT,0
1770606496.1429558,BIT,0
1770606496.1429558,BIT,0
1770606496.1429558,BIT,0
1770606496.1429558,BIT,1
1770606496.1429558,BIT,1
1770606496.1429558,BIT,0
1770606496.1429558,BIT,1
1770606496.1429558,BIT,0
1770606496.1429558,BIT,0
1770606496.1429558,BIT,0
1770606496.3317454,BIT,0
1770606496.3317454,BIT,0
1770606496.3317454,BIT,0
1770606496.3317454,BIT,0
1770606496.3317454,BIT,1
1770606496.3317454,BIT,1
1770606496.3317454,BIT,0
1770606496.3317454,BIT,0
1770606496.3317454,BIT,0
1770606496.3317454,BIT,1
1770606496.5292263,BIT,1
1770606496.5292263,BIT,1
1770606496.5292263,BIT,0
1770606496.5292263,BIT,1
1770606496.5292263,BIT,1
1770606496.5292263,BIT,0
1770606496.5292263,BIT,0
1770606496.5292263,BIT,0
1770606496.5292263,BIT,0
1770606496.5292263,BIT,1
1770606496.720015,BIT,0
1770606496.720015,BIT,0
1770606496.720015,BIT,0
1770606496.720015,BIT,0
1770606496.720015,BIT,0
1770606496.720015,BIT,1
1770606496.720015,BIT,1
1770606496.720015,BIT,0
1770606496.720015,BIT,0
1770606496.720015,BIT,1
1770606496.9118078,BIT,1
1770606496.9118078,BIT,0
1770606496.9118078,BIT,0
1770606496.9118078,BIT,1
1770606496.9118078,BIT,0
1770606496.9118078,BIT,0
1770606496.9118078,BIT,1
1770606496.9118078,BIT,1
1770606496.9118078,BIT,0
1770606496.9118078,BIT,0
1770606497.090083,BIT,1
1770606497.090083,BIT,1
1770606497.090083,BIT,0
1770606497.090083,BIT,0
1770606497.090083,BIT,0
1770606497.090083,BIT,0
1770606497.090083,BIT,1
1770606497.090083,BIT,0
1770606497.090083,BIT,1
1770606497.090083,BIT,1
1770606497.2828798,BIT,0
1770606497.2828798,BIT,1
1770606497.2828798,BIT,1
1770606497.2828798,BIT,1
1770606497.2828798,BIT,1
1770606497.2828798,BIT,1
1770606497.2828798,BIT,1
1770606497.2828798,BIT,1
1770606497.2828798,BIT,1
1770606497.2828798,BIT,1
1770606497.465634,BIT,0
1770606497.465634,BIT,0
1770606497.465634,BIT,1
1770606497.465634,BIT,0
1770606497.465634,BIT,1
1770606497.465634,BIT,1
1770606497.465634,BIT,0
1770606497.465634,BIT,1
1770606497.465634,BIT,0
1770606497.465634,BIT,0
1770606497.6539648,BIT,1
1770606497.6539648,BIT,0
1770606497.6539648,BIT,1
1770606497.6539648,BIT,0
1770606497.6539648,BIT,1
1770606497.6539648,BIT,1
1770606497.6539648,BIT,1
1770606497.6539648,BIT,0
1770606497.6539648,BIT,1
1770606497.6539648,BIT,1
1770606497.84161,BIT,0
1770606497.84161,BIT,1
1770606497.84161,BIT,1
1770606497.84161,BIT,0
1770606497.84161,BIT,1
1770606497.84161,BIT,0
1770606497.84161,BIT,1
1770606497.84161,BIT,0
1770606497.84161,BIT,0
1770606497.84161,BIT,1
1770606498.0399547,BIT,0
1770606498.0399547,BIT,1
1770606498.0399547,BIT,0
1770606498.0399547,BIT,0
1770606498.0399547,BIT,1
1770606498.0399547,BIT,1
1770606498.0399547,BIT,1
1770606498.0399547,BIT,1
1770606498.0399547,BIT,1
1770606498.0399547,BIT,1
1770606498.2160037,BIT,0
1770606498.2160037,BIT,1
1770606498.2160037,BIT,1
1770606498.2160037,BIT,1
1770606498.2160037,BIT,1
1770606498.2160037,BIT,1
1770606498.2160037,BIT,0
1770606498.2160037,BIT,1
1770606498.2160037,BIT,1
1770606498.2160037,BIT,1
1770606498.3901997,BIT,1
1770606498.3901997,BIT,0
1770606498.3901997,BIT,1
1770606498.3901997,BIT,1
1770606498.3901997,BIT,1
1770606498.3901997,BIT,0
1770606498.3901997,BIT,0
1770606498.3901997,BIT,1
1770606498.3901997,BIT,1
1770606498.3901997,BIT,1
1770606498.5724359,BIT,0
1770606498.5724359,BIT,0
1770606498.5724359,BIT,1
1770606498.5724359,BIT,1
1770606498.5724359,BIT,1
1770606498.5724359,BIT,1
1770606498.5724359,BIT,1
1770606498.5724359,BIT,1
1770606498.5724359,BIT,0
1770606498.5724359,BIT,1
1770606498.750714,BIT,0
1770606498.750714,BIT,0
1770606498.750714,BIT,0
1770606498.750714,BIT,0
1770606498.750714,BIT,1
1770606498.750714,BIT,0
1770606498.750714,BIT,0
1770606498.750714,BIT,0
1770606498.750714,BIT,0
1770606498.750714,BIT,1
1770606498.9443984,BIT,1
1770606498.9443984,BIT,0
1770606498.9443984,BIT,0
1770606498.9443984,BIT,0
1770606498.9443984,BIT,0
1770606498.9443984,BIT,0
1770606498.9443984,BIT,1
1770606498.9443984,BIT,1
1770606498.9443984,BIT,0
1770606498.9443984,BIT,1
1770606499.1240873,BIT,1
1770606499.1240873,BIT,0
1770606499.1240873,BIT,1
1770606499.1240873,BIT,0
1770606499.1240873,BIT,1
1770606499.1240873,BIT,0
1770606499.1240873,BIT,0
1770606499.1240873,BIT,1
1770606499.1240873,BIT,0
1770606499.1240873,BIT,1
1770606499.2907534,BIT,0
1770606499.2907534,BIT,0
1770606499.2907534,BIT,0
1770606499.2907534,BIT,1
1770606499.2907534,BIT,1
1770606499.2907534,BIT,1
1770606499.2907534,BIT,0
1770606499.2907534,BIT,0
1770606499.2907534,BIT,1
1770606499.2907534,BIT,0
1770606499.4712453,BIT,1
1770606499.4712453,BIT,0
1770606499.4712453,BIT,0
1770606499.4712453,BIT,1
1770606499.4712453,BIT,1
1770606499.4712453,BIT,0
1770606499.4712453,BIT,0
1770606499.4712453,BIT,0
1770606499.4712453,BIT,1
1770606499.4712453,BIT,1
1770606499.6518743,BIT,1
1770606499.6518743,BIT,1
1770606499.6518743,BIT,0
1770606499.6518743,BIT,0
1770606499.6518743,BIT,0
1770606499.6518743,BIT,0
1770606499.6518743,BIT,1
1770606499.6518743,BIT,0
1770606499.6518743,BIT,0
1770606499.6518743,BIT,1
1770606499.854386,BIT,0
1770606499.854386,BIT,1
1770606499.854386,BIT,1
1770606499.854386,BIT,0
1770606499.854386,BIT,0
1770606499.854386,BIT,1
1770606499.854386,BIT,0
1770606499.854386,BIT,1
1770606499.854386,BIT,1
1770606499.854386,BIT,0
1770606500.0900166,BIT,0
1770606500.0900166,BIT,0
1770606500.0900166,BIT,1
1770606500.0900166,BIT,0
1770606500.0900166,BIT,1
1770606500.0900166,BIT,0
1770606500.0900166,BIT,1
1770606500.0900166,BIT,0
1770606500.0900166,BIT,0
1770606500.0900166,BIT,0
1770606500.3279557,BIT,0
1770606500.3279557,BIT,1
1770606500.3279557,BIT,1
1770606500.3279557,BIT,1
1770606500.3279557,BIT,0
1770606500.3279557,BIT,0
1770606500.3279557,BIT,1
1770606500.3279557,BIT,1
1770606500.3279557,BIT,0
1770606500.3279557,BIT,0
1770606500.5824945,BIT,1
1770606500.5824945,BIT,1
1770606500.5824945,BIT,0
1770606500.5824945,BIT,0
1770606500.5824945,BIT,1
1770606500.5824945,BIT,1
1770606500.5824945,BIT,1
1770606500.5824945,BIT,0
1770606500.5824945,BIT,1
1770606500.5824945,BIT,1
1770606500.811437,BIT,1
1770606500.811437,BIT,1
1770606500.811437,BIT,0
1770606500.811437,BIT,1
1770606500.811437,BIT,0
1770606500.811437,BIT,0
1770606500.811437,BIT,0
1770606500.811437,BIT,0
1770606500.811437,BIT,1
1770606500.811437,BIT,1
1770606501.1060586,BIT,0
1770606501.1060586,BIT,0
1770606501.1060586,BIT,1
1770606501.1060586,BIT,1
1770606501.1060586,BIT,1
1770606501.1060586,BIT,0
1770606501.1060586,BIT,1
1770606501.1060586,BIT,1
1770606501.1060586,BIT,0
1770606501.1060586,BIT,1
1770606501.3571558,BIT,1
1770606501.3571558,BIT,1
1770606501.3571558,BIT,0
1770606501.3571558,BIT,0
1770606501.3571558,BIT,0
1770606501.3571558,BIT,0
1770606501.3571558,BIT,0
1770606501.3571558,BIT,0
1770606501.3571558,BIT,0
1770606501.3571558,BIT,1
1770606501.576549,BIT,0
1770606501.576549,BIT,1
1770606501.576549,BIT,1
1770606501.576549,BIT,1
1770606501.576549,BIT,1
1770606501.576549,BIT,0
1770606501.576549,BIT,1
1770606501.576549,BIT,1
1770606501.576549,BIT,1
1770606501.576549,BIT,1
1770606501.7813118,BIT,0
1770606501.7813118,BIT,0
1770606501.7813118,BIT,0
1770606501.7813118,BIT,1
1770606501.7813118,BIT,0
1770606501.7813118,BIT,1
1770606501.7813118,BIT,1
1770606501.7813118,BIT,1
1770606501.7813118,BIT,1
1770606501.7813118,BIT,0
1770606501.9690409,BIT,0
1770606501.9690409,BIT,0
1770606501.9690409,BIT,0
1770606501.9690409,BIT,1
1770606501.9690409,BIT,0
1770606501.9690409,BIT,1
1770606501.9690409,BIT,1
1770606501.9690409,BIT,0
1770606501.9690409,BIT,1
1770606501.9690409,BIT,0
1770606502.139403,BIT,1
1770606502.139403,BIT,1
1770606502.139403,BIT,0
1770606502.139403,BIT,0
1770606502.139403,BIT,0
1770606502.139403,BIT,0
1770606502.139403,BIT,1
1770606502.139403,BIT,1
1770606502.139403,BIT,1
1770606502.139403,BIT,0
1770606502.332602,BIT,0
1770606502.332602,BIT,0
1770606502.332602,BIT,1
1770606502.332602,BIT,1
1770606502.332602,BIT,1
1770606502.332602,BIT,0
1770606502.332602,BIT,0
1770606502.332602,BIT,1
1770606502.332602,BIT,1
1770606502.332602,BIT,1
1770606502.5136147,BIT,0
1770606502.5136147,BIT,1
1770606502.5136147,BIT,1
1770606502.5136147,BIT,0
1770606502.5136147,BIT,1
1770606502.5136147,BIT,0
1770606502.5136147,BIT,0
1770606502.5136147,BIT,1
1770606502.5136147,BIT,0
1770606502.5136147,BIT,1
1770606502.6846793,BIT,1
1770606502.6846793,BIT,0
1770606502.6846793,BIT,0
1770606502.6846793,BIT,1
1770606502.6846793,BIT,1
1770606502.6846793,BIT,1
1770606502.6846793,BIT,0
1770606502.6846793,BIT,1
1770606502.6846793,BIT,0
1770606502.6846793,BIT,1
1770606502.8718,BIT,0
1770606502.8718,BIT,1
1770606502.8718,BIT,0
1770606502.8718,BIT,1
1770606502.8718,BIT,0
1770606502.8718,BIT,1
1770606502.8718,BIT,1
1770606502.8718,BIT,0
1770606502.8718,BIT,0
1770606502.8718,BIT,1
1770606503.045413,BIT,1
1770606503.045413,BIT,0
1770606503.045413,BIT,1
1770606503.045413,BIT,0
1770606503.045413,BIT,0
1770606503.045413,BIT,0
1770606503.045413,BIT,0
1770606503.045413,BIT,0
1770606503.045413,BIT,1
1770606503.045413,BIT,0
1770606503.223695,BIT,1
1770606503.223695,BIT,0
1770606503.223695,BIT,1
1770606503.223695,BIT,0
1770606503.223695,BIT,0
1770606503.223695,BIT,1
1770606503.223695,BIT,0
1770606503.223695,BIT,0
1770606503.223695,BIT,1
1770606503.223695,BIT,1
1770606503.4179318,BIT,0
1770606503.4179318,BIT,0
1770606503.4179318,BIT,0
1770606503.4179318,BIT,0
1770606503.4179318,BIT,0
1770606503.4179318,BIT,0
1770606503.4179318,BIT,1
1770606503.4179318,BIT,1
1770606503.4179318,BIT,1
1770606503.4179318,BIT,0
1770606503.5881944,BIT,0
1770606503.5881944,BIT,1
1770606503.5881944,BIT,0
1770606503.5881944,BIT,0
1770606503.5881944,BIT,1
1770606503.5881944,BIT,0
1770606503.5881944,BIT,0
1770606503.5881944,BIT,1
1770606503.5881944,BIT,0
1770606503.5881944,BIT,0
1770606503.765509,BIT,0
1770606503.765509,BIT,1
1770606503.765509,BIT,1
1770606503.765509,BIT,0
1770606503.765509,BIT,0
1770606503.765509,BIT,1
1770606503.765509,BIT,1
1770606503.765509,BIT,0
1770606503.765509,BIT,0
1770606503.765509,BIT,0
1770606503.955307,BIT,0
1770606503.955307,BIT,0
1770606503.955307,BIT,0
1770606503.955307,BIT,1
1770606503.955307,BIT,0
1770606503.955307,BIT,0
1770606503.955307,BIT,1
1770606503.955307,BIT,1
1770606503.955307,BIT,0
1770606503.955307,BIT,0
1770606504.1210845,BIT,0
1770606504.1210845,BIT,1
1770606504.1210845,BIT,1
1770606504.1210845,BIT,1
1770606504.1210845,BIT,1
1770606504.1210845,BIT,1
1770606504.1210845,BIT,1
1770606504.1210845,BIT,0
1770606504.1210845,BIT,0
1770606504.1210845,BIT,1
1770606504.307393,BIT,0
1770606504.307393,BIT,0
1770606504.307393,BIT,0
1770606504.307393,BIT,1
1770606504.307393,BIT,1
1770606504.307393,BIT,1
1770606504.307393,BIT,0
1770606504.307393,BIT,1
1770606504.307393,BIT,0
1770606504.307393,BIT,0
1770606504.5046751,BIT,0
1770606504.5046751,BIT,0
1770606504.5046751,BIT,0
1770606504.5046751,BIT,0
1770606504.5046751,BIT,1
1770606504.5046751,BIT,1
1770606504.5046751,BIT,0
1770606504.5046751,BIT,0
1770606504.5046751,BIT,0
1770606504.5046751,BIT,0
1770606504.7413714,BIT,1
1770606504.7413714,BIT,1
1770606504.7413714,BIT,0
1770606504.7413714,BIT,1
1770606504.7413714,BIT,0
1770606504.7413714,BIT,0
1770606504.7413714,BIT,1
1770606504.7413714,BIT,1
1770606504.7413714,BIT,1
1770606504.7413714,BIT,0
1770606504.9758074,BIT,0
1770606504.9758074,BIT,0
1770606504.9758074,BIT,1
1770606504.9758074,BIT,0
1770606504.9758074,BIT,1
1770606504.9758074,BIT,1
1770606504.9758074,BIT,1
1770606504.9758074,BIT,0
1770606504.9758074,BIT,1
1770606504.9758074,BIT,0
1770606505.2021794,BIT,0
1770606505.2021794,BIT,1
1770606505.2021794,BIT,0
1770606505.2021794,BIT,0
1770606505.2021794,BIT,0
1770606505.2021794,BIT,1
1770606505.2021794,BIT,1
1770606505.2021794,BIT,0
1770606505.2021794,BIT,0
1770606505.2021794,BIT,1
1770606505.4248548,BIT,0
1770606505.4248548,BIT,1
1770606505.4248548,BIT,1
1770606505.4248548,BIT,0
1770606505.4248548,BIT,1
1770606505.4248548,BIT,0
1770606505.4248548,BIT,1
1770606505.4248548,BIT,1
1770606505.4248548,BIT,1
1770606505.4248548,BIT,0
1770606505.6335018,BIT,0
1770606505.6335018,BIT,1
1770606505.6335018,BIT,1
1770606505.6335018,BIT,1
1770606505.6335018,BIT,0
1770606505.6335018,BIT,1
1770606505.6335018,BIT,0
1770606505.6335018,BIT,0
1770606505.6335018,BIT,0
1770606505.6335018,BIT,1
1770606505.849234,BIT,0
1770606505.849234,BIT,0
1770606505.849234,BIT,1
1770606505.849234,BIT,1
1770606505.849234,BIT,1
1770606505.849234,BIT,1
1770606505.849234,BIT,0
1770606505.849234,BIT,1
1770606505.849234,BIT,1
1770606505.849234,BIT,1
1770606506.1281786,BIT,0
1770606506.1281786,BIT,1
1770606506.1281786,BIT,1
1770606506.1281786,BIT,1
1770606506.1281786,BIT,0
1770606506.1281786,BIT,1
1770606506.1281786,BIT,1
1770606506.1281786,BIT,1
1770606506.1281786,BIT,1
1770606506.1281786,BIT,1
1770606506.3615918,BIT,0
1770606506.3615918,BIT,0
1770606506.3615918,BIT,0
1770606506.3615918,BIT,1
1770606506.3615918,BIT,0
1770606506.3615918,BIT,0
1770606506.3615918,BIT,1
1770606506.3615918,BIT,0
1770606506.3615918,BIT,0
1770606506.3615918,BIT,1
1770606506.5894926,BIT,0
1770606506.5894926,BIT,1
1770606506.5894926,BIT,1
1770606506.5894926,BIT,1
1770606506.5894926,BIT,0
1770606506.5894926,BIT,1
1770606506.5894926,BIT,1
1770606506.5894926,BIT,0
1770606506.5894926,BIT,0
1770606506.5894926,BIT,0
1770606506.840505,BIT,1
1770606506.840505,BIT,0
1770606506.840505,BIT,0
1770606506.840505,BIT,0
1770606506.840505,BIT,0
1770606506.840505,BIT,1
1770606506.840505,BIT,0
1770606506.840505,BIT,1
1770606506.840505,BIT,1
1770606506.840505,BIT,0
1770606507.0724583,BIT,0
1770606507.0724583,BIT,0
1770606507.0724583,BIT,1
1770606507.0724583,BIT,0
1770606507.0724583,BIT,0
1770606507.0724583,BIT,0
1770606507.0724583,BIT,1
1770606507.0724583,BIT,0
1770606507.0724583,BIT,0
1770606507.0724583,BIT,0
1770606507.2914834,BIT,1
1770606507.2914834,BIT,1
1770606507.2914834,BIT,1
1770606507.2914834,BIT,1
1770606507.2914834,BIT,1
1770606507.2914834,BIT,0
1770606507.2914834,BIT,1
1770606507.2914834,BIT,1
1770606507.2914834,BIT,0
1770606507.2914834,BIT,0
1770606507.5325909,BIT,0
1770606507.5325909,BIT,1
1770606507.5325909,BIT,1
1770606507.5325909,BIT,0
1770606507.5325909,BIT,0
1770606507.5325909,BIT,0
1770606507.5325909,BIT,1
1770606507.5325909,BIT,0
1770606507.5325909,BIT,1
1770606507.5325909,BIT,0
1770606507.764769,BIT,1
1770606507.764769,BIT,0
1770606507.764769,BIT,0
1770606507.764769,BIT,1
1770606507.764769,BIT,0
1770606507.764769,BIT,0
1770606507.764769,BIT,1
1770606507.764769,BIT,0
1770606507.764769,BIT,0
1770606507.764769,BIT,0
1770606508.0074282,BIT,1
1770606508.0074282,BIT,1
1770606508.0074282,BIT,1
1770606508.0074282,BIT,1
1770606508.0074282,BIT,0
1770606508.0074282,BIT,0
1770606508.0074282,BIT,1
1770606508.0074282,BIT,1
1770606508.0074282,BIT,0
1770606508.0074282,BIT,1
1770606508.229225,BIT,1
1770606508.229225,BIT,0
1770606508.229225,BIT,0
1770606508.229225,BIT,0
1770606508.229225,BIT,0
1770606508.229225,BIT,1
1770606508.229225,BIT,0
1770606508.229225,BIT,0
1770606508.229225,BIT,1
1770606508.229225,BIT,1
1770606508.4716673,BIT,1
1770606508.4716673,BIT,1
1770606508.4716673,BIT,1
1770606508.4716673,BIT,1
1770606508.4716673,BIT,1
1770606508.4716673,BIT,0
1770606508.4716673,BIT,1
1770606508.4716673,BIT,0
1770606508.4716673,BIT,1
1770606508.4716673,BIT,1
1770606508.695455,BIT,1
1770606508.695455,BIT,0
1770606508.695455,BIT,0
1770606508.695455,BIT,0
1770606508.695455,BIT,1
1770606508.695455,BIT,0
1770606508.695455,BIT,0
1770606508.695455,BIT,0
1770606508.695455,BIT,0
1770606508.695455,BIT,1
1770606509.0059836,BIT,0
1770606509.0059836,BIT,1
1770606509.0059836,BIT,0
1770606509.0059836,BIT,0
1770606509.0059836,BIT,1
1770606509.0059836,BIT,1
1770606509.0059836,BIT,0
1770606509.0059836,BIT,1
1770606509.0059836,BIT,1
1770606509.0059836,BIT,0
1770606509.2333813,BIT,0
1770606509.2333813,BIT,0
1770606509.2333813,BIT,0
1770606509.2333813,BIT,0
1770606509.2333813,BIT,0
1770606509.2333813,BIT,0
1770606509.2333813,BIT,0
1770606509.2333813,BIT,0
1770606509.2333813,BIT,0
1770606509.2333813,BIT,0
1770606509.4819632,BIT,1
1770606509.4819632,BIT,1
1770606509.4819632,BIT,1
1770606509.4819632,BIT,1
1770606509.4819632,BIT,1
1770606509.4819632,BIT,0
1770606509.4819632,BIT,0
1770606509.4819632,BIT,0
1770606509.4819632,BIT,0
1770606509.4819632,BIT,0
1770606509.7001185,BIT,1
1770606509.7001185,BIT,1
1770606509.7001185,BIT,0
1770606509.7001185,BIT,1
1770606509.7001185,BIT,0
1770606509.7001185,BIT,1
1770606509.7001185,BIT,0
1770606509.7001185,BIT,1
1770606509.7001185,BIT,0
1770606509.7001185,BIT,0
1770606509.94105,BIT,0
1770606509.94105,BIT,1
1770606509.94105,BIT,1
1770606509.94105,BIT,0
1770606509.94105,BIT,1
1770606509.94105,BIT,0
1770606509.94105,BIT,1
1770606509.94105,BIT,0
1770606509.94105,BIT,0
1770606509.94105,BIT,1
1770606510.1814406,BIT,1
1770606510.1814406,BIT,1
1770606510.1814406,BIT,1
1770606510.1814406,BIT,1
1770606510.1814406,BIT,1
1770606510.1814406,BIT,1
1770606510.1814406,BIT,1
1770606510.1814406,BIT,0
1770606510.1814406,BIT,1
1770606510.1814406,BIT,1
1770606510.440047,BIT,0
1770606510.440047,BIT,1
1770606510.440047,BIT,1
1770606510.440047,BIT,1
1770606510.440047,BIT,0
1770606510.440047,BIT,0
1770606510.440047,BIT,0
1770606510.440047,BIT,1
1770606510.440047,BIT,1
1770606510.440047,BIT,0
1770606510.6680334,BIT,0
1770606510.6680334,BIT,0
1770606510.6680334,BIT,0
1770606510.6680334,BIT,1
1770606510.6680334,BIT,0
1770606510.6680334,BIT,1
1770606510.6680334,BIT,1
1770606510.6680334,BIT,0
1770606510.6680334,BIT,1
1770606510.6680334,BIT,0
1770606510.874946,BIT,0
1770606510.874946,BIT,1
1770606510.874946,BIT,1
1770606510.874946,BIT,0
1770606510.874946,BIT,0
1770606510.874946,BIT,0
1770606510.874946,BIT,1
1770606510.874946,BIT,0
1770606510.874946,BIT,1
1770606510.874946,BIT,0
1770606511.0935378,BIT,1
1770606511.0935378,BIT,1
1770606511.0935378,BIT,0
1770606511.0935378,BIT,1
1770606511.0935378,BIT,0
1770606511.0935378,BIT,1
1770606511.0935378,BIT,0
1770606511.0935378,BIT,1
1770606511.0935378,BIT,0
1770606511.0935378,BIT,1
1770606511.324367,BIT,0
1770606511.324367,BIT,1
1770606511.324367,BIT,0
1770606511.324367,BIT,0
1770606511.324367,BIT,1
1770606511.324367,BIT,0
1770606511.324367,BIT,1
1770606511.324367,BIT,0
1770606511.324367,BIT,1
1770606511.324367,BIT,1
1770606511.5579088,BIT,1
1770606511.5579088,BIT,0
1770606511.5579088,BIT,0
1770606511.5579088,BIT,0
1770606511.5579088,BIT,0
1770606511.5579088,BIT,1
1770606511.5579088,BIT,1
1770606511.5579088,BIT,1
1770606511.5579088,BIT,1
1770606511.5579088,BIT,0
1770606511.8065255,BIT,0
1770606511.8065255,BIT,1
1770606511.8065255,BIT,0
1770606511.8065255,BIT,1
1770606511.8065255,BIT,0
1770606511.8065255,BIT,1
1770606511.8065255,BIT,0
1770606511.8065255,BIT,1
1770606511.8065255,BIT,0
1770606511.8065255,BIT,0
1770606512.024381,BIT,0
1770606512.024381,BIT,0
1770606512.024381,BIT,1
1770606512.024381,BIT,0
1770606512.024381,BIT,0
1770606512.024381,BIT,1
1770606512.024381,BIT,1
1770606512.024381,BIT,1
1770606512.024381,BIT,0
1770606512.024381,BIT,1
1770606512.2395391,BIT,1
1770606512.2395391,BIT,1
1770606512.2395391,BIT,0
1770606512.2395391,BIT,1
1770606512.2395391,BIT,1
1770606512.2395391,BIT,0
1770606512.2395391,BIT,0
1770606512.2395391,BIT,1
1770606512.2395391,BIT,0
1770606512.2395391,BIT,0
1770606512.4781826,BIT,1
1770606512.4781826,BIT,1
1770606512.4781826,BIT,0
1770606512.4781826,BIT,1
1770606512.4781826,BIT,1
1770606512.4781826,BIT,1
1770606512.4781826,BIT,0
1770606512.4781826,BIT,0
1770606512.4781826,BIT,1
1770606512.4781826,BIT,1
1770606512.6863115,BIT,0
1770606512.6863115,BIT,0
1770606512.6863115,BIT,0
1770606512.6863115,BIT,0
1770606512.6863115,BIT,0
1770606512.6863115,BIT,0
1770606512.6863115,BIT,0
1770606512.6863115,BIT,0
1770606512.6863115,BIT,1
1770606512.6863115,BIT,1
1770606512.9292192,BIT,1
1770606512.9292192,BIT,0
1770606512.9292192,BIT,1
1770606512.9292192,BIT,1
1770606512.9292192,BIT,1
1770606512.9292192,BIT,1
1770606512.9292192,BIT,0
1770606512.9292192,BIT,1
1770606512.9292192,BIT,0
1770606512.9292192,BIT,0
1770606513.133089,BIT,0
1770606513.133089,BIT,1
1770606513.133089,BIT,1
1770606513.133089,BIT,1
1770606513.133089,BIT,0
1770606513.133089,BIT,1
1770606513.133089,BIT,1
1770606513.133089,BIT,0
1770606513.133089,BIT,0
1770606513.133089,BIT,0
1770606513.3608425,BIT,0
1770606513.3608425,BIT,1
1770606513.3608425,BIT,0
1770606513.3608425,BIT,1
1770606513.3608425,BIT,1
1770606513.3608425,BIT,1
1770606513.3608425,BIT,0
1770606513.3608425,BIT,1
1770606513.3608425,BIT,1
1770606513.3608425,BIT,1
1770606513.6148384,BIT,1
1770606513.6148384,BIT,0
1770606513.6148384,BIT,1
1770606513.6148384,BIT,1
1770606513.6148384,BIT,0
1770606513.6148384,BIT,1
1770606513.6148384,BIT,0
1770606513.6148384,BIT,1
1770606513.6148384,BIT,0
1770606513.6148384,BIT,0
1770606513.9181468,BIT,1
1770606513.9181468,BIT,0
1770606513.9181468,BIT,0
1770606513.9181468,BIT,0
1770606513.9181468,BIT,0
1770606513.9181468,BIT,0
1770606513.9181468,BIT,0
1770606513.9181468,BIT,1
1770606513.9181468,BIT,0
1770606513.9181468,BIT,1
1770606514.192735,BIT,0
1770606514.192735,BIT,1
1770606514.192735,BIT,1
1770606514.192735,BIT,1
1770606514.192735,BIT,1
1770606514.192735,BIT,0
1770606514.192735,BIT,0
1770606514.192735,BIT,1
1770606514.192735,BIT,0
1770606514.192735,BIT,0
1770606514.5108607,BIT,1
1770606514.5108607,BIT,1
1770606514.5108607,BIT,0
1770606514.5108607,BIT,1
1770606514.5108607,BIT,0
1770606514.5108607,BIT,0
1770606514.5108607,BIT,0
1770606514.5108607,BIT,0
1770606514.5108607,BIT,1
1770606514.5108607,BIT,1
1770606514.8117015,BIT,1
1770606514.8117015,BIT,1
1770606514.8117015,BIT,0
1770606514.8117015,BIT,1
1770606514.8117015,BIT,0
1770606514.8117015,BIT,0
1770606514.8117015,BIT,0
1770606514.8117015,BIT,1
1770606514.8117015,BIT,1
1770606514.8117015,BIT,1
1770606515.10318,BIT,0
1770606515.10318,BIT,1
1770606515.10318,BIT,1
1770606515.10318,BIT,1
1770606515.10318,BIT,0
1770606515.10318,BIT,0
1770606515.10318,BIT,1
1770606515.10318,BIT,0
1770606515.10318,BIT,0
1770606515.10318,BIT,0
1770606515.4264622,BIT,0
1770606515.4264622,BIT,1
1770606515.4264622,BIT,1
1770606515.4264622,BIT,0
1770606515.4264622,BIT,0
1770606515.4264622,BIT,1
1770606515.4264622,BIT,0
1770606515.4264622,BIT,1
1770606515.4264622,BIT,0
1770606515.4264622,BIT,1
1770606515.7061858,BIT,1
1770606515.7061858,BIT,1
1770606515.7061858,BIT,0
1770606515.7061858,BIT,0
1770606515.7061858,BIT,1
1770606515.7061858,BIT,1
1770606515.7061858,BIT,0
1770606515.7061858,BIT,0
1770606515.7061858,BIT,1
1770606515.7061858,BIT,1
1770606515.9641078,BIT,1
1770606515.9641078,BIT,0
1770606515.9641078,BIT,0
1770606515.9641078,BIT,1
1770606515.9641078,BIT,1
1770606515.9641078,BIT,1
1770606515.9641078,BIT,0
1770606515.9641078,BIT,1
1770606515.9641078,BIT,1
1770606515.9641078,BIT,0
1770606516.1879551,BIT,0
1770606516.1879551,BIT,1
1770606516.1879551,BIT,0
1770606516.1879551,BIT,1
1770606516.1879551,BIT,1
1770606516.1879551,BIT,1
1770606516.1879551,BIT,1
1770606516.1879551,BIT,0
1770606516.1879551,BIT,0
1770606516.1879551,BIT,1
1770606516.4513576,BIT,0
1770606516.4513576,BIT,0
1770606516.4513576,BIT,1
1770606516.4513576,BIT,1
1770606516.4513576,BIT,0
1770606516.4513576,BIT,1
1770606516.4513576,BIT,1
1770606516.4513576,BIT,0
1770606516.4513576,BIT,0
1770606516.4513576,BIT,1
1770606516.6771765,BIT,1
1770606516.6771765,BIT,1
1770606516.6771765,BIT,1
1770606516.6771765,BIT,0
1770606516.6771765,BIT,0
1770606516.6771765,BIT,0
1770606516.6771765,BIT,1
1770606516.6771765,BIT,0
1770606516.6771765,BIT,1
1770606516.6771765,BIT,0
1770606516.9141257,BIT,1
1770606516.9141257,BIT,1
1770606516.9141257,BIT,1
1770606516.9141257,BIT,0
1770606516.9141257,BIT,1
1770606516.9141257,BIT,0
1770606516.9141257,BIT,0
1770606516.9141257,BIT,1
1770606516.9141257,BIT,1
1770606516.9141257,BIT,0
1770606517.1241453,BIT,1
1770606517.1241453,BIT,0
1770606517.1241453,BIT,1
1770606517.1241453,BIT,1
1770606517.1241453,BIT,0
1770606517.1241453,BIT,0
1770606517.1241453,BIT,1
1770606517.1241453,BIT,1
1770606517.1241453,BIT,0
1770606517.1241453,BIT,0
1770606517.3517265,BIT,1
1770606517.3517265,BIT,1
1770606517.3517265,BIT,1
1770606517.3517265,BIT,1
1770606517.3517265,BIT,0
1770606517.3517265,BIT,1
1770606517.3517265,BIT,0
1770606517.3517265,BIT,1
1770606517.3517265,BIT,1
1770606517.3517265,BIT,0
1770606517.6241477,BIT,0
1770606517.6241477,BIT,1
1770606517.6241477,BIT,1
1770606517.6241477,BIT,1
1770606517.6241477,BIT,1
1770606517.6241477,BIT,0
1770606517.6241477,BIT,0
1770606517.6241477,BIT,0
1770606517.6241477,BIT,0
1770606517.6241477,BIT,0
1770606517.905133,BIT,1
1770606517.905133,BIT,1
1770606517.905133,BIT,1
1770606517.905133,BIT,0
1770606517.905133,BIT,1
1770606517.905133,BIT,1
1770606517.905133,BIT,0
1770606517.905133,BIT,1
1770606517.905133,BIT,0
1770606517.905133,BIT,1
1770606518.14002,BIT,0
1770606518.14002,BIT,1
1770606518.14002,BIT,1
1770606518.14002,BIT,0
1770606518.14002,BIT,0
1770606518.14002,BIT,1
1770606518.14002,BIT,1
1770606518.14002,BIT,1
1770606518.14002,BIT,0
1770606518.14002,BIT,1
1770606518.377528,BIT,0
1770606518.377528,BIT,0
1770606518.377528,BIT,1
1770606518.377528,BIT,1
1770606518.377528,BIT,0
1770606518.377528,BIT,1
1770606518.377528,BIT,1
1770606518.377528,BIT,1
1770606518.377528,BIT,1
1770606518.377528,BIT,1
1770606518.6274228,BIT,1
1770606518.6274228,BIT,1
1770606518.6274228,BIT,0
1770606518.6274228,BIT,0
1770606518.6274228,BIT,1
1770606518.6274228,BIT,1
1770606518.6274228,BIT,1
1770606518.6274228,BIT,0
1770606518.6274228,BIT,1
1770606518.6274228,BIT,1
1770606518.8446393,BIT,1
1770606518.8446393,BIT,0
1770606518.8446393,BIT,1
1770606518.8446393,BIT,1
1770606518.8446393,BIT,1
1770606518.8446393,BIT,1
1770606518.8446393,BIT,0
1770606518.8446393,BIT,0
1770606518.8446393,BIT,1
1770606518.8446393,BIT,1
1770606519.0802824,BIT,0
1770606519.0802824,BIT,0
1770606519.0802824,BIT,1
1770606519.0802824,BIT,0
1770606519.0802824,BIT,0
1770606519.0802824,BIT,0
1770606519.0802824,BIT,1
1770606519.0802824,BIT,1
1770606519.0802824,BIT,1
1770606519.0802824,BIT,1
1770606519.2752664,BIT,1
1770606519.2752664,BIT,0
1770606519.2752664,BIT,1
1770606519.2752664,BIT,0
1770606519.2752664,BIT,1
1770606519.2752664,BIT,1
1770606519.2752664,BIT,1
1770606519.2752664,BIT,1
1770606519.2752664,BIT,1
1770606519.2752664,BIT,0
1770606519.4652534,BIT,0
1770606519.4652534,BIT,1
1770606519.4652534,BIT,0
1770606519.4652534,BIT,0
1770606519.4652534,BIT,1
1770606519.4652534,BIT,0
1770606519.4652534,BIT,0
1770606519.4652534,BIT,0
1770606519.4652534,BIT,0
1770606519.4652534,BIT,0
1770606519.6499789,BIT,1
1770606519.6499789,BIT,0
1770606519.6499789,BIT,1
1770606519.6499789,BIT,1
1770606519.6499789,BIT,0
1770606519.6499789,BIT,1
1770606519.6499789,BIT,0
1770606519.6499789,BIT,0
1770606519.6499789,BIT,1
1770606519.6499789,BIT,0
1770606519.849511,BIT,1
1770606519.849511,BIT,0
1770606519.849511,BIT,0
1770606519.849511,BIT,1
1770606519.849511,BIT,1
1770606519.849511,BIT,0
1770606519.849511,BIT,0
1770606519.849511,BIT,1
1770606519.849511,BIT,1
1770606519.849511,BIT,0
1770606520.0456512,BIT,1
1770606520.0456512,BIT,1
1770606520.0456512,BIT,0
1770606520.0456512,BIT,0
1770606520.0456512,BIT,0
1770606520.0456512,BIT,0
1770606520.0456512,BIT,1
1770606520.0456512,BIT,1
1770606520.0456512,BIT,0
1770606520.0456512,BIT,0
1770606520.2283955,BIT,1
1770606520.2283955,BIT,1
1770606520.2283955,BIT,0
1770606520.2283955,BIT,0
1770606520.2283955,BIT,1
1770606520.2283955,BIT,1
1770606520.2283955,BIT,0
1770606520.2283955,BIT,0
1770606520.2283955,BIT,0
1770606520.2283955,BIT,1
1770606520.4089305,BIT,1
1770606520.4089305,BIT,1
1770606520.4089305,BIT,1
1770606520.4089305,BIT,0
1770606520.4089305,BIT,0
1770606520.4089305,BIT,1
1770606520.4089305,BIT,1
1770606520.4089305,BIT,1
1770606520.4089305,BIT,0
1770606520.4089305,BIT,0
1770606520.5847523,BIT,0
1770606520.5847523,BIT,0
1770606520.5847523,BIT,1
1770606520.5847523,BIT,0
1770606520.5847523,BIT,1
1770606520.5847523,BIT,0
1770606520.5847523,BIT,1
1770606520.5847523,BIT,0
1770606520.5847523,BIT,0
1770606520.5847523,BIT,1
1770606520.760891,BIT,0
1770606520.760891,BIT,0
1770606520.760891,BIT,1
1770606520.760891,BIT,0
1770606520.760891,BIT,0
1770606520.760891,BIT,1
1770606520.760891,BIT,0
1770606520.760891,BIT,1
1770606520.760891,BIT,1
1770606520.760891,BIT,0
1770606520.9592981,BIT,0
1770606520.9592981,BIT,1
1770606520.9592981,BIT,0
1770606520.9592981,BIT,0
1770606520.9592981,BIT,0
1770606520.9592981,BIT,1
1770606520.9592981,BIT,1
1770606520.9592981,BIT,1
1770606520.9592981,BIT,0
1770606520.9592981,BIT,1
1770606521.1421049,BIT,0
1770606521.1421049,BIT,0
1770606521.1421049,BIT,1
1770606521.1421049,BIT,1
1770606521.1421049,BIT,0
1770606521.1421049,BIT,1
1770606521.1421049,BIT,0
1770606521.1421049,BIT,1
1770606521.1421049,BIT,0
1770606521.1421049,BIT,0
1770606521.3304868,BIT,1
1770606521.3304868,BIT,0
1770606521.3304868,BIT,1
1770606521.3304868,BIT,1
1770606521.3304868,BIT,0
1770606521.3304868,BIT,1
1770606521.3304868,BIT,1
1770606521.3304868,BIT,1
1770606521.3304868,BIT,1
1770606521.3304868,BIT,1
1770606521.505879,BIT,1
1770606521.505879,BIT,1
1770606521.505879,BIT,0
1770606521.505879,BIT,0
1770606521.505879,BIT,1
1770606521.505879,BIT,1
1770606521.505879,BIT,1
1770606521.505879,BIT,1
1770606521.505879,BIT,1
1770606521.505879,BIT,1
1770606521.675482,BIT,1
1770606521.675482,BIT,0
1770606521.675482,BIT,1
1770606521.675482,BIT,1
1770606521.675482,BIT,0
1770606521.675482,BIT,0
1770606521.675482,BIT,1
1770606521.675482,BIT,0
1770606521.675482,BIT,0
1770606521.675482,BIT,1
1770606521.8522074,BIT,0
1770606521.8522074,BIT,0
1770606521.8522074,BIT,1
1770606521.8522074,BIT,1
1770606521.8522074,BIT,0
1770606521.8522074,BIT,0
1770606521.8522074,BIT,1
1770606521.8522074,BIT,1
1770606521.8522074,BIT,1
1770606521.8522074,BIT,1
1770606522.0562108,BIT,1
1770606522.0562108,BIT,1
1770606522.0562108,BIT,0
1770606522.0562108,BIT,0
1770606522.0562108,BIT,0
1770606522.0562108,BIT,1
1770606522.0562108,BIT,0
1770606522.0562108,BIT,0
1770606522.0562108,BIT,0
1770606522.0562108,BIT,1
1770606522.2445834,BIT,0
1770606522.2445834,BIT,1
1770606522.2445834,BIT,1
1770606522.2445834,BIT,0
1770606522.2445834,BIT,1
1770606522.2445834,BIT,0
1770606522.2445834,BIT,0
1770606522.2445834,BIT,0
1770606522.2445834,BIT,1
1770606522.2445834,BIT,0
1770606522.4490929,BIT,1
1770606522.4490929,BIT,1
1770606522.4490929,BIT,0
1770606522.4490929,BIT,0
1770606522.4490929,BIT,0
1770606522.4490929,BIT,1
1770606522.4490929,BIT,0
1770606522.4490929,BIT,0
1770606522.4490929,BIT,0
1770606522.4490929,BIT,1
1770606522.6226165,BIT,0
1770606522.6226165,BIT,1
1770606522.6226165,BIT,1
1770606522.6226165,BIT,1
1770606522.6226165,BIT,1
1770606522.6226165,BIT,0
1770606522.6226165,BIT,0
1770606522.6226165,BIT,0
1770606522.6226165,BIT,1
1770606522.6226165,BIT,0
1770606522.8401349,BIT,1
1770606522.8401349,BIT,1
1770606522.8401349,BIT,0
1770606522.8401349,BIT,0
1770606522.8401349,BIT,0
1770606522.8401349,BIT,1
1770606522.8401349,BIT,0
1770606522.8401349,BIT,0
1770606522.8401349,BIT,0
1770606522.8401349,BIT,1
1770606523.0462756,BIT,0
1770606523.0462756,BIT,1
1770606523.0462756,BIT,1
1770606523.0462756,BIT,1
1770606523.0462756,BIT,0
1770606523.0462756,BIT,1
1770606523.0462756,BIT,1
1770606523.0462756,BIT,1
1770606523.0462756,BIT,1
1770606523.0462756,BIT,1
1770606523.2346926,BIT,0
1770606523.2346926,BIT,1
1770606523.2346926,BIT,1
1770606523.2346926,BIT,1
1770606523.2346926,BIT,1
1770606523.2346926,BIT,0
1770606523.2346926,BIT,1
1770606523.2346926,BIT,1
1770606523.2346926,BIT,0
1770606523.2346926,BIT,0
1770606523.4277124,BIT,0
1770606523.4277124,BIT,0
1770606523.4277124,BIT,1
1770606523.4277124,BIT,1
1770606523.4277124,BIT,1
1770606523.4277124,BIT,0
1770606523.4277124,BIT,0
1770606523.4277124,BIT,1
1770606523.4277124,BIT,1
1770606523.4277124,BIT,0
1770606523.6363735,BIT,0
1770606523.6363735,BIT,1
1770606523.6363735,BIT,1
1770606523.6363735,BIT,1
1770606523.6363735,BIT,1
1770606523.6363735,BIT,1
1770606523.6363735,BIT,0
1770606523.6363735,BIT,0
1770606523.6363735,BIT,1
1770606523.6363735,BIT,1
1770606523.889756,BIT,1
1770606523.889756,BIT,0
1770606523.889756,BIT,0
1770606523.889756,BIT,1
1770606523.889756,BIT,0
1770606523.889756,BIT,1
1770606523.889756,BIT,0
1770606523.889756,BIT,0
1770606523.889756,BIT,1
1770606523.889756,BIT,1
1770606524.1379366,BIT,0
1770606524.1379366,BIT,0
1770606524.1379366,BIT,0
1770606524.1379366,BIT,0
1770606524.1379366,BIT,1
1770606524.1379366,BIT,0
1770606524.1379366,BIT,0
1770606524.1379366,BIT,0
1770606524.1379366,BIT,1
1770606524.1379366,BIT,0
1770606524.3514717,BIT,1
1770606524.3514717,BIT,0
1770606524.3514717,BIT,1
1770606524.3514717,BIT,1
1770606524.3514717,BIT,0
1770606524.3514717,BIT,0
1770606524.3514717,BIT,0
1770606524.3514717,BIT,0
1770606524.3514717,BIT,1
1770606524.3514717,BIT,0
1770606524.558235,BIT,0
1770606524.558235,BIT,0
1770606524.558235,BIT,1
1770606524.558235,BIT,0
1770606524.558235,BIT,0
1770606524.558235,BIT,1
1770606524.558235,BIT,1
1770606524.558235,BIT,0
1770606524.558235,BIT,0
1770606524.558235,BIT,1
1770606524.7528691,BIT,0
1770606524.7528691,BIT,1
1770606524.7528691,BIT,1
1770606524.7528691,BIT,1
1770606524.7528691,BIT,1
1770606524.7528691,BIT,0
1770606524.7528691,BIT,1
1770606524.7528691,BIT,1
1770606524.7528691,BIT,1
1770606524.7528691,BIT,1
1770606524.9672842,BIT,1
1770606524.9672842,BIT,1
1770606524.9672842,BIT,0
1770606524.9672842,BIT,1
1770606524.9672842,BIT,0
1770606524.9672842,BIT,0
1770606524.9672842,BIT,0
1770606524.9672842,BIT,0
1770606524.9672842,BIT,0
1770606524.9672842,BIT,0
1770606525.1561477,BIT,1
1770606525.1561477,BIT,0
1770606525.1561477,BIT,1
1770606525.1561477,BIT,0
1770606525.1561477,BIT,0
1770606525.1561477,BIT,1
1770606525.1561477,BIT,0
1770606525.1561477,BIT,1
1770606525.1561477,BIT,1
1770606525.1561477,BIT,0
1770606525.33629,BIT,1
1770606525.33629,BIT,0
1770606525.33629,BIT,1
1770606525.33629,BIT,1
1770606525.33629,BIT,0
1770606525.33629,BIT,1
1770606525.33629,BIT,0
1770606525.33629,BIT,1
1770606525.33629,BIT,0
1770606525.33629,BIT,1
1770606525.520858,BIT,1
1770606525.520858,BIT,0
1770606525.520858,BIT,1
1770606525.520858,BIT,1
1770606525.520858,BIT,1
1770606525.520858,BIT,0
1770606525.520858,BIT,1
1770606525.520858,BIT,0
1770606525.520858,BIT,0
1770606525.520858,BIT,1
1770606525.6936698,BIT,1
1770606525.6936698,BIT,1
1770606525.6936698,BIT,0
1770606525.6936698,BIT,0
1770606525.6936698,BIT,1
1770606525.6936698,BIT,1
1770606525.6936698,BIT,0
1770606525.6936698,BIT,1
1770606525.6936698,BIT,0
1770606525.6936698,BIT,1
1770606525.88053,BIT,0
1770606525.88053,BIT,1
1770606525.88053,BIT,0
1770606525.88053,BIT,1
1770606525.88053,BIT,1
1770606525.88053,BIT,0
1770606525.88053,BIT,0
1770606525.88053,BIT,1
1770606525.88053,BIT,1
1770606525.88053,BIT,0
1770606526.084694,BIT,0
1770606526.084694,BIT,0
1770606526.084694,BIT,0
1770606526.084694,BIT,1
1770606526.084694,BIT,1
1770606526.084694,BIT,1
1770606526.084694,BIT,1
1770606526.084694,BIT,0
1770606526.084694,BIT,1
1770606526.084694,BIT,1
1770606526.2673326,BIT,1
1770606526.2673326,BIT,0
1770606526.2673326,BIT,1
1770606526.2673326,BIT,0
1770606526.2673326,BIT,1
1770606526.2673326,BIT,1
1770606526.2673326,BIT,1
1770606526.2673326,BIT,0
1770606526.2673326,BIT,1
1770606526.2673326,BIT,1
1770606526.4475317,BIT,1
1770606526.4475317,BIT,0
1770606526.4475317,BIT,0
1770606526.4475317,BIT,0
1770606526.4475317,BIT,0
1770606526.4475317,BIT,1
1770606526.4475317,BIT,1
1770606526.4475317,BIT,0
1770606526.4475317,BIT,1
1770606526.4475317,BIT,1
1770606526.6288698,BIT,0
1770606526.6288698,BIT,1
1770606526.6288698,BIT,1
1770606526.6288698,BIT,1
1770606526.6288698,BIT,0
1770606526.6288698,BIT,0
1770606526.6288698,BIT,0
1770606526.6288698,BIT,1
1770606526.6288698,BIT,1
1770606526.6288698,BIT,1
1770606526.8308625,BIT,1
1770606526.8308625,BIT,0
1770606526.8308625,BIT,1
1770606526.8308625,BIT,0
1770606526.8308625,BIT,0
1770606526.8308625,BIT,0
1770606526.8308625,BIT,0
1770606526.8308625,BIT,0
1770606526.8308625,BIT,0
1770606526.8308625,BIT,0
1770606527.043884,BIT,0
1770606527.043884,BIT,1
1770606527.043884,BIT,0
1770606527.043884,BIT,0
1770606527.043884,BIT,1
1770606527.043884,BIT,0
1770606527.043884,BIT,1
1770606527.043884,BIT,1
1770606527.043884,BIT,0
1770606527.043884,BIT,0
1770606527.2260206,BIT,0
1770606527.2260206,BIT,1
1770606527.2260206,BIT,0
1770606527.2260206,BIT,1
1770606527.2260206,BIT,0
1770606527.2260206,BIT,1
1770606527.2260206,BIT,0
1770606527.2260206,BIT,1
1770606527.2260206,BIT,1
1770606527.2260206,BIT,1
1770606527.410703,BIT,0
1770606527.410703,BIT,0
1770606527.410703,BIT,0
1770606527.410703,BIT,0
1770606527.410703,BIT,0
1770606527.410703,BIT,0
1770606527.410703,BIT,0
1770606527.410703,BIT,1
1770606527.410703,BIT,0
1770606527.410703,BIT,0
1770606527.587879,BIT,1
1770606527.587879,BIT,0
1770606527.587879,BIT,1
1770606527.587879,BIT,1
1770606527.587879,BIT,0
1770606527.587879,BIT,0
1770606527.587879,BIT,1
1770606527.587879,BIT,1
1770606527.587879,BIT,0
1770606527.587879,BIT,0
1770606527.764022,BIT,0
1770606527.764022,BIT,0
1770606527.764022,BIT,1
1770606527.764022,BIT,0
1770606527.764022,BIT,1
1770606527.764022,BIT,0
1770606527.764022,BIT,0
1770606527.764022,BIT,1
1770606527.764022,BIT,1
1770606527.764022,BIT,1
1770606527.9570937,BIT,1
1770606527.9570937,BIT,1
1770606527.9570937,BIT,1
1770606527.9570937,BIT,1
1770606527.9570937,BIT,1
1770606527.9570937,BIT,1
1770606527.9570937,BIT,0
1770606527.9570937,BIT,1
1770606527.9570937,BIT,0
1770606527.9570937,BIT,1
1770606528.134207,BIT,0
1770606528.134207,BIT,0
1770606528.134207,BIT,1
1770606528.134207,BIT,1
1770606528.134207,BIT,1
1770606528.134207,BIT,0
1770606528.134207,BIT,1
1770606528.134207,BIT,0
1770606528.134207,BIT,0
1770606528.134207,BIT,1
1770606528.3167307,BIT,0
1770606528.3167307,BIT,0
1770606528.3167307,BIT,1
1770606528.3167307,BIT,1
1770606528.3167307,BIT,0
1770606528.3167307,BIT,0
1770606528.3167307,BIT,0
1770606528.3167307,BIT,0
1770606528.3167307,BIT,0
1770606528.3167307,BIT,0
1770606528.5039356,BIT,0
1770606528.5039356,BIT,0
1770606528.5039356,BIT,0
1770606528.5039356,BIT,1
1770606528.5039356,BIT,1
1770606528.5039356,BIT,0
1770606528.5039356,BIT,1
1770606528.5039356,BIT,0
1770606528.5039356,BIT,1
1770606528.5039356,BIT,1
1770606528.684455,BIT,1
1770606528.684455,BIT,0
1770606528.684455,BIT,0
1770606528.684455,BIT,0
1770606528.684455,BIT,0
1770606528.684455,BIT,0
1770606528.684455,BIT,0
1770606528.684455,BIT,1
1770606528.684455,BIT,0
1770606528.684455,BIT,1
1770606528.9061565,BIT,1
1770606528.9061565,BIT,1
1770606528.9061565,BIT,1
1770606528.9061565,BIT,0
1770606528.9061565,BIT,0
1770606528.9061565,BIT,0
1770606528.9061565,BIT,1
1770606528.9061565,BIT,1
1770606528.9061565,BIT,1
1770606528.9061565,BIT,0
1770606529.1165578,BIT,1
1770606529.1165578,BIT,1
1770606529.1165578,BIT,0
1770606529.1165578,BIT,0
1770606529.1165578,BIT,0
1770606529.1165578,BIT,0
1770606529.1165578,BIT,0
1770606529.1165578,BIT,1
1770606529.1165578,BIT,0
1770606529.1165578,BIT,0
1770606529.3106124,BIT,0
1770606529.3106124,BIT,1
1770606529.3106124,BIT,0
1770606529.3106124,BIT,1
1770606529.3106124,BIT,0
1770606529.3106124,BIT,0
1770606529.3106124,BIT,0
1770606529.3106124,BIT,0
1770606529.3106124,BIT,1
1770606529.3106124,BIT,1
1770606529.5042508,BIT,0
1770606529.5042508,BIT,0
1770606529.5042508,BIT,0
1770606529.5042508,BIT,0
1770606529.5042508,BIT,1
1770606529.5042508,BIT,1
1770606529.5042508,BIT,1
1770606529.5042508,BIT,1
1770606529.5042508,BIT,0
1770606529.5042508,BIT,0
1770606529.677266,BIT,1
1770606529.677266,BIT,0
1770606529.677266,BIT,0
1770606529.677266,BIT,0
1770606529.677266,BIT,1
1770606529.677266,BIT,0
1770606529.677266,BIT,0
1770606529.677266,BIT,1
1770606529.677266,BIT,0
1770606529.677266,BIT,1
1770606529.8600178,BIT,0
1770606529.8600178,BIT,0
1770606529.8600178,BIT,0
1770606529.8600178,BIT,1
1770606529.8600178,BIT,0
1770606529.8600178,BIT,0
1770606529.8600178,BIT,1
1770606529.8600178,BIT,0
1770606529.8600178,BIT,1
1770606529.8600178,BIT,0
1770606530.0506868,BIT,0
1770606530.0506868,BIT,0
1770606530.0506868,BIT,0
1770606530.0506868,BIT,0
1770606530.0506868,BIT,1
1770606530.0506868,BIT,0
1770606530.0506868,BIT,0
1770606530.0506868,BIT,1
1770606530.0506868,BIT,1
1770606530.0506868,BIT,1
1770606530.231592,BIT,0
1770606530.231592,BIT,1
1770606530.231592,BIT,1
1770606530.231592,BIT,1
1770606530.231592,BIT,1
1770606530.231592,BIT,1
1770606530.231592,BIT,1
1770606530.231592,BIT,0
1770606530.231592,BIT,1
1770606530.231592,BIT,0
1770606530.4099572,BIT,1
1770606530.4099572,BIT,1
1770606530.4099572,BIT,0
1770606530.4099572,BIT,1
1770606530.4099572,BIT,0
1770606530.4099572,BIT,1
1770606530.4099572,BIT,1
1770606530.4099572,BIT,0
1770606530.4099572,BIT,1
1770606530.4099572,BIT,1
1770606530.5754476,BIT,1
1770606530.5754476,BIT,1
1770606530.5754476,BIT,1
1770606530.5754476,BIT,1
1770606530.5754476,BIT,1
1770606530.5754476,BIT,0
1770606530.5754476,BIT,1
1770606530.5754476,BIT,1
1770606530.5754476,BIT,0
1770606530.5754476,BIT,0
1770606530.8046165,BIT,1
1770606530.8046165,BIT,1
1770606530.8046165,BIT,1
1770606530.8046165,BIT,0
1770606530.8046165,BIT,1
1770606530.8046165,BIT,1
1770606530.8046165,BIT,1
1770606530.8046165,BIT,0
1770606530.8046165,BIT,0
1770606530.8046165,BIT,0
1770606531.0828724,BIT,0
1770606531.0828724,BIT,0
1770606531.0828724,BIT,1
1770606531.0828724,BIT,0
1770606531.0828724,BIT,1
1770606531.0828724,BIT,0
1770606531.0828724,BIT,0
1770606531.0828724,BIT,0
1770606531.0828724,BIT,1
1770606531.0828724,BIT,0
1770606531.2936485,BIT,1
1770606531.2936485,BIT,0
1770606531.2936485,BIT,1
1770606531.2936485,BIT,0
1770606531.2936485,BIT,1
1770606531.2936485,BIT,1
1770606531.2936485,BIT,0
1770606531.2936485,BIT,0
1770606531.2936485,BIT,1
1770606531.2936485,BIT,1
1770606531.5186827,BIT,0
1770606531.5186827,BIT,1
1770606531.5186827,BIT,1
1770606531.5186827,BIT,0
1770606531.5186827,BIT,0
1770606531.5186827,BIT,1
1770606531.5186827,BIT,0
1770606531.5186827,BIT,1
1770606531.5186827,BIT,0
1770606531.5186827,BIT,1
1770606531.762032,BIT,0
1770606531.762032,BIT,0
1770606531.762032,BIT,1
1770606531.762032,BIT,1
1770606531.762032,BIT,1
1770606531.762032,BIT,1
1770606531.762032,BIT,0
1770606531.762032,BIT,0
1770606531.762032,BIT,0
1770606531.762032,BIT,1
1770606531.9874532,BIT,0
1770606531.9874532,BIT,0
1770606531.9874532,BIT,1
1770606531.9874532,BIT,0
1770606531.9874532,BIT,0
1770606531.9874532,BIT,1
1770606531.9874532,BIT,0
1770606531.9874532,BIT,0
1770606531.9874532,BIT,1
1770606531.9874532,BIT,0
1770606532.173855,BIT,1
1770606532.173855,BIT,0
1770606532.173855,BIT,1
1770606532.173855,BIT,0
1770606532.173855,BIT,1
1770606532.173855,BIT,1
1770606532.173855,BIT,1
1770606532.173855,BIT,1
1770606532.173855,BIT,0
1770606532.173855,BIT,0
1770606532.3608327,BIT,0
1770606532.3608327,BIT,0
1770606532.3608327,BIT,1
1770606532.3608327,BIT,1
1770606532.3608327,BIT,1
1770606532.3608327,BIT,1
1770606532.3608327,BIT,0
1770606532.3608327,BIT,1
1770606532.3608327,BIT,1
1770606532.3608327,BIT,0
1770606532.541356,BIT,1
1770606532.541356,BIT,1
1770606532.541356,BIT,1
1770606532.541356,BIT,0
1770606532.541356,BIT,1
1770606532.541356,BIT,0
1770606532.541356,BIT,0
1770606532.541356,BIT,1
1770606532.541356,BIT,1
1770606532.541356,BIT,0
1770606532.7224028,BIT,1
1770606532.7224028,BIT,1
1770606532.7224028,BIT,1
1770606532.7224028,BIT,1
1770606532.7224028,BIT,1
1770606532.7224028,BIT,1
1770606532.7224028,BIT,0
1770606532.7224028,BIT,0
1770606532.7224028,BIT,1
1770606532.7224028,BIT,1
1770606532.946259,BIT,0
1770606532.946259,BIT,1
1770606532.946259,BIT,0
1770606532.946259,BIT,0
1770606532.946259,BIT,0
1770606532.946259,BIT,1
1770606532.946259,BIT,1
1770606532.946259,BIT,1
1770606532.946259,BIT,0
1770606532.946259,BIT,0
1770606533.128076,BIT,0
1770606533.128076,BIT,1
1770606533.128076,BIT,0
1770606533.128076,BIT,0
1770606533.128076,BIT,0
1770606533.128076,BIT,1
1770606533.128076,BIT,0
1770606533.128076,BIT,0
1770606533.128076,BIT,0
1770606533.128076,BIT,1
1770606533.3175669,BIT,0
1770606533.3175669,BIT,0
1770606533.3175669,BIT,1
1770606533.3175669,BIT,0
1770606533.3175669,BIT,1
1770606533.3175669,BIT,0
1770606533.3175669,BIT,1
1770606533.3175669,BIT,1
1770606533.3175669,BIT,0
1770606533.3175669,BIT,1
1770606533.4982822,BIT,1
1770606533.4982822,BIT,0
1770606533.4982822,BIT,0
1770606533.4982822,BIT,1
1770606533.4982822,BIT,0
1770606533.4982822,BIT,1
1770606533.4982822,BIT,1
1770606533.4982822,BIT,1
1770606533.4982822,BIT,0
1770606533.4982822,BIT,1
1770606533.6673284,BIT,1
1770606533.6673284,BIT,1
1770606533.6673284,BIT,1
1770606533.6673284,BIT,1
1770606533.6673284,BIT,0
1770606533.6673284,BIT,0
1770606533.6673284,BIT,1
1770606533.6673284,BIT,1
1770606533.6673284,BIT,0
1770606533.6673284,BIT,1
1770606533.877158,BIT,1
1770606533.877158,BIT,0
1770606533.877158,BIT,0
1770606533.877158,BIT,1
1770606533.877158,BIT,1
1770606533.877158,BIT,1
1770606533.877158,BIT,0
1770606533.877158,BIT,1
1770606533.877158,BIT,1
1770606533.877158,BIT,1
1770606534.0900373,BIT,0
1770606534.0900373,BIT,1
1770606534.0900373,BIT,0
1770606534.0900373,BIT,0
1770606534.0900373,BIT,0
1770606534.0900373,BIT,1
1770606534.0900373,BIT,1
1770606534.0900373,BIT,0
1770606534.0900373,BIT,1
1770606534.0900373,BIT,1
1770606534.2873456,BIT,0
1770606534.2873456,BIT,1
1770606534.2873456,BIT,0
1770606534.2873456,BIT,1
1770606534.2873456,BIT,0
1770606534.2873456,BIT,1
1770606534.2873456,BIT,1
1770606534.2873456,BIT,0
1770606534.2873456,BIT,1
1770606534.2873456,BIT,1
1770606534.4750772,BIT,0
1770606534.4750772,BIT,0
1770606534.4750772,BIT,1
1770606534.4750772,BIT,0
1770606534.4750772,BIT,1
1770606534.4750772,BIT,0
1770606534.4750772,BIT,0
1770606534.4750772,BIT,0
1770606534.4750772,BIT,0
1770606534.4750772,BIT,0
1770606534.6633167,BIT,0
1770606534.6633167,BIT,1
1770606534.6633167,BIT,1
1770606534.6633167,BIT,0
1770606534.6633167,BIT,1
1770606534.6633167,BIT,0
1770606534.6633167,BIT,0
1770606534.6633167,BIT,0
1770606534.6633167,BIT,1
1770606534.6633167,BIT,0
1770606534.8509398,BIT,1
1770606534.8509398,BIT,0
1770606534.8509398,BIT,0
1770606534.8509398,BIT,1
1770606534.8509398,BIT,0
1770606534.8509398,BIT,1
1770606534.8509398,BIT,1
1770606534.8509398,BIT,0
1770606534.8509398,BIT,1
1770606534.8509398,BIT,0
1770606535.0545573,BIT,1
1770606535.0545573,BIT,1
1770606535.0545573,BIT,0
1770606535.0545573,BIT,0
1770606535.0545573,BIT,1
1770606535.0545573,BIT,1
1770606535.0545573,BIT,1
1770606535.0545573,BIT,1
1770606535.0545573,BIT,1
1770606535.0545573,BIT,1
1770606535.2496023,BIT,1
1770606535.2496023,BIT,0
1770606535.2496023,BIT,0
1770606535.2496023,BIT,1
1770606535.2496023,BIT,0
1770606535.2496023,BIT,1
1770606535.2496023,BIT,0
1770606535.2496023,BIT,1
1770606535.2496023,BIT,0
1770606535.2496023,BIT,0
1770606535.4426575,BIT,0
1770606535.4426575,BIT,1
1770606535.4426575,BIT,1
1770606535.4426575,BIT,0
1770606535.4426575,BIT,0
1770606535.4426575,BIT,0
1770606535.4426575,BIT,1
1770606535.4426575,BIT,1
1770606535.4426575,BIT,0
1770606535.4426575,BIT,0
1770606535.6339502,BIT,1
1770606535.6339502,BIT,0
1770606535.6339502,BIT,1
1770606535.6339502,BIT,1
1770606535.6339502,BIT,1
1770606535.6339502,BIT,1
1770606535.6339502,BIT,1
1770606535.6339502,BIT,0
1770606535.6339502,BIT,1
1770606535.6339502,BIT,0
1770606535.813996,BIT,0
1770606535.813996,BIT,1
1770606535.813996,BIT,1
1770606535.813996,BIT,1
1770606535.813996,BIT,1
1770606535.813996,BIT,1
1770606535.813996,BIT,0
1770606535.813996,BIT,0
1770606535.813996,BIT,0
1770606535.813996,BIT,0
1770606536.0265646,BIT,1
1770606536.0265646,BIT,1
1770606536.0265646,BIT,0
1770606536.0265646,BIT,0
1770606536.0265646,BIT,0
1770606536.0265646,BIT,1
1770606536.0265646,BIT,0
1770606536.0265646,BIT,0
1770606536.0265646,BIT,1
1770606536.0265646,BIT,1
1770606536.232292,BIT,0
1770606536.232292,BIT,0
1770606536.232292,BIT,1
1770606536.232292,BIT,1
1770606536.232292,BIT,0
1770606536.232292,BIT,1
1770606536.232292,BIT,1
1770606536.232292,BIT,1
1770606536.232292,BIT,1
1770606536.232292,BIT,0
1770606536.4425657,BIT,1
1770606536.4425657,BIT,0
1770606536.4425657,BIT,1
1770606536.4425657,BIT,1
1770606536.4425657,BIT,0
1770606536.4425657,BIT,0
1770606536.4425657,BIT,1
1770606536.4425657,BIT,0
1770606536.4425657,BIT,0
1770606536.4425657,BIT,0
1770606536.6339693,BIT,0
1770606536.6339693,BIT,1
1770606536.6339693,BIT,0
1770606536.6339693,BIT,1
1770606536.6339693,BIT,0
1770606536.6339693,BIT,0
1770606536.6339693,BIT,0
1770606536.6339693,BIT,0
1770606536.6339693,BIT,0
1770606536.6339693,BIT,0
1770606536.8315308,BIT,0
1770606536.8315308,BIT,0
1770606536.8315308,BIT,0
1770606536.8315308,BIT,0
1770606536.8315308,BIT,0
1770606536.8315308,BIT,1
1770606536.8315308,BIT,1
1770606536.8315308,BIT,0
1770606536.8315308,BIT,1
1770606536.8315308,BIT,0
1770606537.0358002,BIT,0
1770606537.0358002,BIT,1
1770606537.0358002,BIT,1
1770606537.0358002,BIT,0
1770606537.0358002,BIT,0
1770606537.0358002,BIT,1
1770606537.0358002,BIT,0
1770606537.0358002,BIT,0
1770606537.0358002,BIT,1
1770606537.0358002,BIT,1
1770606537.229393,BIT,1
1770606537.229393,BIT,0
1770606537.229393,BIT,0
1770606537.229393,BIT,1
1770606537.229393,BIT,1
1770606537.229393,BIT,1
1770606537.229393,BIT,1
1770606537.229393,BIT,0
1770606537.229393,BIT,0
1770606537.229393,BIT,0
1770606537.4296734,BIT,1
1770606537.4296734,BIT,1
1770606537.4296734,BIT,1
1770606537.4296734,BIT,1
1770606537.4296734,BIT,1
1770606537.4296734,BIT,1
1770606537.4296734,BIT,1
1770606537.4296734,BIT,1
1770606537.4296734,BIT,0
1770606537.4296734,BIT,1
1770606537.609107,BIT,1
1770606537.609107,BIT,1
1770606537.609107,BIT,0
1770606537.609107,BIT,1
1770606537.609107,BIT,1
1770606537.609107,BIT,0
1770606537.609107,BIT,1
1770606537.609107,BIT,0
1770606537.609107,BIT,1
1770606537.609107,BIT,0
1770606537.8130271,BIT,1
1770606537.8130271,BIT,0
1770606537.8130271,BIT,0
1770606537.8130271,BIT,1
1770606537.8130271,BIT,0
1770606537.8130271,BIT,1
1770606537.8130271,BIT,0
1770606537.8130271,BIT,1
1770606537.8130271,BIT,0
1770606537.8130271,BIT,0
1770606538.023469,BIT,1
1770606538.023469,BIT,0
1770606538.023469,BIT,0
1770606538.023469,BIT,0
1770606538.023469,BIT,1
1770606538.023469,BIT,0
1770606538.023469,BIT,0
1770606538.023469,BIT,0
1770606538.023469,BIT,0
1770606538.023469,BIT,0
1770606538.3167946,BIT,1
1770606538.3167946,BIT,1
1770606538.3167946,BIT,1
1770606538.3167946,BIT,1
1770606538.3167946,BIT,1
1770606538.3167946,BIT,1
1770606538.3167946,BIT,1
1770606538.3167946,BIT,0
1770606538.3167946,BIT,0
1770606538.3167946,BIT,1
1770606538.5164747,BIT,0
1770606538.5164747,BIT,0
1770606538.5164747,BIT,1
1770606538.5164747,BIT,1
1770606538.5164747,BIT,1
1770606538.5164747,BIT,0
1770606538.5164747,BIT,0
1770606538.5164747,BIT,0
1770606538.5164747,BIT,1
1770606538.5164747,BIT,1
1770606538.694203,BIT,0
1770606538.694203,BIT,0
1770606538.694203,BIT,1
1770606538.694203,BIT,0
1770606538.694203,BIT,1
1770606538.694203,BIT,0
1770606538.694203,BIT,1
1770606538.694203,BIT,1
1770606538.694203,BIT,0
1770606538.694203,BIT,1
1770606538.8985755,BIT,0
1770606538.8985755,BIT,1
1770606538.8985755,BIT,1
1770606538.8985755,BIT,0
1770606538.8985755,BIT,0
1770606538.8985755,BIT,1
1770606538.8985755,BIT,0
1770606538.8985755,BIT,1
1770606538.8985755,BIT,1
1770606538.8985755,BIT,1
1770606539.1168523,BIT,1
1770606539.1168523,BIT,0
1770606539.1168523,BIT,1
1770606539.1168523,BIT,1
1770606539.1168523,BIT,1
1770606539.1168523,BIT,1
1770606539.1168523,BIT,1
1770606539.1168523,BIT,1
1770606539.1168523,BIT,1
1770606539.1168523,BIT,1
1770606539.3180752,BIT,1
1770606539.3180752,BIT,0
1770606539.3180752,BIT,1
1770606539.3180752,BIT,1
1770606539.3180752,BIT,1
1770606539.3180752,BIT,1
1770606539.3180752,BIT,1
1770606539.3180752,BIT,0
1770606539.3180752,BIT,0
1770606539.3180752,BIT,0
1770606539.5042737,BIT,1
1770606539.5042737,BIT,1
1770606539.5042737,BIT,0
1770606539.5042737,BIT,1
1770606539.5042737,BIT,0
1770606539.5042737,BIT,0
1770606539.5042737,BIT,0
1770606539.5042737,BIT,0
1770606539.5042737,BIT,0
1770606539.5042737,BIT,1
1770606539.6736586,BIT,1
1770606539.6736586,BIT,0
1770606539.6736586,BIT,1
1770606539.6736586,BIT,1
1770606539.6736586,BIT,0
1770606539.6736586,BIT,0
1770606539.6736586,BIT,0
1770606539.6736586,BIT,1
1770606539.6736586,BIT,1
1770606539.6736586,BIT,0
1770606539.8442771,BIT,0
1770606539.8442771,BIT,1
1770606539.8442771,BIT,0
1770606539.8442771,BIT,1
1770606539.8442771,BIT,0
1770606539.8442771,BIT,1
1770606539.8442771,BIT,1
1770606539.8442771,BIT,1
1770606539.8442771,BIT,0
1770606539.8442771,BIT,0
1770606540.033644,BIT,0
1770606540.033644,BIT,0
1770606540.033644,BIT,0
1770606540.033644,BIT,1
1770606540.033644,BIT,1
1770606540.033644,BIT,1
1770606540.033644,BIT,1
1770606540.033644,BIT,1
1770606540.033644,BIT,0
1770606540.033644,BIT,1
1770606540.2145038,BIT,1
1770606540.2145038,BIT,0
1770606540.2145038,BIT,1
1770606540.2145038,BIT,1
1770606540.2145038,BIT,1
1770606540.2145038,BIT,1
1770606540.2145038,BIT,1
1770606540.2145038,BIT,0
1770606540.2145038,BIT,0
1770606540.2145038,BIT,1
1770606540.708495,BIT,0
1770606540.708495,BIT,0
1770606540.708495,BIT,0
1770606540.708495,BIT,0
1770606540.708495,BIT,0
1770606540.708495,BIT,0
1770606540.708495,BIT,0
1770606540.708495,BIT,1
1770606540.708495,BIT,1
1770606540.708495,BIT,1
1770606541.1886373,BIT,1
1770606541.1886373,BIT,1
1770606541.1886373,BIT,1
1770606541.1886373,BIT,1
1770606541.1886373,BIT,1
1770606541.1886373,BIT,1
1770606541.1886373,BIT,0
1770606541.1886373,BIT,1
1770606541.1886373,BIT,0
1770606541.1886373,BIT,0
1770606541.4660685,BIT,1
1770606541.4660685,BIT,0
1770606541.4660685,BIT,0
1770606541.4660685,BIT,1
1770606541.4660685,BIT,1
1770606541.4660685,BIT,0
1770606541.4660685,BIT,1
1770606541.4660685,BIT,0
1770606541.4660685,BIT,1
1770606541.4660685,BIT,1
1770606541.719772,BIT,1
1770606541.719772,BIT,0
1770606541.719772,BIT,0
1770606541.719772,BIT,1
1770606541.719772,BIT,1
1770606541.719772,BIT,0
1770606541.719772,BIT,1
1770606541.719772,BIT,0
1770606541.719772,BIT,1
1770606541.719772,BIT,1
1770606541.9793894,BIT,0
1770606541.9793894,BIT,1
1770606541.9793894,BIT,0
1770606541.9793894,BIT,1
1770606541.9793894,BIT,0
1770606541.9793894,BIT,1
1770606541.9793894,BIT,0
1770606541.9793894,BIT,1
1770606541.9793894,BIT,1
1770606541.9793894,BIT,0
1770606542.204976,BIT,1
1770606542.204976,BIT,0
1770606542.204976,BIT,1
1770606542.204976,BIT,0
1770606542.204976,BIT,0
1770606542.204976,BIT,1
1770606542.204976,BIT,0
1770606542.204976,BIT,0
1770606542.204976,BIT,1
1770606542.204976,BIT,0
1770606542.4196265,BIT,1
1770606542.4196265,BIT,0
1770606542.4196265,BIT,1
1770606542.4196265,BIT,0
1770606542.4196265,BIT,0
1770606542.4196265,BIT,1
1770606542.4196265,BIT,0
1770606542.4196265,BIT,0
1770606542.4196265,BIT,1
1770606542.4196265,BIT,1
1770606542.6097114,BIT,0
1770606542.6097114,BIT,1
1770606542.6097114,BIT,0
1770606542.6097114,BIT,1
1770606542.6097114,BIT,1
1770606542.6097114,BIT,0
1770606542.6097114,BIT,1
1770606542.6097114,BIT,0
1770606542.6097114,BIT,0
1770606542.6097114,BIT,1
1770606542.8785179,BIT,0
1770606542.8785179,BIT,1
1770606542.8785179,BIT,1
1770606542.8785179,BIT,1
1770606542.8785179,BIT,1
1770606542.8785179,BIT,0
1770606542.8785179,BIT,0
1770606542.8785179,BIT,1
1770606542.8785179,BIT,0
1770606542.8785179,BIT,0
1770606543.1022332,BIT,1
1770606543.1022332,BIT,0
1770606543.1022332,BIT,0
1770606543.1022332,BIT,0
1770606543.1022332,BIT,1
1770606543.1022332,BIT,1
1770606543.1022332,BIT,0
1770606543.1022332,BIT,1
1770606543.1022332,BIT,1
1770606543.1022332,BIT,0
1770606543.3320389,BIT,1
1770606543.3320389,BIT,0
1770606543.3320389,BIT,1
1770606543.3320389,BIT,0
1770606543.3320389,BIT,1
1770606543.3320389,BIT,0
1770606543.3320389,BIT,1
1770606543.3320389,BIT,0
1770606543.3320389,BIT,0
1770606543.3320389,BIT,1
1770606543.5182965,BIT,0
1770606543.5182965,BIT,0
1770606543.5182965,BIT,0
1770606543.5182965,BIT,1
1770606543.5182965,BIT,0
1770606543.5182965,BIT,1
1770606543.5182965,BIT,0
1770606543.5182965,BIT,0
1770606543.5182965,BIT,1
1770606543.5182965,BIT,1
1770606543.6992376,BIT,1
1770606543.6992376,BIT,1
1770606543.6992376,BIT,1
1770606543.6992376,BIT,1
1770606543.6992376,BIT,1
1770606543.6992376,BIT,0
1770606543.6992376,BIT,1
1770606543.6992376,BIT,0
1770606543.6992376,BIT,0
1770606543.6992376,BIT,1
1770606543.891326,BIT,1
1770606543.891326,BIT,1
1770606543.891326,BIT,0
1770606543.891326,BIT,1
1770606543.891326,BIT,1
1770606543.891326,BIT,0
1770606543.891326,BIT,1
1770606543.891326,BIT,0
1770606543.891326,BIT,1
1770606543.891326,BIT,1
1770606544.0699863,BIT,0
1770606544.0699863,BIT,0
1770606544.0699863,BIT,0
1770606544.0699863,BIT,1
1770606544.0699863,BIT,0
1770606544.0699863,BIT,1
1770606544.0699863,BIT,1
1770606544.0699863,BIT,0
1770606544.0699863,BIT,0
1770606544.0699863,BIT,1
1770606544.347645,BIT,1
1770606544.347645,BIT,0
1770606544.347645,BIT,0
1770606544.347645,BIT,0
1770606544.347645,BIT,1
1770606544.347645,BIT,0
1770606544.347645,BIT,0
1770606544.347645,BIT,0
1770606544.347645,BIT,1
1770606544.347645,BIT,0
1770606544.8789787,BIT,1
1770606544.8789787,BIT,1
1770606544.8789787,BIT,1
1770606544.8789787,BIT,0
1770606544.8789787,BIT,0
1770606544.8789787,BIT,0
1770606544.8789787,BIT,0
1770606544.8789787,BIT,1
1770606544.8789787,BIT,0
1770606544.8789787,BIT,1
1770606545.3083136,BIT,1
1770606545.3083136,BIT,0
1770606545.3083136,BIT,0
1770606545.3083136,BIT,0
1770606545.3083136,BIT,0
1770606545.3083136,BIT,1
1770606545.3083136,BIT,1
1770606545.3083136,BIT,1
1770606545.3083136,BIT,0
1770606545.3083136,BIT,1
1770606545.5571496,BIT,1
1770606545.5571496,BIT,0
1770606545.5571496,BIT,0
1770606545.5571496,BIT,1
1770606545.5571496,BIT,0
1770606545.5571496,BIT,0
1770606545.5571496,BIT,0
1770606545.5571496,BIT,1
1770606545.5571496,BIT,0
1770606545.5571496,BIT,1
1770606545.8240435,BIT,1
1770606545.8240435,BIT,1
1770606545.8240435,BIT,0
1770606545.8240435,BIT,0
1770606545.8240435,BIT,1
1770606545.8240435,BIT,1
1770606545.8240435,BIT,0
1770606545.8240435,BIT,0
1770606545.8240435,BIT,0
1770606545.8240435,BIT,1
1770606546.1436222,BIT,1
1770606546.1436222,BIT,0
1770606546.1436222,BIT,1
1770606546.1436222,BIT,0
1770606546.1436222,BIT,0
1770606546.1436222,BIT,0
1770606546.1436222,BIT,0
1770606546.1436222,BIT,0
1770606546.1436222,BIT,0
1770606546.1436222,BIT,1
1770606546.4070911,BIT,0
1770606546.4070911,BIT,0
1770606546.4070911,BIT,0
1770606546.4070911,BIT,1
1770606546.4070911,BIT,1
1770606546.4070911,BIT,1
1770606546.4070911,BIT,0
1770606546.4070911,BIT,0
1770606546.4070911,BIT,0
1770606546.4070911,BIT,0
1770606546.632352,BIT,1
1770606546.632352,BIT,0
1770606546.632352,BIT,1
1770606546.632352,BIT,1
1770606546.632352,BIT,1
1770606546.632352,BIT,0
1770606546.632352,BIT,0
1770606546.632352,BIT,0
1770606546.632352,BIT,0
1770606546.632352,BIT,0
1770606546.8404715,BIT,1
1770606546.8404715,BIT,0
1770606546.8404715,BIT,0
1770606546.8404715,BIT,0
1770606546.8404715,BIT,0
1770606546.8404715,BIT,1
1770606546.8404715,BIT,1
1770606546.8404715,BIT,0
1770606546.8404715,BIT,1
1770606546.8404715,BIT,0
1770606547.0443594,BIT,1
1770606547.0443594,BIT,0
1770606547.0443594,BIT,0
1770606547.0443594,BIT,0
1770606547.0443594,BIT,0
1770606547.0443594,BIT,1
1770606547.0443594,BIT,0
1770606547.0443594,BIT,0
1770606547.0443594,BIT,0
1770606547.0443594,BIT,0
1770606547.2312567,BIT,0
1770606547.2312567,BIT,0
1770606547.2312567,BIT,1
1770606547.2312567,BIT,0
1770606547.2312567,BIT,0
1770606547.2312567,BIT,1
1770606547.2312567,BIT,0
1770606547.2312567,BIT,0
1770606547.2312567,BIT,1
1770606547.2312567,BIT,0
1770606547.4808998,BIT,0
1770606547.4808998,BIT,0
1770606547.4808998,BIT,1
1770606547.4808998,BIT,0
1770606547.4808998,BIT,0
1770606547.4808998,BIT,0
1770606547.4808998,BIT,0
1770606547.4808998,BIT,0
1770606547.4808998,BIT,1
1770606547.4808998,BIT,1
1770606547.8255022,BIT,1
1770606547.8255022,BIT,0
1770606547.8255022,BIT,0
1770606547.8255022,BIT,0
1770606547.8255022,BIT,1
1770606547.8255022,BIT,0
1770606547.8255022,BIT,1
1770606547.8255022,BIT,1
1770606547.8255022,BIT,1
1770606547.8255022,BIT,0
1770606548.0540655,BIT,0
1770606548.0540655,BIT,0
1770606548.0540655,BIT,0
1770606548.0540655,BIT,1
1770606548.0540655,BIT,1
1770606548.0540655,BIT,0
1770606548.0540655,BIT,1
1770606548.0540655,BIT,1
1770606548.0540655,BIT,0
1770606548.0540655,BIT,0
1770606548.268897,BIT,0
1770606548.268897,BIT,1
1770606548.268897,BIT,1
1770606548.268897,BIT,1
1770606548.268897,BIT,1
1770606548.268897,BIT,0
1770606548.268897,BIT,1
1770606548.268897,BIT,0
1770606548.268897,BIT,0
1770606548.268897,BIT,1
1770606548.4654098,BIT,0
1770606548.4654098,BIT,1
1770606548.4654098,BIT,0
1770606548.4654098,BIT,1
1770606548.4654098,BIT,1
1770606548.4654098,BIT,0
1770606548.4654098,BIT,1
1770606548.4654098,BIT,1
1770606548.4654098,BIT,0
1770606548.4654098,BIT,0
1770606548.6379797,BIT,0
1770606548.6379797,BIT,1
1770606548.6379797,BIT,1
1770606548.6379797,BIT,0
1770606548.6379797,BIT,1
1770606548.6379797,BIT,1
1770606548.6379797,BIT,0
1770606548.6379797,BIT,1
1770606548.6379797,BIT,0
1770606548.6379797,BIT,0
1770606548.8406444,BIT,0
1770606548.8406444,BIT,1
1770606548.8406444,BIT,0
1770606548.8406444,BIT,0
1770606548.8406444,BIT,0
1770606548.8406444,BIT,1
1770606548.8406444,BIT,0
1770606548.8406444,BIT,1
1770606548.8406444,BIT,0
1770606548.8406444,BIT,1
1770606549.05323,BIT,1
1770606549.05323,BIT,0
1770606549.05323,BIT,0
1770606549.05323,BIT,1
1770606549.05323,BIT,1
1770606549.05323,BIT,0
1770606549.05323,BIT,0
1770606549.05323,BIT,1
1770606549.05323,BIT,1
1770606549.05323,BIT,0
1770606549.250527,BIT,1
1770606549.250527,BIT,0
1770606549.250527,BIT,0
1770606549.250527,BIT,1
1770606549.250527,BIT,0
1770606549.250527,BIT,0
1770606549.250527,BIT,1
1770606549.250527,BIT,0
1770606549.250527,BIT,0
1770606549.250527,BIT,1
1770606549.4349241,BIT,0
1770606549.4349241,BIT,0
1770606549.4349241,BIT,1
1770606549.4349241,BIT,0
1770606549.4349241,BIT,0
1770606549.4349241,BIT,1
1770606549.4349241,BIT,0
1770606549.4349241,BIT,0
1770606549.4349241,BIT,1
1770606549.4349241,BIT,1
1770606549.6213543,BIT,1
1770606549.6213543,BIT,0
1770606549.6213543,BIT,1
1770606549.6213543,BIT,0
1770606549.6213543,BIT,1
1770606549.6213543,BIT,1
1770606549.6213543,BIT,0
1770606549.6213543,BIT,0
1770606549.6213543,BIT,0
1770606549.6213543,BIT,0
1770606549.8091867,BIT,1
1770606549.8091867,BIT,1
1770606549.8091867,BIT,1
1770606549.8091867,BIT,0
1770606549.8091867,BIT,0
1770606549.8091867,BIT,0
1770606549.8091867,BIT,1
1770606549.8091867,BIT,1
1770606549.8091867,BIT,0
1770606549.8091867,BIT,0
1770606550.0358083,BIT,0
1770606550.0358083,BIT,0
1770606550.0358083,BIT,1
1770606550.0358083,BIT,1
1770606550.0358083,BIT,1
1770606550.0358083,BIT,1
1770606550.0358083,BIT,1
1770606550.0358083,BIT,1
1770606550.0358083,BIT,1
1770606550.0358083,BIT,1
1770606550.2536855,BIT,1
1770606550.2536855,BIT,1
1770606550.2536855,BIT,0
1770606550.2536855,BIT,0
1770606550.2536855,BIT,0
1770606550.2536855,BIT,1
1770606550.2536855,BIT,1
1770606550.2536855,BIT,1
1770606550.2536855,BIT,1
1770606550.2536855,BIT,0
1770606550.513113,BIT,0
1770606550.513113,BIT,1
1770606550.513113,BIT,0
1770606550.513113,BIT,1
1770606550.513113,BIT,0
1770606550.513113,BIT,1
1770606550.513113,BIT,1
1770606550.513113,BIT,1
1770606550.513113,BIT,0
1770606550.513113,BIT,1
1770606550.7752516,BIT,1
1770606550.7752516,BIT,1
1770606550.7752516,BIT,0
1770606550.7752516,BIT,1
1770606550.7752516,BIT,1
1770606550.7752516,BIT,0
1770606550.7752516,BIT,1
1770606550.7752516,BIT,1
1770606550.7752516,BIT,1
1770606550.7752516,BIT,0
1770606551.0134246,BIT,0
1770606551.0134246,BIT,1
1770606551.0134246,BIT,0
1770606551.0134246,BIT,1
1770606551.0134246,BIT,1
1770606551.0134246,BIT,0
1770606551.0134246,BIT,0
1770606551.0134246,BIT,0
1770606551.0134246,BIT,0
1770606551.0134246,BIT,0
1770606551.2138689,BIT,0
1770606551.2138689,BIT,1
1770606551.2138689,BIT,1
1770606551.2138689,BIT,0
1770606551.2138689,BIT,0
1770606551.2138689,BIT,1
1770606551.2138689,BIT,1
1770606551.2138689,BIT,0
1770606551.2138689,BIT,1
1770606551.2138689,BIT,1
1770606551.4467738,BIT,0
1770606551.4467738,BIT,0
1770606551.4467738,BIT,0
1770606551.4467738,BIT,0
1770606551.4467738,BIT,1
1770606551.4467738,BIT,0
1770606551.4467738,BIT,1
1770606551.4467738,BIT,0
1770606551.4467738,BIT,1
1770606551.4467738,BIT,0
1770606551.643182,BIT,1
1770606551.643182,BIT,0
1770606551.643182,BIT,0
1770606551.643182,BIT,0
1770606551.643182,BIT,0
1770606551.643182,BIT,0
1770606551.643182,BIT,0
1770606551.643182,BIT,0
1770606551.643182,BIT,0
1770606551.643182,BIT,1
1770606551.8551314,BIT,1
1770606551.8551314,BIT,0
1770606551.8551314,BIT,1
1770606551.8551314,BIT,0
1770606551.8551314,BIT,1
1770606551.8551314,BIT,1
1770606551.8551314,BIT,0
1770606551.8551314,BIT,1
1770606551.8551314,BIT,0
1770606551.8551314,BIT,1
1770606552.0635478,BIT,0
1770606552.0635478,BIT,1
1770606552.0635478,BIT,0
1770606552.0635478,BIT,0
1770606552.0635478,BIT,1
1770606552.0635478,BIT,0
1770606552.0635478,BIT,1
1770606552.0635478,BIT,0
1770606552.0635478,BIT,1
1770606552.0635478,BIT,1
1770606552.2680187,BIT,1
1770606552.2680187,BIT,1
1770606552.2680187,BIT,1
1770606552.2680187,BIT,0
1770606552.2680187,BIT,0
1770606552.2680187,BIT,1
1770606552.2680187,BIT,0
1770606552.2680187,BIT,1
1770606552.2680187,BIT,0
1770606552.2680187,BIT,0
1770606552.4635408,BIT,1
1770606552.4635408,BIT,0
1770606552.4635408,BIT,0
1770606552.4635408,BIT,0
1770606552.4635408,BIT,1
1770606552.4635408,BIT,1
1770606552.4635408,BIT,1
1770606552.4635408,BIT,0
1770606552.4635408,BIT,1
1770606552.4635408,BIT,0
1770606552.6399596,BIT,0
1770606552.6399596,BIT,1
1770606552.6399596,BIT,1
1770606552.6399596,BIT,1
1770606552.6399596,BIT,1
1770606552.6399596,BIT,0
1770606552.6399596,BIT,1
1770606552.6399596,BIT,0
1770606552.6399596,BIT,0
1770606552.6399596,BIT,0
1770606552.83276,BIT,1
1770606552.83276,BIT,0
1770606552.83276,BIT,0
1770606552.83276,BIT,0
1770606552.83276,BIT,0
1770606552.83276,BIT,0
1770606552.83276,BIT,1
1770606552.83276,BIT,1
1770606552.83276,BIT,1
1770606552.83276,BIT,0
1770606553.0674083,BIT,0
1770606553.0674083,BIT,1
1770606553.0674083,BIT,0
1770606553.0674083,BIT,1
1770606553.0674083,BIT,1
1770606553.0674083,BIT,0
1770606553.0674083,BIT,1
1770606553.0674083,BIT,1
1770606553.0674083,BIT,0
1770606553.0674083,BIT,0
1770606553.2580144,BIT,1
1770606553.2580144,BIT,1
1770606553.2580144,BIT,1
1770606553.2580144,BIT,1
1770606553.2580144,BIT,0
1770606553.2580144,BIT,0
1770606553.2580144,BIT,0
1770606553.2580144,BIT,1
1770606553.2580144,BIT,0
1770606553.2580144,BIT,1
1770606553.4525087,BIT,0
1770606553.4525087,BIT,0
1770606553.4525087,BIT,1
1770606553.4525087,BIT,0
1770606553.4525087,BIT,1
1770606553.4525087,BIT,1
1770606553.4525087,BIT,0
1770606553.4525087,BIT,1
1770606553.4525087,BIT,0
1770606553.4525087,BIT,1
1770606553.635002,BIT,0
1770606553.635002,BIT,0
1770606553.635002,BIT,1
1770606553.635002,BIT,1
1770606553.635002,BIT,1
1770606553.635002,BIT,0
1770606553.635002,BIT,0
1770606553.635002,BIT,1
1770606553.635002,BIT,1
1770606553.635002,BIT,0
1770606553.8444242,BIT,1
1770606553.8444242,BIT,0
1770606553.8444242,BIT,0
1770606553.8444242,BIT,1
1770606553.8444242,BIT,1
1770606553.8444242,BIT,1
1770606553.8444242,BIT,0
1770606553.8444242,BIT,1
1770606553.8444242,BIT,0
1770606553.8444242,BIT,0
1770606554.0787582,BIT,1
1770606554.0787582,BIT,1
1770606554.0787582,BIT,0
1770606554.0787582,BIT,0
1770606554.0787582,BIT,1
1770606554.0787582,BIT,0
1770606554.0787582,BIT,1
1770606554.0787582,BIT,1
1770606554.0787582,BIT,0
1770606554.0787582,BIT,1
1770606554.2845166,BIT,0
1770606554.2845166,BIT,1
1770606554.2845166,BIT,0
1770606554.2845166,BIT,1
1770606554.2845166,BIT,1
1770606554.2845166,BIT,1
1770606554.2845166,BIT,1
1770606554.2845166,BIT,0
1770606554.2845166,BIT,0
1770606554.2845166,BIT,1
1770606554.4967046,BIT,1
1770606554.4967046,BIT,0
1770606554.4967046,BIT,1
1770606554.4967046,BIT,0
1770606554.4967046,BIT,1
1770606554.4967046,BIT,1
1770606554.4967046,BIT,0
1770606554.4967046,BIT,0
1770606554.4967046,BIT,1
1770606554.4967046,BIT,0
1770606554.6865783,BIT,0
1770606554.6865783,BIT,1
1770606554.6865783,BIT,0
1770606554.6865783,BIT,1
1770606554.6865783,BIT,1
1770606554.6865783,BIT,0
1770606554.6865783,BIT,1
1770606554.6865783,BIT,1
1770606554.6865783,BIT,0
1770606554.6865783,BIT,0
1770606554.8894308,BIT,0
1770606554.8894308,BIT,1
1770606554.8894308,BIT,0
1770606554.8894308,BIT,1
1770606554.8894308,BIT,1
1770606554.8894308,BIT,0
1770606554.8894308,BIT,0
1770606554.8894308,BIT,1
1770606554.8894308,BIT,0
1770606554.8894308,BIT,1
1770606555.0874808,BIT,1
1770606555.0874808,BIT,1
1770606555.0874808,BIT,1
1770606555.0874808,BIT,1
1770606555.0874808,BIT,0
1770606555.0874808,BIT,1
1770606555.0874808,BIT,1
1770606555.0874808,BIT,1
1770606555.0874808,BIT,0
1770606555.0874808,BIT,0
1770606555.2819014,BIT,1
1770606555.2819014,BIT,0
1770606555.2819014,BIT,1
1770606555.2819014,BIT,0
1770606555.2819014,BIT,0
1770606555.2819014,BIT,0
1770606555.2819014,BIT,0
1770606555.2819014,BIT,1
1770606555.2819014,BIT,0
1770606555.2819014,BIT,0
1770606555.4765186,BIT,1
1770606555.4765186,BIT,1
1770606555.4765186,BIT,0
1770606555.4765186,BIT,0
1770606555.4765186,BIT,1
1770606555.4765186,BIT,0
1770606555.4765186,BIT,0
1770606555.4765186,BIT,0
1770606555.4765186,BIT,0
1770606555.4765186,BIT,1
1770606555.655182,BIT,0
1770606555.655182,BIT,1
1770606555.655182,BIT,0
1770606555.655182,BIT,0
1770606555.655182,BIT,0
1770606555.655182,BIT,1
1770606555.655182,BIT,0
1770606555.655182,BIT,0
1770606555.655182,BIT,1
1770606555.655182,BIT,0
1770606555.8478198,BIT,1
1770606555.8478198,BIT,1
1770606555.8478198,BIT,0
1770606555.8478198,BIT,0
1770606555.8478198,BIT,1
1770606555.8478198,BIT,1
1770606555.8478198,BIT,0
1770606555.8478198,BIT,0
1770606555.8478198,BIT,0
1770606555.8478198,BIT,0
1770606556.0555239,BIT,1
1770606556.0555239,BIT,1
1770606556.0555239,BIT,1
1770606556.0555239,BIT,0
1770606556.0555239,BIT,1
1770606556.0555239,BIT,1
1770606556.0555239,BIT,0
1770606556.0555239,BIT,0
1770606556.0555239,BIT,0
1770606556.0555239,BIT,0
1770606556.242474,BIT,1
1770606556.242474,BIT,1
1770606556.242474,BIT,0
1770606556.242474,BIT,1
1770606556.242474,BIT,1
1770606556.242474,BIT,1
1770606556.242474,BIT,0
1770606556.242474,BIT,1
1770606556.242474,BIT,1
1770606556.242474,BIT,0
1770606556.437446,BIT,0
1770606556.437446,BIT,0
1770606556.437446,BIT,1
1770606556.437446,BIT,0
1770606556.437446,BIT,1
1770606556.437446,BIT,1
1770606556.437446,BIT,0
1770606556.437446,BIT,1
1770606556.437446,BIT,0
1770606556.437446,BIT,1
1770606556.6244707,BIT,1
1770606556.6244707,BIT,1
1770606556.6244707,BIT,1
1770606556.6244707,BIT,0
1770606556.6244707,BIT,1
1770606556.6244707,BIT,1
1770606556.6244707,BIT,0
1770606556.6244707,BIT,1
1770606556.6244707,BIT,1
1770606556.6244707,BIT,0
1770606556.9136121,BIT,0
1770606556.9136121,BIT,0
1770606556.9136121,BIT,0
1770606556.9136121,BIT,1
1770606556.9136121,BIT,1
1770606556.9136121,BIT,1
1770606556.9136121,BIT,0
1770606556.9136121,BIT,0
1770606556.9136121,BIT,0
1770606556.9136121,BIT,1
1770606557.1340673,BIT,0
1770606557.1340673,BIT,0
1770606557.1340673,BIT,0
1770606557.1340673,BIT,1
1770606557.1340673,BIT,0
1770606557.1340673,BIT,1
1770606557.1340673,BIT,0
1770606557.1340673,BIT,1
1770606557.1340673,BIT,0
1770606557.1340673,BIT,0
1770606557.3443577,BIT,0
1770606557.3443577,BIT,1
1770606557.3443577,BIT,1
1770606557.3443577,BIT,0
1770606557.3443577,BIT,1
1770606557.3443577,BIT,1
1770606557.3443577,BIT,0
1770606557.3443577,BIT,0
1770606557.3443577,BIT,1
1770606557.3443577,BIT,1
1770606557.5447402,BIT,1
1770606557.5447402,BIT,1
1770606557.5447402,BIT,0
1770606557.5447402,BIT,1
1770606557.5447402,BIT,1
1770606557.5447402,BIT,1
1770606557.5447402,BIT,1
1770606557.5447402,BIT,1
1770606557.5447402,BIT,1
1770606557.5447402,BIT,1
1770606557.7432418,BIT,0
1770606557.7432418,BIT,1
1770606557.7432418,BIT,1
1770606557.7432418,BIT,1
1770606557.7432418,BIT,1
1770606557.7432418,BIT,1
1770606557.7432418,BIT,1
1770606557.7432418,BIT,1
1770606557.7432418,BIT,1
1770606557.7432418,BIT,0
1770606557.9461913,BIT,1
1770606557.9461913,BIT,1
1770606557.9461913,BIT,0
1770606557.9461913,BIT,0
1770606557.9461913,BIT,0
1770606557.9461913,BIT,0
1770606557.9461913,BIT,0
1770606557.9461913,BIT,1
1770606557.9461913,BIT,0
1770606557.9461913,BIT,0
1770606558.1435485,BIT,0
1770606558.1435485,BIT,1
1770606558.1435485,BIT,1
1770606558.1435485,BIT,1
1770606558.1435485,BIT,1
1770606558.1435485,BIT,0
1770606558.1435485,BIT,0
1770606558.1435485,BIT,1
1770606558.1435485,BIT,1
1770606558.1435485,BIT,1
1770606558.3298876,BIT,1
1770606558.3298876,BIT,0
1770606558.3298876,BIT,0
1770606558.3298876,BIT,1
1770606558.3298876,BIT,1
1770606558.3298876,BIT,1
1770606558.3298876,BIT,0
1770606558.3298876,BIT,1
1770606558.3298876,BIT,0
1770606558.3298876,BIT,0
1770606558.5266023,BIT,0
1770606558.5266023,BIT,0
1770606558.5266023,BIT,0
1770606558.5266023,BIT,0
1770606558.5266023,BIT,1
1770606558.5266023,BIT,1
1770606558.5266023,BIT,0
1770606558.5266023,BIT,0
1770606558.5266023,BIT,1
1770606558.5266023,BIT,1
1770606558.7084167,BIT,0
1770606558.7084167,BIT,0
1770606558.7084167,BIT,0
1770606558.7084167,BIT,1
1770606558.7084167,BIT,0
1770606558.7084167,BIT,1
1770606558.7084167,BIT,1
1770606558.7084167,BIT,0
1770606558.7084167,BIT,0
1770606558.7084167,BIT,0
1770606558.9074564,BIT,0
1770606558.9074564,BIT,0
1770606558.9074564,BIT,0
1770606558.9074564,BIT,0
1770606558.9074564,BIT,1
1770606558.9074564,BIT,0
1770606558.9074564,BIT,1
1770606558.9074564,BIT,0
1770606558.9074564,BIT,1
1770606558.9074564,BIT,1
1770606559.2639084,BIT,1
1770606559.2639084,BIT,0
1770606559.2639084,BIT,0
1770606559.2639084,BIT,1
1770606559.2639084,BIT,0
1770606559.2639084,BIT,1
1770606559.2639084,BIT,1
1770606559.2639084,BIT,1
1770606559.2639084,BIT,1
1770606559.2639084,BIT,0
1770606559.5255563,BIT,0
1770606559.5255563,BIT,1
1770606559.5255563,BIT,0
1770606559.5255563,BIT,0
1770606559.5255563,BIT,1
1770606559.5255563,BIT,1
1770606559.5255563,BIT,0
1770606559.5255563,BIT,0
1770606559.5255563,BIT,0
1770606559.5255563,BIT,0
1770606559.7442992,BIT,0
1770606559.7442992,BIT,0
1770606559.7442992,BIT,0
1770606559.7442992,BIT,0
1770606559.7442992,BIT,1
1770606559.7442992,BIT,1
1770606559.7442992,BIT,1
1770606559.7442992,BIT,1
1770606559.7442992,BIT,0
1770606559.7442992,BIT,0
1770606559.968568,BIT,0
1770606559.968568,BIT,0
1770606559.968568,BIT,1
1770606559.968568,BIT,0
1770606559.968568,BIT,1
1770606559.968568,BIT,0
1770606559.968568,BIT,1
1770606559.968568,BIT,1
1770606559.968568,BIT,1
1770606559.968568,BIT,1
1770606560.1678648,BIT,0
1770606560.1678648,BIT,1
1770606560.1678648,BIT,0
1770606560.1678648,BIT,1
1770606560.1678648,BIT,0
1770606560.1678648,BIT,1
1770606560.1678648,BIT,1
1770606560.1678648,BIT,0
1770606560.1678648,BIT,1
1770606560.1678648,BIT,1
1770606560.368298,BIT,1
1770606560.368298,BIT,0
1770606560.368298,BIT,1
1770606560.368298,BIT,0
1770606560.368298,BIT,1
1770606560.368298,BIT,1
1770606560.368298,BIT,0
1770606560.368298,BIT,1
1770606560.368298,BIT,1
1770606560.368298,BIT,1
1770606560.649517,BIT,1
1770606560.649517,BIT,1
1770606560.649517,BIT,0
1770606560.649517,BIT,1
1770606560.649517,BIT,0
1770606560.649517,BIT,0
1770606560.649517,BIT,0
1770606560.649517,BIT,0
1770606560.649517,BIT,0
1770606560.649517,BIT,1
1770606561.1041293,BIT,0
1770606561.1041293,BIT,0
1770606561.1041293,BIT,0
1770606561.1041293,BIT,0
1770606561.1041293,BIT,1
1770606561.1041293,BIT,0
1770606561.1041293,BIT,1
1770606561.1041293,BIT,0
1770606561.1041293,BIT,1
1770606561.1041293,BIT,1
1770606561.458031,BIT,0
1770606561.458031,BIT,0
1770606561.458031,BIT,0
1770606561.458031,BIT,1
1770606561.458031,BIT,0
1770606561.458031,BIT,0
1770606561.458031,BIT,1
1770606561.458031,BIT,0
1770606561.458031,BIT,1
1770606561.458031,BIT,0
1770606561.7466016,BIT,1
1770606561.7466016,BIT,0
1770606561.7466016,BIT,0
1770606561.7466016,BIT,0
1770606561.7466016,BIT,1
1770606561.7466016,BIT,1
1770606561.7466016,BIT,0
1770606561.7466016,BIT,1
1770606561.7466016,BIT,1
1770606561.7466016,BIT,1
1770606562.0082867,BIT,1
1770606562.0082867,BIT,1
1770606562.0082867,BIT,0
1770606562.0082867,BIT,1
1770606562.0082867,BIT,0
1770606562.0082867,BIT,1
1770606562.0082867,BIT,1
1770606562.0082867,BIT,1
1770606562.0082867,BIT,1
1770606562.0082867,BIT,1
1770606562.3503852,BIT,0
1770606562.3503852,BIT,1
1770606562.3503852,BIT,0
1770606562.3503852,BIT,0
1770606562.3503852,BIT,0
1770606562.3503852,BIT,0
1770606562.3503852,BIT,0
1770606562.3503852,BIT,1
1770606562.3503852,BIT,0
1770606562.3503852,BIT,0
1770606562.6480267,BIT,0
1770606562.6480267,BIT,1
1770606562.6480267,BIT,0
1770606562.6480267,BIT,1
1770606562.6480267,BIT,1
1770606562.6480267,BIT,1
1770606562.6480267,BIT,1
1770606562.6480267,BIT,0
1770606562.6480267,BIT,0
1770606562.6480267,BIT,0
1770606562.8870108,BIT,1
1770606562.8870108,BIT,0
1770606562.8870108,BIT,1
1770606562.8870108,BIT,0
1770606562.8870108,BIT,1
1770606562.8870108,BIT,0
1770606562.8870108,BIT,0
1770606562.8870108,BIT,1
1770606562.8870108,BIT,1
1770606562.8870108,BIT,1
1770606563.1225529,BIT,1
1770606563.1225529,BIT,1
1770606563.1225529,BIT,1
1770606563.1225529,BIT,0
1770606563.1225529,BIT,1
1770606563.1225529,BIT,0
1770606563.1225529,BIT,1
1770606563.1225529,BIT,1
1770606563.1225529,BIT,1
1770606563.1225529,BIT,0
1770606563.4187348,BIT,0
1770606563.4187348,BIT,0
1770606563.4187348,BIT,1
1770606563.4187348,BIT,0
1770606563.4187348,BIT,1
1770606563.4187348,BIT,0
1770606563.4187348,BIT,0
1770606563.4187348,BIT,1
1770606563.4187348,BIT,0
1770606563.4187348,BIT,1
1770606563.668318,BIT,1
1770606563.668318,BIT,1
1770606563.668318,BIT,1
1770606563.668318,BIT,0
1770606563.668318,BIT,0
1770606563.668318,BIT,1
1770606563.668318,BIT,0
1770606563.668318,BIT,0
1770606563.668318,BIT,1
1770606563.668318,BIT,0
1770606563.8742135,BIT,0
1770606563.8742135,BIT,0
1770606563.8742135,BIT,1
1770606563.8742135,BIT,0
1770606563.8742135,BIT,1
1770606563.8742135,BIT,0
1770606563.8742135,BIT,0
1770606563.8742135,BIT,1
1770606563.8742135,BIT,0
1770606563.8742135,BIT,0
1770606564.0915937,BIT,0
1770606564.0915937,BIT,1
1770606564.0915937,BIT,1
1770606564.0915937,BIT,0
1770606564.0915937,BIT,1
1770606564.0915937,BIT,0
1770606564.0915937,BIT,0
1770606564.0915937,BIT,1
1770606564.0915937,BIT,1
1770606564.0915937,BIT,1
1770606564.3082201,BIT,1
1770606564.3082201,BIT,1
1770606564.3082201,BIT,1
1770606564.3082201,BIT,1
1770606564.3082201,BIT,1
1770606564.3082201,BIT,1
1770606564.3082201,BIT,1
1770606564.3082201,BIT,0
1770606564.3082201,BIT,0
1770606564.3082201,BIT,1
1770606564.5440843,BIT,0
1770606564.5440843,BIT,0
1770606564.5440843,BIT,0
1770606564.5440843,BIT,0
1770606564.5440843,BIT,0
1770606564.5440843,BIT,1
1770606564.5440843,BIT,1
1770606564.5440843,BIT,1
1770606564.5440843,BIT,0
1770606564.5440843,BIT,0
1770606564.8083127,BIT,1
1770606564.8083127,BIT,0
1770606564.8083127,BIT,1
1770606564.8083127,BIT,1
1770606564.8083127,BIT,1
1770606564.8083127,BIT,1
1770606564.8083127,BIT,0
1770606564.8083127,BIT,0
1770606564.8083127,BIT,1
1770606564.8083127,BIT,0
1770606565.0578697,BIT,1
1770606565.0578697,BIT,0
1770606565.0578697,BIT,0
1770606565.0578697,BIT,1
1770606565.0578697,BIT,1
1770606565.0578697,BIT,0
1770606565.0578697,BIT,1
1770606565.0578697,BIT,0
1770606565.0578697,BIT,1
1770606565.0578697,BIT,0
1770606565.3078108,BIT,1
1770606565.3078108,BIT,1
1770606565.3078108,BIT,0
1770606565.3078108,BIT,0
1770606565.3078108,BIT,1
1770606565.3078108,BIT,1
1770606565.3078108,BIT,0
1770606565.3078108,BIT,0
1770606565.3078108,BIT,1
1770606565.3078108,BIT,1
1770606565.565227,BIT,0
1770606565.565227,BIT,1
1770606565.565227,BIT,0
1770606565.565227,BIT,0
1770606565.565227,BIT,0
1770606565.565227,BIT,0
1770606565.565227,BIT,1
1770606565.565227,BIT,0
1770606565.565227,BIT,1
1770606565.565227,BIT,0
1770606565.801403,BIT,0
1770606565.801403,BIT,1
1770606565.801403,BIT,1
1770606565.801403,BIT,0
1770606565.801403,BIT,0
1770606565.801403,BIT,1
1770606565.801403,BIT,0
1770606565.801403,BIT,1
1770606565.801403,BIT,0
1770606565.801403,BIT,0
1770606566.055404,BIT,0
1770606566.055404,BIT,0
1770606566.055404,BIT,0
1770606566.055404,BIT,0
1770606566.055404,BIT,1
1770606566.055404,BIT,0
1770606566.055404,BIT,0
1770606566.055404,BIT,0
1770606566.055404,BIT,0
1770606566.055404,BIT,0
1770606566.3557377,BIT,1
1770606566.3557377,BIT,1
1770606566.3557377,BIT,1
1770606566.3557377,BIT,0
1770606566.3557377,BIT,1
1770606566.3557377,BIT,1
1770606566.3557377,BIT,0
1770606566.3557377,BIT,1
1770606566.3557377,BIT,1
1770606566.3557377,BIT,1
1770606566.6013756,BIT,1
1770606566.6013756,BIT,0
1770606566.6013756,BIT,0
1770606566.6013756,BIT,0
1770606566.6013756,BIT,1
1770606566.6013756,BIT,1
1770606566.6013756,BIT,1
1770606566.6013756,BIT,1
1770606566.6013756,BIT,1
1770606566.6013756,BIT,0
1770606567.009815,BIT,0
1770606567.009815,BIT,1
1770606567.009815,BIT,1
1770606567.009815,BIT,0
1770606567.009815,BIT,1
1770606567.009815,BIT,0
1770606567.009815,BIT,0
1770606567.009815,BIT,0
1770606567.009815,BIT,0
1770606567.009815,BIT,1
1770606567.2907155,BIT,1
1770606567.2907155,BIT,0
1770606567.2907155,BIT,1
1770606567.2907155,BIT,1
1770606567.2907155,BIT,0
1770606567.2907155,BIT,1
1770606567.2907155,BIT,0
1770606567.2907155,BIT,1
1770606567.2907155,BIT,1
1770606567.2907155,BIT,0
1770606567.541468,BIT,1
1770606567.541468,BIT,1
1770606567.541468,BIT,1
1770606567.541468,BIT,1
1770606567.541468,BIT,0
1770606567.541468,BIT,0
1770606567.541468,BIT,1
1770606567.541468,BIT,1
1770606567.541468,BIT,1
1770606567.541468,BIT,1
1770606567.7781372,BIT,1
1770606567.7781372,BIT,1
1770606567.7781372,BIT,1
1770606567.7781372,BIT,0
1770606567.7781372,BIT,0
1770606567.7781372,BIT,1
1770606567.7781372,BIT,0
1770606567.7781372,BIT,1
1770606567.7781372,BIT,1
1770606567.7781372,BIT,0
1770606568.0315342,BIT,0
1770606568.0315342,BIT,0
1770606568.0315342,BIT,1
1770606568.0315342,BIT,1
1770606568.0315342,BIT,0
1770606568.0315342,BIT,1
1770606568.0315342,BIT,1
1770606568.0315342,BIT,0
1770606568.0315342,BIT,0
1770606568.0315342,BIT,1
1770606568.280921,BIT,0
1770606568.280921,BIT,0
1770606568.280921,BIT,0
1770606568.280921,BIT,1
1770606568.280921,BIT,1
1770606568.280921,BIT,1
1770606568.280921,BIT,1
1770606568.280921,BIT,1
1770606568.280921,BIT,1
1770606568.280921,BIT,1
1770606568.5035827,BIT,1
1770606568.5035827,BIT,0
1770606568.5035827,BIT,0
1770606568.5035827,BIT,1
1770606568.5035827,BIT,1
1770606568.5035827,BIT,1
1770606568.5035827,BIT,0
1770606568.5035827,BIT,0
1770606568.5035827,BIT,0
1770606568.5035827,BIT,1
1770606568.7333293,BIT,1
1770606568.7333293,BIT,1
1770606568.7333293,BIT,1
1770606568.7333293,BIT,1
1770606568.7333293,BIT,1
1770606568.7333293,BIT,0
1770606568.7333293,BIT,1
1770606568.7333293,BIT,1
1770606568.7333293,BIT,0
1770606568.7333293,BIT,1
1770606568.9806123,BIT,1
1770606568.9806123,BIT,0
1770606568.9806123,BIT,0
1770606568.9806123,BIT,0
1770606568.9806123,BIT,0
1770606568.9806123,BIT,1
1770606568.9806123,BIT,1
1770606568.9806123,BIT,1
1770606568.9806123,BIT,0
1770606568.9806123,BIT,0
1770606569.21343,BIT,1
1770606569.21343,BIT,0
1770606569.21343,BIT,1
1770606569.21343,BIT,0
1770606569.21343,BIT,0
1770606569.21343,BIT,1
1770606569.21343,BIT,0
1770606569.21343,BIT,0
1770606569.21343,BIT,0
1770606569.21343,BIT,0
1770606569.4463131,BIT,1
1770606569.4463131,BIT,0
1770606569.4463131,BIT,1
1770606569.4463131,BIT,0
1770606569.4463131,BIT,0
1770606569.4463131,BIT,1
1770606569.4463131,BIT,0
1770606569.4463131,BIT,0
1770606569.4463131,BIT,1
1770606569.4463131,BIT,1
1770606569.6478255,BIT,1
1770606569.6478255,BIT,0
1770606569.6478255,BIT,0
1770606569.6478255,BIT,1
1770606569.6478255,BIT,1
1770606569.6478255,BIT,0
1770606569.6478255,BIT,1
1770606569.6478255,BIT,0
1770606569.6478255,BIT,0
1770606569.6478255,BIT,0
1770606569.8626168,BIT,1
1770606569.8626168,BIT,0
1770606569.8626168,BIT,1
1770606569.8626168,BIT,1
1770606569.8626168,BIT,1
1770606569.8626168,BIT,1
1770606569.8626168,BIT,1
1770606569.8626168,BIT,0
1770606569.8626168,BIT,1
1770606569.8626168,BIT,0
1770606570.1286058,BIT,0
1770606570.1286058,BIT,1
1770606570.1286058,BIT,0
1770606570.1286058,BIT,1
1770606570.1286058,BIT,1
1770606570.1286058,BIT,1
1770606570.1286058,BIT,1
1770606570.1286058,BIT,1
1770606570.1286058,BIT,0
1770606570.1286058,BIT,0
1770606570.3872356,BIT,1
1770606570.3872356,BIT,1
1770606570.3872356,BIT,0
1770606570.3872356,BIT,0
1770606570.3872356,BIT,1
1770606570.3872356,BIT,0
1770606570.3872356,BIT,0
1770606570.3872356,BIT,0
1770606570.3872356,BIT,0
1770606570.3872356,BIT,0
1770606570.6834414,BIT,1
1770606570.6834414,BIT,1
1770606570.6834414,BIT,0
1770606570.6834414,BIT,0
1770606570.6834414,BIT,0
1770606570.6834414,BIT,0
1770606570.6834414,BIT,0
1770606570.6834414,BIT,0
1770606570.6834414,BIT,1
1770606570.6834414,BIT,0
1770606570.9541848,BIT,1
1770606570.9541848,BIT,0
1770606570.9541848,BIT,1
1770606570.9541848,BIT,1
1770606570.9541848,BIT,0
1770606570.9541848,BIT,1
1770606570.9541848,BIT,0
1770606570.9541848,BIT,1
1770606570.9541848,BIT,0
1770606570.9541848,BIT,1
1770606571.2803915,BIT,0
1770606571.2803915,BIT,1
1770606571.2803915,BIT,1
1770606571.2803915,BIT,1
1770606571.2803915,BIT,0
1770606571.2803915,BIT,1
1770606571.2803915,BIT,0
1770606571.2803915,BIT,0
1770606571.2803915,BIT,1
1770606571.2803915,BIT,0
1770606571.683033,BIT,1
1770606571.683033,BIT,1
1770606571.683033,BIT,1
1770606571.683033,BIT,1
1770606571.683033,BIT,0
1770606571.683033,BIT,1
1770606571.683033,BIT,0
1770606571.683033,BIT,0
1770606571.683033,BIT,0
1770606571.683033,BIT,0
1770606571.936509,BIT,0
1770606571.936509,BIT,1
1770606571.936509,BIT,0
1770606571.936509,BIT,0
1770606571.936509,BIT,1
1770606571.936509,BIT,0
1770606571.936509,BIT,0
1770606571.936509,BIT,1
1770606571.936509,BIT,1
1770606571.936509,BIT,0
1770606572.1985059,BIT,0
1770606572.1985059,BIT,0
1770606572.1985059,BIT,0
1770606572.1985059,BIT,0
1770606572.1985059,BIT,1
1770606572.1985059,BIT,0
1770606572.1985059,BIT,1
1770606572.1985059,BIT,0
1770606572.1985059,BIT,0
1770606572.1985059,BIT,0
1770606572.4587743,BIT,1
1770606572.4587743,BIT,1
1770606572.4587743,BIT,1
1770606572.4587743,BIT,1
1770606572.4587743,BIT,1
1770606572.4587743,BIT,0
1770606572.4587743,BIT,1
1770606572.4587743,BIT,1
1770606572.4587743,BIT,0
1770606572.4587743,BIT,1
1770606572.6794512,BIT,1
1770606572.6794512,BIT,0
1770606572.6794512,BIT,0
1770606572.6794512,BIT,1
1770606572.6794512,BIT,0
1770606572.6794512,BIT,1
1770606572.6794512,BIT,0
1770606572.6794512,BIT,0
1770606572.6794512,BIT,0
1770606572.6794512,BIT,0
1770606572.9249938,BIT,0
1770606572.9249938,BIT,1
1770606572.9249938,BIT,0
1770606572.9249938,BIT,0
1770606572.9249938,BIT,0
1770606572.9249938,BIT,1
1770606572.9249938,BIT,1
1770606572.9249938,BIT,0
1770606572.9249938,BIT,0
1770606572.9249938,BIT,1
1770606573.1747475,BIT,0
1770606573.1747475,BIT,0
1770606573.1747475,BIT,0
1770606573.1747475,BIT,0
1770606573.1747475,BIT,0
1770606573.1747475,BIT,0
1770606573.1747475,BIT,1
1770606573.1747475,BIT,1
1770606573.1747475,BIT,0
1770606573.1747475,BIT,1
1770606573.5929363,BIT,0
1770606573.5929363,BIT,1
1770606573.5929363,BIT,1
1770606573.5929363,BIT,0
1770606573.5929363,BIT,0
1770606573.5929363,BIT,0
1770606573.5929363,BIT,0
1770606573.5929363,BIT,0
1770606573.5929363,BIT,0
1770606573.5929363,BIT,1
1770606574.07845,BIT,0
1770606574.07845,BIT,1
1770606574.07845,BIT,0
1770606574.07845,BIT,1
1770606574.07845,BIT,0
1770606574.07845,BIT,1
1770606574.07845,BIT,0
1770606574.07845,BIT,0
1770606574.07845,BIT,0
1770606574.07845,BIT,1
1770606574.5306532,BIT,1
1770606574.5306532,BIT,1
1770606574.5306532,BIT,1
1770606574.5306532,BIT,0
1770606574.5306532,BIT,0
1770606574.5306532,BIT,1
1770606574.5306532,BIT,0
1770606574.5306532,BIT,0
1770606574.5306532,BIT,1
1770606574.5306532,BIT,0
1770606574.8797715,BIT,1
1770606574.8797715,BIT,0
1770606574.8797715,BIT,1
1770606574.8797715,BIT,1
1770606574.8797715,BIT,1
1770606574.8797715,BIT,1
1770606574.8797715,BIT,0
1770606574.8797715,BIT,0
1770606574.8797715,BIT,1
1770606574.8797715,BIT,0
1770606575.222155,BIT,1
1770606575.222155,BIT,0
1770606575.222155,BIT,1
1770606575.222155,BIT,0
1770606575.222155,BIT,0
1770606575.222155,BIT,0
1770606575.222155,BIT,0
1770606575.222155,BIT,0
1770606575.222155,BIT,1
1770606575.222155,BIT,0
1770606575.5542378,BIT,1
1770606575.5542378,BIT,1
1770606575.5542378,BIT,0
1770606575.5542378,BIT,1
1770606575.5542378,BIT,1
1770606575.5542378,BIT,1
1770606575.5542378,BIT,0
1770606575.5542378,BIT,0
1770606575.5542378,BIT,0
1770606575.5542378,BIT,1
1770606575.9833875,BIT,1
1770606575.9833875,BIT,1
1770606575.9833875,BIT,0
1770606575.9833875,BIT,0
1770606575.9833875,BIT,1
1770606575.9833875,BIT,0
1770606575.9833875,BIT,0
1770606575.9833875,BIT,0
1770606575.9833875,BIT,0
1770606575.9833875,BIT,0
1770606576.4696338,BIT,0
1770606576.4696338,BIT,1
1770606576.4696338,BIT,0
1770606576.4696338,BIT,1
1770606576.4696338,BIT,0
1770606576.4696338,BIT,1
1770606576.4696338,BIT,1
1770606576.4696338,BIT,0
1770606576.4696338,BIT,1
1770606576.4696338,BIT,0
1770606576.9615073,BIT,1
1770606576.9615073,BIT,1
1770606576.9615073,BIT,1
1770606576.9615073,BIT,0
1770606576.9615073,BIT,0
1770606576.9615073,BIT,1
1770606576.9615073,BIT,0
1770606576.9615073,BIT,0
1770606576.9615073,BIT,0
1770606576.9615073,BIT,1
1770606577.408791,BIT,0
1770606577.408791,BIT,0
1770606577.408791,BIT,0
1770606577.408791,BIT,1
1770606577.408791,BIT,1
1770606577.408791,BIT,1
1770606577.408791,BIT,1
1770606577.408791,BIT,1
1770606577.408791,BIT,1
1770606577.408791,BIT,0
1770606577.8650997,BIT,1
1770606577.8650997,BIT,1
1770606577.8650997,BIT,0
1770606577.8650997,BIT,0
1770606577.8650997,BIT,0
1770606577.8650997,BIT,0
1770606577.8650997,BIT,1
1770606577.8650997,BIT,1
1770606577.8650997,BIT,1
1770606577.8650997,BIT,1
1770606578.3853788,BIT,0
1770606578.3853788,BIT,1
1770606578.3853788,BIT,1
1770606578.3853788,BIT,1
1770606578.3853788,BIT,0
1770606578.3853788,BIT,0
1770606578.3853788,BIT,1
1770606578.3853788,BIT,0
1770606578.3853788,BIT,1
1770606578.3853788,BIT,1
1770606578.6781464,BIT,1
1770606578.6781464,BIT,0
1770606578.6781464,BIT,1
1770606578.6781464,BIT,1
1770606578.6781464,BIT,1
1770606578.6781464,BIT,1
1770606578.6781464,BIT,0
1770606578.6781464,BIT,1
1770606578.6781464,BIT,1
1770606578.6781464,BIT,1
1770606579.1177933,BIT,0
1770606579.1177933,BIT,1
1770606579.1177933,BIT,0
1770606579.1177933,BIT,0
1770606579.1177933,BIT,1
1770606579.1177933,BIT,1
1770606579.1177933,BIT,0
1770606579.1177933,BIT,0
1770606579.1177933,BIT,1
1770606579.1177933,BIT,1
1770606579.420787,BIT,0
1770606579.420787,BIT,1
1770606579.420787,BIT,0
1770606579.420787,BIT,0
1770606579.420787,BIT,1
1770606579.420787,BIT,1
1770606579.420787,BIT,0
1770606579.420787,BIT,0
1770606579.420787,BIT,0
1770606579.420787,BIT,1
1770606579.6690302,BIT,1
1770606579.6690302,BIT,1
1770606579.6690302,BIT,1
1770606579.6690302,BIT,0
1770606579.6690302,BIT,1
1770606579.6690302,BIT,1
1770606579.6690302,BIT,1
1770606579.6690302,BIT,0
1770606579.6690302,BIT,1
1770606579.6690302,BIT,1
1770606580.0182977,BIT,1
1770606580.0182977,BIT,0
1770606580.0182977,BIT,0
1770606580.0182977,BIT,1
1770606580.0182977,BIT,1
1770606580.0182977,BIT,0
1770606580.0182977,BIT,0
1770606580.0182977,BIT,1
1770606580.0182977,BIT,0
1770606580.0182977,BIT,1
1770606580.3789372,BIT,1
1770606580.3789372,BIT,0
1770606580.3789372,BIT,0
1770606580.3789372,BIT,0
1770606580.3789372,BIT,0
1770606580.3789372,BIT,0
1770606580.3789372,BIT,1
1770606580.3789372,BIT,0
1770606580.3789372,BIT,1
1770606580.3789372,BIT,0
1770606580.705263,BIT,0
1770606580.705263,BIT,1
1770606580.705263,BIT,1
1770606580.705263,BIT,1
1770606580.705263,BIT,0
1770606580.705263,BIT,1
1770606580.705263,BIT,0
1770606580.705263,BIT,1
1770606580.705263,BIT,1
1770606580.705263,BIT,1
1770606581.0688035,BIT,1
1770606581.0688035,BIT,1
1770606581.0688035,BIT,0
1770606581.0688035,BIT,0
1770606581.0688035,BIT,1
1770606581.0688035,BIT,1
1770606581.0688035,BIT,0
1770606581.0688035,BIT,0
1770606581.0688035,BIT,0
1770606581.0688035,BIT,1
1770606581.4584,BIT,0
1770606581.4584,BIT,1
1770606581.4584,BIT,1
1770606581.4584,BIT,1
1770606581.4584,BIT,1
1770606581.4584,BIT,1
1770606581.4584,BIT,0
1770606581.4584,BIT,0
1770606581.4584,BIT,1
1770606581.4584,BIT,0
1770606581.8055873,BIT,0
1770606581.8055873,BIT,0
1770606581.8055873,BIT,0
1770606581.8055873,BIT,0
1770606581.8055873,BIT,0
1770606581.8055873,BIT,1
1770606581.8055873,BIT,0
1770606581.8055873,BIT,0
1770606581.8055873,BIT,1
1770606581.8055873,BIT,0
1770606582.199724,BIT,1
1770606582.199724,BIT,0
1770606582.199724,BIT,1
1770606582.199724,BIT,1
1770606582.199724,BIT,1
1770606582.199724,BIT,0
1770606582.199724,BIT,0
1770606582.199724,BIT,1
1770606582.199724,BIT,0
1770606582.199724,BIT,0
1770606582.4654074,BIT,0
1770606582.4654074,BIT,1
1770606582.4654074,BIT,1
1770606582.4654074,BIT,0
1770606582.4654074,BIT,1
1770606582.4654074,BIT,1
1770606582.4654074,BIT,0
1770606582.4654074,BIT,1
1770606582.4654074,BIT,1
1770606582.4654074,BIT,1
1770606582.7108219,BIT,1
1770606582.7108219,BIT,0
1770606582.7108219,BIT,1
1770606582.7108219,BIT,1
1770606582.7108219,BIT,0
1770606582.7108219,BIT,1
1770606582.7108219,BIT,0
1770606582.7108219,BIT,0
1770606582.7108219,BIT,0
1770606582.7108219,BIT,0
1770606583.1116967,BIT,0
1770606583.1116967,BIT,1
1770606583.1116967,BIT,0
1770606583.1116967,BIT,0
1770606583.1116967,BIT,1
1770606583.1116967,BIT,0
1770606583.1116967,BIT,1
1770606583.1116967,BIT,1
1770606583.1116967,BIT,0
1770606583.1116967,BIT,0
1770606583.35745,BIT,1
1770606583.35745,BIT,0
1770606583.35745,BIT,1
1770606583.35745,BIT,1
1770606583.35745,BIT,1
1770606583.35745,BIT,0
1770606583.35745,BIT,1
1770606583.35745,BIT,1
1770606583.35745,BIT,0
1770606583.35745,BIT,0
1770606583.5838523,BIT,0
1770606583.5838523,BIT,0
1770606583.5838523,BIT,1
1770606583.5838523,BIT,1
1770606583.5838523,BIT,0
1770606583.5838523,BIT,0
1770606583.5838523,BIT,0
1770606583.5838523,BIT,0
1770606583.5838523,BIT,1
1770606583.5838523,BIT,1
1770606583.7951152,BIT,0
1770606583.7951152,BIT,1
1770606583.7951152,BIT,0
1770606583.7951152,BIT,0
1770606583.7951152,BIT,1
1770606583.7951152,BIT,0
1770606583.7951152,BIT,1
1770606583.7951152,BIT,0
1770606583.7951152,BIT,0
1770606583.7951152,BIT,0
1770606584.107083,BIT,1
1770606584.107083,BIT,1
1770606584.107083,BIT,1
1770606584.107083,BIT,1
1770606584.107083,BIT,1
1770606584.107083,BIT,0
1770606584.107083,BIT,1
1770606584.107083,BIT,0
1770606584.107083,BIT,1
1770606584.107083,BIT,0
1770606584.338215,BIT,1
1770606584.338215,BIT,0
1770606584.338215,BIT,0
1770606584.338215,BIT,0
1770606584.338215,BIT,1
1770606584.338215,BIT,0
1770606584.338215,BIT,0
1770606584.338215,BIT,1
1770606584.338215,BIT,1
1770606584.338215,BIT,0
1770606584.5791647,BIT,0
1770606584.5791647,BIT,1
1770606584.5791647,BIT,0
1770606584.5791647,BIT,1
1770606584.5791647,BIT,0
1770606584.5791647,BIT,0
1770606584.5791647,BIT,0
1770606584.5791647,BIT,0
1770606584.5791647,BIT,1
1770606584.5791647,BIT,1
1770606584.7810442,BIT,1
1770606584.7810442,BIT,0
1770606584.7810442,BIT,1
1770606584.7810442,BIT,1
1770606584.7810442,BIT,0
1770606584.7810442,BIT,1
1770606584.7810442,BIT,1
1770606584.7810442,BIT,1
1770606584.7810442,BIT,1
1770606584.7810442,BIT,1
1770606584.9975588,BIT,0
1770606584.9975588,BIT,0
1770606584.9975588,BIT,0
1770606584.9975588,BIT,1
1770606584.9975588,BIT,0
1770606584.9975588,BIT,0
1770606584.9975588,BIT,0
1770606584.9975588,BIT,1
1770606584.9975588,BIT,1
1770606584.9975588,BIT,1
1770606585.2080944,BIT,0
1770606585.2080944,BIT,0
1770606585.2080944,BIT,1
1770606585.2080944,BIT,0
1770606585.2080944,BIT,0
1770606585.2080944,BIT,0
1770606585.2080944,BIT,1
1770606585.2080944,BIT,1
1770606585.2080944,BIT,1
1770606585.2080944,BIT,1
1770606585.4258118,BIT,1
1770606585.4258118,BIT,1
1770606585.4258118,BIT,0
1770606585.4258118,BIT,0
1770606585.4258118,BIT,1
1770606585.4258118,BIT,0
1770606585.4258118,BIT,0
1770606585.4258118,BIT,0
1770606585.4258118,BIT,1
1770606585.4258118,BIT,1
1770606585.6269336,BIT,0
1770606585.6269336,BIT,1
1770606585.6269336,BIT,1
1770606585.6269336,BIT,1
1770606585.6269336,BIT,1
1770606585.6269336,BIT,1
1770606585.6269336,BIT,0
1770606585.6269336,BIT,0
1770606585.6269336,BIT,0
1770606585.6269336,BIT,1
1770606585.8866765,BIT,1
1770606585.8866765,BIT,1
1770606585.8866765,BIT,0
1770606585.8866765,BIT,0
1770606585.8866765,BIT,0
1770606585.8866765,BIT,0
1770606585.8866765,BIT,0
1770606585.8866765,BIT,0
1770606585.8866765,BIT,0
1770606585.8866765,BIT,0
1770606586.135564,BIT,0
1770606586.135564,BIT,0
1770606586.135564,BIT,0
1770606586.135564,BIT,0
1770606586.135564,BIT,0
1770606586.135564,BIT,1
1770606586.135564,BIT,1
1770606586.135564,BIT,0
1770606586.135564,BIT,0
1770606586.135564,BIT,0
1770606586.3547845,BIT,1
1770606586.3547845,BIT,1
1770606586.3547845,BIT,1
1770606586.3547845,BIT,1
1770606586.3547845,BIT,1
1770606586.3547845,BIT,0
1770606586.3547845,BIT,1
1770606586.3547845,BIT,1
1770606586.3547845,BIT,1
1770606586.3547845,BIT,0
1770606586.5567489,BIT,1
1770606586.5567489,BIT,1
1770606586.5567489,BIT,1
1770606586.5567489,BIT,0
1770606586.5567489,BIT,0
1770606586.5567489,BIT,1
1770606586.5567489,BIT,0
1770606586.5567489,BIT,1
1770606586.5567489,BIT,0
1770606586.5567489,BIT,0
1770606586.757741,BIT,1
1770606586.757741,BIT,1
1770606586.757741,BIT,1
1770606586.757741,BIT,0
1770606586.757741,BIT,1
1770606586.757741,BIT,0
1770606586.757741,BIT,0
1770606586.757741,BIT,1
1770606586.757741,BIT,0
1770606586.757741,BIT,1
1770606586.9757807,BIT,0
1770606586.9757807,BIT,1
1770606586.9757807,BIT,1
1770606586.9757807,BIT,1
1770606586.9757807,BIT,1
1770606586.9757807,BIT,1
1770606586.9757807,BIT,0
1770606586.9757807,BIT,1
1770606586.9757807,BIT,0
1770606586.9757807,BIT,0
1770606587.1963763,BIT,0
1770606587.1963763,BIT,0
1770606587.1963763,BIT,0
1770606587.1963763,BIT,0
1770606587.1963763,BIT,1
1770606587.1963763,BIT,0
1770606587.1963763,BIT,0
1770606587.1963763,BIT,1
1770606587.1963763,BIT,1
1770606587.1963763,BIT,0
1770606587.3948598,BIT,0
1770606587.3948598,BIT,0
1770606587.3948598,BIT,1
1770606587.3948598,BIT,1
1770606587.3948598,BIT,1
1770606587.3948598,BIT,1
1770606587.3948598,BIT,0
1770606587.3948598,BIT,1
1770606587.3948598,BIT,0
1770606587.3948598,BIT,0
1770606587.586341,BIT,1
1770606587.586341,BIT,1
1770606587.586341,BIT,1
1770606587.586341,BIT,0
1770606587.586341,BIT,0
1770606587.586341,BIT,0
1770606587.586341,BIT,0
1770606587.586341,BIT,1
1770606587.586341,BIT,0
1770606587.586341,BIT,1
1770606587.7758803,BIT,1
1770606587.7758803,BIT,0
1770606587.7758803,BIT,0
1770606587.7758803,BIT,1
1770606587.7758803,BIT,1
1770606587.7758803,BIT,0
1770606587.7758803,BIT,1
1770606587.7758803,BIT,1
1770606587.7758803,BIT,1
1770606587.7758803,BIT,1
1770606587.9698296,BIT,0
1770606587.9698296,BIT,1
1770606587.9698296,BIT,1
1770606587.9698296,BIT,1
1770606587.9698296,BIT,1
1770606587.9698296,BIT,0
1770606587.9698296,BIT,0
1770606587.9698296,BIT,0
1770606587.9698296,BIT,0
1770606587.9698296,BIT,1
1770606588.1605623,BIT,1
1770606588.1605623,BIT,0
1770606588.1605623,BIT,1
1770606588.1605623,BIT,1
1770606588.1605623,BIT,0
1770606588.1605623,BIT,0
1770606588.1605623,BIT,0
1770606588.1605623,BIT,0
1770606588.1605623,BIT,1
1770606588.1605623,BIT,1
1770606588.338337,BIT,1
1770606588.338337,BIT,1
1770606588.338337,BIT,0
1770606588.338337,BIT,0
1770606588.338337,BIT,1
1770606588.338337,BIT,0
1770606588.338337,BIT,0
1770606588.338337,BIT,0
1770606588.338337,BIT,1
1770606588.338337,BIT,0
1770606588.5430226,BIT,0
1770606588.5430226,BIT,0
1770606588.5430226,BIT,1
1770606588.5430226,BIT,1
1770606588.5430226,BIT,0
1770606588.5430226,BIT,0
1770606588.5430226,BIT,1
1770606588.5430226,BIT,0
1770606588.5430226,BIT,1
1770606588.5430226,BIT,0
1770606588.7344117,BIT,1
1770606588.7344117,BIT,1
1770606588.7344117,BIT,0
1770606588.7344117,BIT,0
1770606588.7344117,BIT,1
1770606588.7344117,BIT,1
1770606588.7344117,BIT,0
1770606588.7344117,BIT,1
1770606588.7344117,BIT,1
1770606588.7344117,BIT,0
1770606588.942095,BIT,0
1770606588.942095,BIT,0
1770606588.942095,BIT,1
1770606588.942095,BIT,1
1770606588.942095,BIT,0
1770606588.942095,BIT,0
1770606588.942095,BIT,1
1770606588.942095,BIT,0
1770606588.942095,BIT,0
1770606588.942095,BIT,1
1770606589.138246,BIT,0
1770606589.138246,BIT,1
1770606589.138246,BIT,1
1770606589.138246,BIT,0
1770606589.138246,BIT,0
1770606589.138246,BIT,1
1770606589.138246,BIT,1
1770606589.138246,BIT,0
1770606589.138246,BIT,0
1770606589.138246,BIT,1
1770606589.3213947,BIT,1
1770606589.3213947,BIT,1
1770606589.3213947,BIT,0
1770606589.3213947,BIT,0
1770606589.3213947,BIT,0
1770606589.3213947,BIT,1
1770606589.3213947,BIT,0
1770606589.3213947,BIT,0
1770606589.3213947,BIT,1
1770606589.3213947,BIT,0
1770606589.5144691,BIT,0
1770606589.5144691,BIT,1
1770606589.5144691,BIT,1
1770606589.5144691,BIT,1
1770606589.5144691,BIT,1
1770606589.5144691,BIT,0
1770606589.5144691,BIT,1
1770606589.5144691,BIT,0
1770606589.5144691,BIT,1
1770606589.5144691,BIT,0
1770606589.6911283,BIT,1
1770606589.6911283,BIT,1
1770606589.6911283,BIT,1
1770606589.6911283,BIT,0
1770606589.6911283,BIT,1
1770606589.6911283,BIT,1
1770606589.6911283,BIT,0
1770606589.6911283,BIT,0
1770606589.6911283,BIT,1
1770606589.6911283,BIT,0
1770606589.9029953,BIT,0
1770606589.9029953,BIT,1
1770606589.9029953,BIT,1
1770606589.9029953,BIT,0
1770606589.9029953,BIT,0
1770606589.9029953,BIT,0
1770606589.9029953,BIT,0
1770606589.9029953,BIT,1
1770606589.9029953,BIT,1
1770606589.9029953,BIT,1
1770606590.0910175,BIT,0
1770606590.0910175,BIT,0
1770606590.0910175,BIT,0
1770606590.0910175,BIT,1
1770606590.0910175,BIT,1
1770606590.0910175,BIT,1
1770606590.0910175,BIT,0
1770606590.0910175,BIT,0
1770606590.0910175,BIT,1
1770606590.0910175,BIT,1
1770606590.2914555,BIT,1
1770606590.2914555,BIT,0
1770606590.2914555,BIT,1
1770606590.2914555,BIT,1
1770606590.2914555,BIT,1
1770606590.2914555,BIT,1
1770606590.2914555,BIT,0
1770606590.2914555,BIT,0
1770606590.2914555,BIT,1
1770606590.2914555,BIT,1
1770606590.4735503,BIT,0
1770606590.4735503,BIT,0
1770606590.4735503,BIT,1
1770606590.4735503,BIT,0
1770606590.4735503,BIT,1
1770606590.4735503,BIT,1
1770606590.4735503,BIT,0
1770606590.4735503,BIT,0
1770606590.4735503,BIT,1
1770606590.4735503,BIT,0
1770606590.653277,BIT,1
1770606590.653277,BIT,0
1770606590.653277,BIT,0
1770606590.653277,BIT,1
1770606590.653277,BIT,1
1770606590.653277,BIT,1
1770606590.653277,BIT,1
1770606590.653277,BIT,1
1770606590.653277,BIT,1
1770606590.653277,BIT,0
1770606590.8290973,BIT,0
1770606590.8290973,BIT,1
1770606590.8290973,BIT,0
1770606590.8290973,BIT,0
1770606590.8290973,BIT,1
1770606590.8290973,BIT,0
1770606590.8290973,BIT,0
1770606590.8290973,BIT,0
1770606590.8290973,BIT,1
1770606590.8290973,BIT,0
1770606591.0260365,BIT,1
1770606591.0260365,BIT,1
1770606591.0260365,BIT,0
1770606591.0260365,BIT,1
1770606591.0260365,BIT,0
1770606591.0260365,BIT,1
1770606591.0260365,BIT,1
1770606591.0260365,BIT,1
1770606591.0260365,BIT,1
1770606591.0260365,BIT,0
1770606591.217788,BIT,1
1770606591.217788,BIT,0
1770606591.217788,BIT,0
1770606591.217788,BIT,1
1770606591.217788,BIT,1
1770606591.217788,BIT,0
1770606591.217788,BIT,0
1770606591.217788,BIT,1
1770606591.217788,BIT,1
1770606591.217788,BIT,0
1770606591.4135327,BIT,1
1770606591.4135327,BIT,0
1770606591.4135327,BIT,0
1770606591.4135327,BIT,0
1770606591.4135327,BIT,1
1770606591.4135327,BIT,0
1770606591.4135327,BIT,1
1770606591.4135327,BIT,0
1770606591.4135327,BIT,0
1770606591.4135327,BIT,1
1770606591.6187153,BIT,0
1770606591.6187153,BIT,0
1770606591.6187153,BIT,0
1770606591.6187153,BIT,0
1770606591.6187153,BIT,1
1770606591.6187153,BIT,1
1770606591.6187153,BIT,1
1770606591.6187153,BIT,0
1770606591.6187153,BIT,0
1770606591.6187153,BIT,1
1770606591.8412113,BIT,0
1770606591.8412113,BIT,1
1770606591.8412113,BIT,0
1770606591.8412113,BIT,1
1770606591.8412113,BIT,0
1770606591.8412113,BIT,1
1770606591.8412113,BIT,1
1770606591.8412113,BIT,1
1770606591.8412113,BIT,1
1770606591.8412113,BIT,0
1770606592.0886092,BIT,1
1770606592.0886092,BIT,1
1770606592.0886092,BIT,0
1770606592.0886092,BIT,1
1770606592.0886092,BIT,0
1770606592.0886092,BIT,1
1770606592.0886092,BIT,1
1770606592.0886092,BIT,0
1770606592.0886092,BIT,1
1770606592.0886092,BIT,0
1770606592.354223,BIT,0
1770606592.354223,BIT,1
1770606592.354223,BIT,0
1770606592.354223,BIT,0
1770606592.354223,BIT,1
1770606592.354223,BIT,1
1770606592.354223,BIT,0
1770606592.354223,BIT,0
1770606592.354223,BIT,0
1770606592.354223,BIT,1
1770606592.6358979,BIT,1
1770606592.6358979,BIT,1
1770606592.6358979,BIT,1
1770606592.6358979,BIT,0
1770606592.6358979,BIT,1
1770606592.6358979,BIT,1
1770606592.6358979,BIT,0
1770606592.6358979,BIT,0
1770606592.6358979,BIT,1
1770606592.6358979,BIT,0
1770606592.8604345,BIT,0
1770606592.8604345,BIT,1
1770606592.8604345,BIT,1
1770606592.8604345,BIT,0
1770606592.8604345,BIT,1
1770606592.8604345,BIT,0
1770606592.8604345,BIT,0
1770606592.8604345,BIT,0
1770606592.8604345,BIT,0
1770606592.8604345,BIT,0
1770606593.0580225,BIT,1
1770606593.0580225,BIT,1
1770606593.0580225,BIT,1
1770606593.0580225,BIT,1
1770606593.0580225,BIT,0
1770606593.0580225,BIT,1
1770606593.0580225,BIT,1
1770606593.0580225,BIT,0
1770606593.0580225,BIT,1
1770606593.0580225,BIT,0
1770606593.3129895,BIT,1
1770606593.3129895,BIT,1
1770606593.3129895,BIT,0
1770606593.3129895,BIT,1
1770606593.3129895,BIT,1
1770606593.3129895,BIT,0
1770606593.3129895,BIT,1
1770606593.3129895,BIT,0
1770606593.3129895,BIT,1
1770606593.3129895,BIT,0
1770606593.5222454,BIT,1
1770606593.5222454,BIT,1
1770606593.5222454,BIT,1
1770606593.5222454,BIT,1
1770606593.5222454,BIT,0
1770606593.5222454,BIT,0
1770606593.5222454,BIT,1
1770606593.5222454,BIT,0
1770606593.5222454,BIT,1
1770606593.5222454,BIT,1
1770606593.705251,BIT,1
1770606593.705251,BIT,0
1770606593.705251,BIT,1
1770606593.705251,BIT,0
1770606593.705251,BIT,1
1770606593.705251,BIT,1
1770606593.705251,BIT,1
1770606593.705251,BIT,1
1770606593.705251,BIT,1
1770606593.705251,BIT,1
1770606593.9188673,BIT,1
1770606593.9188673,BIT,0
1770606593.9188673,BIT,1
1770606593.9188673,BIT,0
1770606593.9188673,BIT,0
1770606593.9188673,BIT,1
1770606593.9188673,BIT,1
1770606593.9188673,BIT,0
1770606593.9188673,BIT,0
1770606593.9188673,BIT,0
1770606594.1209278,BIT,1
1770606594.1209278,BIT,0
1770606594.1209278,BIT,0
1770606594.1209278,BIT,0
1770606594.1209278,BIT,0
1770606594.1209278,BIT,0
1770606594.1209278,BIT,1
1770606594.1209278,BIT,1
1770606594.1209278,BIT,1
1770606594.1209278,BIT,0
1770606594.300622,BIT,1
1770606594.300622,BIT,0
1770606594.300622,BIT,1
1770606594.300622,BIT,0
1770606594.300622,BIT,1
1770606594.300622,BIT,0
1770606594.300622,BIT,0
1770606594.300622,BIT,1
1770606594.300622,BIT,0
1770606594.300622,BIT,1
1770606594.498334,BIT,1
1770606594.498334,BIT,1
1770606594.498334,BIT,1
1770606594.498334,BIT,0
1770606594.498334,BIT,0
1770606594.498334,BIT,1
1770606594.498334,BIT,0
1770606594.498334,BIT,1
1770606594.498334,BIT,0
1770606594.498334,BIT,1
1770606594.6874976,BIT,1
1770606594.6874976,BIT,0
1770606594.6874976,BIT,1
1770606594.6874976,BIT,1
1770606594.6874976,BIT,1
1770606594.6874976,BIT,0
1770606594.6874976,BIT,1
1770606594.6874976,BIT,1
1770606594.6874976,BIT,0
1770606594.6874976,BIT,0
1770606594.8664267,BIT,1
1770606594.8664267,BIT,1
1770606594.8664267,BIT,0
1770606594.8664267,BIT,1
1770606594.8664267,BIT,0
1770606594.8664267,BIT,0
1770606594.8664267,BIT,1
1770606594.8664267,BIT,1
1770606594.8664267,BIT,0
1770606594.8664267,BIT,0
1770606595.087596,BIT,1
1770606595.087596,BIT,0
1770606595.087596,BIT,0
1770606595.087596,BIT,1
1770606595.087596,BIT,1
1770606595.087596,BIT,1
1770606595.087596,BIT,0
1770606595.087596,BIT,1
1770606595.087596,BIT,0
1770606595.087596,BIT,1
1770606595.3333063,BIT,0
1770606595.3333063,BIT,0
1770606595.3333063,BIT,1
1770606595.3333063,BIT,1
1770606595.3333063,BIT,0
1770606595.3333063,BIT,1
1770606595.3333063,BIT,0
1770606595.3333063,BIT,0
1770606595.3333063,BIT,0
1770606595.3333063,BIT,0
1770606595.56011,BIT,0
1770606595.56011,BIT,1
1770606595.56011,BIT,1
1770606595.56011,BIT,0
1770606595.56011,BIT,1
1770606595.56011,BIT,0
1770606595.56011,BIT,1
1770606595.56011,BIT,1
1770606595.56011,BIT,1
1770606595.56011,BIT,0
1770606595.7580385,BIT,1
1770606595.7580385,BIT,0
1770606595.7580385,BIT,0
1770606595.7580385,BIT,0
1770606595.7580385,BIT,0
1770606595.7580385,BIT,0
1770606595.7580385,BIT,0
1770606595.7580385,BIT,0
1770606595.7580385,BIT,1
1770606595.7580385,BIT,0
1770606595.96214,BIT,0
1770606595.96214,BIT,0
1770606595.96214,BIT,1
1770606595.96214,BIT,1
1770606595.96214,BIT,1
1770606595.96214,BIT,0
1770606595.96214,BIT,0
1770606595.96214,BIT,1
1770606595.96214,BIT,0
1770606595.96214,BIT,0
1770606596.1488397,BIT,1
1770606596.1488397,BIT,1
1770606596.1488397,BIT,0
1770606596.1488397,BIT,1
1770606596.1488397,BIT,1
1770606596.1488397,BIT,0
1770606596.1488397,BIT,1
1770606596.1488397,BIT,1
1770606596.1488397,BIT,1
1770606596.1488397,BIT,1
1770606596.3917642,BIT,0
1770606596.3917642,BIT,0
1770606596.3917642,BIT,1
1770606596.3917642,BIT,0
1770606596.3917642,BIT,1
1770606596.3917642,BIT,0
1770606596.3917642,BIT,0
1770606596.3917642,BIT,0
1770606596.3917642,BIT,0
1770606596.3917642,BIT,0
1770606596.6009653,BIT,1
1770606596.6009653,BIT,1
1770606596.6009653,BIT,0
1770606596.6009653,BIT,1
1770606596.6009653,BIT,1
1770606596.6009653,BIT,1
1770606596.6009653,BIT,1
1770606596.6009653,BIT,1
1770606596.6009653,BIT,0
1770606596.6009653,BIT,0
1770606596.79368,BIT,0
1770606596.79368,BIT,1
1770606596.79368,BIT,1
1770606596.79368,BIT,0
1770606596.79368,BIT,1
1770606596.79368,BIT,0
1770606596.79368,BIT,0
1770606596.79368,BIT,0
1770606596.79368,BIT,1
1770606596.79368,BIT,1
1770606597.0009904,BIT,0
1770606597.0009904,BIT,0
1770606597.0009904,BIT,0
1770606597.0009904,BIT,1
1770606597.0009904,BIT,1
1770606597.0009904,BIT,1
1770606597.0009904,BIT,0
1770606597.0009904,BIT,1
1770606597.0009904,BIT,1
1770606597.0009904,BIT,0
1770606597.1720393,BIT,1
1770606597.1720393,BIT,1
1770606597.1720393,BIT,0
1770606597.1720393,BIT,0
1770606597.1720393,BIT,1
1770606597.1720393,BIT,1
1770606597.1720393,BIT,0
1770606597.1720393,BIT,1
1770606597.1720393,BIT,0
1770606597.1720393,BIT,0
1770606597.386753,BIT,0
1770606597.386753,BIT,1
1770606597.386753,BIT,1
1770606597.386753,BIT,0
1770606597.386753,BIT,1
1770606597.386753,BIT,0
1770606597.386753,BIT,1
1770606597.386753,BIT,1
1770606597.386753,BIT,1
1770606597.386753,BIT,1
1770606597.581296,BIT,1
1770606597.581296,BIT,0
1770606597.581296,BIT,0
1770606597.581296,BIT,1
1770606597.581296,BIT,0
1770606597.581296,BIT,1
1770606597.581296,BIT,1
1770606597.581296,BIT,0
1770606597.581296,BIT,0
1770606597.581296,BIT,1
1770606597.7696028,BIT,0
1770606597.7696028,BIT,1
1770606597.7696028,BIT,0
1770606597.7696028,BIT,1
1770606597.7696028,BIT,0
1770606597.7696028,BIT,1
1770606597.7696028,BIT,1
1770606597.7696028,BIT,0
1770606597.7696028,BIT,0
1770606597.7696028,BIT,1
1770606597.9733322,BIT,0
1770606597.9733322,BIT,0
1770606597.9733322,BIT,1
1770606597.9733322,BIT,0
1770606597.9733322,BIT,1
1770606597.9733322,BIT,1
1770606597.9733322,BIT,0
1770606597.9733322,BIT,1
1770606597.9733322,BIT,0
1770606597.9733322,BIT,0
1770606598.160234,BIT,1
1770606598.160234,BIT,1
1770606598.160234,BIT,1
1770606598.160234,BIT,0
1770606598.160234,BIT,0
1770606598.160234,BIT,1
1770606598.160234,BIT,0
1770606598.160234,BIT,1
1770606598.160234,BIT,0
1770606598.160234,BIT,0
1770606598.3542511,BIT,0
1770606598.3542511,BIT,0
1770606598.3542511,BIT,0
1770606598.3542511,BIT,1
1770606598.3542511,BIT,1
1770606598.3542511,BIT,1
1770606598.3542511,BIT,1
1770606598.3542511,BIT,0
1770606598.3542511,BIT,1
1770606598.3542511,BIT,0
1770606598.5499148,BIT,0
1770606598.5499148,BIT,1
1770606598.5499148,BIT,0
1770606598.5499148,BIT,1
1770606598.5499148,BIT,1
1770606598.5499148,BIT,0
1770606598.5499148,BIT,0
1770606598.5499148,BIT,1
1770606598.5499148,BIT,1
1770606598.5499148,BIT,0
1770606598.7223914,BIT,1
1770606598.7223914,BIT,1
1770606598.7223914,BIT,0
1770606598.7223914,BIT,0
1770606598.7223914,BIT,1
1770606598.7223914,BIT,0
1770606598.7223914,BIT,0
1770606598.7223914,BIT,1
1770606598.7223914,BIT,0
1770606598.7223914,BIT,1
1770606598.9157858,BIT,0
1770606598.9157858,BIT,1
1770606598.9157858,BIT,1
1770606598.9157858,BIT,0
1770606598.9157858,BIT,1
1770606598.9157858,BIT,1
1770606598.9157858,BIT,0
1770606598.9157858,BIT,0
1770606598.9157858,BIT,1
1770606598.9157858,BIT,0
1770606599.1006784,BIT,1
1770606599.1006784,BIT,0
1770606599.1006784,BIT,1
1770606599.1006784,BIT,0
1770606599.1006784,BIT,0
1770606599.1006784,BIT,1
1770606599.1006784,BIT,0
1770606599.1006784,BIT,0
1770606599.1006784,BIT,0
1770606599.1006784,BIT,1
1770606599.2825863,BIT,1
1770606599.2825863,BIT,0
1770606599.2825863,BIT,1
1770606599.2825863,BIT,1
1770606599.2825863,BIT,1
1770606599.2825863,BIT,1
1770606599.2825863,BIT,0
1770606599.2825863,BIT,1
1770606599.2825863,BIT,0
1770606599.2825863,BIT,0
1770606599.4746425,BIT,1
1770606599.4746425,BIT,1
1770606599.4746425,BIT,1
1770606599.4746425,BIT,1
1770606599.4746425,BIT,0
1770606599.4746425,BIT,1
1770606599.4746425,BIT,1
1770606599.4746425,BIT,1
1770606599.4746425,BIT,0
1770606599.4746425,BIT,0
1770606599.6455748,BIT,1
1770606599.6455748,BIT,1
1770606599.6455748,BIT,1
1770606599.6455748,BIT,0
1770606599.6455748,BIT,0
1770606599.6455748,BIT,0
1770606599.6455748,BIT,0
1770606599.6455748,BIT,1
1770606599.6455748,BIT,0
1770606599.6455748,BIT,0
1770606599.8245084,BIT,1
1770606599.8245084,BIT,1
1770606599.8245084,BIT,0
1770606599.8245084,BIT,1
1770606599.8245084,BIT,1
1770606599.8245084,BIT,1
1770606599.8245084,BIT,0
1770606599.8245084,BIT,0
1770606599.8245084,BIT,0
1770606599.8245084,BIT,1
1770606600.0177758,BIT,0
1770606600.0177758,BIT,0
1770606600.0177758,BIT,0
1770606600.0177758,BIT,0
1770606600.0177758,BIT,1
1770606600.0177758,BIT,0
1770606600.0177758,BIT,0
1770606600.0177758,BIT,0
1770606600.0177758,BIT,1
1770606600.0177758,BIT,0
1770606600.1948428,BIT,0
1770606600.1948428,BIT,0
1770606600.1948428,BIT,0
1770606600.1948428,BIT,1
1770606600.1948428,BIT,1
1770606600.1948428,BIT,0
1770606600.1948428,BIT,0
1770606600.1948428,BIT,0
1770606600.1948428,BIT,0
1770606600.1948428,BIT,1
1770606600.390952,BIT,0
1770606600.390952,BIT,1
1770606600.390952,BIT,1
1770606600.390952,BIT,0
1770606600.390952,BIT,0
1770606600.390952,BIT,0
1770606600.390952,BIT,1
1770606600.390952,BIT,0
1770606600.390952,BIT,1
1770606600.390952,BIT,1
1770606600.5793989,BIT,0
1770606600.5793989,BIT,1
1770606600.5793989,BIT,0
1770606600.5793989,BIT,0
1770606600.5793989,BIT,1
1770606600.5793989,BIT,0
1770606600.5793989,BIT,1
1770606600.5793989,BIT,1
1770606600.5793989,BIT,1
1770606600.5793989,BIT,0
1770606600.7726238,BIT,0
1770606600.7726238,BIT,0
1770606600.7726238,BIT,0
1770606600.7726238,BIT,1
1770606600.7726238,BIT,0
1770606600.7726238,BIT,0
1770606600.7726238,BIT,1
1770606600.7726238,BIT,0
1770606600.7726238,BIT,0
1770606600.7726238,BIT,1
1770606600.9700003,BIT,1
1770606600.9700003,BIT,0
1770606600.9700003,BIT,1
1770606600.9700003,BIT,1
1770606600.9700003,BIT,0
1770606600.9700003,BIT,1
1770606600.9700003,BIT,0
1770606600.9700003,BIT,0
1770606600.9700003,BIT,1
1770606600.9700003,BIT,1
1770606601.1506793,BIT,0
1770606601.1506793,BIT,1
1770606601.1506793,BIT,0
1770606601.1506793,BIT,1
1770606601.1506793,BIT,1
1770606601.1506793,BIT,0
1770606601.1506793,BIT,1
1770606601.1506793,BIT,1
1770606601.1506793,BIT,1
1770606601.1506793,BIT,0
1770606601.334733,BIT,1
1770606601.334733,BIT,0
1770606601.334733,BIT,1
1770606601.334733,BIT,0
1770606601.334733,BIT,1
1770606601.334733,BIT,1
1770606601.334733,BIT,1
1770606601.334733,BIT,0
1770606601.334733,BIT,1
1770606601.334733,BIT,0
1770606601.5258994,BIT,0
1770606601.5258994,BIT,0
1770606601.5258994,BIT,0
1770606601.5258994,BIT,1
1770606601.5258994,BIT,1
1770606601.5258994,BIT,0
1770606601.5258994,BIT,1
1770606601.5258994,BIT,0
1770606601.5258994,BIT,0
1770606601.5258994,BIT,0
1770606601.7129724,BIT,0
1770606601.7129724,BIT,0
1770606601.7129724,BIT,0
1770606601.7129724,BIT,0
1770606601.7129724,BIT,0
1770606601.7129724,BIT,1
1770606601.7129724,BIT,0
1770606601.7129724,BIT,1
1770606601.7129724,BIT,0
1770606601.7129724,BIT,0
1770606601.9162254,BIT,0
1770606601.9162254,BIT,1
1770606601.9162254,BIT,1
1770606601.9162254,BIT,1
1770606601.9162254,BIT,1
1770606601.9162254,BIT,1
1770606601.9162254,BIT,0
1770606601.9162254,BIT,1
1770606601.9162254,BIT,0
1770606601.9162254,BIT,0
1770606602.105095,BIT,0
1770606602.105095,BIT,1
1770606602.105095,BIT,1
1770606602.105095,BIT,0
1770606602.105095,BIT,0
1770606602.105095,BIT,1
1770606602.105095,BIT,0
1770606602.105095,BIT,0
1770606602.105095,BIT,1
1770606602.105095,BIT,1
1770606602.3007252,BIT,1
1770606602.3007252,BIT,0
1770606602.3007252,BIT,0
1770606602.3007252,BIT,0
1770606602.3007252,BIT,0
1770606602.3007252,BIT,1
1770606602.3007252,BIT,1
1770606602.3007252,BIT,1
1770606602.3007252,BIT,1
1770606602.3007252,BIT,1
1770606602.4793627,BIT,0
1770606602.4793627,BIT,1
1770606602.4793627,BIT,0
1770606602.4793627,BIT,1
1770606602.4793627,BIT,1
1770606602.4793627,BIT,1
1770606602.4793627,BIT,0
1770606602.4793627,BIT,0
1770606602.4793627,BIT,0
1770606602.4793627,BIT,1
1770606602.7728732,BIT,0
1770606602.7728732,BIT,0
1770606602.7728732,BIT,1
1770606602.7728732,BIT,1
1770606602.7728732,BIT,0
1770606602.7728732,BIT,0
1770606602.7728732,BIT,1
1770606602.7728732,BIT,0
1770606602.7728732,BIT,1
1770606602.7728732,BIT,1
1770606602.9891367,BIT,0
1770606602.9891367,BIT,1
1770606602.9891367,BIT,1
1770606602.9891367,BIT,1
1770606602.9891367,BIT,0
1770606602.9891367,BIT,1
1770606602.9891367,BIT,1
1770606602.9891367,BIT,0
1770606602.9891367,BIT,0
1770606602.9891367,BIT,0
1770606603.1803272,BIT,0
1770606603.1803272,BIT,1
1770606603.1803272,BIT,0
1770606603.1803272,BIT,1
1770606603.1803272,BIT,0
1770606603.1803272,BIT,0
1770606603.1803272,BIT,0
1770606603.1803272,BIT,1
1770606603.1803272,BIT,0
1770606603.1803272,BIT,0
1770606603.3636103,BIT,0
1770606603.3636103,BIT,1
1770606603.3636103,BIT,0
1770606603.3636103,BIT,1
1770606603.3636103,BIT,1
1770606603.3636103,BIT,1
1770606603.3636103,BIT,0
1770606603.3636103,BIT,1
1770606603.3636103,BIT,1
1770606603.3636103,BIT,0
1770606603.5540633,BIT,1
1770606603.5540633,BIT,1
1770606603.5540633,BIT,1
1770606603.5540633,BIT,1
1770606603.5540633,BIT,1
1770606603.5540633,BIT,1
1770606603.5540633,BIT,0
1770606603.5540633,BIT,1
1770606603.5540633,BIT,0
1770606603.5540633,BIT,1
1770606603.7361505,BIT,1
1770606603.7361505,BIT,1
1770606603.7361505,BIT,0
1770606603.7361505,BIT,1
1770606603.7361505,BIT,1
1770606603.7361505,BIT,1
1770606603.7361505,BIT,0
1770606603.7361505,BIT,0
1770606603.7361505,BIT,1
1770606603.7361505,BIT,0
1770606603.9288847,BIT,0
1770606603.9288847,BIT,0
1770606603.9288847,BIT,0
1770606603.9288847,BIT,1
1770606603.9288847,BIT,1
1770606603.9288847,BIT,1
1770606603.9288847,BIT,0
1770606603.9288847,BIT,1
1770606603.9288847,BIT,0
1770606603.9288847,BIT,1
1770606604.1103592,BIT,1
1770606604.1103592,BIT,1
1770606604.1103592,BIT,1
1770606604.1103592,BIT,1
1770606604.1103592,BIT,1
1770606604.1103592,BIT,1
1770606604.1103592,BIT,1
1770606604.1103592,BIT,1
1770606604.1103592,BIT,0
1770606604.1103592,BIT,1
1770606604.3007667,BIT,1
1770606604.3007667,BIT,1
1770606604.3007667,BIT,1
1770606604.3007667,BIT,0
1770606604.3007667,BIT,0
1770606604.3007667,BIT,0
1770606604.3007667,BIT,1
1770606604.3007667,BIT,0
1770606604.3007667,BIT,0
1770606604.3007667,BIT,0
1770606604.4878588,BIT,1
1770606604.4878588,BIT,0
1770606604.4878588,BIT,1
1770606604.4878588,BIT,1
1770606604.4878588,BIT,0
1770606604.4878588,BIT,1
1770606604.4878588,BIT,1
1770606604.4878588,BIT,1
1770606604.4878588,BIT,1
1770606604.4878588,BIT,1
1770606604.6586053,BIT,0
1770606604.6586053,BIT,0
1770606604.6586053,BIT,1
1770606604.6586053,BIT,0
1770606604.6586053,BIT,0
1770606604.6586053,BIT,0
1770606604.6586053,BIT,0
1770606604.6586053,BIT,1
1770606604.6586053,BIT,1
1770606604.6586053,BIT,1
1770606604.8321476,BIT,1
1770606604.8321476,BIT,0
1770606604.8321476,BIT,0
1770606604.8321476,BIT,1
1770606604.8321476,BIT,0
1770606604.8321476,BIT,0
1770606604.8321476,BIT,0
1770606604.8321476,BIT,0
1770606604.8321476,BIT,1
1770606604.8321476,BIT,0
1770606605.0219128,BIT,0
1770606605.0219128,BIT,0
1770606605.0219128,BIT,1
1770606605.0219128,BIT,1
1770606605.0219128,BIT,0
1770606605.0219128,BIT,1
1770606605.0219128,BIT,1
1770606605.0219128,BIT,0
1770606605.0219128,BIT,0
1770606605.0219128,BIT,1
1770606605.1914065,BIT,0
1770606605.1914065,BIT,1
1770606605.1914065,BIT,0
1770606605.1914065,BIT,0
1770606605.1914065,BIT,1
1770606605.1914065,BIT,1
1770606605.1914065,BIT,1
1770606605.1914065,BIT,1
1770606605.1914065,BIT,0
1770606605.1914065,BIT,0
1770606605.376338,BIT,1
1770606605.376338,BIT,0
1770606605.376338,BIT,0
1770606605.376338,BIT,1
1770606605.376338,BIT,1
1770606605.376338,BIT,1
1770606605.376338,BIT,1
1770606605.376338,BIT,1
1770606605.376338,BIT,1
1770606605.376338,BIT,1
1770606605.570422,BIT,1
1770606605.570422,BIT,1
1770606605.570422,BIT,1
1770606605.570422,BIT,1
1770606605.570422,BIT,1
1770606605.570422,BIT,1
1770606605.570422,BIT,0
1770606605.570422,BIT,0
1770606605.570422,BIT,0
1770606605.570422,BIT,1
1770606605.743015,BIT,0
1770606605.743015,BIT,0
1770606605.743015,BIT,0
1770606605.743015,BIT,0
1770606605.743015,BIT,1
1770606605.743015,BIT,1
1770606605.743015,BIT,1
1770606605.743015,BIT,1
1770606605.743015,BIT,0
1770606605.743015,BIT,1
1770606605.9458158,BIT,1
1770606605.9458158,BIT,1
1770606605.9458158,BIT,1
1770606605.9458158,BIT,1
1770606605.9458158,BIT,1
1770606605.9458158,BIT,0
1770606605.9458158,BIT,0
1770606605.9458158,BIT,1
1770606605.9458158,BIT,1
1770606605.9458158,BIT,1
1770606606.1213768,BIT,1
1770606606.1213768,BIT,0
1770606606.1213768,BIT,0
1770606606.1213768,BIT,1
1770606606.1213768,BIT,1
1770606606.1213768,BIT,0
1770606606.1213768,BIT,1
1770606606.1213768,BIT,1
1770606606.1213768,BIT,1
1770606606.1213768,BIT,1
1770606606.31924,BIT,1
1770606606.31924,BIT,1
1770606606.31924,BIT,0
1770606606.31924,BIT,0
1770606606.31924,BIT,0
1770606606.31924,BIT,0
1770606606.31924,BIT,1
1770606606.31924,BIT,0
1770606606.31924,BIT,0
1770606606.31924,BIT,1
1770606606.5036385,BIT,0
1770606606.5036385,BIT,0
1770606606.5036385,BIT,1
1770606606.5036385,BIT,0
1770606606.5036385,BIT,0
1770606606.5036385,BIT,0
1770606606.5036385,BIT,1
1770606606.5036385,BIT,1
1770606606.5036385,BIT,0
1770606606.5036385,BIT,1
1770606606.6816804,BIT,1
1770606606.6816804,BIT,0
1770606606.6816804,BIT,0
1770606606.6816804,BIT,1
1770606606.6816804,BIT,1
1770606606.6816804,BIT,0
1770606606.6816804,BIT,0
1770606606.6816804,BIT,1
1770606606.6816804,BIT,1
1770606606.6816804,BIT,0
1770606606.8572307,BIT,0
1770606606.8572307,BIT,1
1770606606.8572307,BIT,1
1770606606.8572307,BIT,1
1770606606.8572307,BIT,1
1770606606.8572307,BIT,0
1770606606.8572307,BIT,1
1770606606.8572307,BIT,1
1770606606.8572307,BIT,0
1770606606.8572307,BIT,1
1770606607.066745,BIT,1
1770606607.066745,BIT,0
1770606607.066745,BIT,0
1770606607.066745,BIT,0
1770606607.066745,BIT,0
1770606607.066745,BIT,0
1770606607.066745,BIT,0
1770606607.066745,BIT,1
1770606607.066745,BIT,0
1770606607.066745,BIT,0
1770606607.252971,BIT,0
1770606607.252971,BIT,1
1770606607.252971,BIT,0
1770606607.252971,BIT,1
1770606607.252971,BIT,0
1770606607.252971,BIT,0
1770606607.252971,BIT,0
1770606607.252971,BIT,1
1770606607.252971,BIT,1
1770606607.252971,BIT,0
1770606607.4411056,BIT,0
1770606607.4411056,BIT,0
1770606607.4411056,BIT,0
1770606607.4411056,BIT,0
1770606607.4411056,BIT,0
1770606607.4411056,BIT,1
1770606607.4411056,BIT,0
1770606607.4411056,BIT,1
1770606607.4411056,BIT,0
1770606607.4411056,BIT,1
1770606607.62336,BIT,1
1770606607.62336,BIT,0
1770606607.62336,BIT,0
1770606607.62336,BIT,0
1770606607.62336,BIT,0
1770606607.62336,BIT,1
1770606607.62336,BIT,1
1770606607.62336,BIT,1
1770606607.62336,BIT,1
1770606607.62336,BIT,0
1770606607.8060515,BIT,0
1770606607.8060515,BIT,1
1770606607.8060515,BIT,1
1770606607.8060515,BIT,0
1770606607.8060515,BIT,1
1770606607.8060515,BIT,1
1770606607.8060515,BIT,0
1770606607.8060515,BIT,0
1770606607.8060515,BIT,0
1770606607.8060515,BIT,1
1770606608.0034442,BIT,0
1770606608.0034442,BIT,1
1770606608.0034442,BIT,1
1770606608.0034442,BIT,0
1770606608.0034442,BIT,0
1770606608.0034442,BIT,0
1770606608.0034442,BIT,0
1770606608.0034442,BIT,1
1770606608.0034442,BIT,0
1770606608.0034442,BIT,1
1770606608.177185,BIT,1
1770606608.177185,BIT,0
1770606608.177185,BIT,0
1770606608.177185,BIT,1
1770606608.177185,BIT,0
1770606608.177185,BIT,0
1770606608.177185,BIT,0
1770606608.177185,BIT,0
1770606608.177185,BIT,1
1770606608.177185,BIT,1
1770606608.363487,BIT,0
1770606608.363487,BIT,1
1770606608.363487,BIT,0
1770606608.363487,BIT,1
1770606608.363487,BIT,0
1770606608.363487,BIT,1
1770606608.363487,BIT,0
1770606608.363487,BIT,0
1770606608.363487,BIT,1
1770606608.363487,BIT,0
1770606608.551916,BIT,1
1770606608.551916,BIT,0
1770606608.551916,BIT,0
1770606608.551916,BIT,0
1770606608.551916,BIT,1
1770606608.551916,BIT,0
1770606608.551916,BIT,1
1770606608.551916,BIT,0
1770606608.551916,BIT,0
1770606608.551916,BIT,1
1770606608.7215948,BIT,1
1770606608.7215948,BIT,1
1770606608.7215948,BIT,0
1770606608.7215948,BIT,1
1770606608.7215948,BIT,1
1770606608.7215948,BIT,0
1770606608.7215948,BIT,1
1770606608.7215948,BIT,0
1770606608.7215948,BIT,1
1770606608.7215948,BIT,1
1770606608.921202,BIT,0
1770606608.921202,BIT,1
1770606608.921202,BIT,1
1770606608.921202,BIT,0
1770606608.921202,BIT,1
1770606608.921202,BIT,0
1770606608.921202,BIT,1
1770606608.921202,BIT,1
1770606608.921202,BIT,0
1770606608.921202,BIT,1
1770606609.1062708,BIT,0
1770606609.1062708,BIT,0
1770606609.1062708,BIT,1
1770606609.1062708,BIT,1
1770606609.1062708,BIT,1
1770606609.1062708,BIT,0
1770606609.1062708,BIT,0
1770606609.1062708,BIT,1
1770606609.1062708,BIT,0
1770606609.1062708,BIT,0
1770606609.2966504,BIT,0
1770606609.2966504,BIT,1
1770606609.2966504,BIT,0
1770606609.2966504,BIT,0
1770606609.2966504,BIT,1
1770606609.2966504,BIT,1
1770606609.2966504,BIT,0
1770606609.2966504,BIT,1
1770606609.2966504,BIT,0
1770606609.2966504,BIT,0
1770606609.4936051,BIT,0
1770606609.4936051,BIT,1
1770606609.4936051,BIT,0
1770606609.4936051,BIT,0
1770606609.4936051,BIT,1
1770606609.4936051,BIT,0
1770606609.4936051,BIT,1
1770606609.4936051,BIT,1
1770606609.4936051,BIT,1
1770606609.4936051,BIT,1
1770606609.668162,BIT,1
1770606609.668162,BIT,0
1770606609.668162,BIT,1
1770606609.668162,BIT,1
1770606609.668162,BIT,1
1770606609.668162,BIT,1
1770606609.668162,BIT,0
1770606609.668162,BIT,0
1770606609.668162,BIT,0
1770606609.668162,BIT,1
1770606609.8509994,BIT,1
1770606609.8509994,BIT,1
1770606609.8509994,BIT,0
1770606609.8509994,BIT,1
1770606609.8509994,BIT,0
1770606609.8509994,BIT,0
1770606609.8509994,BIT,0
1770606609.8509994,BIT,0
1770606609.8509994,BIT,1
1770606609.8509994,BIT,0
1770606610.0495083,BIT,0
1770606610.0495083,BIT,1
1770606610.0495083,BIT,0
1770606610.0495083,BIT,1
1770606610.0495083,BIT,1
1770606610.0495083,BIT,1
1770606610.0495083,BIT,1
1770606610.0495083,BIT,1
1770606610.0495083,BIT,1
1770606610.0495083,BIT,1
1770606610.2237701,BIT,0
1770606610.2237701,BIT,0
1770606610.2237701,BIT,0
1770606610.2237701,BIT,0
1770606610.2237701,BIT,0
1770606610.2237701,BIT,0
1770606610.2237701,BIT,0
1770606610.2237701,BIT,0
1770606610.2237701,BIT,1
1770606610.2237701,BIT,0
1770606610.4206164,BIT,0
1770606610.4206164,BIT,1
1770606610.4206164,BIT,0
1770606610.4206164,BIT,1
1770606610.4206164,BIT,1
1770606610.4206164,BIT,1
1770606610.4206164,BIT,1
1770606610.4206164,BIT,0
1770606610.4206164,BIT,1
1770606610.4206164,BIT,1
1770606610.5986443,BIT,1
1770606610.5986443,BIT,1
1770606610.5986443,BIT,0
1770606610.5986443,BIT,1
1770606610.5986443,BIT,0
1770606610.5986443,BIT,1
1770606610.5986443,BIT,0
1770606610.5986443,BIT,0
1770606610.5986443,BIT,1
1770606610.5986443,BIT,1
1770606610.7729106,BIT,0
1770606610.7729106,BIT,0
1770606610.7729106,BIT,1
1770606610.7729106,BIT,1
1770606610.7729106,BIT,0
1770606610.7729106,BIT,0
1770606610.7729106,BIT,0
1770606610.7729106,BIT,1
1770606610.7729106,BIT,0
1770606610.7729106,BIT,0
1770606611.0640535,BIT,0
1770606611.0640535,BIT,0
1770606611.0640535,BIT,1
1770606611.0640535,BIT,0
1770606611.0640535,BIT,1
1770606611.0640535,BIT,1
1770606611.0640535,BIT,1
1770606611.0640535,BIT,1
1770606611.0640535,BIT,0
1770606611.0640535,BIT,1
1770606611.2700312,BIT,0
1770606611.2700312,BIT,1
1770606611.2700312,BIT,1
1770606611.2700312,BIT,0
1770606611.2700312,BIT,0
1770606611.2700312,BIT,1
1770606611.2700312,BIT,0
1770606611.2700312,BIT,0
1770606611.2700312,BIT,1
1770606611.2700312,BIT,0
1770606611.4635744,BIT,1
1770606611.4635744,BIT,0
1770606611.4635744,BIT,1
1770606611.4635744,BIT,1
1770606611.4635744,BIT,0
1770606611.4635744,BIT,1
1770606611.4635744,BIT,1
1770606611.4635744,BIT,0
1770606611.4635744,BIT,0
1770606611.4635744,BIT,1
1770606611.7341847,BIT,0
1770606611.7341847,BIT,0
1770606611.7341847,BIT,0
1770606611.7341847,BIT,0
1770606611.7341847,BIT,0
1770606611.7341847,BIT,0
1770606611.7341847,BIT,1
1770606611.7341847,BIT,0
1770606611.7341847,BIT,1
1770606611.7341847,BIT,1
1770606611.9368904,BIT,1
1770606611.9368904,BIT,1
1770606611.9368904,BIT,1
1770606611.9368904,BIT,1
1770606611.9368904,BIT,0
1770606611.9368904,BIT,0
1770606611.9368904,BIT,0
1770606611.9368904,BIT,0
1770606611.9368904,BIT,1
1770606611.9368904,BIT,1
1770606612.1310136,BIT,0
1770606612.1310136,BIT,0
1770606612.1310136,BIT,1
1770606612.1310136,BIT,0
1770606612.1310136,BIT,0
1770606612.1310136,BIT,0
1770606612.1310136,BIT,0
1770606612.1310136,BIT,1
1770606612.1310136,BIT,0
1770606612.1310136,BIT,0
1770606612.319353,BIT,1
1770606612.319353,BIT,1
1770606612.319353,BIT,0
1770606612.319353,BIT,1
1770606612.319353,BIT,1
1770606612.319353,BIT,0
1770606612.319353,BIT,0
1770606612.319353,BIT,0
1770606612.319353,BIT,0
1770606612.319353,BIT,0
1770606612.511124,BIT,0
1770606612.511124,BIT,1
1770606612.511124,BIT,0
1770606612.511124,BIT,0
1770606612.511124,BIT,1
1770606612.511124,BIT,1
1770606612.511124,BIT,1
1770606612.511124,BIT,0
1770606612.511124,BIT,1
1770606612.511124,BIT,0
1770606612.681271,BIT,0
1770606612.681271,BIT,0
1770606612.681271,BIT,1
1770606612.681271,BIT,0
1770606612.681271,BIT,1
1770606612.681271,BIT,1
1770606612.681271,BIT,1
1770606612.681271,BIT,1
1770606612.681271,BIT,1
1770606612.681271,BIT,1
1770606612.8771963,BIT,0
1770606612.8771963,BIT,0
1770606612.8771963,BIT,1
1770606612.8771963,BIT,0
1770606612.8771963,BIT,0
1770606612.8771963,BIT,0
1770606612.8771963,BIT,1
1770606612.8771963,BIT,1
1770606612.8771963,BIT,1
1770606612.8771963,BIT,1
1770606613.048227,BIT,0
1770606613.048227,BIT,1
1770606613.048227,BIT,0
1770606613.048227,BIT,0
1770606613.048227,BIT,1
1770606613.048227,BIT,1
1770606613.048227,BIT,1
1770606613.048227,BIT,0
1770606613.048227,BIT,0
1770606613.048227,BIT,0
1770606613.2300973,BIT,1
1770606613.2300973,BIT,1
1770606613.2300973,BIT,0
1770606613.2300973,BIT,1
1770606613.2300973,BIT,1
1770606613.2300973,BIT,1
1770606613.2300973,BIT,1
1770606613.2300973,BIT,0
1770606613.2300973,BIT,1
1770606613.2300973,BIT,0
1770606613.440754,BIT,0
1770606613.440754,BIT,0
1770606613.440754,BIT,1
1770606613.440754,BIT,0
1770606613.440754,BIT,0
1770606613.440754,BIT,0
1770606613.440754,BIT,1
1770606613.440754,BIT,0
1770606613.440754,BIT,1
1770606613.440754,BIT,0
1770606613.6207159,BIT,1
1770606613.6207159,BIT,0
1770606613.6207159,BIT,1
1770606613.6207159,BIT,1
1770606613.6207159,BIT,1
1770606613.6207159,BIT,1
1770606613.6207159,BIT,1
1770606613.6207159,BIT,1
1770606613.6207159,BIT,1
1770606613.6207159,BIT,0
1770606613.8101373,BIT,1
1770606613.8101373,BIT,0
1770606613.8101373,BIT,1
1770606613.8101373,BIT,1
1770606613.8101373,BIT,0
1770606613.8101373,BIT,1
1770606613.8101373,BIT,0
1770606613.8101373,BIT,0
1770606613.8101373,BIT,1
1770606613.8101373,BIT,0
1770606614.005652,BIT,1
1770606614.005652,BIT,0
1770606614.005652,BIT,0
1770606614.005652,BIT,1
1770606614.005652,BIT,0
1770606614.005652,BIT,1
1770606614.005652,BIT,1
1770606614.005652,BIT,1
1770606614.005652,BIT,1
1770606614.005652,BIT,1
1770606614.1813114,BIT,1
1770606614.1813114,BIT,1
1770606614.1813114,BIT,0
1770606614.1813114,BIT,1
1770606614.1813114,BIT,1
1770606614.1813114,BIT,0
1770606614.1813114,BIT,1
1770606614.1813114,BIT,1
1770606614.1813114,BIT,0
1770606614.1813114,BIT,1
1770606614.3630297,BIT,0
1770606614.3630297,BIT,1
1770606614.3630297,BIT,0
1770606614.3630297,BIT,0
1770606614.3630297,BIT,1
1770606614.3630297,BIT,0
1770606614.3630297,BIT,0
1770606614.3630297,BIT,1
1770606614.3630297,BIT,1
1770606614.3630297,BIT,1
1770606614.5583725,BIT,0
1770606614.5583725,BIT,1
1770606614.5583725,BIT,1
1770606614.5583725,BIT,1
1770606614.5583725,BIT,0
1770606614.5583725,BIT,1
1770606614.5583725,BIT,1
1770606614.5583725,BIT,1
1770606614.5583725,BIT,0
1770606614.5583725,BIT,0
1770606614.8112228,BIT,1
1770606614.8112228,BIT,0
1770606614.8112228,BIT,0
1770606614.8112228,BIT,1
1770606614.8112228,BIT,1
1770606614.8112228,BIT,0
1770606614.8112228,BIT,0
1770606614.8112228,BIT,0
1770606614.8112228,BIT,1
1770606614.8112228,BIT,0
1770606615.0325708,BIT,0
1770606615.0325708,BIT,0
1770606615.0325708,BIT,1
1770606615.0325708,BIT,1
1770606615.0325708,BIT,1
1770606615.0325708,BIT,1
1770606615.0325708,BIT,0
1770606615.0325708,BIT,0
1770606615.0325708,BIT,1
1770606615.0325708,BIT,0
1770606615.223108,BIT,0
1770606615.223108,BIT,1
1770606615.223108,BIT,1
1770606615.223108,BIT,1
1770606615.223108,BIT,0
1770606615.223108,BIT,1
1770606615.223108,BIT,1
1770606615.223108,BIT,0
1770606615.223108,BIT,0
1770606615.223108,BIT,0
1770606615.439094,BIT,1
1770606615.439094,BIT,1
1770606615.439094,BIT,1
1770606615.439094,BIT,1
1770606615.439094,BIT,0
1770606615.439094,BIT,0
1770606615.439094,BIT,0
1770606615.439094,BIT,0
1770606615.439094,BIT,1
1770606615.439094,BIT,0
1770606615.6123223,BIT,1
1770606615.6123223,BIT,1
1770606615.6123223,BIT,0
1770606615.6123223,BIT,0
1770606615.6123223,BIT,1
1770606615.6123223,BIT,1
1770606615.6123223,BIT,0
1770606615.6123223,BIT,1
1770606615.6123223,BIT,0
1770606615.6123223,BIT,0
1770606615.8057356,BIT,0
1770606615.8057356,BIT,1
1770606615.8057356,BIT,1
1770606615.8057356,BIT,1
1770606615.8057356,BIT,1
1770606615.8057356,BIT,1
1770606615.8057356,BIT,0
1770606615.8057356,BIT,0
1770606615.8057356,BIT,0
1770606615.8057356,BIT,1
1770606616.005101,BIT,0
1770606616.005101,BIT,0
1770606616.005101,BIT,1
1770606616.005101,BIT,1
1770606616.005101,BIT,1
1770606616.005101,BIT,1
1770606616.005101,BIT,0
1770606616.005101,BIT,0
1770606616.005101,BIT,0
1770606616.005101,BIT,1
1770606616.1844144,BIT,0
1770606616.1844144,BIT,0
1770606616.1844144,BIT,0
1770606616.1844144,BIT,1
1770606616.1844144,BIT,0
1770606616.1844144,BIT,1
1770606616.1844144,BIT,0
1770606616.1844144,BIT,1
1770606616.1844144,BIT,0
1770606616.1844144,BIT,1
1770606616.37771,BIT,1
1770606616.37771,BIT,1
1770606616.37771,BIT,1
1770606616.37771,BIT,1
1770606616.37771,BIT,1
1770606616.37771,BIT,1
1770606616.37771,BIT,0
1770606616.37771,BIT,0
1770606616.37771,BIT,0
1770606616.37771,BIT,1
1770606616.5469751,BIT,1
1770606616.5469751,BIT,1
1770606616.5469751,BIT,0
1770606616.5469751,BIT,0
1770606616.5469751,BIT,1
1770606616.5469751,BIT,0
1770606616.5469751,BIT,1
1770606616.5469751,BIT,0
1770606616.5469751,BIT,0
1770606616.5469751,BIT,0
1770606616.7207773,BIT,0
1770606616.7207773,BIT,1
1770606616.7207773,BIT,0
1770606616.7207773,BIT,0
1770606616.7207773,BIT,0
1770606616.7207773,BIT,0
1770606616.7207773,BIT,0
1770606616.7207773,BIT,1
1770606616.7207773,BIT,0
1770606616.7207773,BIT,1
1770606616.9255235,BIT,0
1770606616.9255235,BIT,0
1770606616.9255235,BIT,0
1770606616.9255235,BIT,0
1770606616.9255235,BIT,0
1770606616.9255235,BIT,1
1770606616.9255235,BIT,1
1770606616.9255235,BIT,1
1770606616.9255235,BIT,0
1770606616.9255235,BIT,0
1770606617.107149,BIT,0
1770606617.107149,BIT,1
1770606617.107149,BIT,0
1770606617.107149,BIT,0
1770606617.107149,BIT,0
1770606617.107149,BIT,0
1770606617.107149,BIT,0
1770606617.107149,BIT,1
1770606617.107149,BIT,0
1770606617.107149,BIT,0
1770606617.319773,BIT,1
1770606617.319773,BIT,0
1770606617.319773,BIT,0
1770606617.319773,BIT,0
1770606617.319773,BIT,0
1770606617.319773,BIT,1
1770606617.319773,BIT,0
1770606617.319773,BIT,1
1770606617.319773,BIT,0
1770606617.319773,BIT,1
1770606617.5326543,BIT,1
1770606617.5326543,BIT,1
1770606617.5326543,BIT,0
1770606617.5326543,BIT,0
1770606617.5326543,BIT,0
1770606617.5326543,BIT,1
1770606617.5326543,BIT,0
1770606617.5326543,BIT,1
1770606617.5326543,BIT,0
1770606617.5326543,BIT,1
1770606617.7534688,BIT,0
1770606617.7534688,BIT,0
1770606617.7534688,BIT,1
1770606617.7534688,BIT,1
1770606617.7534688,BIT,1
1770606617.7534688,BIT,1
1770606617.7534688,BIT,1
1770606617.7534688,BIT,0
1770606617.7534688,BIT,0
1770606617.7534688,BIT,0
1770606617.962511,BIT,1
1770606617.962511,BIT,0
1770606617.962511,BIT,0
1770606617.962511,BIT,0
1770606617.962511,BIT,0
1770606617.962511,BIT,0
1770606617.962511,BIT,0
1770606617.962511,BIT,1
1770606617.962511,BIT,1
1770606617.962511,BIT,0
1770606618.1655004,BIT,1
1770606618.1655004,BIT,1
1770606618.1655004,BIT,1
1770606618.1655004,BIT,1
1770606618.1655004,BIT,1
1770606618.1655004,BIT,0
1770606618.1655004,BIT,0
1770606618.1655004,BIT,0
1770606618.1655004,BIT,1
1770606618.1655004,BIT,1
1770606618.351867,BIT,0
1770606618.351867,BIT,0
1770606618.351867,BIT,1
1770606618.351867,BIT,0
1770606618.351867,BIT,0
1770606618.351867,BIT,1
1770606618.351867,BIT,1
1770606618.351867,BIT,1
1770606618.351867,BIT,0
1770606618.351867,BIT,1
1770606618.5445786,BIT,1
1770606618.5445786,BIT,1
1770606618.5445786,BIT,0
1770606618.5445786,BIT,0
1770606618.5445786,BIT,1
1770606618.5445786,BIT,0
1770606618.5445786,BIT,0
1770606618.5445786,BIT,1
1770606618.5445786,BIT,1
1770606618.5445786,BIT,0
1770606618.72984,BIT,0
1770606618.72984,BIT,0
1770606618.72984,BIT,1
1770606618.72984,BIT,0
1770606618.72984,BIT,0
1770606618.72984,BIT,1
1770606618.72984,BIT,0
1770606618.72984,BIT,1
1770606618.72984,BIT,0
1770606618.72984,BIT,0
1770606618.9285505,BIT,1
1770606618.9285505,BIT,1
1770606618.9285505,BIT,1
1770606618.9285505,BIT,1
1770606618.9285505,BIT,1
1770606618.9285505,BIT,0
1770606618.9285505,BIT,1
1770606618.9285505,BIT,0
1770606618.9285505,BIT,0
1770606618.9285505,BIT,1
1770606619.1113117,BIT,0
1770606619.1113117,BIT,0
1770606619.1113117,BIT,0
1770606619.1113117,BIT,0
1770606619.1113117,BIT,0
1770606619.1113117,BIT,0
1770606619.1113117,BIT,1
1770606619.1113117,BIT,1
1770606619.1113117,BIT,0
1770606619.1113117,BIT,1
1770606619.3158777,BIT,0
1770606619.3158777,BIT,0
1770606619.3158777,BIT,0
1770606619.3158777,BIT,0
1770606619.3158777,BIT,0
1770606619.3158777,BIT,1
1770606619.3158777,BIT,1
1770606619.3158777,BIT,1
1770606619.3158777,BIT,0
1770606619.3158777,BIT,1
1770606619.5344472,BIT,0
1770606619.5344472,BIT,1
1770606619.5344472,BIT,1
1770606619.5344472,BIT,1
1770606619.5344472,BIT,0
1770606619.5344472,BIT,0
1770606619.5344472,BIT,0
1770606619.5344472,BIT,1
1770606619.5344472,BIT,0
1770606619.5344472,BIT,0
1770606619.7425537,BIT,1
1770606619.7425537,BIT,0
1770606619.7425537,BIT,0
1770606619.7425537,BIT,1
1770606619.7425537,BIT,1
1770606619.7425537,BIT,1
1770606619.7425537,BIT,0
1770606619.7425537,BIT,0
1770606619.7425537,BIT,0
1770606619.7425537,BIT,1
1770606619.9667532,BIT,0
1770606619.9667532,BIT,1
1770606619.9667532,BIT,0
1770606619.9667532,BIT,0
1770606619.9667532,BIT,1
1770606619.9667532,BIT,1
1770606619.9667532,BIT,1
1770606619.9667532,BIT,0
1770606619.9667532,BIT,1
1770606619.9667532,BIT,1
1770606620.1768208,BIT,0
1770606620.1768208,BIT,0
1770606620.1768208,BIT,0
1770606620.1768208,BIT,0
1770606620.1768208,BIT,1
1770606620.1768208,BIT,1
1770606620.1768208,BIT,1
1770606620.1768208,BIT,1
1770606620.1768208,BIT,1
1770606620.1768208,BIT,0
1770606620.3597312,BIT,1
1770606620.3597312,BIT,0
1770606620.3597312,BIT,0
1770606620.3597312,BIT,0
1770606620.3597312,BIT,0
1770606620.3597312,BIT,1
1770606620.3597312,BIT,1
1770606620.3597312,BIT,0
1770606620.3597312,BIT,0
1770606620.3597312,BIT,1
1770606620.5631325,BIT,0
1770606620.5631325,BIT,0
1770606620.5631325,BIT,1
1770606620.5631325,BIT,0
1770606620.5631325,BIT,1
1770606620.5631325,BIT,0
1770606620.5631325,BIT,1
1770606620.5631325,BIT,1
1770606620.5631325,BIT,1
1770606620.5631325,BIT,0
1770606620.7466831,BIT,1
1770606620.7466831,BIT,0
1770606620.7466831,BIT,1
1770606620.7466831,BIT,0
1770606620.7466831,BIT,1
1770606620.7466831,BIT,1
1770606620.7466831,BIT,1
1770606620.7466831,BIT,1
1770606620.7466831,BIT,1
1770606620.7466831,BIT,1
1770606620.936726,BIT,1
1770606620.936726,BIT,0
1770606620.936726,BIT,1
1770606620.936726,BIT,1
1770606620.936726,BIT,0
1770606620.936726,BIT,0
1770606620.936726,BIT,1
1770606620.936726,BIT,0
1770606620.936726,BIT,0
1770606620.936726,BIT,1
1770606621.1242433,BIT,0
1770606621.1242433,BIT,0
1770606621.1242433,BIT,1
1770606621.1242433,BIT,1
1770606621.1242433,BIT,0
1770606621.1242433,BIT,1
1770606621.1242433,BIT,0
1770606621.1242433,BIT,1
1770606621.1242433,BIT,0
1770606621.1242433,BIT,0
1770606621.3159268,BIT,1
1770606621.3159268,BIT,1
1770606621.3159268,BIT,1
1770606621.3159268,BIT,0
1770606621.3159268,BIT,1
1770606621.3159268,BIT,1
1770606621.3159268,BIT,1
1770606621.3159268,BIT,1
1770606621.3159268,BIT,1
1770606621.3159268,BIT,1
1770606621.5091922,BIT,1
1770606621.5091922,BIT,1
1770606621.5091922,BIT,1
1770606621.5091922,BIT,0
1770606621.5091922,BIT,0
1770606621.5091922,BIT,0
1770606621.5091922,BIT,0
1770606621.5091922,BIT,1
1770606621.5091922,BIT,1
1770606621.5091922,BIT,0
1770606621.6764488,BIT,0
1770606621.6764488,BIT,1
1770606621.6764488,BIT,1
1770606621.6764488,BIT,1
1770606621.6764488,BIT,0
1770606621.6764488,BIT,0
1770606621.6764488,BIT,1
1770606621.6764488,BIT,1
1770606621.6764488,BIT,0
1770606621.6764488,BIT,0
1770606621.862746,BIT,1
1770606621.862746,BIT,0
1770606621.862746,BIT,1
1770606621.862746,BIT,1
1770606621.862746,BIT,1
1770606621.862746,BIT,0
1770606621.862746,BIT,0
1770606621.862746,BIT,1
1770606621.862746,BIT,1
1770606621.862746,BIT,0
1770606622.0774083,BIT,0
1770606622.0774083,BIT,1
1770606622.0774083,BIT,1
1770606622.0774083,BIT,1
1770606622.0774083,BIT,1
1770606622.0774083,BIT,0
1770606622.0774083,BIT,0
1770606622.0774083,BIT,1
1770606622.0774083,BIT,1
1770606622.0774083,BIT,1
1770606622.2764642,BIT,0
1770606622.2764642,BIT,0
1770606622.2764642,BIT,0
1770606622.2764642,BIT,0
1770606622.2764642,BIT,0
1770606622.2764642,BIT,1
1770606622.2764642,BIT,1
1770606622.2764642,BIT,0
1770606622.2764642,BIT,1
1770606622.2764642,BIT,0
1770606622.4861283,BIT,0
1770606622.4861283,BIT,1
1770606622.4861283,BIT,1
1770606622.4861283,BIT,1
1770606622.4861283,BIT,1
1770606622.4861283,BIT,1
1770606622.4861283,BIT,0
1770606622.4861283,BIT,1
1770606622.4861283,BIT,1
1770606622.4861283,BIT,0
1770606622.682822,BIT,1
1770606622.682822,BIT,1
1770606622.682822,BIT,1
1770606622.682822,BIT,1
1770606622.682822,BIT,0
1770606622.682822,BIT,1
1770606622.682822,BIT,1
1770606622.682822,BIT,1
1770606622.682822,BIT,1
1770606622.682822,BIT,1
1770606622.8930225,BIT,0
1770606622.8930225,BIT,0
1770606622.8930225,BIT,0
1770606622.8930225,BIT,0
1770606622.8930225,BIT,1
1770606622.8930225,BIT,0
1770606622.8930225,BIT,0
1770606622.8930225,BIT,1
1770606622.8930225,BIT,0
1770606622.8930225,BIT,0
1770606623.0975163,BIT,1
1770606623.0975163,BIT,1
1770606623.0975163,BIT,0
1770606623.0975163,BIT,1
1770606623.0975163,BIT,1
1770606623.0975163,BIT,0
1770606623.0975163,BIT,0
1770606623.0975163,BIT,1
1770606623.0975163,BIT,0
1770606623.0975163,BIT,0
1770606623.3061998,BIT,1
1770606623.3061998,BIT,1
1770606623.3061998,BIT,0
1770606623.3061998,BIT,1
1770606623.3061998,BIT,1
1770606623.3061998,BIT,1
1770606623.3061998,BIT,1
1770606623.3061998,BIT,1
1770606623.3061998,BIT,0
1770606623.3061998,BIT,0
1770606623.5449178,BIT,1
1770606623.5449178,BIT,0
1770606623.5449178,BIT,1
1770606623.5449178,BIT,1
1770606623.5449178,BIT,0
1770606623.5449178,BIT,1
1770606623.5449178,BIT,0
1770606623.5449178,BIT,0
1770606623.5449178,BIT,1
1770606623.5449178,BIT,0
1770606623.766285,BIT,1
1770606623.766285,BIT,0
1770606623.766285,BIT,0
1770606623.766285,BIT,1
1770606623.766285,BIT,0
1770606623.766285,BIT,1
1770606623.766285,BIT,0
1770606623.766285,BIT,0
1770606623.766285,BIT,0
1770606623.766285,BIT,0
1770606623.9936619,BIT,1
1770606623.9936619,BIT,0
1770606623.9936619,BIT,1
1770606623.9936619,BIT,1
1770606623.9936619,BIT,0
1770606623.9936619,BIT,0
1770606623.9936619,BIT,1
1770606623.9936619,BIT,0
1770606623.9936619,BIT,1
1770606623.9936619,BIT,0
1770606624.2141201,BIT,1
1770606624.2141201,BIT,1
1770606624.2141201,BIT,0
1770606624.2141201,BIT,0
1770606624.2141201,BIT,0
1770606624.2141201,BIT,0
1770606624.2141201,BIT,1
1770606624.2141201,BIT,1
1770606624.2141201,BIT,0
1770606624.2141201,BIT,0
1770606624.4185352,BIT,0
1770606624.4185352,BIT,1
1770606624.4185352,BIT,0
1770606624.4185352,BIT,1
1770606624.4185352,BIT,0
1770606624.4185352,BIT,1
1770606624.4185352,BIT,1
1770606624.4185352,BIT,0
1770606624.4185352,BIT,0
1770606624.4185352,BIT,1
1770606624.615927,BIT,0
1770606624.615927,BIT,0
1770606624.615927,BIT,1
1770606624.615927,BIT,1
1770606624.615927,BIT,0
1770606624.615927,BIT,1
1770606624.615927,BIT,0
1770606624.615927,BIT,1
1770606624.615927,BIT,0
1770606624.615927,BIT,1
1770606624.8896348,BIT,0
1770606624.8896348,BIT,1
1770606624.8896348,BIT,1
1770606624.8896348,BIT,0
1770606624.8896348,BIT,0
1770606624.8896348,BIT,1
1770606624.8896348,BIT,1
1770606624.8896348,BIT,1
1770606624.8896348,BIT,1
1770606624.8896348,BIT,0
1770606625.1400423,BIT,0
1770606625.1400423,BIT,0
1770606625.1400423,BIT,0
1770606625.1400423,BIT,0
1770606625.1400423,BIT,0
1770606625.1400423,BIT,1
1770606625.1400423,BIT,1
1770606625.1400423,BIT,0
1770606625.1400423,BIT,0
1770606625.1400423,BIT,1
1770606625.370886,BIT,0
1770606625.370886,BIT,1
1770606625.370886,BIT,0
1770606625.370886,BIT,1
1770606625.370886,BIT,0
1770606625.370886,BIT,1
1770606625.370886,BIT,0
1770606625.370886,BIT,1
1770606625.370886,BIT,0
1770606625.370886,BIT,0
1770606625.6218941,BIT,0
1770606625.6218941,BIT,1
1770606625.6218941,BIT,0
1770606625.6218941,BIT,1
1770606625.6218941,BIT,0
1770606625.6218941,BIT,0
1770606625.6218941,BIT,1
1770606625.6218941,BIT,1
1770606625.6218941,BIT,0
1770606625.6218941,BIT,0
1770606625.8485818,BIT,0
1770606625.8485818,BIT,1
1770606625.8485818,BIT,1
1770606625.8485818,BIT,1
1770606625.8485818,BIT,1
1770606625.8485818,BIT,0
1770606625.8485818,BIT,1
1770606625.8485818,BIT,1
1770606625.8485818,BIT,1
1770606625.8485818,BIT,0
1770606626.0728045,BIT,0
1770606626.0728045,BIT,1
1770606626.0728045,BIT,1
1770606626.0728045,BIT,0
1770606626.0728045,BIT,1
1770606626.0728045,BIT,0
1770606626.0728045,BIT,1
1770606626.0728045,BIT,0
1770606626.0728045,BIT,1
1770606626.0728045,BIT,1
1770606626.3411708,BIT,0
1770606626.3411708,BIT,0
1770606626.3411708,BIT,0
1770606626.3411708,BIT,1
1770606626.3411708,BIT,0
1770606626.3411708,BIT,0
1770606626.3411708,BIT,0
1770606626.3411708,BIT,0
1770606626.3411708,BIT,0
1770606626.3411708,BIT,0
1770606626.5820837,BIT,1
1770606626.5820837,BIT,0
1770606626.5820837,BIT,1
1770606626.5820837,BIT,1
1770606626.5820837,BIT,0
1770606626.5820837,BIT,0
1770606626.5820837,BIT,0
1770606626.5820837,BIT,1
1770606626.5820837,BIT,0
1770606626.5820837,BIT,1
1770606626.8091526,BIT,1
1770606626.8091526,BIT,0
1770606626.8091526,BIT,0
1770606626.8091526,BIT,1
1770606626.8091526,BIT,0
1770606626.8091526,BIT,1
1770606626.8091526,BIT,0
1770606626.8091526,BIT,0
1770606626.8091526,BIT,0
1770606626.8091526,BIT,0
1770606627.0787275,BIT,0
1770606627.0787275,BIT,1
1770606627.0787275,BIT,0
1770606627.0787275,BIT,0
1770606627.0787275,BIT,1
1770606627.0787275,BIT,0
1770606627.0787275,BIT,1
1770606627.0787275,BIT,1
1770606627.0787275,BIT,0
1770606627.0787275,BIT,1
1770606627.3330498,BIT,0
1770606627.3330498,BIT,1
1770606627.3330498,BIT,1
1770606627.3330498,BIT,1
1770606627.3330498,BIT,0
1770606627.3330498,BIT,0
1770606627.3330498,BIT,1
1770606627.3330498,BIT,0
1770606627.3330498,BIT,0
1770606627.3330498,BIT,0
1770606627.598874,BIT,0
1770606627.598874,BIT,0
1770606627.598874,BIT,1
1770606627.598874,BIT,1
1770606627.598874,BIT,0
1770606627.598874,BIT,1
1770606627.598874,BIT,0
1770606627.598874,BIT,0
1770606627.598874,BIT,1
1770606627.598874,BIT,1
1770606627.848199,BIT,0
1770606627.848199,BIT,1
1770606627.848199,BIT,1
1770606627.848199,BIT,0
1770606627.848199,BIT,1
1770606627.848199,BIT,0
1770606627.848199,BIT,0
1770606627.848199,BIT,1
1770606627.848199,BIT,1
1770606627.848199,BIT,1
1770606628.110425,BIT,0
1770606628.110425,BIT,0
1770606628.110425,BIT,1
1770606628.110425,BIT,0
1770606628.110425,BIT,1
1770606628.110425,BIT,1
1770606628.110425,BIT,0
1770606628.110425,BIT,0
1770606628.110425,BIT,1
1770606628.110425,BIT,0
1770606628.3432033,BIT,0
1770606628.3432033,BIT,1
1770606628.3432033,BIT,1
1770606628.3432033,BIT,0
1770606628.3432033,BIT,0
1770606628.3432033,BIT,1
1770606628.3432033,BIT,0
1770606628.3432033,BIT,1
1770606628.3432033,BIT,0
1770606628.3432033,BIT,0
1770606628.6180649,BIT,0
1770606628.6180649,BIT,1
1770606628.6180649,BIT,0
1770606628.6180649,BIT,1
1770606628.6180649,BIT,1
1770606628.6180649,BIT,1
1770606628.6180649,BIT,0
1770606628.6180649,BIT,1
1770606628.6180649,BIT,0
1770606628.6180649,BIT,1
1770606628.9065962,BIT,0
1770606628.9065962,BIT,1
1770606628.9065962,BIT,0
1770606628.9065962,BIT,1
1770606628.9065962,BIT,1
1770606628.9065962,BIT,1
1770606628.9065962,BIT,0
1770606628.9065962,BIT,0
1770606628.9065962,BIT,1
1770606628.9065962,BIT,0
1770606629.1879113,BIT,1
1770606629.1879113,BIT,0
1770606629.1879113,BIT,1
1770606629.1879113,BIT,0
1770606629.1879113,BIT,1
1770606629.1879113,BIT,1
1770606629.1879113,BIT,1
1770606629.1879113,BIT,1
1770606629.1879113,BIT,1
1770606629.1879113,BIT,1
1770606629.4366136,BIT,0
1770606629.4366136,BIT,1
1770606629.4366136,BIT,1
1770606629.4366136,BIT,0
1770606629.4366136,BIT,0
1770606629.4366136,BIT,1
1770606629.4366136,BIT,1
1770606629.4366136,BIT,1
1770606629.4366136,BIT,0
1770606629.4366136,BIT,0
1770606629.7007294,BIT,1
1770606629.7007294,BIT,0
1770606629.7007294,BIT,0
1770606629.7007294,BIT,1
1770606629.7007294,BIT,1
1770606629.7007294,BIT,1
1770606629.7007294,BIT,1
1770606629.7007294,BIT,0
1770606629.7007294,BIT,1
1770606629.7007294,BIT,1
1770606629.9584148,BIT,0
1770606629.9584148,BIT,1
1770606629.9584148,BIT,1
1770606629.9584148,BIT,0
1770606629.9584148,BIT,0
1770606629.9584148,BIT,1
1770606629.9584148,BIT,1
1770606629.9584148,BIT,1
1770606629.9584148,BIT,0
1770606629.9584148,BIT,0
1770606630.1865845,BIT,1
1770606630.1865845,BIT,0
1770606630.1865845,BIT,0
1770606630.1865845,BIT,0
1770606630.1865845,BIT,1
1770606630.1865845,BIT,0
1770606630.1865845,BIT,1
1770606630.1865845,BIT,1
1770606630.1865845,BIT,1
1770606630.1865845,BIT,1
1770606630.4188113,BIT,1
1770606630.4188113,BIT,0
1770606630.4188113,BIT,0
1770606630.4188113,BIT,1
1770606630.4188113,BIT,0
1770606630.4188113,BIT,1
1770606630.4188113,BIT,1
1770606630.4188113,BIT,1
1770606630.4188113,BIT,0
1770606630.4188113,BIT,0
1770606630.6937673,BIT,1
1770606630.6937673,BIT,1
1770606630.6937673,BIT,0
1770606630.6937673,BIT,0
1770606630.6937673,BIT,1
1770606630.6937673,BIT,1
1770606630.6937673,BIT,0
1770606630.6937673,BIT,0
1770606630.6937673,BIT,0
1770606630.6937673,BIT,0
1770606630.9694083,BIT,0
1770606630.9694083,BIT,1
1770606630.9694083,BIT,1
1770606630.9694083,BIT,0
1770606630.9694083,BIT,1
1770606630.9694083,BIT,1
1770606630.9694083,BIT,0
1770606630.9694083,BIT,0
1770606630.9694083,BIT,1
1770606630.9694083,BIT,1
1770606631.1892521,BIT,1
1770606631.1892521,BIT,1
1770606631.1892521,BIT,1
1770606631.1892521,BIT,0
1770606631.1892521,BIT,1
1770606631.1892521,BIT,0
1770606631.1892521,BIT,1
1770606631.1892521,BIT,1
1770606631.1892521,BIT,0
1770606631.1892521,BIT,1
1770606631.4115071,BIT,0
1770606631.4115071,BIT,0
1770606631.4115071,BIT,1
1770606631.4115071,BIT,0
1770606631.4115071,BIT,0
1770606631.4115071,BIT,0
1770606631.4115071,BIT,1
1770606631.4115071,BIT,1
1770606631.4115071,BIT,1
1770606631.4115071,BIT,1
1770606631.642389,BIT,1
1770606631.642389,BIT,0
1770606631.642389,BIT,1
1770606631.642389,BIT,0
1770606631.642389,BIT,1
1770606631.642389,BIT,1
1770606631.642389,BIT,0
1770606631.642389,BIT,0
1770606631.642389,BIT,0
1770606631.642389,BIT,1
1770606631.8810353,BIT,1
1770606631.8810353,BIT,1
1770606631.8810353,BIT,0
1770606631.8810353,BIT,1
1770606631.8810353,BIT,1
1770606631.8810353,BIT,0
1770606631.8810353,BIT,1
1770606631.8810353,BIT,1
1770606631.8810353,BIT,1
1770606631.8810353,BIT,1
1770606632.1393764,BIT,0
1770606632.1393764,BIT,0
1770606632.1393764,BIT,1
1770606632.1393764,BIT,1
1770606632.1393764,BIT,0
1770606632.1393764,BIT,1
1770606632.1393764,BIT,0
1770606632.1393764,BIT,0
1770606632.1393764,BIT,1
1770606632.1393764,BIT,0
1770606632.350898,BIT,0
1770606632.350898,BIT,0
1770606632.350898,BIT,0
1770606632.350898,BIT,1
1770606632.350898,BIT,0
1770606632.350898,BIT,1
1770606632.350898,BIT,0
1770606632.350898,BIT,0
1770606632.350898,BIT,0
1770606632.350898,BIT,1
1770606632.5750635,BIT,1
1770606632.5750635,BIT,1
1770606632.5750635,BIT,0
1770606632.5750635,BIT,1
1770606632.5750635,BIT,1
1770606632.5750635,BIT,1
1770606632.5750635,BIT,0
1770606632.5750635,BIT,1
1770606632.5750635,BIT,1
1770606632.5750635,BIT,1
1770606632.7913804,BIT,0
1770606632.7913804,BIT,0
1770606632.7913804,BIT,0
1770606632.7913804,BIT,0
1770606632.7913804,BIT,0
1770606632.7913804,BIT,1
1770606632.7913804,BIT,0
1770606632.7913804,BIT,0
1770606632.7913804,BIT,0
1770606632.7913804,BIT,1
1770606633.03398,BIT,1
1770606633.03398,BIT,0
1770606633.03398,BIT,1
1770606633.03398,BIT,1
1770606633.03398,BIT,1
1770606633.03398,BIT,0
1770606633.03398,BIT,1
1770606633.03398,BIT,1
1770606633.03398,BIT,0
1770606633.03398,BIT,0
1770606633.2649531,BIT,1
1770606633.2649531,BIT,0
1770606633.2649531,BIT,0
1770606633.2649531,BIT,0
1770606633.2649531,BIT,1
1770606633.2649531,BIT,1
1770606633.2649531,BIT,0
1770606633.2649531,BIT,1
1770606633.2649531,BIT,0
1770606633.2649531,BIT,1
1770606633.518507,BIT,1
1770606633.518507,BIT,0
1770606633.518507,BIT,0
1770606633.518507,BIT,0
1770606633.518507,BIT,1
1770606633.518507,BIT,1
1770606633.518507,BIT,1
1770606633.518507,BIT,1
1770606633.518507,BIT,0
1770606633.518507,BIT,1
1770606633.768607,BIT,1
1770606633.768607,BIT,0
1770606633.768607,BIT,0
1770606633.768607,BIT,0
1770606633.768607,BIT,0
1770606633.768607,BIT,0
1770606633.768607,BIT,0
1770606633.768607,BIT,0
1770606633.768607,BIT,1
1770606633.768607,BIT,0
1770606634.0669858,BIT,1
1770606634.0669858,BIT,1
1770606634.0669858,BIT,1
1770606634.0669858,BIT,0
1770606634.0669858,BIT,1
1770606634.0669858,BIT,0
1770606634.0669858,BIT,0
1770606634.0669858,BIT,1
1770606634.0669858,BIT,1
1770606634.0669858,BIT,0
1770606634.3939366,BIT,0
1770606634.3939366,BIT,0
1770606634.3939366,BIT,0
1770606634.3939366,BIT,1
1770606634.3939366,BIT,0
1770606634.3939366,BIT,1
1770606634.3939366,BIT,0
1770606634.3939366,BIT,0
1770606634.3939366,BIT,0
1770606634.3939366,BIT,1
1770606634.6950476,BIT,1
1770606634.6950476,BIT,1
1770606634.6950476,BIT,0
1770606634.6950476,BIT,0
1770606634.6950476,BIT,1
1770606634.6950476,BIT,0
1770606634.6950476,BIT,1
1770606634.6950476,BIT,1
1770606634.6950476,BIT,1
1770606634.6950476,BIT,1
1770606635.109364,BIT,1
1770606635.109364,BIT,1
1770606635.109364,BIT,0
1770606635.109364,BIT,0
1770606635.109364,BIT,0
1770606635.109364,BIT,0
1770606635.109364,BIT,1
1770606635.109364,BIT,0
1770606635.109364,BIT,0
1770606635.109364,BIT,1
1770606635.4229796,BIT,0
1770606635.4229796,BIT,1
1770606635.4229796,BIT,0
1770606635.4229796,BIT,1
1770606635.4229796,BIT,0
1770606635.4229796,BIT,0
1770606635.4229796,BIT,0
1770606635.4229796,BIT,1
1770606635.4229796,BIT,1
1770606635.4229796,BIT,0
1770606635.6688077,BIT,0
1770606635.6688077,BIT,1
1770606635.6688077,BIT,1
1770606635.6688077,BIT,1
1770606635.6688077,BIT,1
1770606635.6688077,BIT,1
1770606635.6688077,BIT,1
1770606635.6688077,BIT,0
1770606635.6688077,BIT,1
1770606635.6688077,BIT,1
1770606635.9850485,BIT,0
1770606635.9850485,BIT,1
1770606635.9850485,BIT,1
1770606635.9850485,BIT,1
1770606635.9850485,BIT,1
1770606635.9850485,BIT,0
1770606635.9850485,BIT,1
1770606635.9850485,BIT,1
1770606635.9850485,BIT,0
1770606635.9850485,BIT,0
1770606636.249906,BIT,1
1770606636.249906,BIT,0
1770606636.249906,BIT,1
1770606636.249906,BIT,1
1770606636.249906,BIT,0
1770606636.249906,BIT,1
1770606636.249906,BIT,0
1770606636.249906,BIT,1
1770606636.249906,BIT,1
1770606636.249906,BIT,1
1770606636.4913583,BIT,0
1770606636.4913583,BIT,1
1770606636.4913583,BIT,0
1770606636.4913583,BIT,1
1770606636.4913583,BIT,0
1770606636.4913583,BIT,0
1770606636.4913583,BIT,0
1770606636.4913583,BIT,1
1770606636.4913583,BIT,0
1770606636.4913583,BIT,0
1770606636.7035494,BIT,0
1770606636.7035494,BIT,1
1770606636.7035494,BIT,0
1770606636.7035494,BIT,1
1770606636.7035494,BIT,1
1770606636.7035494,BIT,0
1770606636.7035494,BIT,1
1770606636.7035494,BIT,1
1770606636.7035494,BIT,1
1770606636.7035494,BIT,0
1770606636.9704628,BIT,1
1770606636.9704628,BIT,1
1770606636.9704628,BIT,1
1770606636.9704628,BIT,0
1770606636.9704628,BIT,0
1770606636.9704628,BIT,0
1770606636.9704628,BIT,1
1770606636.9704628,BIT,1
1770606636.9704628,BIT,0
1770606636.9704628,BIT,0
1770606637.2005317,BIT,0
1770606637.2005317,BIT,1
1770606637.2005317,BIT,1
1770606637.2005317,BIT,0
1770606637.2005317,BIT,0
1770606637.2005317,BIT,1
1770606637.2005317,BIT,1
1770606637.2005317,BIT,1
1770606637.2005317,BIT,0
1770606637.2005317,BIT,1
1770606637.4610078,BIT,0
1770606637.4610078,BIT,1
1770606637.4610078,BIT,0
1770606637.4610078,BIT,1
1770606637.4610078,BIT,0
1770606637.4610078,BIT,1
1770606637.4610078,BIT,1
1770606637.4610078,BIT,0
1770606637.4610078,BIT,0
1770606637.4610078,BIT,0
1770606637.6965578,BIT,0
1770606637.6965578,BIT,1
1770606637.6965578,BIT,0
1770606637.6965578,BIT,0
1770606637.6965578,BIT,0
1770606637.6965578,BIT,0
1770606637.6965578,BIT,0
1770606637.6965578,BIT,0
1770606637.6965578,BIT,1
1770606637.6965578,BIT,1
1770606637.985358,BIT,1
1770606637.985358,BIT,0
1770606637.985358,BIT,1
1770606637.985358,BIT,0
1770606637.985358,BIT,1
1770606637.985358,BIT,1
1770606637.985358,BIT,1
1770606637.985358,BIT,0
1770606637.985358,BIT,1
1770606637.985358,BIT,0
1770606638.2761023,BIT,1
1770606638.2761023,BIT,1
1770606638.2761023,BIT,1
1770606638.2761023,BIT,0
1770606638.2761023,BIT,1
1770606638.2761023,BIT,0
1770606638.2761023,BIT,1
1770606638.2761023,BIT,0
1770606638.2761023,BIT,0
1770606638.2761023,BIT,1
1770606638.5317185,BIT,0
1770606638.5317185,BIT,0
1770606638.5317185,BIT,0
1770606638.5317185,BIT,1
1770606638.5317185,BIT,1
1770606638.5317185,BIT,0
1770606638.5317185,BIT,0
1770606638.5317185,BIT,0
1770606638.5317185,BIT,0
1770606638.5317185,BIT,0
1770606638.79564,BIT,1
1770606638.79564,BIT,0
1770606638.79564,BIT,0
1770606638.79564,BIT,0
1770606638.79564,BIT,1
1770606638.79564,BIT,0
1770606638.79564,BIT,1
1770606638.79564,BIT,0
1770606638.79564,BIT,0
1770606638.79564,BIT,1
1770606639.0511386,BIT,1
1770606639.0511386,BIT,1
1770606639.0511386,BIT,1
1770606639.0511386,BIT,0
1770606639.0511386,BIT,0
1770606639.0511386,BIT,0
1770606639.0511386,BIT,1
1770606639.0511386,BIT,1
1770606639.0511386,BIT,0
1770606639.0511386,BIT,1
1770606639.3176482,BIT,1
1770606639.3176482,BIT,0
1770606639.3176482,BIT,0
1770606639.3176482,BIT,1
1770606639.3176482,BIT,1
1770606639.3176482,BIT,0
1770606639.3176482,BIT,1
1770606639.3176482,BIT,1
1770606639.3176482,BIT,0
1770606639.3176482,BIT,1
1770606639.5428154,BIT,0
1770606639.5428154,BIT,0
1770606639.5428154,BIT,1
1770606639.5428154,BIT,1
1770606639.5428154,BIT,0
1770606639.5428154,BIT,1
1770606639.5428154,BIT,0
1770606639.5428154,BIT,1
1770606639.5428154,BIT,1
1770606639.5428154,BIT,0
1770606639.750983,BIT,1
1770606639.750983,BIT,1
1770606639.750983,BIT,0
1770606639.750983,BIT,1
1770606639.750983,BIT,1
1770606639.750983,BIT,0
1770606639.750983,BIT,1
1770606639.750983,BIT,1
1770606639.750983,BIT,1
1770606639.750983,BIT,0
1770606639.958219,BIT,0
1770606639.958219,BIT,0
1770606639.958219,BIT,0
1770606639.958219,BIT,1
1770606639.958219,BIT,0
1770606639.958219,BIT,1
1770606639.958219,BIT,0
1770606639.958219,BIT,1
1770606639.958219,BIT,1
1770606639.958219,BIT,1
1770606640.1313827,BIT,0
1770606640.1313827,BIT,1
1770606640.1313827,BIT,1
1770606640.1313827,BIT,0
1770606640.1313827,BIT,0
1770606640.1313827,BIT,0
1770606640.1313827,BIT,1
1770606640.1313827,BIT,0
1770606640.1313827,BIT,0
1770606640.1313827,BIT,1
1770606640.3314939,BIT,0
1770606640.3314939,BIT,1
1770606640.3314939,BIT,1
1770606640.3314939,BIT,1
1770606640.3314939,BIT,0
1770606640.3314939,BIT,0
1770606640.3314939,BIT,1
1770606640.3314939,BIT,1
1770606640.3314939,BIT,0
1770606640.3314939,BIT,0
1770606640.5219553,BIT,0
1770606640.5219553,BIT,1
1770606640.5219553,BIT,0
1770606640.5219553,BIT,0
1770606640.5219553,BIT,0
1770606640.5219553,BIT,0
1770606640.5219553,BIT,0
1770606640.5219553,BIT,0
1770606640.5219553,BIT,0
1770606640.5219553,BIT,1
1770606640.6923592,BIT,1
1770606640.6923592,BIT,0
1770606640.6923592,BIT,1
1770606640.6923592,BIT,0
1770606640.6923592,BIT,0
1770606640.6923592,BIT,0
1770606640.6923592,BIT,1
1770606640.6923592,BIT,0
1770606640.6923592,BIT,1
1770606640.6923592,BIT,0
1770606640.8786607,BIT,1
1770606640.8786607,BIT,0
1770606640.8786607,BIT,0
1770606640.8786607,BIT,1
1770606640.8786607,BIT,1
1770606640.8786607,BIT,1
1770606640.8786607,BIT,0
1770606640.8786607,BIT,0
1770606640.8786607,BIT,1
1770606640.8786607,BIT,1
1770606641.0808735,BIT,0
1770606641.0808735,BIT,0
1770606641.0808735,BIT,0
1770606641.0808735,BIT,1
1770606641.0808735,BIT,0
1770606641.0808735,BIT,1
1770606641.0808735,BIT,0
1770606641.0808735,BIT,0
1770606641.0808735,BIT,1
1770606641.0808735,BIT,0
1770606641.2894547,BIT,1
1770606641.2894547,BIT,1
1770606641.2894547,BIT,0
1770606641.2894547,BIT,1
1770606641.2894547,BIT,1
1770606641.2894547,BIT,0
1770606641.2894547,BIT,1
1770606641.2894547,BIT,0
1770606641.2894547,BIT,1
1770606641.2894547,BIT,1
1770606641.4946318,BIT,1
1770606641.4946318,BIT,1
1770606641.4946318,BIT,1
1770606641.4946318,BIT,0
1770606641.4946318,BIT,1
1770606641.4946318,BIT,1
1770606641.4946318,BIT,1
1770606641.4946318,BIT,1
1770606641.4946318,BIT,0
1770606641.4946318,BIT,1
1770606641.6930413,BIT,0
1770606641.6930413,BIT,1
1770606641.6930413,BIT,1
1770606641.6930413,BIT,1
1770606641.6930413,BIT,1
1770606641.6930413,BIT,0
1770606641.6930413,BIT,0
1770606641.6930413,BIT,1
1770606641.6930413,BIT,0
1770606641.6930413,BIT,0
1770606641.8794622,BIT,0
1770606641.8794622,BIT,0
1770606641.8794622,BIT,0
1770606641.8794622,BIT,1
1770606641.8794622,BIT,0
1770606641.8794622,BIT,1
1770606641.8794622,BIT,1
1770606641.8794622,BIT,0
1770606641.8794622,BIT,0
1770606641.8794622,BIT,0
1770606642.066564,BIT,0
1770606642.066564,BIT,1
1770606642.066564,BIT,1
1770606642.066564,BIT,1
1770606642.066564,BIT,0
1770606642.066564,BIT,1
1770606642.066564,BIT,0
1770606642.066564,BIT,0
1770606642.066564,BIT,1
1770606642.066564,BIT,0
1770606642.2592528,BIT,0
1770606642.2592528,BIT,1
1770606642.2592528,BIT,1
1770606642.2592528,BIT,1
1770606642.2592528,BIT,1
1770606642.2592528,BIT,0
1770606642.2592528,BIT,1
1770606642.2592528,BIT,1
1770606642.2592528,BIT,0
1770606642.2592528,BIT,1
1770606642.4703848,BIT,1
1770606642.4703848,BIT,0
1770606642.4703848,BIT,1
1770606642.4703848,BIT,0
1770606642.4703848,BIT,0
1770606642.4703848,BIT,0
1770606642.4703848,BIT,0
1770606642.4703848,BIT,0
1770606642.4703848,BIT,0
1770606642.4703848,BIT,0
1770606642.6480787,BIT,1
1770606642.6480787,BIT,1
1770606642.6480787,BIT,1
1770606642.6480787,BIT,0
1770606642.6480787,BIT,1
1770606642.6480787,BIT,1
1770606642.6480787,BIT,0
1770606642.6480787,BIT,1
1770606642.6480787,BIT,1
1770606642.6480787,BIT,1
1770606642.866219,BIT,0
1770606642.866219,BIT,1
1770606642.866219,BIT,1
1770606642.866219,BIT,1
1770606642.866219,BIT,1
1770606642.866219,BIT,0
1770606642.866219,BIT,0
1770606642.866219,BIT,0
1770606642.866219,BIT,0
1770606642.866219,BIT,1
1770606643.0713298,BIT,0
1770606643.0713298,BIT,1
1770606643.0713298,BIT,0
1770606643.0713298,BIT,1
1770606643.0713298,BIT,1
1770606643.0713298,BIT,0
1770606643.0713298,BIT,0
1770606643.0713298,BIT,1
1770606643.0713298,BIT,1
1770606643.0713298,BIT,1
1770606643.2705455,BIT,0
1770606643.2705455,BIT,1
1770606643.2705455,BIT,0
1770606643.2705455,BIT,0
1770606643.2705455,BIT,0
1770606643.2705455,BIT,0
1770606643.2705455,BIT,1
1770606643.2705455,BIT,0
1770606643.2705455,BIT,1
1770606643.2705455,BIT,0
1770606643.5121994,BIT,1
1770606643.5121994,BIT,1
1770606643.5121994,BIT,0
1770606643.5121994,BIT,0
1770606643.5121994,BIT,0
1770606643.5121994,BIT,0
1770606643.5121994,BIT,0
1770606643.5121994,BIT,1
1770606643.5121994,BIT,1
1770606643.5121994,BIT,1
1770606643.7812696,BIT,1
1770606643.7812696,BIT,0
1770606643.7812696,BIT,0
1770606643.7812696,BIT,1
1770606643.7812696,BIT,1
1770606643.7812696,BIT,1
1770606643.7812696,BIT,1
1770606643.7812696,BIT,0
1770606643.7812696,BIT,1
1770606643.7812696,BIT,0
1770606644.1189501,BIT,0
1770606644.1189501,BIT,0
1770606644.1189501,BIT,0
1770606644.1189501,BIT,1
1770606644.1189501,BIT,1
1770606644.1189501,BIT,1
1770606644.1189501,BIT,0
1770606644.1189501,BIT,0
1770606644.1189501,BIT,0
1770606644.1189501,BIT,0
1770606644.4367762,BIT,1
1770606644.4367762,BIT,0
1770606644.4367762,BIT,0
1770606644.4367762,BIT,1
1770606644.4367762,BIT,0
1770606644.4367762,BIT,0
1770606644.4367762,BIT,0
1770606644.4367762,BIT,1
1770606644.4367762,BIT,0
1770606644.4367762,BIT,1
1770606644.7098453,BIT,1
1770606644.7098453,BIT,1
1770606644.7098453,BIT,0
1770606644.7098453,BIT,0
1770606644.7098453,BIT,1
1770606644.7098453,BIT,1
1770606644.7098453,BIT,0
1770606644.7098453,BIT,1
1770606644.7098453,BIT,1
1770606644.7098453,BIT,0
1770606644.9465983,BIT,1
1770606644.9465983,BIT,0
1770606644.9465983,BIT,1
1770606644.9465983,BIT,0
1770606644.9465983,BIT,1
1770606644.9465983,BIT,0
1770606644.9465983,BIT,1
1770606644.9465983,BIT,0
1770606644.9465983,BIT,0
1770606644.9465983,BIT,1
1770606645.159082,BIT,1
1770606645.159082,BIT,1
1770606645.159082,BIT,1
1770606645.159082,BIT,0
1770606645.159082,BIT,1
1770606645.159082,BIT,1
1770606645.159082,BIT,0
1770606645.159082,BIT,0
1770606645.159082,BIT,0
1770606645.159082,BIT,1
1770606645.39181,BIT,1
1770606645.39181,BIT,1
1770606645.39181,BIT,0
1770606645.39181,BIT,1
1770606645.39181,BIT,0
1770606645.39181,BIT,0
1770606645.39181,BIT,0
1770606645.39181,BIT,1
1770606645.39181,BIT,1
1770606645.39181,BIT,1
1770606645.6573865,BIT,1
1770606645.6573865,BIT,1
1770606645.6573865,BIT,0
1770606645.6573865,BIT,0
1770606645.6573865,BIT,0
1770606645.6573865,BIT,0
1770606645.6573865,BIT,1
1770606645.6573865,BIT,1
1770606645.6573865,BIT,1
1770606645.6573865,BIT,1
1770606645.908558,BIT,0
1770606645.908558,BIT,0
1770606645.908558,BIT,1
1770606645.908558,BIT,0
1770606645.908558,BIT,0
1770606645.908558,BIT,1
1770606645.908558,BIT,0
1770606645.908558,BIT,0
1770606645.908558,BIT,0
1770606645.908558,BIT,0
1770606646.2177129,BIT,1
1770606646.2177129,BIT,1
1770606646.2177129,BIT,0
1770606646.2177129,BIT,1
1770606646.2177129,BIT,0
1770606646.2177129,BIT,0
1770606646.2177129,BIT,1
1770606646.2177129,BIT,1
1770606646.2177129,BIT,0
1770606646.2177129,BIT,0
1770606646.6531723,BIT,1
1770606646.6531723,BIT,0
1770606646.6531723,BIT,1
1770606646.6531723,BIT,0
1770606646.6531723,BIT,1
1770606646.6531723,BIT,0
1770606646.6531723,BIT,1
1770606646.6531723,BIT,1
1770606646.6531723,BIT,1
1770606646.6531723,BIT,1
1770606646.9167414,BIT,1
1770606646.9167414,BIT,0
1770606646.9167414,BIT,1
1770606646.9167414,BIT,0
1770606646.9167414,BIT,1
1770606646.9167414,BIT,0
1770606646.9167414,BIT,1
1770606646.9167414,BIT,0
1770606646.9167414,BIT,1
1770606646.9167414,BIT,0
1770606647.193251,BIT,1
1770606647.193251,BIT,0
1770606647.193251,BIT,0
1770606647.193251,BIT,1
1770606647.193251,BIT,0
1770606647.193251,BIT,0
1770606647.193251,BIT,0
1770606647.193251,BIT,1
1770606647.193251,BIT,1
1770606647.193251,BIT,1
1770606647.4452486,BIT,1
1770606647.4452486,BIT,1
1770606647.4452486,BIT,0
1770606647.4452486,BIT,1
1770606647.4452486,BIT,1
1770606647.4452486,BIT,0
1770606647.4452486,BIT,0
1770606647.4452486,BIT,1
1770606647.4452486,BIT,1
1770606647.4452486,BIT,1
1770606647.65258,BIT,0
1770606647.65258,BIT,0
1770606647.65258,BIT,0
1770606647.65258,BIT,0
1770606647.65258,BIT,0
1770606647.65258,BIT,1
1770606647.65258,BIT,0
1770606647.65258,BIT,1
1770606647.65258,BIT,0
1770606647.65258,BIT,0
1770606647.8507004,BIT,0
1770606647.8507004,BIT,1
1770606647.8507004,BIT,1
1770606647.8507004,BIT,0
1770606647.8507004,BIT,1
1770606647.8507004,BIT,1
1770606647.8507004,BIT,0
1770606647.8507004,BIT,1
1770606647.8507004,BIT,0
1770606647.8507004,BIT,1
1770606648.0643532,BIT,0
1770606648.0643532,BIT,1
1770606648.0643532,BIT,1
1770606648.0643532,BIT,0
1770606648.0643532,BIT,0
1770606648.0643532,BIT,1
1770606648.0643532,BIT,1
1770606648.0643532,BIT,0
1770606648.0643532,BIT,0
1770606648.0643532,BIT,1
1770606648.2431545,BIT,1
1770606648.2431545,BIT,0
1770606648.2431545,BIT,1
1770606648.2431545,BIT,1
1770606648.2431545,BIT,0
1770606648.2431545,BIT,0
1770606648.2431545,BIT,0
1770606648.2431545,BIT,1
1770606648.2431545,BIT,0
1770606648.2431545,BIT,0
1770606648.4251113,BIT,0
1770606648.4251113,BIT,0
1770606648.4251113,BIT,1
1770606648.4251113,BIT,0
1770606648.4251113,BIT,0
1770606648.4251113,BIT,1
1770606648.4251113,BIT,0
1770606648.4251113,BIT,0
1770606648.4251113,BIT,1
1770606648.4251113,BIT,0
1770606648.612604,BIT,1
1770606648.612604,BIT,0
1770606648.612604,BIT,1
1770606648.612604,BIT,1
1770606648.612604,BIT,0
1770606648.612604,BIT,0
1770606648.612604,BIT,1
1770606648.612604,BIT,1
1770606648.612604,BIT,1
1770606648.612604,BIT,1
1770606648.806599,BIT,1
1770606648.806599,BIT,1
1770606648.806599,BIT,0
1770606648.806599,BIT,1
1770606648.806599,BIT,1
1770606648.806599,BIT,1
1770606648.806599,BIT,0
1770606648.806599,BIT,1
1770606648.806599,BIT,0
1770606648.806599,BIT,1
1770606649.0174906,BIT,1
1770606649.0174906,BIT,1
1770606649.0174906,BIT,0
1770606649.0174906,BIT,0
1770606649.0174906,BIT,1
1770606649.0174906,BIT,1
1770606649.0174906,BIT,0
1770606649.0174906,BIT,0
1770606649.0174906,BIT,0
1770606649.0174906,BIT,1
1770606649.190392,BIT,0
1770606649.190392,BIT,0
1770606649.190392,BIT,0
1770606649.190392,BIT,1
1770606649.190392,BIT,1
1770606649.190392,BIT,0
1770606649.190392,BIT,1
1770606649.190392,BIT,0
1770606649.190392,BIT,1
1770606649.190392,BIT,0
1770606649.3852515,BIT,1
1770606649.3852515,BIT,1
1770606649.3852515,BIT,1
1770606649.3852515,BIT,1
1770606649.3852515,BIT,0
1770606649.3852515,BIT,0
1770606649.3852515,BIT,1
1770606649.3852515,BIT,0
1770606649.3852515,BIT,0
1770606649.3852515,BIT,1
1770606649.565809,BIT,0
1770606649.565809,BIT,1
1770606649.565809,BIT,1
1770606649.565809,BIT,1
1770606649.565809,BIT,0
1770606649.565809,BIT,0
1770606649.565809,BIT,1
1770606649.565809,BIT,1
1770606649.565809,BIT,1
1770606649.565809,BIT,1
1770606649.7499213,BIT,0
1770606649.7499213,BIT,1
1770606649.7499213,BIT,0
1770606649.7499213,BIT,1
1770606649.7499213,BIT,1
1770606649.7499213,BIT,0
1770606649.7499213,BIT,1
1770606649.7499213,BIT,1
1770606649.7499213,BIT,1
1770606649.7499213,BIT,1
1770606649.9483688,BIT,1
1770606649.9483688,BIT,0
1770606649.9483688,BIT,0
1770606649.9483688,BIT,1
1770606649.9483688,BIT,0
1770606649.9483688,BIT,1
1770606649.9483688,BIT,0
1770606649.9483688,BIT,1
1770606649.9483688,BIT,1
1770606649.9483688,BIT,0
1770606650.1366675,BIT,1
1770606650.1366675,BIT,0
1770606650.1366675,BIT,0
1770606650.1366675,BIT,0
1770606650.1366675,BIT,0
1770606650.1366675,BIT,0
1770606650.1366675,BIT,0
1770606650.1366675,BIT,1
1770606650.1366675,BIT,0
1770606650.1366675,BIT,0
1770606650.3217,BIT,0
1770606650.3217,BIT,1
1770606650.3217,BIT,1
1770606650.3217,BIT,0
1770606650.3217,BIT,0
1770606650.3217,BIT,0
1770606650.3217,BIT,0
1770606650.3217,BIT,1
1770606650.3217,BIT,1
1770606650.3217,BIT,1
1770606650.518861,BIT,0
1770606650.518861,BIT,0
1770606650.518861,BIT,0
1770606650.518861,BIT,0
1770606650.518861,BIT,1
1770606650.518861,BIT,0
1770606650.518861,BIT,0
1770606650.518861,BIT,0
1770606650.518861,BIT,0
1770606650.518861,BIT,1
1770606650.6870763,BIT,0
1770606650.6870763,BIT,1
1770606650.6870763,BIT,1
1770606650.6870763,BIT,0
1770606650.6870763,BIT,0
1770606650.6870763,BIT,1
1770606650.6870763,BIT,1
1770606650.6870763,BIT,1
1770606650.6870763,BIT,1
1770606650.6870763,BIT,0
1770606650.9019864,BIT,0
1770606650.9019864,BIT,1
1770606650.9019864,BIT,1
1770606650.9019864,BIT,0
1770606650.9019864,BIT,1
1770606650.9019864,BIT,1
1770606650.9019864,BIT,0
1770606650.9019864,BIT,0
1770606650.9019864,BIT,0
1770606650.9019864,BIT,1
1770606651.0977268,BIT,0
1770606651.0977268,BIT,0
1770606651.0977268,BIT,0
1770606651.0977268,BIT,1
1770606651.0977268,BIT,0
1770606651.0977268,BIT,1
1770606651.0977268,BIT,1
1770606651.0977268,BIT,0
1770606651.0977268,BIT,0
1770606651.0977268,BIT,0
1770606651.3667188,BIT,0
1770606651.3667188,BIT,1
1770606651.3667188,BIT,1
1770606651.3667188,BIT,1
1770606651.3667188,BIT,1
1770606651.3667188,BIT,0
1770606651.3667188,BIT,0
1770606651.3667188,BIT,0
1770606651.3667188,BIT,1
1770606651.3667188,BIT,0
1770606651.604035,BIT,1
1770606651.604035,BIT,0
1770606651.604035,BIT,0
1770606651.604035,BIT,0
1770606651.604035,BIT,0
1770606651.604035,BIT,0
1770606651.604035,BIT,0
1770606651.604035,BIT,0
1770606651.604035,BIT,1
1770606651.604035,BIT,0
1770606651.822984,BIT,1
1770606651.822984,BIT,0
1770606651.822984,BIT,0
1770606651.822984,BIT,0
1770606651.822984,BIT,0
1770606651.822984,BIT,1
1770606651.822984,BIT,0
1770606651.822984,BIT,0
1770606651.822984,BIT,1
1770606651.822984,BIT,1
1770606652.0802102,BIT,0
1770606652.0802102,BIT,1
1770606652.0802102,BIT,0
1770606652.0802102,BIT,0
1770606652.0802102,BIT,1
1770606652.0802102,BIT,0
1770606652.0802102,BIT,1
1770606652.0802102,BIT,1
1770606652.0802102,BIT,0
1770606652.0802102,BIT,1
1770606652.2777956,BIT,1
1770606652.2777956,BIT,0
1770606652.2777956,BIT,0
1770606652.2777956,BIT,1
1770606652.2777956,BIT,0
1770606652.2777956,BIT,1
1770606652.2777956,BIT,0
1770606652.2777956,BIT,0
1770606652.2777956,BIT,0
1770606652.2777956,BIT,1
1770606652.486018,BIT,1
1770606652.486018,BIT,0
1770606652.486018,BIT,0
1770606652.486018,BIT,1
1770606652.486018,BIT,1
1770606652.486018,BIT,1
1770606652.486018,BIT,1
1770606652.486018,BIT,0
1770606652.486018,BIT,0
1770606652.486018,BIT,0
1770606652.6701562,BIT,1
1770606652.6701562,BIT,1
1770606652.6701562,BIT,1
1770606652.6701562,BIT,0
1770606652.6701562,BIT,0
1770606652.6701562,BIT,0
1770606652.6701562,BIT,1
1770606652.6701562,BIT,1
1770606652.6701562,BIT,0
1770606652.6701562,BIT,1
1770606652.857429,BIT,0
1770606652.857429,BIT,0
1770606652.857429,BIT,0
1770606652.857429,BIT,0
1770606652.857429,BIT,1
1770606652.857429,BIT,1
1770606652.857429,BIT,1
1770606652.857429,BIT,1
1770606652.857429,BIT,1
1770606652.857429,BIT,1
1770606653.0813074,BIT,1
1770606653.0813074,BIT,1
1770606653.0813074,BIT,1
1770606653.0813074,BIT,0
1770606653.0813074,BIT,0
1770606653.0813074,BIT,0
1770606653.0813074,BIT,1
1770606653.0813074,BIT,0
1770606653.0813074,BIT,0
1770606653.0813074,BIT,0
1770606653.473446,BIT,1
1770606653.473446,BIT,1
1770606653.473446,BIT,1
1770606653.473446,BIT,0
1770606653.473446,BIT,0
1770606653.473446,BIT,0
1770606653.473446,BIT,1
1770606653.473446,BIT,0
1770606653.473446,BIT,1
1770606653.473446,BIT,0
1770606653.7373343,BIT,0
1770606653.7373343,BIT,1
1770606653.7373343,BIT,1
1770606653.7373343,BIT,0
1770606653.7373343,BIT,1
1770606653.7373343,BIT,0
1770606653.7373343,BIT,1
1770606653.7373343,BIT,1
1770606653.7373343,BIT,1
1770606653.7373343,BIT,1
1770606653.9907875,BIT,1
1770606653.9907875,BIT,1
1770606653.9907875,BIT,1
1770606653.9907875,BIT,0
1770606653.9907875,BIT,0
1770606653.9907875,BIT,0
1770606653.9907875,BIT,1
1770606653.9907875,BIT,0
1770606653.9907875,BIT,0
1770606653.9907875,BIT,0
1770606654.2068748,BIT,0
1770606654.2068748,BIT,1
1770606654.2068748,BIT,0
1770606654.2068748,BIT,0
1770606654.2068748,BIT,0
1770606654.2068748,BIT,0
1770606654.2068748,BIT,1
1770606654.2068748,BIT,1
1770606654.2068748,BIT,1
1770606654.2068748,BIT,0
1770606654.419318,BIT,1
1770606654.419318,BIT,1
1770606654.419318,BIT,1
1770606654.419318,BIT,1
1770606654.419318,BIT,0
1770606654.419318,BIT,1
1770606654.419318,BIT,0
1770606654.419318,BIT,1
1770606654.419318,BIT,0
1770606654.419318,BIT,0
1770606654.6091962,BIT,1
1770606654.6091962,BIT,0
1770606654.6091962,BIT,0
1770606654.6091962,BIT,1
1770606654.6091962,BIT,1
1770606654.6091962,BIT,1
1770606654.6091962,BIT,0
1770606654.6091962,BIT,1
1770606654.6091962,BIT,0
1770606654.6091962,BIT,0
1770606654.8249109,BIT,1
1770606654.8249109,BIT,0
1770606654.8249109,BIT,0
1770606654.8249109,BIT,1
1770606654.8249109,BIT,0
1770606654.8249109,BIT,0
1770606654.8249109,BIT,1
1770606654.8249109,BIT,0
1770606654.8249109,BIT,0
1770606654.8249109,BIT,1
1770606655.0264416,BIT,1
1770606655.0264416,BIT,1
1770606655.0264416,BIT,1
1770606655.0264416,BIT,1
1770606655.0264416,BIT,1
1770606655.0264416,BIT,1
1770606655.0264416,BIT,1
1770606655.0264416,BIT,0
1770606655.0264416,BIT,1
1770606655.0264416,BIT,1
1770606655.219713,BIT,0
1770606655.219713,BIT,0
1770606655.219713,BIT,1
1770606655.219713,BIT,0
1770606655.219713,BIT,0
1770606655.219713,BIT,1
1770606655.219713,BIT,0
1770606655.219713,BIT,1
1770606655.219713,BIT,1
1770606655.219713,BIT,0
1770606655.4091096,BIT,1
1770606655.4091096,BIT,1
1770606655.4091096,BIT,1
1770606655.4091096,BIT,1
1770606655.4091096,BIT,0
1770606655.4091096,BIT,1
1770606655.4091096,BIT,0
1770606655.4091096,BIT,0
1770606655.4091096,BIT,1
1770606655.4091096,BIT,1
1770606655.6171393,BIT,1
1770606655.6171393,BIT,0
1770606655.6171393,BIT,0
1770606655.6171393,BIT,1
1770606655.6171393,BIT,0
1770606655.6171393,BIT,0
1770606655.6171393,BIT,0
1770606655.6171393,BIT,1
1770606655.6171393,BIT,1
1770606655.6171393,BIT,0
1770606655.835003,BIT,0
1770606655.835003,BIT,0
1770606655.835003,BIT,0
1770606655.835003,BIT,0
1770606655.835003,BIT,1
1770606655.835003,BIT,0
1770606655.835003,BIT,1
1770606655.835003,BIT,1
1770606655.835003,BIT,1
1770606655.835003,BIT,0
1770606656.0340726,BIT,0
1770606656.0340726,BIT,0
1770606656.0340726,BIT,1
1770606656.0340726,BIT,0
1770606656.0340726,BIT,0
1770606656.0340726,BIT,1
1770606656.0340726,BIT,0
1770606656.0340726,BIT,0
1770606656.0340726,BIT,0
1770606656.0340726,BIT,1
1770606656.232721,BIT,0
1770606656.232721,BIT,1
1770606656.232721,BIT,0
1770606656.232721,BIT,1
1770606656.232721,BIT,0
1770606656.232721,BIT,0
1770606656.232721,BIT,1
1770606656.232721,BIT,0
1770606656.232721,BIT,0
1770606656.232721,BIT,1
1770606656.485475,BIT,1
1770606656.485475,BIT,1
1770606656.485475,BIT,0
1770606656.485475,BIT,0
1770606656.485475,BIT,0
1770606656.485475,BIT,1
1770606656.485475,BIT,0
1770606656.485475,BIT,0
1770606656.485475,BIT,1
1770606656.485475,BIT,1
1770606656.677526,BIT,1
1770606656.677526,BIT,1
1770606656.677526,BIT,1
1770606656.677526,BIT,0
1770606656.677526,BIT,0
1770606656.677526,BIT,1
1770606656.677526,BIT,1
1770606656.677526,BIT,1
1770606656.677526,BIT,1
1770606656.677526,BIT,1
1770606656.871188,BIT,1
1770606656.871188,BIT,1
1770606656.871188,BIT,1
1770606656.871188,BIT,0
1770606656.871188,BIT,1
1770606656.871188,BIT,1
1770606656.871188,BIT,0
1770606656.871188,BIT,0
1770606656.871188,BIT,0
1770606656.871188,BIT,0
1770606657.0873427,BIT,0
1770606657.0873427,BIT,0
1770606657.0873427,BIT,0
1770606657.0873427,BIT,0
1770606657.0873427,BIT,0
1770606657.0873427,BIT,1
1770606657.0873427,BIT,0
1770606657.0873427,BIT,0
1770606657.0873427,BIT,1
1770606657.0873427,BIT,0
1770606657.301649,BIT,1
1770606657.301649,BIT,0
1770606657.301649,BIT,1
1770606657.301649,BIT,1
1770606657.301649,BIT,0
1770606657.301649,BIT,1
1770606657.301649,BIT,1
1770606657.301649,BIT,0
1770606657.301649,BIT,0
1770606657.301649,BIT,1
1770606657.5116863,BIT,1
1770606657.5116863,BIT,0
1770606657.5116863,BIT,1
1770606657.5116863,BIT,1
1770606657.5116863,BIT,1
1770606657.5116863,BIT,0
1770606657.5116863,BIT,1
1770606657.5116863,BIT,0
1770606657.5116863,BIT,1
1770606657.5116863,BIT,1
1770606657.6993213,BIT,0
1770606657.6993213,BIT,1
1770606657.6993213,BIT,1
1770606657.6993213,BIT,0
1770606657.6993213,BIT,1
1770606657.6993213,BIT,1
1770606657.6993213,BIT,1
1770606657.6993213,BIT,1
1770606657.6993213,BIT,1
1770606657.6993213,BIT,0
1770606657.9110663,BIT,1
1770606657.9110663,BIT,0
1770606657.9110663,BIT,0
1770606657.9110663,BIT,1
1770606657.9110663,BIT,0
1770606657.9110663,BIT,0
1770606657.9110663,BIT,0
1770606657.9110663,BIT,1
1770606657.9110663,BIT,0
1770606657.9110663,BIT,1
1770606658.093904,BIT,1
1770606658.093904,BIT,0
1770606658.093904,BIT,0
1770606658.093904,BIT,1
1770606658.093904,BIT,1
1770606658.093904,BIT,1
1770606658.093904,BIT,1
1770606658.093904,BIT,1
1770606658.093904,BIT,0
1770606658.093904,BIT,0
1770606658.273721,BIT,1
1770606658.273721,BIT,0
1770606658.273721,BIT,1
1770606658.273721,BIT,0
1770606658.273721,BIT,0
1770606658.273721,BIT,0
1770606658.273721,BIT,0
1770606658.273721,BIT,0
1770606658.273721,BIT,0
1770606658.273721,BIT,0
1770606658.4627686,BIT,0
1770606658.4627686,BIT,1
1770606658.4627686,BIT,0
1770606658.4627686,BIT,0
1770606658.4627686,BIT,0
1770606658.4627686,BIT,1
1770606658.4627686,BIT,0
1770606658.4627686,BIT,1
1770606658.4627686,BIT,0
1770606658.4627686,BIT,0
1770606658.671983,BIT,1
1770606658.671983,BIT,0
1770606658.671983,BIT,0
1770606658.671983,BIT,0
1770606658.671983,BIT,1
1770606658.671983,BIT,1
1770606658.671983,BIT,1
1770606658.671983,BIT,0
1770606658.671983,BIT,1
1770606658.671983,BIT,0
1770606658.9337792,BIT,0
1770606658.9337792,BIT,0
1770606658.9337792,BIT,0
1770606658.9337792,BIT,1
1770606658.9337792,BIT,0
1770606658.9337792,BIT,0
1770606658.9337792,BIT,1
1770606658.9337792,BIT,1
1770606658.9337792,BIT,0
1770606658.9337792,BIT,1
1770606659.2052176,BIT,1
1770606659.2052176,BIT,1
1770606659.2052176,BIT,0
1770606659.2052176,BIT,1
1770606659.2052176,BIT,1
1770606659.2052176,BIT,1
1770606659.2052176,BIT,1
1770606659.2052176,BIT,1
1770606659.2052176,BIT,1
1770606659.2052176,BIT,0
1770606659.4736488,BIT,1
1770606659.4736488,BIT,1
1770606659.4736488,BIT,0
1770606659.4736488,BIT,1
1770606659.4736488,BIT,1
1770606659.4736488,BIT,1
1770606659.4736488,BIT,0
1770606659.4736488,BIT,0
1770606659.4736488,BIT,1
1770606659.4736488,BIT,0
1770606659.7482908,BIT,0
1770606659.7482908,BIT,1
1770606659.7482908,BIT,0
1770606659.7482908,BIT,0
1770606659.7482908,BIT,1
1770606659.7482908,BIT,0
1770606659.7482908,BIT,1
1770606659.7482908,BIT,1
1770606659.7482908,BIT,0
1770606659.7482908,BIT,0
1770606660.0579686,BIT,0
1770606660.0579686,BIT,1
1770606660.0579686,BIT,1
1770606660.0579686,BIT,0
1770606660.0579686,BIT,1
1770606660.0579686,BIT,1
1770606660.0579686,BIT,1
1770606660.0579686,BIT,0
1770606660.0579686,BIT,1
1770606660.0579686,BIT,0
1770606660.292709,BIT,1
1770606660.292709,BIT,1
1770606660.292709,BIT,1
1770606660.292709,BIT,1
1770606660.292709,BIT,1
1770606660.292709,BIT,0
1770606660.292709,BIT,1
1770606660.292709,BIT,0
1770606660.292709,BIT,0
1770606660.292709,BIT,0
1770606660.5272346,BIT,0
1770606660.5272346,BIT,0
1770606660.5272346,BIT,1
1770606660.5272346,BIT,0
1770606660.5272346,BIT,0
1770606660.5272346,BIT,0
1770606660.5272346,BIT,0
1770606660.5272346,BIT,1
1770606660.5272346,BIT,1
1770606660.5272346,BIT,0
1770606660.7357087,BIT,0
1770606660.7357087,BIT,1
1770606660.7357087,BIT,1
1770606660.7357087,BIT,0
1770606660.7357087,BIT,0
1770606660.7357087,BIT,0
1770606660.7357087,BIT,1
1770606660.7357087,BIT,1
1770606660.7357087,BIT,0
1770606660.7357087,BIT,0
1770606660.956295,BIT,0
1770606660.956295,BIT,1
1770606660.956295,BIT,1
1770606660.956295,BIT,0
1770606660.956295,BIT,0
1770606660.956295,BIT,0
1770606660.956295,BIT,0
1770606660.956295,BIT,1
1770606660.956295,BIT,0
1770606660.956295,BIT,1
1770606661.1400619,BIT,1
1770606661.1400619,BIT,1
1770606661.1400619,BIT,0
1770606661.1400619,BIT,1
1770606661.1400619,BIT,1
1770606661.1400619,BIT,1
1770606661.1400619,BIT,1
1770606661.1400619,BIT,0
1770606661.1400619,BIT,0
1770606661.1400619,BIT,0
1770606661.3227148,BIT,1
1770606661.3227148,BIT,1
1770606661.3227148,BIT,0
1770606661.3227148,BIT,0
1770606661.3227148,BIT,0
1770606661.3227148,BIT,1
1770606661.3227148,BIT,1
1770606661.3227148,BIT,1
1770606661.3227148,BIT,1
1770606661.3227148,BIT,0
1770606661.5622466,BIT,0
1770606661.5622466,BIT,0
1770606661.5622466,BIT,1
1770606661.5622466,BIT,0
1770606661.5622466,BIT,1
1770606661.5622466,BIT,0
1770606661.5622466,BIT,1
1770606661.5622466,BIT,0
1770606661.5622466,BIT,0
1770606661.5622466,BIT,0
1770606661.921581,BIT,1
1770606661.921581,BIT,0
1770606661.921581,BIT,0
1770606661.921581,BIT,1
1770606661.921581,BIT,1
1770606661.921581,BIT,0
1770606661.921581,BIT,1
1770606661.921581,BIT,1
1770606661.921581,BIT,0
1770606661.921581,BIT,1
1770606662.3948073,BIT,0
1770606662.3948073,BIT,1
1770606662.3948073,BIT,1
1770606662.3948073,BIT,1
1770606662.3948073,BIT,1
1770606662.3948073,BIT,0
1770606662.3948073,BIT,1
1770606662.3948073,BIT,0
1770606662.3948073,BIT,0
1770606662.3948073,BIT,1
1770606662.8400044,BIT,1
1770606662.8400044,BIT,0
1770606662.8400044,BIT,0
1770606662.8400044,BIT,1
1770606662.8400044,BIT,1
1770606662.8400044,BIT,1
1770606662.8400044,BIT,1
1770606662.8400044,BIT,0
1770606662.8400044,BIT,1
1770606662.8400044,BIT,0
1770606663.2981586,BIT,0
1770606663.2981586,BIT,1
1770606663.2981586,BIT,1
1770606663.2981586,BIT,1
1770606663.2981586,BIT,0
1770606663.2981586,BIT,0
1770606663.2981586,BIT,1
1770606663.2981586,BIT,0
1770606663.2981586,BIT,0
1770606663.2981586,BIT,1
1770606664.025418,BIT,1
1770606664.025418,BIT,0
1770606664.025418,BIT,1
1770606664.025418,BIT,1
1770606664.025418,BIT,1
1770606664.025418,BIT,1
1770606664.025418,BIT,0
1770606664.025418,BIT,0
1770606664.025418,BIT,1
1770606664.025418,BIT,1
1770606664.6204326,BIT,0
1770606664.6204326,BIT,1
1770606664.6204326,BIT,0
1770606664.6204326,BIT,1
1770606664.6204326,BIT,0
1770606664.6204326,BIT,1
1770606664.6204326,BIT,0
1770606664.6204326,BIT,0
1770606664.6204326,BIT,0
1770606664.6204326,BIT,1
1770606665.1053834,BIT,1
1770606665.1053834,BIT,0
1770606665.1053834,BIT,1
1770606665.1053834,BIT,0
1770606665.1053834,BIT,0
1770606665.1053834,BIT,1
1770606665.1053834,BIT,0
1770606665.1053834,BIT,0
1770606665.1053834,BIT,0
1770606665.1053834,BIT,1
1770606665.5267382,BIT,0
1770606665.5267382,BIT,0
1770606665.5267382,BIT,1
1770606665.5267382,BIT,1
1770606665.5267382,BIT,0
1770606665.5267382,BIT,0
1770606665.5267382,BIT,0
1770606665.5267382,BIT,1
1770606665.5267382,BIT,0
1770606665.5267382,BIT,0
1770606665.833184,BIT,1
1770606665.833184,BIT,0
1770606665.833184,BIT,0
1770606665.833184,BIT,0
1770606665.833184,BIT,1
1770606665.833184,BIT,0
1770606665.833184,BIT,0
1770606665.833184,BIT,0
1770606665.833184,BIT,1
1770606665.833184,BIT,0
1770606666.0740516,BIT,1
1770606666.0740516,BIT,1
1770606666.0740516,BIT,1
1770606666.0740516,BIT,0
1770606666.0740516,BIT,0
1770606666.0740516,BIT,1
1770606666.0740516,BIT,1
1770606666.0740516,BIT,1
1770606666.0740516,BIT,0
1770606666.0740516,BIT,1
1770606666.284834,BIT,1
1770606666.284834,BIT,1
1770606666.284834,BIT,1
1770606666.284834,BIT,0
1770606666.284834,BIT,0
1770606666.284834,BIT,0
1770606666.284834,BIT,0
1770606666.284834,BIT,1
1770606666.284834,BIT,0
1770606666.284834,BIT,0
1770606666.529232,BIT,1
1770606666.529232,BIT,0
1770606666.529232,BIT,1
1770606666.529232,BIT,1
1770606666.529232,BIT,0
1770606666.529232,BIT,0
1770606666.529232,BIT,1
1770606666.529232,BIT,1
1770606666.529232,BIT,0
1770606666.529232,BIT,0
1770606666.7318068,BIT,0
1770606666.7318068,BIT,1
1770606666.7318068,BIT,0
1770606666.7318068,BIT,0
1770606666.7318068,BIT,0
1770606666.7318068,BIT,0
1770606666.7318068,BIT,0
1770606666.7318068,BIT,1
1770606666.7318068,BIT,1
1770606666.7318068,BIT,0
1770606666.933039,BIT,1
1770606666.933039,BIT,0
1770606666.933039,BIT,1
1770606666.933039,BIT,0
1770606666.933039,BIT,0
1770606666.933039,BIT,1
1770606666.933039,BIT,0
1770606666.933039,BIT,1
1770606666.933039,BIT,1
1770606666.933039,BIT,1
1770606667.1244845,BIT,0
1770606667.1244845,BIT,1
1770606667.1244845,BIT,0
1770606667.1244845,BIT,1
1770606667.1244845,BIT,0
1770606667.1244845,BIT,1
1770606667.1244845,BIT,0
1770606667.1244845,BIT,0
1770606667.1244845,BIT,1
1770606667.1244845,BIT,1
1770606667.3066628,BIT,0
1770606667.3066628,BIT,0
1770606667.3066628,BIT,1
1770606667.3066628,BIT,0
1770606667.3066628,BIT,0
1770606667.3066628,BIT,1
1770606667.3066628,BIT,1
1770606667.3066628,BIT,0
1770606667.3066628,BIT,0
1770606667.3066628,BIT,0
1770606667.5211318,BIT,1
1770606667.5211318,BIT,1
1770606667.5211318,BIT,0
1770606667.5211318,BIT,0
1770606667.5211318,BIT,0
1770606667.5211318,BIT,0
1770606667.5211318,BIT,1
1770606667.5211318,BIT,0
1770606667.5211318,BIT,1
1770606667.5211318,BIT,0
1770606667.7227268,BIT,0
1770606667.7227268,BIT,0
1770606667.7227268,BIT,0
1770606667.7227268,BIT,1
1770606667.7227268,BIT,1
1770606667.7227268,BIT,0
1770606667.7227268,BIT,0
1770606667.7227268,BIT,0
1770606667.7227268,BIT,0
1770606667.7227268,BIT,0
1770606667.9381206,BIT,0
1770606667.9381206,BIT,0
1770606667.9381206,BIT,0
1770606667.9381206,BIT,1
1770606667.9381206,BIT,1
1770606667.9381206,BIT,0
1770606667.9381206,BIT,1
1770606667.9381206,BIT,0
1770606667.9381206,BIT,1
1770606667.9381206,BIT,0
1770606668.1383834,BIT,0
1770606668.1383834,BIT,0
1770606668.1383834,BIT,0
1770606668.1383834,BIT,0
1770606668.1383834,BIT,0
1770606668.1383834,BIT,1
1770606668.1383834,BIT,1
1770606668.1383834,BIT,0
1770606668.1383834,BIT,0
1770606668.1383834,BIT,0
1770606668.3375633,BIT,0
1770606668.3375633,BIT,1
1770606668.3375633,BIT,0
1770606668.3375633,BIT,0
1770606668.3375633,BIT,1
1770606668.3375633,BIT,0
1770606668.3375633,BIT,1
1770606668.3375633,BIT,0
1770606668.3375633,BIT,0
1770606668.3375633,BIT,1
1770606668.5286639,BIT,0
1770606668.5286639,BIT,0
1770606668.5286639,BIT,0
1770606668.5286639,BIT,0
1770606668.5286639,BIT,0
1770606668.5286639,BIT,0
1770606668.5286639,BIT,1
1770606668.5286639,BIT,1
1770606668.5286639,BIT,0
1770606668.5286639,BIT,0
1770606668.694937,BIT,1
1770606668.694937,BIT,1
1770606668.694937,BIT,1
1770606668.694937,BIT,0
1770606668.694937,BIT,0
1770606668.694937,BIT,1
1770606668.694937,BIT,0
1770606668.694937,BIT,1
1770606668.694937,BIT,1
1770606668.694937,BIT,1
1770606668.883906,BIT,0
1770606668.883906,BIT,1
1770606668.883906,BIT,0
1770606668.883906,BIT,1
1770606668.883906,BIT,1
1770606668.883906,BIT,1
1770606668.883906,BIT,0
1770606668.883906,BIT,1
1770606668.883906,BIT,1
1770606668.883906,BIT,0
1770606669.082574,BIT,0
1770606669.082574,BIT,1
1770606669.082574,BIT,1
1770606669.082574,BIT,0
1770606669.082574,BIT,1
1770606669.082574,BIT,0
1770606669.082574,BIT,1
1770606669.082574,BIT,1
1770606669.082574,BIT,0
1770606669.082574,BIT,1
1770606669.2811117,BIT,0
1770606669.2811117,BIT,0
1770606669.2811117,BIT,1
1770606669.2811117,BIT,0
1770606669.2811117,BIT,1
1770606669.2811117,BIT,0
1770606669.2811117,BIT,1
1770606669.2811117,BIT,0
1770606669.2811117,BIT,1
1770606669.2811117,BIT,0
1770606669.4817533,BIT,0
1770606669.4817533,BIT,1
1770606669.4817533,BIT,0
1770606669.4817533,BIT,1
1770606669.4817533,BIT,1
1770606669.4817533,BIT,1
1770606669.4817533,BIT,1
1770606669.4817533,BIT,0
1770606669.4817533,BIT,0
1770606669.4817533,BIT,0
1770606669.6700945,BIT,0
1770606669.6700945,BIT,1
1770606669.6700945,BIT,0
1770606669.6700945,BIT,1
1770606669.6700945,BIT,0
1770606669.6700945,BIT,1
1770606669.6700945,BIT,0
1770606669.6700945,BIT,1
1770606669.6700945,BIT,0
1770606669.6700945,BIT,1
1770606669.865674,BIT,0
1770606669.865674,BIT,0
1770606669.865674,BIT,1
1770606669.865674,BIT,0
1770606669.865674,BIT,1
1770606669.865674,BIT,0
1770606669.865674,BIT,0
1770606669.865674,BIT,1
1770606669.865674,BIT,0
1770606669.865674,BIT,0
1770606670.1075134,BIT,1
1770606670.1075134,BIT,1
1770606670.1075134,BIT,1
1770606670.1075134,BIT,0
1770606670.1075134,BIT,1
1770606670.1075134,BIT,1
1770606670.1075134,BIT,0
1770606670.1075134,BIT,0
1770606670.1075134,BIT,1
1770606670.1075134,BIT,0
1770606670.3276205,BIT,0
1770606670.3276205,BIT,0
1770606670.3276205,BIT,1
1770606670.3276205,BIT,1
1770606670.3276205,BIT,1
1770606670.3276205,BIT,0
1770606670.3276205,BIT,1
1770606670.3276205,BIT,1
1770606670.3276205,BIT,0
1770606670.3276205,BIT,0
1770606670.5376854,BIT,0
1770606670.5376854,BIT,1
1770606670.5376854,BIT,0
1770606670.5376854,BIT,0
1770606670.5376854,BIT,0
1770606670.5376854,BIT,1
1770606670.5376854,BIT,1
1770606670.5376854,BIT,0
1770606670.5376854,BIT,0
1770606670.5376854,BIT,0
1770606670.7804217,BIT,1
1770606670.7804217,BIT,1
1770606670.7804217,BIT,0
1770606670.7804217,BIT,0
1770606670.7804217,BIT,0
1770606670.7804217,BIT,1
1770606670.7804217,BIT,0
1770606670.7804217,BIT,0
1770606670.7804217,BIT,0
1770606670.7804217,BIT,1
1770606671.006486,BIT,0
1770606671.006486,BIT,0
1770606671.006486,BIT,1
1770606671.006486,BIT,1
1770606671.006486,BIT,0
1770606671.006486,BIT,0
1770606671.006486,BIT,1
1770606671.006486,BIT,0
1770606671.006486,BIT,0
1770606671.006486,BIT,1
1770606671.1957898,BIT,0
1770606671.1957898,BIT,0
1770606671.1957898,BIT,0
1770606671.1957898,BIT,0
1770606671.1957898,BIT,0
1770606671.1957898,BIT,0
1770606671.1957898,BIT,1
1770606671.1957898,BIT,0
1770606671.1957898,BIT,1
1770606671.1957898,BIT,0
1770606671.3891466,BIT,1
1770606671.3891466,BIT,0
1770606671.3891466,BIT,1
1770606671.3891466,BIT,1
1770606671.3891466,BIT,1
1770606671.3891466,BIT,1
1770606671.3891466,BIT,1
1770606671.3891466,BIT,1
1770606671.3891466,BIT,0
1770606671.3891466,BIT,0
1770606671.595049,BIT,0
1770606671.595049,BIT,1
1770606671.595049,BIT,1
1770606671.595049,BIT,0
1770606671.595049,BIT,0
1770606671.595049,BIT,0
1770606671.595049,BIT,0
1770606671.595049,BIT,0
1770606671.595049,BIT,1
1770606671.595049,BIT,0
1770606671.8077803,BIT,0
1770606671.8077803,BIT,0
1770606671.8077803,BIT,1
1770606671.8077803,BIT,1
1770606671.8077803,BIT,0
1770606671.8077803,BIT,1
1770606671.8077803,BIT,1
1770606671.8077803,BIT,1
1770606671.8077803,BIT,1
1770606671.8077803,BIT,0
1770606672.028069,BIT,1
1770606672.028069,BIT,1
1770606672.028069,BIT,1
1770606672.028069,BIT,0
1770606672.028069,BIT,0
1770606672.028069,BIT,0
1770606672.028069,BIT,1
1770606672.028069,BIT,0
1770606672.028069,BIT,0
1770606672.028069,BIT,0
1770606672.2242773,BIT,1
1770606672.2242773,BIT,1
1770606672.2242773,BIT,0
1770606672.2242773,BIT,1
1770606672.2242773,BIT,0
1770606672.2242773,BIT,0
1770606672.2242773,BIT,1
1770606672.2242773,BIT,0
1770606672.2242773,BIT,1
1770606672.2242773,BIT,1
1770606672.44024,BIT,1
1770606672.44024,BIT,1
1770606672.44024,BIT,0
1770606672.44024,BIT,1
1770606672.44024,BIT,1
1770606672.44024,BIT,1
1770606672.44024,BIT,0
1770606672.44024,BIT,0
1770606672.44024,BIT,1
1770606672.44024,BIT,1
1770606672.626502,BIT,0
1770606672.626502,BIT,0
1770606672.626502,BIT,1
1770606672.626502,BIT,0
1770606672.626502,BIT,0
1770606672.626502,BIT,1
1770606672.626502,BIT,0
1770606672.626502,BIT,1
1770606672.626502,BIT,1
1770606672.626502,BIT,0
1770606672.8402221,BIT,1
1770606672.8402221,BIT,0
1770606672.8402221,BIT,0
1770606672.8402221,BIT,0
1770606672.8402221,BIT,0
1770606672.8402221,BIT,1
1770606672.8402221,BIT,0
1770606672.8402221,BIT,0
1770606672.8402221,BIT,1
1770606672.8402221,BIT,0
1770606673.0549662,BIT,1
1770606673.0549662,BIT,0
1770606673.0549662,BIT,1
1770606673.0549662,BIT,1
1770606673.0549662,BIT,0
1770606673.0549662,BIT,1
1770606673.0549662,BIT,0
1770606673.0549662,BIT,1
1770606673.0549662,BIT,1
1770606673.0549662,BIT,1
1770606673.2441738,BIT,1
1770606673.2441738,BIT,0
1770606673.2441738,BIT,1
1770606673.2441738,BIT,1
1770606673.2441738,BIT,1
1770606673.2441738,BIT,0
1770606673.2441738,BIT,0
1770606673.2441738,BIT,0
1770606673.2441738,BIT,0
1770606673.2441738,BIT,0
1770606673.4306045,BIT,1
1770606673.4306045,BIT,0
1770606673.4306045,BIT,1
1770606673.4306045,BIT,1
1770606673.4306045,BIT,1
1770606673.4306045,BIT,1
1770606673.4306045,BIT,0
1770606673.4306045,BIT,0
1770606673.4306045,BIT,1
1770606673.4306045,BIT,0
1770606673.6005995,BIT,1
1770606673.6005995,BIT,0
1770606673.6005995,BIT,1
1770606673.6005995,BIT,0
1770606673.6005995,BIT,1
1770606673.6005995,BIT,1
1770606673.6005995,BIT,0
1770606673.6005995,BIT,1
1770606673.6005995,BIT,0
1770606673.6005995,BIT,1
1770606673.7899146,BIT,1
1770606673.7899146,BIT,1
1770606673.7899146,BIT,1
1770606673.7899146,BIT,1
1770606673.7899146,BIT,1
1770606673.7899146,BIT,1
1770606673.7899146,BIT,1
1770606673.7899146,BIT,0
1770606673.7899146,BIT,1
1770606673.7899146,BIT,1
1770606673.9872692,BIT,1
1770606673.9872692,BIT,1
1770606673.9872692,BIT,1
1770606673.9872692,BIT,1
1770606673.9872692,BIT,0
1770606673.9872692,BIT,1
1770606673.9872692,BIT,1
1770606673.9872692,BIT,0
1770606673.9872692,BIT,1
1770606673.9872692,BIT,1
1770606674.1760874,BIT,0
1770606674.1760874,BIT,1
1770606674.1760874,BIT,0
1770606674.1760874,BIT,1
1770606674.1760874,BIT,0
1770606674.1760874,BIT,1
1770606674.1760874,BIT,0
1770606674.1760874,BIT,0
1770606674.1760874,BIT,0
1770606674.1760874,BIT,1
1770606674.3572395,BIT,1
1770606674.3572395,BIT,0
1770606674.3572395,BIT,0
1770606674.3572395,BIT,0
1770606674.3572395,BIT,0
1770606674.3572395,BIT,1
1770606674.3572395,BIT,1
1770606674.3572395,BIT,0
1770606674.3572395,BIT,0
1770606674.3572395,BIT,0
1770606674.5421078,BIT,0
1770606674.5421078,BIT,0
1770606674.5421078,BIT,0
1770606674.5421078,BIT,1
1770606674.5421078,BIT,0
1770606674.5421078,BIT,1
1770606674.5421078,BIT,0
1770606674.5421078,BIT,1
1770606674.5421078,BIT,1
1770606674.5421078,BIT,1
1770606674.7186682,BIT,0
1770606674.7186682,BIT,0
1770606674.7186682,BIT,0
1770606674.7186682,BIT,1
1770606674.7186682,BIT,1
1770606674.7186682,BIT,1
1770606674.7186682,BIT,1
1770606674.7186682,BIT,0
1770606674.7186682,BIT,0
1770606674.7186682,BIT,0
1770606674.9246378,BIT,0
1770606674.9246378,BIT,1
1770606674.9246378,BIT,0
1770606674.9246378,BIT,0
1770606674.9246378,BIT,0
1770606674.9246378,BIT,1
1770606674.9246378,BIT,0
1770606674.9246378,BIT,0
1770606674.9246378,BIT,0
1770606674.9246378,BIT,1
1770606675.1125453,BIT,1
1770606675.1125453,BIT,1
1770606675.1125453,BIT,1
1770606675.1125453,BIT,0
1770606675.1125453,BIT,0
1770606675.1125453,BIT,0
1770606675.1125453,BIT,0
1770606675.1125453,BIT,1
1770606675.1125453,BIT,0
1770606675.1125453,BIT,0
1770606675.2970805,BIT,0
1770606675.2970805,BIT,0
1770606675.2970805,BIT,1
1770606675.2970805,BIT,0
1770606675.2970805,BIT,0
1770606675.2970805,BIT,1
1770606675.2970805,BIT,0
1770606675.2970805,BIT,1
1770606675.2970805,BIT,1
1770606675.2970805,BIT,1
1770606675.4842014,BIT,1
1770606675.4842014,BIT,1
1770606675.4842014,BIT,0
1770606675.4842014,BIT,1
1770606675.4842014,BIT,1
1770606675.4842014,BIT,1
1770606675.4842014,BIT,0
1770606675.4842014,BIT,1
1770606675.4842014,BIT,0
1770606675.4842014,BIT,0
1770606675.696862,BIT,0
1770606675.696862,BIT,0
1770606675.696862,BIT,1
1770606675.696862,BIT,0
1770606675.696862,BIT,1
1770606675.696862,BIT,0
1770606675.696862,BIT,0
1770606675.696862,BIT,0
1770606675.696862,BIT,0
1770606675.696862,BIT,1
1770606675.9230914,BIT,0
1770606675.9230914,BIT,0
1770606675.9230914,BIT,0
1770606675.9230914,BIT,0
1770606675.9230914,BIT,1
1770606675.9230914,BIT,0
1770606675.9230914,BIT,0
1770606675.9230914,BIT,0
1770606675.9230914,BIT,1
1770606675.9230914,BIT,1
1770606676.1279337,BIT,0
1770606676.1279337,BIT,1
1770606676.1279337,BIT,0
1770606676.1279337,BIT,0
1770606676.1279337,BIT,0
1770606676.1279337,BIT,0
1770606676.1279337,BIT,0
1770606676.1279337,BIT,0
1770606676.1279337,BIT,1
1770606676.1279337,BIT,0
1770606676.3075678,BIT,0
1770606676.3075678,BIT,0
1770606676.3075678,BIT,1
1770606676.3075678,BIT,1
1770606676.3075678,BIT,1
1770606676.3075678,BIT,0
1770606676.3075678,BIT,0
1770606676.3075678,BIT,0
1770606676.3075678,BIT,1
1770606676.3075678,BIT,1
1770606676.5231686,BIT,0
1770606676.5231686,BIT,1
1770606676.5231686,BIT,0
1770606676.5231686,BIT,0
1770606676.5231686,BIT,0
1770606676.5231686,BIT,1
1770606676.5231686,BIT,1
1770606676.5231686,BIT,0
1770606676.5231686,BIT,0
1770606676.5231686,BIT,1
1770606676.7515872,BIT,0
1770606676.7515872,BIT,1
1770606676.7515872,BIT,1
1770606676.7515872,BIT,1
1770606676.7515872,BIT,1
1770606676.7515872,BIT,1
1770606676.7515872,BIT,0
1770606676.7515872,BIT,0
1770606676.7515872,BIT,1
1770606676.7515872,BIT,0
1770606677.1891444,BIT,0
1770606677.1891444,BIT,1
1770606677.1891444,BIT,1
1770606677.1891444,BIT,1
1770606677.1891444,BIT,1
1770606677.1891444,BIT,1
1770606677.1891444,BIT,0
1770606677.1891444,BIT,0
1770606677.1891444,BIT,0
1770606677.1891444,BIT,1
1770606677.7179775,BIT,0
1770606677.7179775,BIT,1
1770606677.7179775,BIT,0
1770606677.7179775,BIT,0
1770606677.7179775,BIT,0
1770606677.7179775,BIT,1
1770606677.7179775,BIT,0
1770606677.7179775,BIT,1
1770606677.7179775,BIT,0
1770606677.7179775,BIT,1
1770606678.091303,BIT,0
1770606678.091303,BIT,0
1770606678.091303,BIT,1
1770606678.091303,BIT,1
1770606678.091303,BIT,1
1770606678.091303,BIT,0
1770606678.091303,BIT,0
1770606678.091303,BIT,0
1770606678.091303,BIT,0
1770606678.091303,BIT,1
1770606678.3473907,BIT,0
1770606678.3473907,BIT,1
1770606678.3473907,BIT,0
1770606678.3473907,BIT,0
1770606678.3473907,BIT,1
1770606678.3473907,BIT,1
1770606678.3473907,BIT,0
1770606678.3473907,BIT,0
1770606678.3473907,BIT,1
1770606678.3473907,BIT,0
1770606678.5901797,BIT,0
1770606678.5901797,BIT,1
1770606678.5901797,BIT,1
1770606678.5901797,BIT,0
1770606678.5901797,BIT,0
1770606678.5901797,BIT,1
1770606678.5901797,BIT,0
1770606678.5901797,BIT,1
1770606678.5901797,BIT,0
1770606678.5901797,BIT,0
1770606678.8154871,BIT,0
1770606678.8154871,BIT,1
1770606678.8154871,BIT,1
1770606678.8154871,BIT,1
1770606678.8154871,BIT,1
1770606678.8154871,BIT,0
1770606678.8154871,BIT,0
1770606678.8154871,BIT,1
1770606678.8154871,BIT,1
1770606678.8154871,BIT,0
1770606679.0225937,BIT,1
1770606679.0225937,BIT,1
1770606679.0225937,BIT,1
1770606679.0225937,BIT,0
1770606679.0225937,BIT,0
1770606679.0225937,BIT,1
1770606679.0225937,BIT,0
1770606679.0225937,BIT,1
1770606679.0225937,BIT,1
1770606679.0225937,BIT,0
1770606679.2223074,BIT,0
1770606679.2223074,BIT,0
1770606679.2223074,BIT,0
1770606679.2223074,BIT,1
1770606679.2223074,BIT,0
1770606679.2223074,BIT,1
1770606679.2223074,BIT,0
1770606679.2223074,BIT,1
1770606679.2223074,BIT,0
1770606679.2223074,BIT,0
1770606679.414009,BIT,0
1770606679.414009,BIT,0
1770606679.414009,BIT,1
1770606679.414009,BIT,1
1770606679.414009,BIT,0
1770606679.414009,BIT,0
1770606679.414009,BIT,0
1770606679.414009,BIT,1
1770606679.414009,BIT,1
1770606679.414009,BIT,1
1770606679.593621,BIT,1
1770606679.593621,BIT,1
1770606679.593621,BIT,0
1770606679.593621,BIT,1
1770606679.593621,BIT,1
1770606679.593621,BIT,1
1770606679.593621,BIT,0
1770606679.593621,BIT,0
1770606679.593621,BIT,1
1770606679.593621,BIT,1
1770606679.7897081,BIT,0
1770606679.7897081,BIT,1
1770606679.7897081,BIT,0
1770606679.7897081,BIT,1
1770606679.7897081,BIT,1
1770606679.7897081,BIT,0
1770606679.7897081,BIT,1
1770606679.7897081,BIT,0
1770606679.7897081,BIT,1
1770606679.7897081,BIT,1
1770606679.987253,BIT,0
1770606679.987253,BIT,1
1770606679.987253,BIT,0
1770606679.987253,BIT,1
1770606679.987253,BIT,0
1770606679.987253,BIT,0
1770606679.987253,BIT,0
1770606679.987253,BIT,0
1770606679.987253,BIT,0
1770606679.987253,BIT,0
1770606680.1715498,BIT,1
1770606680.1715498,BIT,1
1770606680.1715498,BIT,0
1770606680.1715498,BIT,0
1770606680.1715498,BIT,1
1770606680.1715498,BIT,1
1770606680.1715498,BIT,0
1770606680.1715498,BIT,1
1770606680.1715498,BIT,1
1770606680.1715498,BIT,0
1770606680.3663821,BIT,1
1770606680.3663821,BIT,1
1770606680.3663821,BIT,0
1770606680.3663821,BIT,0
1770606680.3663821,BIT,1
1770606680.3663821,BIT,0
1770606680.3663821,BIT,1
1770606680.3663821,BIT,0
1770606680.3663821,BIT,0
1770606680.3663821,BIT,1
1770606680.5655408,BIT,0
1770606680.5655408,BIT,1
1770606680.5655408,BIT,1
1770606680.5655408,BIT,0
1770606680.5655408,BIT,1
1770606680.5655408,BIT,1
1770606680.5655408,BIT,0
1770606680.5655408,BIT,0
1770606680.5655408,BIT,1
1770606680.5655408,BIT,0
1770606680.7542624,BIT,1
1770606680.7542624,BIT,1
1770606680.7542624,BIT,0
1770606680.7542624,BIT,0
1770606680.7542624,BIT,1
1770606680.7542624,BIT,0
1770606680.7542624,BIT,1
1770606680.7542624,BIT,0
1770606680.7542624,BIT,1
1770606680.7542624,BIT,1
1770606680.9590542,BIT,1
1770606680.9590542,BIT,0
1770606680.9590542,BIT,1
1770606680.9590542,BIT,1
1770606680.9590542,BIT,0
1770606680.9590542,BIT,0
1770606680.9590542,BIT,0
1770606680.9590542,BIT,0
1770606680.9590542,BIT,0
1770606680.9590542,BIT,1
1770606681.1515481,BIT,0
1770606681.1515481,BIT,1
1770606681.1515481,BIT,1
1770606681.1515481,BIT,0
1770606681.1515481,BIT,1
1770606681.1515481,BIT,1
1770606681.1515481,BIT,0
1770606681.1515481,BIT,1
1770606681.1515481,BIT,0
1770606681.1515481,BIT,1
1770606681.35875,BIT,0
1770606681.35875,BIT,1
1770606681.35875,BIT,0
1770606681.35875,BIT,1
1770606681.35875,BIT,1
1770606681.35875,BIT,0
1770606681.35875,BIT,1
1770606681.35875,BIT,1
1770606681.35875,BIT,0
1770606681.35875,BIT,0
1770606681.5540807,BIT,1
1770606681.5540807,BIT,0
1770606681.5540807,BIT,0
1770606681.5540807,BIT,0
1770606681.5540807,BIT,1
1770606681.5540807,BIT,0
1770606681.5540807,BIT,1
1770606681.5540807,BIT,1
1770606681.5540807,BIT,0
1770606681.5540807,BIT,1
1770606681.7408984,BIT,0
1770606681.7408984,BIT,1
1770606681.7408984,BIT,0
1770606681.7408984,BIT,1
1770606681.7408984,BIT,0
1770606681.7408984,BIT,1
1770606681.7408984,BIT,0
1770606681.7408984,BIT,0
1770606681.7408984,BIT,1
1770606681.7408984,BIT,0
1770606681.9354117,BIT,1
1770606681.9354117,BIT,0
1770606681.9354117,BIT,0
1770606681.9354117,BIT,1
1770606681.9354117,BIT,0
1770606681.9354117,BIT,0
1770606681.9354117,BIT,1
1770606681.9354117,BIT,0
1770606681.9354117,BIT,0
1770606681.9354117,BIT,1
1770606682.1439877,BIT,0
1770606682.1439877,BIT,1
1770606682.1439877,BIT,1
1770606682.1439877,BIT,0
1770606682.1439877,BIT,1
1770606682.1439877,BIT,0
1770606682.1439877,BIT,1
1770606682.1439877,BIT,0
1770606682.1439877,BIT,1
1770606682.1439877,BIT,1
1770606682.3436315,BIT,1
1770606682.3436315,BIT,0
1770606682.3436315,BIT,0
1770606682.3436315,BIT,1
1770606682.3436315,BIT,1
1770606682.3436315,BIT,1
1770606682.3436315,BIT,1
1770606682.3436315,BIT,1
1770606682.3436315,BIT,0
1770606682.3436315,BIT,0
1770606682.5243134,BIT,0
1770606682.5243134,BIT,1
1770606682.5243134,BIT,0
1770606682.5243134,BIT,1
1770606682.5243134,BIT,1
1770606682.5243134,BIT,1
1770606682.5243134,BIT,1
1770606682.5243134,BIT,0
1770606682.5243134,BIT,0
1770606682.5243134,BIT,0
1770606682.719873,BIT,1
1770606682.719873,BIT,1
1770606682.719873,BIT,1
1770606682.719873,BIT,1
1770606682.719873,BIT,1
1770606682.719873,BIT,0
1770606682.719873,BIT,1
1770606682.719873,BIT,0
1770606682.719873,BIT,0
1770606682.719873,BIT,0
1770606682.9387662,BIT,0
1770606682.9387662,BIT,0
1770606682.9387662,BIT,0
1770606682.9387662,BIT,0
1770606682.9387662,BIT,1
1770606682.9387662,BIT,0
1770606682.9387662,BIT,0
1770606682.9387662,BIT,0
1770606682.9387662,BIT,1
1770606682.9387662,BIT,1
1770606683.120943,BIT,1
1770606683.120943,BIT,1
1770606683.120943,BIT,0
1770606683.120943,BIT,0
1770606683.120943,BIT,0
1770606683.120943,BIT,0
1770606683.120943,BIT,0
1770606683.120943,BIT,0
1770606683.120943,BIT,1
1770606683.120943,BIT,0
1770606683.3135135,BIT,0
1770606683.3135135,BIT,1
1770606683.3135135,BIT,1
1770606683.3135135,BIT,1
1770606683.3135135,BIT,0
1770606683.3135135,BIT,0
1770606683.3135135,BIT,0
1770606683.3135135,BIT,1
1770606683.3135135,BIT,1
1770606683.3135135,BIT,0
1770606683.5315812,BIT,0
1770606683.5315812,BIT,1
1770606683.5315812,BIT,1
1770606683.5315812,BIT,0
1770606683.5315812,BIT,1
1770606683.5315812,BIT,1
1770606683.5315812,BIT,0
1770606683.5315812,BIT,0
1770606683.5315812,BIT,0
1770606683.5315812,BIT,0
1770606683.726257,BIT,0
1770606683.726257,BIT,0
1770606683.726257,BIT,0
1770606683.726257,BIT,1
1770606683.726257,BIT,1
1770606683.726257,BIT,1
1770606683.726257,BIT,1
1770606683.726257,BIT,0
1770606683.726257,BIT,0
1770606683.726257,BIT,1
1770606683.9483895,BIT,1
1770606683.9483895,BIT,1
1770606683.9483895,BIT,1
1770606683.9483895,BIT,0
1770606683.9483895,BIT,1
1770606683.9483895,BIT,0
1770606683.9483895,BIT,0
1770606683.9483895,BIT,0
1770606683.9483895,BIT,0
1770606683.9483895,BIT,0
1770606684.1328928,BIT,1
1770606684.1328928,BIT,1
1770606684.1328928,BIT,1
1770606684.1328928,BIT,1
1770606684.1328928,BIT,1
1770606684.1328928,BIT,0
1770606684.1328928,BIT,0
1770606684.1328928,BIT,0
1770606684.1328928,BIT,1
1770606684.1328928,BIT,0
1770606684.3293684,BIT,1
1770606684.3293684,BIT,0
1770606684.3293684,BIT,0
1770606684.3293684,BIT,0
1770606684.3293684,BIT,0
1770606684.3293684,BIT,0
1770606684.3293684,BIT,0
1770606684.3293684,BIT,0
1770606684.3293684,BIT,1
1770606684.3293684,BIT,0
1770606684.551353,BIT,0
1770606684.551353,BIT,0
1770606684.551353,BIT,0
1770606684.551353,BIT,1
1770606684.551353,BIT,0
1770606684.551353,BIT,1
1770606684.551353,BIT,1
1770606684.551353,BIT,0
1770606684.551353,BIT,0
1770606684.551353,BIT,1
1770606684.8387902,BIT,0
1770606684.8387902,BIT,0
1770606684.8387902,BIT,1
1770606684.8387902,BIT,0
1770606684.8387902,BIT,0
1770606684.8387902,BIT,1
1770606684.8387902,BIT,1
1770606684.8387902,BIT,1
1770606684.8387902,BIT,1
1770606684.8387902,BIT,0
1770606685.0859447,BIT,0
1770606685.0859447,BIT,1
1770606685.0859447,BIT,1
1770606685.0859447,BIT,0
1770606685.0859447,BIT,0
1770606685.0859447,BIT,0
1770606685.0859447,BIT,1
1770606685.0859447,BIT,1
1770606685.0859447,BIT,0
1770606685.0859447,BIT,0
1770606685.3130121,BIT,0
1770606685.3130121,BIT,0
1770606685.3130121,BIT,1
1770606685.3130121,BIT,0
1770606685.3130121,BIT,0
1770606685.3130121,BIT,1
1770606685.3130121,BIT,1
1770606685.3130121,BIT,1
1770606685.3130121,BIT,0
1770606685.3130121,BIT,1
1770606685.5611403,BIT,0
1770606685.5611403,BIT,1
1770606685.5611403,BIT,1
1770606685.5611403,BIT,0
1770606685.5611403,BIT,1
1770606685.5611403,BIT,0
1770606685.5611403,BIT,1
1770606685.5611403,BIT,1
1770606685.5611403,BIT,1
1770606685.5611403,BIT,0
1770606685.8149295,BIT,1
1770606685.8149295,BIT,0
1770606685.8149295,BIT,0
1770606685.8149295,BIT,0
1770606685.8149295,BIT,1
1770606685.8149295,BIT,0
1770606685.8149295,BIT,0
1770606685.8149295,BIT,1
1770606685.8149295,BIT,0
1770606685.8149295,BIT,1
1770606686.0634072,BIT,0
1770606686.0634072,BIT,1
1770606686.0634072,BIT,0
1770606686.0634072,BIT,1
1770606686.0634072,BIT,0
1770606686.0634072,BIT,1
1770606686.0634072,BIT,0
1770606686.0634072,BIT,0
1770606686.0634072,BIT,0
1770606686.0634072,BIT,1
1770606686.3086324,BIT,0
1770606686.3086324,BIT,0
1770606686.3086324,BIT,0
1770606686.3086324,BIT,1
1770606686.3086324,BIT,0
1770606686.3086324,BIT,1
1770606686.3086324,BIT,1
1770606686.3086324,BIT,0
1770606686.3086324,BIT,1
1770606686.3086324,BIT,0
1770606686.5464466,BIT,0
1770606686.5464466,BIT,1
1770606686.5464466,BIT,0
1770606686.5464466,BIT,1
1770606686.5464466,BIT,0
1770606686.5464466,BIT,1
1770606686.5464466,BIT,1
1770606686.5464466,BIT,0
1770606686.5464466,BIT,1
1770606686.5464466,BIT,0
1770606686.7704554,BIT,0
1770606686.7704554,BIT,0
1770606686.7704554,BIT,1
1770606686.7704554,BIT,0
1770606686.7704554,BIT,0
1770606686.7704554,BIT,1
1770606686.7704554,BIT,1
1770606686.7704554,BIT,1
1770606686.7704554,BIT,0
1770606686.7704554,BIT,1
1770606687.0189686,BIT,0
1770606687.0189686,BIT,0
1770606687.0189686,BIT,1
1770606687.0189686,BIT,0
1770606687.0189686,BIT,1
1770606687.0189686,BIT,1
1770606687.0189686,BIT,0
1770606687.0189686,BIT,1
1770606687.0189686,BIT,1
1770606687.0189686,BIT,0
1770606687.2404237,BIT,0
1770606687.2404237,BIT,1
1770606687.2404237,BIT,0
1770606687.2404237,BIT,0
1770606687.2404237,BIT,0
1770606687.2404237,BIT,1
1770606687.2404237,BIT,1
1770606687.2404237,BIT,1
1770606687.2404237,BIT,0
1770606687.2404237,BIT,0
1770606687.5066009,BIT,1
1770606687.5066009,BIT,0
1770606687.5066009,BIT,0
1770606687.5066009,BIT,0
1770606687.5066009,BIT,1
1770606687.5066009,BIT,0
1770606687.5066009,BIT,1
1770606687.5066009,BIT,0
1770606687.5066009,BIT,1
1770606687.5066009,BIT,0
1770606687.7367508,BIT,0
1770606687.7367508,BIT,0
1770606687.7367508,BIT,1
1770606687.7367508,BIT,1
1770606687.7367508,BIT,1
1770606687.7367508,BIT,0
1770606687.7367508,BIT,0
1770606687.7367508,BIT,1
1770606687.7367508,BIT,1
1770606687.7367508,BIT,1
1770606687.9991314,BIT,1
1770606687.9991314,BIT,1
1770606687.9991314,BIT,1
1770606687.9991314,BIT,0
1770606687.9991314,BIT,1
1770606687.9991314,BIT,1
1770606687.9991314,BIT,0
1770606687.9991314,BIT,1
1770606687.9991314,BIT,0
1770606687.9991314,BIT,0
1770606688.2477586,BIT,1
1770606688.2477586,BIT,0
1770606688.2477586,BIT,1
1770606688.2477586,BIT,0
1770606688.2477586,BIT,1
1770606688.2477586,BIT,1
1770606688.2477586,BIT,1
1770606688.2477586,BIT,0
1770606688.2477586,BIT,0
1770606688.2477586,BIT,1
1770606688.5558157,BIT,1
1770606688.5558157,BIT,1
1770606688.5558157,BIT,0
1770606688.5558157,BIT,1
1770606688.5558157,BIT,1
1770606688.5558157,BIT,0
1770606688.5558157,BIT,0
1770606688.5558157,BIT,0
1770606688.5558157,BIT,1
1770606688.5558157,BIT,0
1770606688.7877755,BIT,1
1770606688.7877755,BIT,1
1770606688.7877755,BIT,1
1770606688.7877755,BIT,1
1770606688.7877755,BIT,1
1770606688.7877755,BIT,0
1770606688.7877755,BIT,1
1770606688.7877755,BIT,1
1770606688.7877755,BIT,0
1770606688.7877755,BIT,0
1770606689.046581,BIT,1
1770606689.046581,BIT,1
1770606689.046581,BIT,1
1770606689.046581,BIT,1
1770606689.046581,BIT,0
1770606689.046581,BIT,0
1770606689.046581,BIT,0
1770606689.046581,BIT,0
1770606689.046581,BIT,1
1770606689.046581,BIT,1
1770606689.298066,BIT,1
1770606689.298066,BIT,1
1770606689.298066,BIT,1
1770606689.298066,BIT,1
1770606689.298066,BIT,0
1770606689.298066,BIT,1
1770606689.298066,BIT,1
1770606689.298066,BIT,1
1770606689.298066,BIT,0
1770606689.298066,BIT,0
1770606689.5476677,BIT,1
1770606689.5476677,BIT,1
1770606689.5476677,BIT,1
1770606689.5476677,BIT,1
1770606689.5476677,BIT,1
1770606689.5476677,BIT,1
1770606689.5476677,BIT,1
1770606689.5476677,BIT,0
1770606689.5476677,BIT,1
1770606689.5476677,BIT,0
1770606689.8004086,BIT,1
1770606689.8004086,BIT,1
1770606689.8004086,BIT,0
1770606689.8004086,BIT,1
1770606689.8004086,BIT,0
1770606689.8004086,BIT,0
1770606689.8004086,BIT,1
1770606689.8004086,BIT,0
1770606689.8004086,BIT,1
1770606689.8004086,BIT,0
1770606690.0474162,BIT,0
1770606690.0474162,BIT,0
1770606690.0474162,BIT,0
1770606690.0474162,BIT,0
1770606690.0474162,BIT,1
1770606690.0474162,BIT,0
1770606690.0474162,BIT,0
1770606690.0474162,BIT,0
1770606690.0474162,BIT,0
1770606690.0474162,BIT,1
1770606690.2846804,BIT,0
1770606690.2846804,BIT,0
1770606690.2846804,BIT,0
1770606690.2846804,BIT,1
1770606690.2846804,BIT,1
1770606690.2846804,BIT,1
1770606690.2846804,BIT,1
1770606690.2846804,BIT,0
1770606690.2846804,BIT,0
1770606690.2846804,BIT,1
1770606690.5433316,BIT,1
1770606690.5433316,BIT,0
1770606690.5433316,BIT,1
1770606690.5433316,BIT,0
1770606690.5433316,BIT,1
1770606690.5433316,BIT,1
1770606690.5433316,BIT,0
1770606690.5433316,BIT,1
1770606690.5433316,BIT,1
1770606690.5433316,BIT,0
1770606690.7864466,BIT,0
1770606690.7864466,BIT,1
1770606690.7864466,BIT,0
1770606690.7864466,BIT,1
1770606690.7864466,BIT,0
1770606690.7864466,BIT,1
1770606690.7864466,BIT,0
1770606690.7864466,BIT,1
1770606690.7864466,BIT,1
1770606690.7864466,BIT,0
1770606691.1188736,BIT,0
1770606691.1188736,BIT,1
1770606691.1188736,BIT,0
1770606691.1188736,BIT,1
1770606691.1188736,BIT,0
1770606691.1188736,BIT,0
1770606691.1188736,BIT,0
1770606691.1188736,BIT,1
1770606691.1188736,BIT,0
1770606691.1188736,BIT,0
1770606691.3535922,BIT,0
1770606691.3535922,BIT,0
1770606691.3535922,BIT,0
1770606691.3535922,BIT,1
1770606691.3535922,BIT,0
1770606691.3535922,BIT,0
1770606691.3535922,BIT,0
1770606691.3535922,BIT,1
1770606691.3535922,BIT,0
1770606691.3535922,BIT,0
1770606691.6053367,BIT,0
1770606691.6053367,BIT,1
1770606691.6053367,BIT,1
1770606691.6053367,BIT,0
1770606691.6053367,BIT,1
1770606691.6053367,BIT,0
1770606691.6053367,BIT,1
1770606691.6053367,BIT,0
1770606691.6053367,BIT,1
1770606691.6053367,BIT,1
1770606691.8354754,BIT,1
1770606691.8354754,BIT,0
1770606691.8354754,BIT,1
1770606691.8354754,BIT,1
1770606691.8354754,BIT,0
1770606691.8354754,BIT,1
1770606691.8354754,BIT,0
1770606691.8354754,BIT,0
1770606691.8354754,BIT,0
1770606691.8354754,BIT,0
1770606692.1427624,BIT,1
1770606692.1427624,BIT,1
1770606692.1427624,BIT,1
1770606692.1427624,BIT,0
1770606692.1427624,BIT,1
1770606692.1427624,BIT,1
1770606692.1427624,BIT,0
1770606692.1427624,BIT,0
1770606692.1427624,BIT,0
1770606692.1427624,BIT,1
1770606692.5145993,BIT,1
1770606692.5145993,BIT,0
1770606692.5145993,BIT,0
1770606692.5145993,BIT,0
1770606692.5145993,BIT,1
1770606692.5145993,BIT,1
1770606692.5145993,BIT,0
1770606692.5145993,BIT,0
1770606692.5145993,BIT,0
1770606692.5145993,BIT,1
1770606692.7894819,BIT,0
1770606692.7894819,BIT,0
1770606692.7894819,BIT,1
1770606692.7894819,BIT,1
1770606692.7894819,BIT,0
1770606692.7894819,BIT,1
1770606692.7894819,BIT,0
1770606692.7894819,BIT,1
1770606692.7894819,BIT,0
1770606692.7894819,BIT,1
1770606693.0597987,BIT,1
1770606693.0597987,BIT,0
1770606693.0597987,BIT,0
1770606693.0597987,BIT,0
1770606693.0597987,BIT,0
1770606693.0597987,BIT,1
1770606693.0597987,BIT,0
1770606693.0597987,BIT,1
1770606693.0597987,BIT,0
1770606693.0597987,BIT,0
1770606693.294499,BIT,0
1770606693.294499,BIT,0
1770606693.294499,BIT,1
1770606693.294499,BIT,1
1770606693.294499,BIT,0
1770606693.294499,BIT,1
1770606693.294499,BIT,0
1770606693.294499,BIT,0
1770606693.294499,BIT,0
1770606693.294499,BIT,0
1770606693.531591,BIT,1
1770606693.531591,BIT,1
1770606693.531591,BIT,0
1770606693.531591,BIT,0
1770606693.531591,BIT,0
1770606693.531591,BIT,1
1770606693.531591,BIT,0
1770606693.531591,BIT,0
1770606693.531591,BIT,1
1770606693.531591,BIT,1
1770606693.7519271,BIT,0
1770606693.7519271,BIT,0
1770606693.7519271,BIT,1
1770606693.7519271,BIT,1
1770606693.7519271,BIT,0
1770606693.7519271,BIT,1
1770606693.7519271,BIT,1
1770606693.7519271,BIT,0
1770606693.7519271,BIT,1
1770606693.7519271,BIT,0
1770606693.9766226,BIT,0
1770606693.9766226,BIT,0
1770606693.9766226,BIT,1
1770606693.9766226,BIT,1
1770606693.9766226,BIT,1
1770606693.9766226,BIT,1
1770606693.9766226,BIT,1
1770606693.9766226,BIT,0
1770606693.9766226,BIT,1
1770606693.9766226,BIT,0
1770606694.1805365,BIT,0
1770606694.1805365,BIT,0
1770606694.1805365,BIT,1
1770606694.1805365,BIT,0
1770606694.1805365,BIT,0
1770606694.1805365,BIT,1
1770606694.1805365,BIT,1
1770606694.1805365,BIT,1
1770606694.1805365,BIT,0
1770606694.1805365,BIT,0
1770606694.4210517,BIT,0
1770606694.4210517,BIT,0
1770606694.4210517,BIT,1
1770606694.4210517,BIT,0
1770606694.4210517,BIT,1
1770606694.4210517,BIT,0
1770606694.4210517,BIT,1
1770606694.4210517,BIT,0
1770606694.4210517,BIT,1
1770606694.4210517,BIT,1
1770606694.6764169,BIT,1
1770606694.6764169,BIT,1
1770606694.6764169,BIT,0
1770606694.6764169,BIT,1
1770606694.6764169,BIT,1
1770606694.6764169,BIT,1
1770606694.6764169,BIT,1
1770606694.6764169,BIT,1
1770606694.6764169,BIT,0
1770606694.6764169,BIT,1
1770606694.9392674,BIT,0
1770606694.9392674,BIT,0
1770606694.9392674,BIT,0
1770606694.9392674,BIT,0
1770606694.9392674,BIT,1
1770606694.9392674,BIT,0
1770606694.9392674,BIT,1
1770606694.9392674,BIT,1
1770606694.9392674,BIT,0
1770606694.9392674,BIT,1
1770606695.2200332,BIT,0
1770606695.2200332,BIT,0
1770606695.2200332,BIT,1
1770606695.2200332,BIT,1
1770606695.2200332,BIT,1
1770606695.2200332,BIT,1
1770606695.2200332,BIT,1
1770606695.2200332,BIT,1
1770606695.2200332,BIT,1
1770606695.2200332,BIT,1
1770606695.6042118,BIT,1
1770606695.6042118,BIT,0
1770606695.6042118,BIT,0
1770606695.6042118,BIT,1
1770606695.6042118,BIT,1
1770606695.6042118,BIT,0
1770606695.6042118,BIT,0
1770606695.6042118,BIT,0
1770606695.6042118,BIT,1
1770606695.6042118,BIT,0
1770606695.8625212,BIT,1
1770606695.8625212,BIT,1
1770606695.8625212,BIT,0
1770606695.8625212,BIT,1
1770606695.8625212,BIT,0
1770606695.8625212,BIT,0
1770606695.8625212,BIT,1
1770606695.8625212,BIT,1
1770606695.8625212,BIT,1
1770606695.8625212,BIT,1
1770606696.1035602,BIT,0
1770606696.1035602,BIT,1
1770606696.1035602,BIT,0
1770606696.1035602,BIT,1
1770606696.1035602,BIT,0
1770606696.1035602,BIT,0
1770606696.1035602,BIT,1
1770606696.1035602,BIT,0
1770606696.1035602,BIT,0
1770606696.1035602,BIT,0
1770606696.3564713,BIT,1
1770606696.3564713,BIT,1
1770606696.3564713,BIT,1
1770606696.3564713,BIT,1
1770606696.3564713,BIT,1
1770606696.3564713,BIT,1
1770606696.3564713,BIT,1
1770606696.3564713,BIT,1
1770606696.3564713,BIT,1
1770606696.3564713,BIT,1
1770606696.6051784,BIT,1
1770606696.6051784,BIT,0
1770606696.6051784,BIT,1
1770606696.6051784,BIT,1
1770606696.6051784,BIT,1
1770606696.6051784,BIT,1
1770606696.6051784,BIT,0
1770606696.6051784,BIT,0
1770606696.6051784,BIT,0
1770606696.6051784,BIT,0
1770606696.844713,BIT,1
1770606696.844713,BIT,1
1770606696.844713,BIT,1
1770606696.844713,BIT,1
1770606696.844713,BIT,0
1770606696.844713,BIT,1
1770606696.844713,BIT,1
1770606696.844713,BIT,1
1770606696.844713,BIT,0
1770606696.844713,BIT,1
1770606697.0838146,BIT,0
1770606697.0838146,BIT,1
1770606697.0838146,BIT,1
1770606697.0838146,BIT,0
1770606697.0838146,BIT,1
1770606697.0838146,BIT,1
1770606697.0838146,BIT,1
1770606697.0838146,BIT,1
1770606697.0838146,BIT,1
1770606697.0838146,BIT,0
1770606697.3077178,BIT,1
1770606697.3077178,BIT,0
1770606697.3077178,BIT,1
1770606697.3077178,BIT,0
1770606697.3077178,BIT,1
1770606697.3077178,BIT,0
1770606697.3077178,BIT,1
1770606697.3077178,BIT,0
1770606697.3077178,BIT,0
1770606697.3077178,BIT,0
1770606697.5833366,BIT,0
1770606697.5833366,BIT,0
1770606697.5833366,BIT,1
1770606697.5833366,BIT,0
1770606697.5833366,BIT,0
1770606697.5833366,BIT,1
1770606697.5833366,BIT,0
1770606697.5833366,BIT,0
1770606697.5833366,BIT,0
1770606697.5833366,BIT,1
1770606697.8194792,BIT,1
1770606697.8194792,BIT,0
1770606697.8194792,BIT,0
1770606697.8194792,BIT,1
1770606697.8194792,BIT,0
1770606697.8194792,BIT,0
1770606697.8194792,BIT,1
1770606697.8194792,BIT,1
1770606697.8194792,BIT,1
1770606697.8194792,BIT,0
1770606698.0417953,BIT,0
1770606698.0417953,BIT,1
1770606698.0417953,BIT,0
1770606698.0417953,BIT,1
1770606698.0417953,BIT,0
1770606698.0417953,BIT,1
1770606698.0417953,BIT,0
1770606698.0417953,BIT,1
1770606698.0417953,BIT,1
1770606698.0417953,BIT,0
1770606698.275182,BIT,0
1770606698.275182,BIT,0
1770606698.275182,BIT,0
1770606698.275182,BIT,1
1770606698.275182,BIT,0
1770606698.275182,BIT,0
1770606698.275182,BIT,0
1770606698.275182,BIT,0
1770606698.275182,BIT,1
1770606698.275182,BIT,1
1770606698.573924,BIT,1
1770606698.573924,BIT,1
1770606698.573924,BIT,1
1770606698.573924,BIT,1
1770606698.573924,BIT,1
1770606698.573924,BIT,0
1770606698.573924,BIT,0
1770606698.573924,BIT,1
1770606698.573924,BIT,0
1770606698.573924,BIT,1
1770606698.857774,BIT,0
1770606698.857774,BIT,0
1770606698.857774,BIT,1
1770606698.857774,BIT,0
1770606698.857774,BIT,0
1770606698.857774,BIT,0
1770606698.857774,BIT,1
1770606698.857774,BIT,0
1770606698.857774,BIT,1
1770606698.857774,BIT,0
1770606699.1375787,BIT,1
1770606699.1375787,BIT,1
1770606699.1375787,BIT,1
1770606699.1375787,BIT,0
1770606699.1375787,BIT,0
1770606699.1375787,BIT,1
1770606699.1375787,BIT,0
1770606699.1375787,BIT,0
1770606699.1375787,BIT,1
1770606699.1375787,BIT,0
1770606699.4097507,BIT,0
1770606699.4097507,BIT,1
1770606699.4097507,BIT,0
1770606699.4097507,BIT,0
1770606699.4097507,BIT,0
1770606699.4097507,BIT,1
1770606699.4097507,BIT,0
1770606699.4097507,BIT,1
1770606699.4097507,BIT,0
1770606699.4097507,BIT,1
1770606699.6785946,BIT,0
1770606699.6785946,BIT,1
1770606699.6785946,BIT,1
1770606699.6785946,BIT,1
1770606699.6785946,BIT,0
1770606699.6785946,BIT,1
1770606699.6785946,BIT,1
1770606699.6785946,BIT,1
1770606699.6785946,BIT,0
1770606699.6785946,BIT,1
1770606699.878869,BIT,1
1770606699.878869,BIT,0
1770606699.878869,BIT,1
1770606699.878869,BIT,0
1770606699.878869,BIT,0
1770606699.878869,BIT,0
1770606699.878869,BIT,1
1770606699.878869,BIT,0
1770606699.878869,BIT,1
1770606699.878869,BIT,0
1770606700.083612,BIT,0
1770606700.083612,BIT,0
1770606700.083612,BIT,1
1770606700.083612,BIT,0
1770606700.083612,BIT,1
1770606700.083612,BIT,0
1770606700.083612,BIT,0
1770606700.083612,BIT,0
1770606700.083612,BIT,0
1770606700.083612,BIT,0
1770606700.272724,BIT,1
1770606700.272724,BIT,0
1770606700.272724,BIT,1
1770606700.272724,BIT,1
1770606700.272724,BIT,1
1770606700.272724,BIT,0
1770606700.272724,BIT,0
1770606700.272724,BIT,0
1770606700.272724,BIT,0
1770606700.272724,BIT,1
1770606700.4633582,BIT,1
1770606700.4633582,BIT,0
1770606700.4633582,BIT,1
1770606700.4633582,BIT,1
1770606700.4633582,BIT,0
1770606700.4633582,BIT,1
1770606700.4633582,BIT,1
1770606700.4633582,BIT,0
1770606700.4633582,BIT,0
1770606700.4633582,BIT,0
1770606700.6467125,BIT,1
1770606700.6467125,BIT,1
1770606700.6467125,BIT,0
1770606700.6467125,BIT,0
1770606700.6467125,BIT,0
1770606700.6467125,BIT,0
1770606700.6467125,BIT,0
1770606700.6467125,BIT,1
1770606700.6467125,BIT,0
1770606700.6467125,BIT,0
1770606700.8292654,BIT,0
1770606700.8292654,BIT,1
1770606700.8292654,BIT,1
1770606700.8292654,BIT,0
1770606700.8292654,BIT,1
1770606700.8292654,BIT,0
1770606700.8292654,BIT,0
1770606700.8292654,BIT,0
1770606700.8292654,BIT,0
1770606700.8292654,BIT,1
1770606701.027487,BIT,0
1770606701.027487,BIT,0
1770606701.027487,BIT,0
1770606701.027487,BIT,1
1770606701.027487,BIT,1
1770606701.027487,BIT,0
1770606701.027487,BIT,0
1770606701.027487,BIT,1
1770606701.027487,BIT,0
1770606701.027487,BIT,0
1770606701.2110536,BIT,1
1770606701.2110536,BIT,0
1770606701.2110536,BIT,1
1770606701.2110536,BIT,0
1770606701.2110536,BIT,1
1770606701.2110536,BIT,0
1770606701.2110536,BIT,1
1770606701.2110536,BIT,1
1770606701.2110536,BIT,1
1770606701.2110536,BIT,1
1770606701.4041643,BIT,1
1770606701.4041643,BIT,1
1770606701.4041643,BIT,0
1770606701.4041643,BIT,0
1770606701.4041643,BIT,0
1770606701.4041643,BIT,1
1770606701.4041643,BIT,1
1770606701.4041643,BIT,1
1770606701.4041643,BIT,0
1770606701.4041643,BIT,1
1770606701.594296,BIT,0
1770606701.594296,BIT,1
1770606701.594296,BIT,0
1770606701.594296,BIT,0
1770606701.594296,BIT,1
1770606701.594296,BIT,1
1770606701.594296,BIT,1
1770606701.594296,BIT,0
1770606701.594296,BIT,1
1770606701.594296,BIT,0
1770606701.7841582,BIT,0
1770606701.7841582,BIT,1
1770606701.7841582,BIT,1
1770606701.7841582,BIT,1
1770606701.7841582,BIT,1
1770606701.7841582,BIT,1
1770606701.7841582,BIT,1
1770606701.7841582,BIT,0
1770606701.7841582,BIT,1
1770606701.7841582,BIT,1
1770606701.9814377,BIT,0
1770606701.9814377,BIT,1
1770606701.9814377,BIT,0
1770606701.9814377,BIT,1
1770606701.9814377,BIT,0
1770606701.9814377,BIT,0
1770606701.9814377,BIT,0
1770606701.9814377,BIT,1
1770606701.9814377,BIT,1
1770606701.9814377,BIT,1
1770606702.1589448,BIT,0
1770606702.1589448,BIT,0
1770606702.1589448,BIT,0
1770606702.1589448,BIT,1
1770606702.1589448,BIT,0
1770606702.1589448,BIT,0
1770606702.1589448,BIT,0
1770606702.1589448,BIT,0
1770606702.1589448,BIT,0
1770606702.1589448,BIT,1
1770606702.3492243,BIT,1
1770606702.3492243,BIT,0
1770606702.3492243,BIT,0
1770606702.3492243,BIT,1
1770606702.3492243,BIT,1
1770606702.3492243,BIT,0
1770606702.3492243,BIT,0
1770606702.3492243,BIT,0
1770606702.3492243,BIT,1
1770606702.3492243,BIT,1
1770606702.5468566,BIT,0
1770606702.5468566,BIT,0
1770606702.5468566,BIT,0
1770606702.5468566,BIT,1
1770606702.5468566,BIT,1
1770606702.5468566,BIT,1
1770606702.5468566,BIT,1
1770606702.5468566,BIT,0
1770606702.5468566,BIT,1
1770606702.5468566,BIT,1
1770606702.7323024,BIT,1
1770606702.7323024,BIT,1
1770606702.7323024,BIT,0
1770606702.7323024,BIT,1
1770606702.7323024,BIT,0
1770606702.7323024,BIT,0
1770606702.7323024,BIT,1
1770606702.7323024,BIT,0
1770606702.7323024,BIT,1
1770606702.7323024,BIT,1
1770606702.9455488,BIT,1
1770606702.9455488,BIT,0
1770606702.9455488,BIT,1
1770606702.9455488,BIT,1
1770606702.9455488,BIT,1
1770606702.9455488,BIT,1
1770606702.9455488,BIT,0
1770606702.9455488,BIT,0
1770606702.9455488,BIT,1
1770606702.9455488,BIT,1
1770606703.1390893,BIT,0
1770606703.1390893,BIT,0
1770606703.1390893,BIT,1
1770606703.1390893,BIT,0
1770606703.1390893,BIT,1
1770606703.1390893,BIT,1
1770606703.1390893,BIT,1
1770606703.1390893,BIT,0
1770606703.1390893,BIT,1
1770606703.1390893,BIT,1
1770606703.3336663,BIT,0
1770606703.3336663,BIT,0
1770606703.3336663,BIT,1
1770606703.3336663,BIT,1
1770606703.3336663,BIT,0
1770606703.3336663,BIT,1
1770606703.3336663,BIT,1
1770606703.3336663,BIT,1
1770606703.3336663,BIT,0
1770606703.3336663,BIT,1
1770606703.520767,BIT,0
1770606703.520767,BIT,0
1770606703.520767,BIT,0
1770606703.520767,BIT,0
1770606703.520767,BIT,1
1770606703.520767,BIT,0
1770606703.520767,BIT,0
1770606703.520767,BIT,0
1770606703.520767,BIT,0
1770606703.520767,BIT,0
1770606703.7040443,BIT,0
1770606703.7040443,BIT,0
1770606703.7040443,BIT,0
1770606703.7040443,BIT,0
1770606703.7040443,BIT,0
1770606703.7040443,BIT,0
1770606703.7040443,BIT,0
1770606703.7040443,BIT,0
1770606703.7040443,BIT,1
1770606703.7040443,BIT,1
1770606703.9105432,BIT,0
1770606703.9105432,BIT,1
1770606703.9105432,BIT,1
1770606703.9105432,BIT,0
1770606703.9105432,BIT,0
1770606703.9105432,BIT,1
1770606703.9105432,BIT,1
1770606703.9105432,BIT,0
1770606703.9105432,BIT,0
1770606703.9105432,BIT,0
1770606704.0952435,BIT,0
1770606704.0952435,BIT,0
1770606704.0952435,BIT,1
1770606704.0952435,BIT,1
1770606704.0952435,BIT,0
1770606704.0952435,BIT,0
1770606704.0952435,BIT,0
1770606704.0952435,BIT,0
1770606704.0952435,BIT,1
1770606704.0952435,BIT,0
1770606704.2735713,BIT,0
1770606704.2735713,BIT,0
1770606704.2735713,BIT,1
1770606704.2735713,BIT,1
1770606704.2735713,BIT,0
1770606704.2735713,BIT,1
1770606704.2735713,BIT,1
1770606704.2735713,BIT,0
1770606704.2735713,BIT,1
1770606704.2735713,BIT,0
1770606704.461547,BIT,0
1770606704.461547,BIT,1
1770606704.461547,BIT,1
1770606704.461547,BIT,0
1770606704.461547,BIT,0
1770606704.461547,BIT,0
1770606704.461547,BIT,1
1770606704.461547,BIT,1
1770606704.461547,BIT,0
1770606704.461547,BIT,1
1770606704.6796288,BIT,1
1770606704.6796288,BIT,1
1770606704.6796288,BIT,1
1770606704.6796288,BIT,0
1770606704.6796288,BIT,1
1770606704.6796288,BIT,0
1770606704.6796288,BIT,0
1770606704.6796288,BIT,0
1770606704.6796288,BIT,0
1770606704.6796288,BIT,1
1770606704.8735468,BIT,1
1770606704.8735468,BIT,1
1770606704.8735468,BIT,1
1770606704.8735468,BIT,1
1770606704.8735468,BIT,1
1770606704.8735468,BIT,0
1770606704.8735468,BIT,0
1770606704.8735468,BIT,0
1770606704.8735468,BIT,1
1770606704.8735468,BIT,1
1770606705.0854747,BIT,0
1770606705.0854747,BIT,1
1770606705.0854747,BIT,0
1770606705.0854747,BIT,0
1770606705.0854747,BIT,0
1770606705.0854747,BIT,0
1770606705.0854747,BIT,0
1770606705.0854747,BIT,1
1770606705.0854747,BIT,1
1770606705.0854747,BIT,1
1770606705.3011782,BIT,1
1770606705.3011782,BIT,0
1770606705.3011782,BIT,1
1770606705.3011782,BIT,1
1770606705.3011782,BIT,0
1770606705.3011782,BIT,0
1770606705.3011782,BIT,1
1770606705.3011782,BIT,1
1770606705.3011782,BIT,0
1770606705.3011782,BIT,0
1770606705.4929879,BIT,1
1770606705.4929879,BIT,1
1770606705.4929879,BIT,0
1770606705.4929879,BIT,1
1770606705.4929879,BIT,1
1770606705.4929879,BIT,0
1770606705.4929879,BIT,0
1770606705.4929879,BIT,0
1770606705.4929879,BIT,1
1770606705.4929879,BIT,1
1770606705.6865149,BIT,1
1770606705.6865149,BIT,1
1770606705.6865149,BIT,0
1770606705.6865149,BIT,0
1770606705.6865149,BIT,1
1770606705.6865149,BIT,0
1770606705.6865149,BIT,0
1770606705.6865149,BIT,0
1770606705.6865149,BIT,1
1770606705.6865149,BIT,1
1770606705.9259663,BIT,0
1770606705.9259663,BIT,1
1770606705.9259663,BIT,1
1770606705.9259663,BIT,1
1770606705.9259663,BIT,1
1770606705.9259663,BIT,1
1770606705.9259663,BIT,0
1770606705.9259663,BIT,0
1770606705.9259663,BIT,1
1770606705.9259663,BIT,0
1770606706.1445515,BIT,1
1770606706.1445515,BIT,0
1770606706.1445515,BIT,0
1770606706.1445515,BIT,0
1770606706.1445515,BIT,1
1770606706.1445515,BIT,1
1770606706.1445515,BIT,1
1770606706.1445515,BIT,0
1770606706.1445515,BIT,1
1770606706.1445515,BIT,1
1770606706.3447697,BIT,0
1770606706.3447697,BIT,0
1770606706.3447697,BIT,1
1770606706.3447697,BIT,1
1770606706.3447697,BIT,0
1770606706.3447697,BIT,1
1770606706.3447697,BIT,1
1770606706.3447697,BIT,1
1770606706.3447697,BIT,1
1770606706.3447697,BIT,1
1770606706.5539467,BIT,0
1770606706.5539467,BIT,0
1770606706.5539467,BIT,1
1770606706.5539467,BIT,0
1770606706.5539467,BIT,1
1770606706.5539467,BIT,1
1770606706.5539467,BIT,1
1770606706.5539467,BIT,1
1770606706.5539467,BIT,1
1770606706.5539467,BIT,1
1770606706.7611957,BIT,1
1770606706.7611957,BIT,0
1770606706.7611957,BIT,1
1770606706.7611957,BIT,0
1770606706.7611957,BIT,1
1770606706.7611957,BIT,0
1770606706.7611957,BIT,0
1770606706.7611957,BIT,0
1770606706.7611957,BIT,0
1770606706.7611957,BIT,1
1770606706.9481804,BIT,1
1770606706.9481804,BIT,1
1770606706.9481804,BIT,1
1770606706.9481804,BIT,1
1770606706.9481804,BIT,1
1770606706.9481804,BIT,0
1770606706.9481804,BIT,0
1770606706.9481804,BIT,0
1770606706.9481804,BIT,1
1770606706.9481804,BIT,0
1770606707.158819,BIT,1
1770606707.158819,BIT,0
1770606707.158819,BIT,0
1770606707.158819,BIT,0
1770606707.158819,BIT,0
1770606707.158819,BIT,1
1770606707.158819,BIT,1
1770606707.158819,BIT,1
1770606707.158819,BIT,0
1770606707.158819,BIT,1
1770606707.3572843,BIT,1
1770606707.3572843,BIT,1
1770606707.3572843,BIT,1
1770606707.3572843,BIT,0
1770606707.3572843,BIT,1
1770606707.3572843,BIT,0
1770606707.3572843,BIT,0
1770606707.3572843,BIT,1
1770606707.3572843,BIT,0
1770606707.3572843,BIT,0
1770606707.617928,BIT,0
1770606707.617928,BIT,0
1770606707.617928,BIT,1
1770606707.617928,BIT,1
1770606707.617928,BIT,0
1770606707.617928,BIT,1
1770606707.617928,BIT,0
1770606707.617928,BIT,0
1770606707.617928,BIT,0
1770606707.617928,BIT,1
1770606707.8359675,BIT,1
1770606707.8359675,BIT,1
1770606707.8359675,BIT,0
1770606707.8359675,BIT,1
1770606707.8359675,BIT,0
1770606707.8359675,BIT,1
1770606707.8359675,BIT,1
1770606707.8359675,BIT,1
1770606707.8359675,BIT,1
1770606707.8359675,BIT,0
1770606708.0704553,BIT,0
1770606708.0704553,BIT,0
1770606708.0704553,BIT,1
1770606708.0704553,BIT,1
1770606708.0704553,BIT,0
1770606708.0704553,BIT,1
1770606708.0704553,BIT,1
1770606708.0704553,BIT,0
1770606708.0704553,BIT,1
1770606708.0704553,BIT,1
1770606708.26593,BIT,1
1770606708.26593,BIT,1
1770606708.26593,BIT,0
1770606708.26593,BIT,1
1770606708.26593,BIT,0
1770606708.26593,BIT,0
1770606708.26593,BIT,0
1770606708.26593,BIT,1
1770606708.26593,BIT,1
1770606708.26593,BIT,0
1770606708.456439,BIT,0
1770606708.456439,BIT,0
1770606708.456439,BIT,0
1770606708.456439,BIT,0
1770606708.456439,BIT,0
1770606708.456439,BIT,1
1770606708.456439,BIT,1
1770606708.456439,BIT,1
1770606708.456439,BIT,0
1770606708.456439,BIT,1
1770606708.6492755,BIT,0
1770606708.6492755,BIT,1
1770606708.6492755,BIT,1
1770606708.6492755,BIT,1
1770606708.6492755,BIT,1
1770606708.6492755,BIT,1
1770606708.6492755,BIT,1
1770606708.6492755,BIT,1
1770606708.6492755,BIT,0
1770606708.6492755,BIT,1
1770606708.849407,BIT,1
1770606708.849407,BIT,0
1770606708.849407,BIT,1
1770606708.849407,BIT,0
1770606708.849407,BIT,0
1770606708.849407,BIT,1
1770606708.849407,BIT,0
1770606708.849407,BIT,1
1770606708.849407,BIT,0
1770606708.849407,BIT,1
1770606709.0767784,BIT,0
1770606709.0767784,BIT,0
1770606709.0767784,BIT,1
1770606709.0767784,BIT,1
1770606709.0767784,BIT,0
1770606709.0767784,BIT,1
1770606709.0767784,BIT,0
1770606709.0767784,BIT,0
1770606709.0767784,BIT,1
1770606709.0767784,BIT,1
1770606709.2906294,BIT,0
1770606709.2906294,BIT,1
1770606709.2906294,BIT,1
1770606709.2906294,BIT,1
1770606709.2906294,BIT,1
1770606709.2906294,BIT,0
1770606709.2906294,BIT,1
1770606709.2906294,BIT,1
1770606709.2906294,BIT,0
1770606709.2906294,BIT,0
1770606709.5115893,BIT,0
1770606709.5115893,BIT,1
1770606709.5115893,BIT,0
1770606709.5115893,BIT,1
1770606709.5115893,BIT,1
1770606709.5115893,BIT,0
1770606709.5115893,BIT,1
1770606709.5115893,BIT,0
1770606709.5115893,BIT,0
1770606709.5115893,BIT,1
1770606709.7051885,BIT,1
1770606709.7051885,BIT,1
1770606709.7051885,BIT,1
1770606709.7051885,BIT,0
1770606709.7051885,BIT,0
1770606709.7051885,BIT,0
1770606709.7051885,BIT,0
1770606709.7051885,BIT,0
1770606709.7051885,BIT,1
1770606709.7051885,BIT,1
1770606709.9463692,BIT,0
1770606709.9463692,BIT,1
1770606709.9463692,BIT,1
1770606709.9463692,BIT,1
1770606709.9463692,BIT,1
1770606709.9463692,BIT,0
1770606709.9463692,BIT,0
1770606709.9463692,BIT,1
1770606709.9463692,BIT,1
1770606709.9463692,BIT,0
1770606710.1452138,BIT,1
1770606710.1452138,BIT,0
1770606710.1452138,BIT,1
1770606710.1452138,BIT,0
1770606710.1452138,BIT,1
1770606710.1452138,BIT,0
1770606710.1452138,BIT,0
1770606710.1452138,BIT,0
1770606710.1452138,BIT,1
1770606710.1452138,BIT,0
1770606710.3480604,BIT,0
1770606710.3480604,BIT,0
1770606710.3480604,BIT,0
1770606710.3480604,BIT,0
1770606710.3480604,BIT,1
1770606710.3480604,BIT,1
1770606710.3480604,BIT,0
1770606710.3480604,BIT,1
1770606710.3480604,BIT,1
1770606710.3480604,BIT,1
1770606710.5484703,BIT,0
1770606710.5484703,BIT,0
1770606710.5484703,BIT,0
1770606710.5484703,BIT,0
1770606710.5484703,BIT,0
1770606710.5484703,BIT,0
1770606710.5484703,BIT,0
1770606710.5484703,BIT,0
1770606710.5484703,BIT,0
1770606710.5484703,BIT,0
1770606710.750454,BIT,1
1770606710.750454,BIT,1
1770606710.750454,BIT,0
1770606710.750454,BIT,0
1770606710.750454,BIT,0
1770606710.750454,BIT,1
1770606710.750454,BIT,1
1770606710.750454,BIT,0
1770606710.750454,BIT,1
1770606710.750454,BIT,0
1770606710.9823549,BIT,1
1770606710.9823549,BIT,1
1770606710.9823549,BIT,0
1770606710.9823549,BIT,0
1770606710.9823549,BIT,0
1770606710.9823549,BIT,0
1770606710.9823549,BIT,0
1770606710.9823549,BIT,0
1770606710.9823549,BIT,0
1770606710.9823549,BIT,0
1770606711.1984186,BIT,1
1770606711.1984186,BIT,0
1770606711.1984186,BIT,1
1770606711.1984186,BIT,1
1770606711.1984186,BIT,1
1770606711.1984186,BIT,1
1770606711.1984186,BIT,1
1770606711.1984186,BIT,0
1770606711.1984186,BIT,1
1770606711.1984186,BIT,1
1770606711.417633,BIT,0
1770606711.417633,BIT,1
1770606711.417633,BIT,0
1770606711.417633,BIT,0
1770606711.417633,BIT,0
1770606711.417633,BIT,1
1770606711.417633,BIT,0
1770606711.417633,BIT,0
1770606711.417633,BIT,0
1770606711.417633,BIT,0
1770606711.606792,BIT,0
1770606711.606792,BIT,0
1770606711.606792,BIT,0
1770606711.606792,BIT,0
1770606711.606792,BIT,0
1770606711.606792,BIT,0
1770606711.606792,BIT,0
1770606711.606792,BIT,0
1770606711.606792,BIT,0
1770606711.606792,BIT,1
1770606711.878925,BIT,0
1770606711.878925,BIT,1
1770606711.878925,BIT,0
1770606711.878925,BIT,0
1770606711.878925,BIT,0
1770606711.878925,BIT,0
1770606711.878925,BIT,1
1770606711.878925,BIT,0
1770606711.878925,BIT,0
1770606711.878925,BIT,1
1770606712.1411014,BIT,0
1770606712.1411014,BIT,1
1770606712.1411014,BIT,1
1770606712.1411014,BIT,0
1770606712.1411014,BIT,1
1770606712.1411014,BIT,0
1770606712.1411014,BIT,0
1770606712.1411014,BIT,1
1770606712.1411014,BIT,1
1770606712.1411014,BIT,0
1770606712.349988,BIT,0
1770606712.349988,BIT,1
1770606712.349988,BIT,1
1770606712.349988,BIT,1
1770606712.349988,BIT,0
1770606712.349988,BIT,1
1770606712.349988,BIT,1
1770606712.349988,BIT,1
1770606712.349988,BIT,0
1770606712.349988,BIT,1
1770606712.5687752,BIT,0
1770606712.5687752,BIT,0
1770606712.5687752,BIT,1
1770606712.5687752,BIT,1
1770606712.5687752,BIT,1
1770606712.5687752,BIT,1
1770606712.5687752,BIT,1
1770606712.5687752,BIT,1
1770606712.5687752,BIT,0
1770606712.5687752,BIT,1
1770606712.8066275,BIT,0
1770606712.8066275,BIT,0
1770606712.8066275,BIT,0
1770606712.8066275,BIT,1
1770606712.8066275,BIT,0
1770606712.8066275,BIT,0
1770606712.8066275,BIT,1
1770606712.8066275,BIT,1
1770606712.8066275,BIT,1
1770606712.8066275,BIT,1
1770606713.051967,BIT,0
1770606713.051967,BIT,1
1770606713.051967,BIT,0
1770606713.051967,BIT,0
1770606713.051967,BIT,1
1770606713.051967,BIT,1
1770606713.051967,BIT,0
1770606713.051967,BIT,0
1770606713.051967,BIT,0
1770606713.051967,BIT,0
1770606713.2682505,BIT,1
1770606713.2682505,BIT,0
1770606713.2682505,BIT,1
1770606713.2682505,BIT,1
1770606713.2682505,BIT,1
1770606713.2682505,BIT,1
1770606713.2682505,BIT,0
1770606713.2682505,BIT,0
1770606713.2682505,BIT,0
1770606713.2682505,BIT,0
1770606713.4616055,BIT,1
1770606713.4616055,BIT,1
1770606713.4616055,BIT,1
1770606713.4616055,BIT,1
1770606713.4616055,BIT,1
1770606713.4616055,BIT,1
1770606713.4616055,BIT,0
1770606713.4616055,BIT,0
1770606713.4616055,BIT,0
1770606713.4616055,BIT,0
1770606713.6934185,BIT,0
1770606713.6934185,BIT,1
1770606713.6934185,BIT,0
1770606713.6934185,BIT,0
1770606713.6934185,BIT,0
1770606713.6934185,BIT,1
1770606713.6934185,BIT,0
1770606713.6934185,BIT,1
1770606713.6934185,BIT,0
1770606713.6934185,BIT,0
1770606713.9876895,BIT,0
1770606713.9876895,BIT,0
1770606713.9876895,BIT,0
1770606713.9876895,BIT,0
1770606713.9876895,BIT,1
1770606713.9876895,BIT,1
1770606713.9876895,BIT,1
1770606713.9876895,BIT,0
1770606713.9876895,BIT,0
1770606713.9876895,BIT,0
1770606714.2766156,BIT,1
1770606714.2766156,BIT,1
1770606714.2766156,BIT,0
1770606714.2766156,BIT,1
1770606714.2766156,BIT,1
1770606714.2766156,BIT,0
1770606714.2766156,BIT,0
1770606714.2766156,BIT,0
1770606714.2766156,BIT,1
1770606714.2766156,BIT,0
1770606714.5217981,BIT,1
1770606714.5217981,BIT,1
1770606714.5217981,BIT,1
1770606714.5217981,BIT,0
1770606714.5217981,BIT,1
1770606714.5217981,BIT,0
1770606714.5217981,BIT,1
1770606714.5217981,BIT,1
1770606714.5217981,BIT,0
1770606714.5217981,BIT,1
1770606714.7417965,BIT,0
1770606714.7417965,BIT,1
1770606714.7417965,BIT,0
1770606714.7417965,BIT,1
1770606714.7417965,BIT,1
1770606714.7417965,BIT,0
1770606714.7417965,BIT,1
1770606714.7417965,BIT,1
1770606714.7417965,BIT,0
1770606714.7417965,BIT,1
1770606714.9399176,BIT,0
1770606714.9399176,BIT,0
1770606714.9399176,BIT,0
1770606714.9399176,BIT,0
1770606714.9399176,BIT,0
1770606714.9399176,BIT,0
1770606714.9399176,BIT,0
1770606714.9399176,BIT,0
1770606714.9399176,BIT,0
1770606714.9399176,BIT,0
1770606715.119873,BIT,0
1770606715.119873,BIT,0
1770606715.119873,BIT,1
1770606715.119873,BIT,0
1770606715.119873,BIT,1
1770606715.119873,BIT,0
1770606715.119873,BIT,0
1770606715.119873,BIT,0
1770606715.119873,BIT,0
1770606715.119873,BIT,0
1770606715.3069346,BIT,1
1770606715.3069346,BIT,1
1770606715.3069346,BIT,1
1770606715.3069346,BIT,0
1770606715.3069346,BIT,0
1770606715.3069346,BIT,0
1770606715.3069346,BIT,1
1770606715.3069346,BIT,1
1770606715.3069346,BIT,1
1770606715.3069346,BIT,1
1770606715.4905145,BIT,0
1770606715.4905145,BIT,0
1770606715.4905145,BIT,1
1770606715.4905145,BIT,1
1770606715.4905145,BIT,0
1770606715.4905145,BIT,0
1770606715.4905145,BIT,1
1770606715.4905145,BIT,0
1770606715.4905145,BIT,1
1770606715.4905145,BIT,0
1770606715.709494,BIT,1
1770606715.709494,BIT,1
1770606715.709494,BIT,1
1770606715.709494,BIT,0
1770606715.709494,BIT,0
1770606715.709494,BIT,0
1770606715.709494,BIT,1
1770606715.709494,BIT,0
1770606715.709494,BIT,1
1770606715.709494,BIT,0
1770606715.9689064,BIT,0
1770606715.9689064,BIT,1
1770606715.9689064,BIT,1
1770606715.9689064,BIT,0
1770606715.9689064,BIT,0
1770606715.9689064,BIT,1
1770606715.9689064,BIT,0
1770606715.9689064,BIT,1
1770606715.9689064,BIT,1
1770606715.9689064,BIT,1
1770606716.2309353,BIT,1
1770606716.2309353,BIT,0
1770606716.2309353,BIT,1
1770606716.2309353,BIT,0
1770606716.2309353,BIT,0
1770606716.2309353,BIT,1
1770606716.2309353,BIT,0
1770606716.2309353,BIT,1
1770606716.2309353,BIT,1
1770606716.2309353,BIT,1
1770606716.499636,BIT,1
1770606716.499636,BIT,0
1770606716.499636,BIT,0
1770606716.499636,BIT,1
1770606716.499636,BIT,1
1770606716.499636,BIT,0
1770606716.499636,BIT,1
1770606716.499636,BIT,1
1770606716.499636,BIT,0
1770606716.499636,BIT,0
1770606716.9239366,BIT,0
1770606716.9239366,BIT,0
1770606716.9239366,BIT,0
1770606716.9239366,BIT,0
1770606716.9239366,BIT,0
1770606716.9239366,BIT,0
1770606716.9239366,BIT,0
1770606716.9239366,BIT,1
1770606716.9239366,BIT,1
1770606716.9239366,BIT,0
1770606717.358172,BIT,1
1770606717.358172,BIT,1
1770606717.358172,BIT,0
1770606717.358172,BIT,1
1770606717.358172,BIT,1
1770606717.358172,BIT,1
1770606717.358172,BIT,1
1770606717.358172,BIT,1
1770606717.358172,BIT,0
1770606717.358172,BIT,0
1770606717.7093241,BIT,0
1770606717.7093241,BIT,0
1770606717.7093241,BIT,1
1770606717.7093241,BIT,0
1770606717.7093241,BIT,1
1770606717.7093241,BIT,1
1770606717.7093241,BIT,1
1770606717.7093241,BIT,1
1770606717.7093241,BIT,1
1770606717.7093241,BIT,1
1770606718.0295959,BIT,0
1770606718.0295959,BIT,1
1770606718.0295959,BIT,1
1770606718.0295959,BIT,0
1770606718.0295959,BIT,0
1770606718.0295959,BIT,0
1770606718.0295959,BIT,1
1770606718.0295959,BIT,1
1770606718.0295959,BIT,0
1770606718.0295959,BIT,1
1770606718.2736697,BIT,1
1770606718.2736697,BIT,1
1770606718.2736697,BIT,1
1770606718.2736697,BIT,0
1770606718.2736697,BIT,0
1770606718.2736697,BIT,1
1770606718.2736697,BIT,1
1770606718.2736697,BIT,0
1770606718.2736697,BIT,0
1770606718.2736697,BIT,1
1770606718.5239978,BIT,1
1770606718.5239978,BIT,1
1770606718.5239978,BIT,0
1770606718.5239978,BIT,0
1770606718.5239978,BIT,1
1770606718.5239978,BIT,0
1770606718.5239978,BIT,0
1770606718.5239978,BIT,0
1770606718.5239978,BIT,1
1770606718.5239978,BIT,0
1770606718.7562745,BIT,1
1770606718.7562745,BIT,0
1770606718.7562745,BIT,1
1770606718.7562745,BIT,0
1770606718.7562745,BIT,1
1770606718.7562745,BIT,0
1770606718.7562745,BIT,0
1770606718.7562745,BIT,1
1770606718.7562745,BIT,0
1770606718.7562745,BIT,1
1770606719.0023282,BIT,1
1770606719.0023282,BIT,1
1770606719.0023282,BIT,1
1770606719.0023282,BIT,0
1770606719.0023282,BIT,0
1770606719.0023282,BIT,0
1770606719.0023282,BIT,1
1770606719.0023282,BIT,0
1770606719.0023282,BIT,0
1770606719.0023282,BIT,0
1770606719.2457013,BIT,1
1770606719.2457013,BIT,0
1770606719.2457013,BIT,0
1770606719.2457013,BIT,0
1770606719.2457013,BIT,0
1770606719.2457013,BIT,0
1770606719.2457013,BIT,0
1770606719.2457013,BIT,1
1770606719.2457013,BIT,0
1770606719.2457013,BIT,0
1770606719.4851925,BIT,0
1770606719.4851925,BIT,1
1770606719.4851925,BIT,0
1770606719.4851925,BIT,0
1770606719.4851925,BIT,1
1770606719.4851925,BIT,0
1770606719.4851925,BIT,0
1770606719.4851925,BIT,0
1770606719.4851925,BIT,0
1770606719.4851925,BIT,0
1770606719.7161756,BIT,0
1770606719.7161756,BIT,0
1770606719.7161756,BIT,1
1770606719.7161756,BIT,0
1770606719.7161756,BIT,1
1770606719.7161756,BIT,0
1770606719.7161756,BIT,1
1770606719.7161756,BIT,0
1770606719.7161756,BIT,1
1770606719.7161756,BIT,0
1770606719.9871814,BIT,1
1770606719.9871814,BIT,1
1770606719.9871814,BIT,0
1770606719.9871814,BIT,0
1770606719.9871814,BIT,1
1770606719.9871814,BIT,1
1770606719.9871814,BIT,0
1770606719.9871814,BIT,0
1770606719.9871814,BIT,1
1770606719.9871814,BIT,1
1770606720.2514336,BIT,1
1770606720.2514336,BIT,1
1770606720.2514336,BIT,1
1770606720.2514336,BIT,0
1770606720.2514336,BIT,0
1770606720.2514336,BIT,0
1770606720.2514336,BIT,1
1770606720.2514336,BIT,0
1770606720.2514336,BIT,1
1770606720.2514336,BIT,1
1770606720.4930642,BIT,0
1770606720.4930642,BIT,1
1770606720.4930642,BIT,0
1770606720.4930642,BIT,1
1770606720.4930642,BIT,1
1770606720.4930642,BIT,1
1770606720.4930642,BIT,0
1770606720.4930642,BIT,1
1770606720.4930642,BIT,1
1770606720.4930642,BIT,0
1770606720.7765133,BIT,0
1770606720.7765133,BIT,0
1770606720.7765133,BIT,0
1770606720.7765133,BIT,0
1770606720.7765133,BIT,0
1770606720.7765133,BIT,1
1770606720.7765133,BIT,0
1770606720.7765133,BIT,1
1770606720.7765133,BIT,0
1770606720.7765133,BIT,0
1770606721.0156102,BIT,0
1770606721.0156102,BIT,0
1770606721.0156102,BIT,1
1770606721.0156102,BIT,1
1770606721.0156102,BIT,1
1770606721.0156102,BIT,1
1770606721.0156102,BIT,1
1770606721.0156102,BIT,0
1770606721.0156102,BIT,1
1770606721.0156102,BIT,1
1770606721.2072942,BIT,1
1770606721.2072942,BIT,0
1770606721.2072942,BIT,1
1770606721.2072942,BIT,1
1770606721.2072942,BIT,1
1770606721.2072942,BIT,0
1770606721.2072942,BIT,0
1770606721.2072942,BIT,1
1770606721.2072942,BIT,1
1770606721.2072942,BIT,1
1770606721.4281435,BIT,0
1770606721.4281435,BIT,1
1770606721.4281435,BIT,1
1770606721.4281435,BIT,0
1770606721.4281435,BIT,1
1770606721.4281435,BIT,1
1770606721.4281435,BIT,0
1770606721.4281435,BIT,1
1770606721.4281435,BIT,0
1770606721.4281435,BIT,0
1770606721.6284862,BIT,1
1770606721.6284862,BIT,0
1770606721.6284862,BIT,0
1770606721.6284862,BIT,0
1770606721.6284862,BIT,1
1770606721.6284862,BIT,0
1770606721.6284862,BIT,0
1770606721.6284862,BIT,1
1770606721.6284862,BIT,1
1770606721.6284862,BIT,0
1770606721.824497,BIT,0
1770606721.824497,BIT,0
1770606721.824497,BIT,1
1770606721.824497,BIT,1
1770606721.824497,BIT,1
1770606721.824497,BIT,1
1770606721.824497,BIT,0
1770606721.824497,BIT,0
1770606721.824497,BIT,0
1770606721.824497,BIT,0
1770606722.0522466,BIT,0
1770606722.0522466,BIT,0
1770606722.0522466,BIT,0
1770606722.0522466,BIT,1
1770606722.0522466,BIT,0
1770606722.0522466,BIT,0
1770606722.0522466,BIT,0
1770606722.0522466,BIT,0
1770606722.0522466,BIT,0
1770606722.0522466,BIT,0
1770606722.2506998,BIT,0
1770606722.2506998,BIT,1
1770606722.2506998,BIT,0
1770606722.2506998,BIT,1
1770606722.2506998,BIT,0
1770606722.2506998,BIT,1
1770606722.2506998,BIT,1
1770606722.2506998,BIT,0
1770606722.2506998,BIT,0
1770606722.2506998,BIT,1
1770606722.4378793,BIT,1
1770606722.4378793,BIT,0
1770606722.4378793,BIT,0
1770606722.4378793,BIT,0
1770606722.4378793,BIT,0
1770606722.4378793,BIT,1
1770606722.4378793,BIT,1
1770606722.4378793,BIT,1
1770606722.4378793,BIT,1
1770606722.4378793,BIT,0
1770606722.6591601,BIT,1
1770606722.6591601,BIT,0
1770606722.6591601,BIT,1
1770606722.6591601,BIT,0
1770606722.6591601,BIT,1
1770606722.6591601,BIT,0
1770606722.6591601,BIT,0
1770606722.6591601,BIT,0
1770606722.6591601,BIT,1
1770606722.6591601,BIT,0
1770606722.8689113,BIT,0
1770606722.8689113,BIT,1
1770606722.8689113,BIT,0
1770606722.8689113,BIT,0
1770606722.8689113,BIT,0
1770606722.8689113,BIT,0
1770606722.8689113,BIT,1
1770606722.8689113,BIT,1
1770606722.8689113,BIT,0
1770606722.8689113,BIT,0
1770606723.0646615,BIT,0
1770606723.0646615,BIT,0
1770606723.0646615,BIT,0
1770606723.0646615,BIT,1
1770606723.0646615,BIT,0
1770606723.0646615,BIT,0
1770606723.0646615,BIT,0
1770606723.0646615,BIT,1
1770606723.0646615,BIT,0
1770606723.0646615,BIT,0
1770606723.2865098,BIT,0
1770606723.2865098,BIT,1
1770606723.2865098,BIT,1
1770606723.2865098,BIT,0
1770606723.2865098,BIT,1
1770606723.2865098,BIT,0
1770606723.2865098,BIT,1
1770606723.2865098,BIT,0
1770606723.2865098,BIT,0
1770606723.2865098,BIT,0
1770606723.4841404,BIT,0
1770606723.4841404,BIT,0
1770606723.4841404,BIT,0
1770606723.4841404,BIT,0
1770606723.4841404,BIT,0
1770606723.4841404,BIT,0
1770606723.4841404,BIT,1
1770606723.4841404,BIT,0
1770606723.4841404,BIT,1
1770606723.4841404,BIT,0
1770606723.669424,BIT,0
1770606723.669424,BIT,0
1770606723.669424,BIT,1
1770606723.669424,BIT,0
1770606723.669424,BIT,0
1770606723.669424,BIT,0
1770606723.669424,BIT,1
1770606723.669424,BIT,0
1770606723.669424,BIT,1
1770606723.669424,BIT,1
1770606723.8879795,BIT,1
1770606723.8879795,BIT,0
1770606723.8879795,BIT,1
1770606723.8879795,BIT,1
1770606723.8879795,BIT,0
1770606723.8879795,BIT,0
1770606723.8879795,BIT,1
1770606723.8879795,BIT,0
1770606723.8879795,BIT,0
1770606723.8879795,BIT,1
1770606724.0886075,BIT,0
1770606724.0886075,BIT,1
1770606724.0886075,BIT,1
1770606724.0886075,BIT,0
1770606724.0886075,BIT,0
1770606724.0886075,BIT,0
1770606724.0886075,BIT,0
1770606724.0886075,BIT,1
1770606724.0886075,BIT,0
1770606724.0886075,BIT,1
1770606724.263169,BIT,0
1770606724.263169,BIT,0
1770606724.263169,BIT,0
1770606724.263169,BIT,0
1770606724.263169,BIT,0
1770606724.263169,BIT,0
1770606724.263169,BIT,1
1770606724.263169,BIT,0
1770606724.263169,BIT,0
1770606724.263169,BIT,0
1770606724.4620776,BIT,1
1770606724.4620776,BIT,0
1770606724.4620776,BIT,0
1770606724.4620776,BIT,1
1770606724.4620776,BIT,0
1770606724.4620776,BIT,1
1770606724.4620776,BIT,1
1770606724.4620776,BIT,0
1770606724.4620776,BIT,1
1770606724.4620776,BIT,1
1770606724.7893457,BIT,0
1770606724.7893457,BIT,0
1770606724.7893457,BIT,0
1770606724.7893457,BIT,1
1770606724.7893457,BIT,1
1770606724.7893457,BIT,1
1770606724.7893457,BIT,0
1770606724.7893457,BIT,0
1770606724.7893457,BIT,0
1770606724.7893457,BIT,0
1770606725.1538868,BIT,0
1770606725.1538868,BIT,1
1770606725.1538868,BIT,1
1770606725.1538868,BIT,1
1770606725.1538868,BIT,1
1770606725.1538868,BIT,1
1770606725.1538868,BIT,0
1770606725.1538868,BIT,1
1770606725.1538868,BIT,0
1770606725.1538868,BIT,1
1770606725.3858075,BIT,1
1770606725.3858075,BIT,1
1770606725.3858075,BIT,0
1770606725.3858075,BIT,1
1770606725.3858075,BIT,0
1770606725.3858075,BIT,0
1770606725.3858075,BIT,0
1770606725.3858075,BIT,1
1770606725.3858075,BIT,1
1770606725.3858075,BIT,0
1770606725.6150053,BIT,1
1770606725.6150053,BIT,1
1770606725.6150053,BIT,1
1770606725.6150053,BIT,0
1770606725.6150053,BIT,0
1770606725.6150053,BIT,1
1770606725.6150053,BIT,0
1770606725.6150053,BIT,0
1770606725.6150053,BIT,0
1770606725.6150053,BIT,1
1770606725.9056702,BIT,1
1770606725.9056702,BIT,1
1770606725.9056702,BIT,1
1770606725.9056702,BIT,0
1770606725.9056702,BIT,1
1770606725.9056702,BIT,0
1770606725.9056702,BIT,1
1770606725.9056702,BIT,0
1770606725.9056702,BIT,1
1770606725.9056702,BIT,1
1770606726.1611984,BIT,0
1770606726.1611984,BIT,0
1770606726.1611984,BIT,1
1770606726.1611984,BIT,1
1770606726.1611984,BIT,0
1770606726.1611984,BIT,1
1770606726.1611984,BIT,1
1770606726.1611984,BIT,1
1770606726.1611984,BIT,0
1770606726.1611984,BIT,1
1770606726.3753524,BIT,0
1770606726.3753524,BIT,1
1770606726.3753524,BIT,1
1770606726.3753524,BIT,1
1770606726.3753524,BIT,1
1770606726.3753524,BIT,0
1770606726.3753524,BIT,1
1770606726.3753524,BIT,0
1770606726.3753524,BIT,0
1770606726.3753524,BIT,0
1770606726.6185365,BIT,0
1770606726.6185365,BIT,1
1770606726.6185365,BIT,0
1770606726.6185365,BIT,1
1770606726.6185365,BIT,1
1770606726.6185365,BIT,0
1770606726.6185365,BIT,0
1770606726.6185365,BIT,0
1770606726.6185365,BIT,0
1770606726.6185365,BIT,1
1770606726.8339484,BIT,1
1770606726.8339484,BIT,0
1770606726.8339484,BIT,0
1770606726.8339484,BIT,0
1770606726.8339484,BIT,0
1770606726.8339484,BIT,0
1770606726.8339484,BIT,0
1770606726.8339484,BIT,0
1770606726.8339484,BIT,1
1770606726.8339484,BIT,1
1770606727.0337367,BIT,1
1770606727.0337367,BIT,0
1770606727.0337367,BIT,1
1770606727.0337367,BIT,0
1770606727.0337367,BIT,1
1770606727.0337367,BIT,1
1770606727.0337367,BIT,1
1770606727.0337367,BIT,1
1770606727.0337367,BIT,0
1770606727.0337367,BIT,1
1770606727.254761,BIT,0
1770606727.254761,BIT,1
1770606727.254761,BIT,0
1770606727.254761,BIT,0
1770606727.254761,BIT,0
1770606727.254761,BIT,0
1770606727.254761,BIT,0
1770606727.254761,BIT,1
1770606727.254761,BIT,0
1770606727.254761,BIT,0
1770606727.4716048,BIT,1
1770606727.4716048,BIT,0
1770606727.4716048,BIT,1
1770606727.4716048,BIT,0
1770606727.4716048,BIT,1
1770606727.4716048,BIT,0
1770606727.4716048,BIT,0
1770606727.4716048,BIT,0
1770606727.4716048,BIT,1
1770606727.4716048,BIT,1
1770606727.656255,BIT,0
1770606727.656255,BIT,0
1770606727.656255,BIT,1
1770606727.656255,BIT,1
1770606727.656255,BIT,0
1770606727.656255,BIT,0
1770606727.656255,BIT,1
1770606727.656255,BIT,1
1770606727.656255,BIT,0
1770606727.656255,BIT,1
1770606727.8451612,BIT,0
1770606727.8451612,BIT,1
1770606727.8451612,BIT,1
1770606727.8451612,BIT,0
1770606727.8451612,BIT,1
1770606727.8451612,BIT,0
1770606727.8451612,BIT,0
1770606727.8451612,BIT,1
1770606727.8451612,BIT,1
1770606727.8451612,BIT,1
1770606728.0671284,BIT,1
1770606728.0671284,BIT,1
1770606728.0671284,BIT,1
1770606728.0671284,BIT,0
1770606728.0671284,BIT,1
1770606728.0671284,BIT,0
1770606728.0671284,BIT,1
1770606728.0671284,BIT,0
1770606728.0671284,BIT,0
1770606728.0671284,BIT,1
1770606728.2613895,BIT,0
1770606728.2613895,BIT,0
1770606728.2613895,BIT,0
1770606728.2613895,BIT,0
1770606728.2613895,BIT,0
1770606728.2613895,BIT,1
1770606728.2613895,BIT,1
1770606728.2613895,BIT,1
1770606728.2613895,BIT,0
1770606728.2613895,BIT,0
1770606728.463073,BIT,0
1770606728.463073,BIT,1
1770606728.463073,BIT,0
1770606728.463073,BIT,0
1770606728.463073,BIT,0
1770606728.463073,BIT,1
1770606728.463073,BIT,1
1770606728.463073,BIT,0
1770606728.463073,BIT,0
1770606728.463073,BIT,0
1770606728.6706164,BIT,1
1770606728.6706164,BIT,0
1770606728.6706164,BIT,0
1770606728.6706164,BIT,0
1770606728.6706164,BIT,0
1770606728.6706164,BIT,1
1770606728.6706164,BIT,0
1770606728.6706164,BIT,0
1770606728.6706164,BIT,0
1770606728.6706164,BIT,1
1770606728.8822765,BIT,1
1770606728.8822765,BIT,1
1770606728.8822765,BIT,0
1770606728.8822765,BIT,0
1770606728.8822765,BIT,1
1770606728.8822765,BIT,1
1770606728.8822765,BIT,1
1770606728.8822765,BIT,1
1770606728.8822765,BIT,0
1770606728.8822765,BIT,1
1770606729.1294127,BIT,0
1770606729.1294127,BIT,0
1770606729.1294127,BIT,1
1770606729.1294127,BIT,1
1770606729.1294127,BIT,1
1770606729.1294127,BIT,0
1770606729.1294127,BIT,1
1770606729.1294127,BIT,1
1770606729.1294127,BIT,0
1770606729.1294127,BIT,1
1770606729.4137309,BIT,0
1770606729.4137309,BIT,0
1770606729.4137309,BIT,1
1770606729.4137309,BIT,1
1770606729.4137309,BIT,0
1770606729.4137309,BIT,0
1770606729.4137309,BIT,0
1770606729.4137309,BIT,0
1770606729.4137309,BIT,0
1770606729.4137309,BIT,1
1770606729.8506167,BIT,0
1770606729.8506167,BIT,0
1770606729.8506167,BIT,1
1770606729.8506167,BIT,1
1770606729.8506167,BIT,0
1770606729.8506167,BIT,0
1770606729.8506167,BIT,1
1770606729.8506167,BIT,1
1770606729.8506167,BIT,1
1770606729.8506167,BIT,0
1770606730.218316,BIT,1
1770606730.218316,BIT,1
1770606730.218316,BIT,1
1770606730.218316,BIT,0
1770606730.218316,BIT,1
1770606730.218316,BIT,0
1770606730.218316,BIT,0
1770606730.218316,BIT,0
1770606730.218316,BIT,0
1770606730.218316,BIT,1
1770606730.5019877,BIT,1
1770606730.5019877,BIT,1
1770606730.5019877,BIT,1
1770606730.5019877,BIT,1
1770606730.5019877,BIT,1
1770606730.5019877,BIT,1
1770606730.5019877,BIT,1
1770606730.5019877,BIT,0
1770606730.5019877,BIT,1
1770606730.5019877,BIT,1
1770606730.7514665,BIT,0
1770606730.7514665,BIT,0
1770606730.7514665,BIT,0
1770606730.7514665,BIT,1
1770606730.7514665,BIT,1
1770606730.7514665,BIT,1
1770606730.7514665,BIT,1
1770606730.7514665,BIT,1
1770606730.7514665,BIT,0
1770606730.7514665,BIT,0
1770606731.0830293,BIT,0
1770606731.0830293,BIT,0
1770606731.0830293,BIT,1
1770606731.0830293,BIT,1
1770606731.0830293,BIT,0
1770606731.0830293,BIT,1
1770606731.0830293,BIT,1
1770606731.0830293,BIT,1
1770606731.0830293,BIT,1
1770606731.0830293,BIT,1
1770606731.63461,BIT,1
1770606731.63461,BIT,0
1770606731.63461,BIT,1
1770606731.63461,BIT,0
1770606731.63461,BIT,0
1770606731.63461,BIT,0
1770606731.63461,BIT,1
1770606731.63461,BIT,1
1770606731.63461,BIT,1
1770606731.63461,BIT,0
1770606732.108739,BIT,1
1770606732.108739,BIT,1
1770606732.108739,BIT,0
1770606732.108739,BIT,1
1770606732.108739,BIT,0
1770606732.108739,BIT,0
1770606732.108739,BIT,1
1770606732.108739,BIT,0
1770606732.108739,BIT,1
1770606732.108739,BIT,0
1770606732.383231,BIT,1
1770606732.383231,BIT,1
1770606732.383231,BIT,0
1770606732.383231,BIT,0
1770606732.383231,BIT,1
1770606732.383231,BIT,0
1770606732.383231,BIT,1
1770606732.383231,BIT,1
1770606732.383231,BIT,1
1770606732.383231,BIT,0
1770606732.6097813,BIT,1
1770606732.6097813,BIT,0
1770606732.6097813,BIT,1
1770606732.6097813,BIT,1
1770606732.6097813,BIT,0
1770606732.6097813,BIT,0
1770606732.6097813,BIT,1
1770606732.6097813,BIT,0
1770606732.6097813,BIT,0
1770606732.6097813,BIT,0
1770606732.8203115,BIT,1
1770606732.8203115,BIT,0
1770606732.8203115,BIT,1
1770606732.8203115,BIT,1
1770606732.8203115,BIT,0
1770606732.8203115,BIT,1
1770606732.8203115,BIT,1
1770606732.8203115,BIT,0
1770606732.8203115,BIT,0
1770606732.8203115,BIT,0
1770606733.0262375,BIT,0
1770606733.0262375,BIT,0
1770606733.0262375,BIT,0
1770606733.0262375,BIT,1
1770606733.0262375,BIT,0
1770606733.0262375,BIT,1
1770606733.0262375,BIT,1
1770606733.0262375,BIT,1
1770606733.0262375,BIT,0
1770606733.0262375,BIT,1
1770606733.211635,BIT,0
1770606733.211635,BIT,1
1770606733.211635,BIT,0
1770606733.211635,BIT,1
1770606733.211635,BIT,1
1770606733.211635,BIT,1
1770606733.211635,BIT,0
1770606733.211635,BIT,0
1770606733.211635,BIT,1
1770606733.211635,BIT,1
1770606733.4246302,BIT,0
1770606733.4246302,BIT,1
1770606733.4246302,BIT,1
1770606733.4246302,BIT,1
1770606733.4246302,BIT,1
1770606733.4246302,BIT,1
1770606733.4246302,BIT,0
1770606733.4246302,BIT,1
1770606733.4246302,BIT,0
1770606733.4246302,BIT,1
1770606733.60619,BIT,0
1770606733.60619,BIT,1
1770606733.60619,BIT,1
1770606733.60619,BIT,0
1770606733.60619,BIT,1
1770606733.60619,BIT,0
1770606733.60619,BIT,0
1770606733.60619,BIT,1
1770606733.60619,BIT,0
1770606733.60619,BIT,0
1770606733.793836,BIT,0
1770606733.793836,BIT,0
1770606733.793836,BIT,1
1770606733.793836,BIT,0
1770606733.793836,BIT,0
1770606733.793836,BIT,1
1770606733.793836,BIT,0
1770606733.793836,BIT,0
1770606733.793836,BIT,1
1770606733.793836,BIT,0
1770606733.9871795,BIT,1
1770606733.9871795,BIT,0
1770606733.9871795,BIT,1
1770606733.9871795,BIT,0
1770606733.9871795,BIT,0
1770606733.9871795,BIT,1
1770606733.9871795,BIT,0
1770606733.9871795,BIT,0
1770606733.9871795,BIT,0
1770606733.9871795,BIT,0
1770606734.1634405,BIT,0
1770606734.1634405,BIT,0
1770606734.1634405,BIT,1
1770606734.1634405,BIT,1
1770606734.1634405,BIT,1
1770606734.1634405,BIT,1
1770606734.1634405,BIT,1
1770606734.1634405,BIT,1
1770606734.1634405,BIT,1
1770606734.1634405,BIT,1
1770606734.3589754,BIT,0
1770606734.3589754,BIT,0
1770606734.3589754,BIT,1
1770606734.3589754,BIT,0
1770606734.3589754,BIT,0
1770606734.3589754,BIT,1
1770606734.3589754,BIT,0
1770606734.3589754,BIT,1
1770606734.3589754,BIT,0
1770606734.3589754,BIT,1
1770606734.5571356,BIT,1
1770606734.5571356,BIT,1
1770606734.5571356,BIT,1
1770606734.5571356,BIT,0
1770606734.5571356,BIT,0
1770606734.5571356,BIT,0
1770606734.5571356,BIT,0
1770606734.5571356,BIT,0
1770606734.5571356,BIT,0
1770606734.5571356,BIT,1
1770606734.7429914,BIT,0
1770606734.7429914,BIT,1
1770606734.7429914,BIT,0
1770606734.7429914,BIT,1
1770606734.7429914,BIT,1
1770606734.7429914,BIT,1
1770606734.7429914,BIT,1
1770606734.7429914,BIT,0
1770606734.7429914,BIT,1
1770606734.7429914,BIT,1
1770606734.9317782,BIT,0
1770606734.9317782,BIT,1
1770606734.9317782,BIT,1
1770606734.9317782,BIT,1
1770606734.9317782,BIT,0
1770606734.9317782,BIT,0
1770606734.9317782,BIT,0
1770606734.9317782,BIT,1
1770606734.9317782,BIT,1
1770606734.9317782,BIT,1
1770606735.1168544,BIT,1
1770606735.1168544,BIT,1
1770606735.1168544,BIT,0
1770606735.1168544,BIT,1
1770606735.1168544,BIT,0
1770606735.1168544,BIT,0
1770606735.1168544,BIT,1
1770606735.1168544,BIT,0
1770606735.1168544,BIT,1
1770606735.1168544,BIT,1
1770606735.2948942,BIT,1
1770606735.2948942,BIT,1
1770606735.2948942,BIT,0
1770606735.2948942,BIT,0
1770606735.2948942,BIT,0
1770606735.2948942,BIT,1
1770606735.2948942,BIT,1
1770606735.2948942,BIT,0
1770606735.2948942,BIT,1
1770606735.2948942,BIT,0
1770606735.477121,BIT,0
1770606735.477121,BIT,1
1770606735.477121,BIT,1
1770606735.477121,BIT,1
1770606735.477121,BIT,0
1770606735.477121,BIT,0
1770606735.477121,BIT,0
1770606735.477121,BIT,0
1770606735.477121,BIT,1
1770606735.477121,BIT,0
1770606735.648016,BIT,0
1770606735.648016,BIT,1
1770606735.648016,BIT,0
1770606735.648016,BIT,0
1770606735.648016,BIT,1
1770606735.648016,BIT,0
1770606735.648016,BIT,1
1770606735.648016,BIT,0
1770606735.648016,BIT,0
1770606735.648016,BIT,1
1770606735.8320947,BIT,0
1770606735.8320947,BIT,1
1770606735.8320947,BIT,0
1770606735.8320947,BIT,1
1770606735.8320947,BIT,0
1770606735.8320947,BIT,0
1770606735.8320947,BIT,0
1770606735.8320947,BIT,1
1770606735.8320947,BIT,1
1770606735.8320947,BIT,1
1770606736.032683,BIT,1
1770606736.032683,BIT,0
1770606736.032683,BIT,1
1770606736.032683,BIT,0
1770606736.032683,BIT,1
1770606736.032683,BIT,1
1770606736.032683,BIT,0
1770606736.032683,BIT,1
1770606736.032683,BIT,0
1770606736.032683,BIT,0
1770606736.2083423,BIT,1
1770606736.2083423,BIT,1
1770606736.2083423,BIT,1
1770606736.2083423,BIT,0
1770606736.2083423,BIT,0
1770606736.2083423,BIT,0
1770606736.2083423,BIT,0
1770606736.2083423,BIT,1
1770606736.2083423,BIT,1
1770606736.2083423,BIT,0
1770606736.3876932,BIT,0
1770606736.3876932,BIT,1
1770606736.3876932,BIT,0
1770606736.3876932,BIT,0
1770606736.3876932,BIT,0
1770606736.3876932,BIT,1
1770606736.3876932,BIT,1
1770606736.3876932,BIT,0
1770606736.3876932,BIT,1
1770606736.3876932,BIT,0
1770606736.5577345,BIT,0
1770606736.5577345,BIT,0
1770606736.5577345,BIT,1
1770606736.5577345,BIT,1
1770606736.5577345,BIT,1
1770606736.5577345,BIT,1
1770606736.5577345,BIT,1
1770606736.5577345,BIT,1
1770606736.5577345,BIT,0
1770606736.5577345,BIT,1
1770606736.733039,BIT,1
1770606736.733039,BIT,0
1770606736.733039,BIT,0
1770606736.733039,BIT,0
1770606736.733039,BIT,0
1770606736.733039,BIT,0
1770606736.733039,BIT,1
1770606736.733039,BIT,1
1770606736.733039,BIT,1
1770606736.733039,BIT,1
1770606736.9565713,BIT,1
1770606736.9565713,BIT,1
1770606736.9565713,BIT,1
1770606736.9565713,BIT,0
1770606736.9565713,BIT,1
1770606736.9565713,BIT,0
1770606736.9565713,BIT,1
1770606736.9565713,BIT,1
1770606736.9565713,BIT,1
1770606736.9565713,BIT,0
1770606737.1624823,BIT,1
1770606737.1624823,BIT,0
1770606737.1624823,BIT,1
1770606737.1624823,BIT,0
1770606737.1624823,BIT,0
1770606737.1624823,BIT,1
1770606737.1624823,BIT,0
1770606737.1624823,BIT,1
1770606737.1624823,BIT,1
1770606737.1624823,BIT,0
1770606737.3504028,BIT,1
1770606737.3504028,BIT,1
1770606737.3504028,BIT,1
1770606737.3504028,BIT,0
1770606737.3504028,BIT,0
1770606737.3504028,BIT,0
1770606737.3504028,BIT,0
1770606737.3504028,BIT,0
1770606737.3504028,BIT,0
1770606737.3504028,BIT,0
1770606737.541648,BIT,1
1770606737.541648,BIT,1
1770606737.541648,BIT,0
1770606737.541648,BIT,0
1770606737.541648,BIT,1
1770606737.541648,BIT,1
1770606737.541648,BIT,0
1770606737.541648,BIT,1
1770606737.541648,BIT,0
1770606737.541648,BIT,1
1770606737.735823,BIT,1
1770606737.735823,BIT,1
1770606737.735823,BIT,0
1770606737.735823,BIT,0
1770606737.735823,BIT,1
1770606737.735823,BIT,1
1770606737.735823,BIT,0
1770606737.735823,BIT,0
1770606737.735823,BIT,1
1770606737.735823,BIT,0
1770606737.9375365,BIT,0
1770606737.9375365,BIT,0
1770606737.9375365,BIT,0
1770606737.9375365,BIT,0
1770606737.9375365,BIT,0
1770606737.9375365,BIT,0
1770606737.9375365,BIT,1
1770606737.9375365,BIT,1
1770606737.9375365,BIT,1
1770606737.9375365,BIT,1
1770606738.1153703,BIT,1
1770606738.1153703,BIT,1
1770606738.1153703,BIT,0
1770606738.1153703,BIT,1
1770606738.1153703,BIT,0
1770606738.1153703,BIT,0
1770606738.1153703,BIT,0
1770606738.1153703,BIT,0
1770606738.1153703,BIT,0
1770606738.1153703,BIT,0
1770606738.2976243,BIT,1
1770606738.2976243,BIT,0
1770606738.2976243,BIT,1
1770606738.2976243,BIT,1
1770606738.2976243,BIT,0
1770606738.2976243,BIT,1
1770606738.2976243,BIT,1
1770606738.2976243,BIT,1
1770606738.2976243,BIT,1
1770606738.2976243,BIT,0
1770606738.494199,BIT,0
1770606738.494199,BIT,1
1770606738.494199,BIT,0
1770606738.494199,BIT,0
1770606738.494199,BIT,0
1770606738.494199,BIT,1
1770606738.494199,BIT,0
1770606738.494199,BIT,1
1770606738.494199,BIT,1
1770606738.494199,BIT,0
1770606738.6855125,BIT,1
1770606738.6855125,BIT,0
1770606738.6855125,BIT,0
1770606738.6855125,BIT,0
1770606738.6855125,BIT,0
1770606738.6855125,BIT,0
1770606738.6855125,BIT,1
1770606738.6855125,BIT,1
1770606738.6855125,BIT,0
1770606738.6855125,BIT,1
1770606738.8685837,BIT,1
1770606738.8685837,BIT,0
1770606738.8685837,BIT,0
1770606738.8685837,BIT,0
1770606738.8685837,BIT,0
1770606738.8685837,BIT,0
1770606738.8685837,BIT,0
1770606738.8685837,BIT,1
1770606738.8685837,BIT,0
1770606738.8685837,BIT,1
1770606739.0756311,BIT,0
1770606739.0756311,BIT,0
1770606739.0756311,BIT,0
1770606739.0756311,BIT,0
1770606739.0756311,BIT,0
1770606739.0756311,BIT,0
1770606739.0756311,BIT,1
1770606739.0756311,BIT,1
1770606739.0756311,BIT,1
1770606739.0756311,BIT,0
1770606739.2705393,BIT,0
1770606739.2705393,BIT,1
1770606739.2705393,BIT,1
1770606739.2705393,BIT,0
1770606739.2705393,BIT,1
1770606739.2705393,BIT,1
1770606739.2705393,BIT,0
1770606739.2705393,BIT,1
1770606739.2705393,BIT,0
1770606739.2705393,BIT,1
1770606739.4665058,BIT,1
1770606739.4665058,BIT,0
1770606739.4665058,BIT,0
1770606739.4665058,BIT,0
1770606739.4665058,BIT,0
1770606739.4665058,BIT,1
1770606739.4665058,BIT,0
1770606739.4665058,BIT,1
1770606739.4665058,BIT,0
1770606739.4665058,BIT,0
1770606739.6486442,BIT,1
1770606739.6486442,BIT,1
1770606739.6486442,BIT,1
1770606739.6486442,BIT,1
1770606739.6486442,BIT,1
1770606739.6486442,BIT,1
1770606739.6486442,BIT,1
1770606739.6486442,BIT,1
1770606739.6486442,BIT,1
1770606739.6486442,BIT,1
1770606739.831095,BIT,0
1770606739.831095,BIT,1
1770606739.831095,BIT,1
1770606739.831095,BIT,1
1770606739.831095,BIT,0
1770606739.831095,BIT,1
1770606739.831095,BIT,0
1770606739.831095,BIT,1
1770606739.831095,BIT,1
1770606739.831095,BIT,1
1770606740.0298123,BIT,0
1770606740.0298123,BIT,1
1770606740.0298123,BIT,1
1770606740.0298123,BIT,0
1770606740.0298123,BIT,1
1770606740.0298123,BIT,1
1770606740.0298123,BIT,1
1770606740.0298123,BIT,0
1770606740.0298123,BIT,1
1770606740.0298123,BIT,0
1770606740.214608,BIT,0
1770606740.214608,BIT,1
1770606740.214608,BIT,1
1770606740.214608,BIT,1
1770606740.214608,BIT,0
1770606740.214608,BIT,1
1770606740.214608,BIT,1
1770606740.214608,BIT,1
1770606740.214608,BIT,0
1770606740.214608,BIT,0
1770606740.4021733,BIT,1
1770606740.4021733,BIT,0
1770606740.4021733,BIT,0
1770606740.4021733,BIT,1
1770606740.4021733,BIT,0
1770606740.4021733,BIT,0
1770606740.4021733,BIT,0
1770606740.4021733,BIT,0
1770606740.4021733,BIT,1
1770606740.4021733,BIT,0
1770606740.5810678,BIT,0
1770606740.5810678,BIT,0
1770606740.5810678,BIT,1
1770606740.5810678,BIT,0
1770606740.5810678,BIT,0
1770606740.5810678,BIT,1
1770606740.5810678,BIT,1
1770606740.5810678,BIT,1
1770606740.5810678,BIT,1
1770606740.5810678,BIT,0
1770606740.75898,BIT,0
1770606740.75898,BIT,1
1770606740.75898,BIT,1
1770606740.75898,BIT,1
1770606740.75898,BIT,0
1770606740.75898,BIT,1
1770606740.75898,BIT,1
1770606740.75898,BIT,0
1770606740.75898,BIT,0
1770606740.75898,BIT,1
1770606740.9562976,BIT,1
1770606740.9562976,BIT,0
1770606740.9562976,BIT,0
1770606740.9562976,BIT,1
1770606740.9562976,BIT,1
1770606740.9562976,BIT,0
1770606740.9562976,BIT,1
1770606740.9562976,BIT,0
1770606740.9562976,BIT,1
1770606740.9562976,BIT,0
1770606741.1402357,BIT,1
1770606741.1402357,BIT,0
1770606741.1402357,BIT,0
1770606741.1402357,BIT,0
1770606741.1402357,BIT,0
1770606741.1402357,BIT,0
1770606741.1402357,BIT,0
1770606741.1402357,BIT,1
1770606741.1402357,BIT,0
1770606741.1402357,BIT,0
1770606741.347776,BIT,1
1770606741.347776,BIT,0
1770606741.347776,BIT,1
1770606741.347776,BIT,0
1770606741.347776,BIT,1
1770606741.347776,BIT,0
1770606741.347776,BIT,1
1770606741.347776,BIT,0
1770606741.347776,BIT,1
1770606741.347776,BIT,0
1770606741.5315354,BIT,0
1770606741.5315354,BIT,1
1770606741.5315354,BIT,1
1770606741.5315354,BIT,0
1770606741.5315354,BIT,1
1770606741.5315354,BIT,0
1770606741.5315354,BIT,1
1770606741.5315354,BIT,1
1770606741.5315354,BIT,0
1770606741.5315354,BIT,0
1770606741.7075498,BIT,0
1770606741.7075498,BIT,0
1770606741.7075498,BIT,0
1770606741.7075498,BIT,0
1770606741.7075498,BIT,1
1770606741.7075498,BIT,1
1770606741.7075498,BIT,1
1770606741.7075498,BIT,1
1770606741.7075498,BIT,0
1770606741.7075498,BIT,0
1770606741.9174948,BIT,1
1770606741.9174948,BIT,1
1770606741.9174948,BIT,0
1770606741.9174948,BIT,0
1770606741.9174948,BIT,1
1770606741.9174948,BIT,0
1770606741.9174948,BIT,1
1770606741.9174948,BIT,1
1770606741.9174948,BIT,0
1770606741.9174948,BIT,0
1770606742.1074753,BIT,0
1770606742.1074753,BIT,1
1770606742.1074753,BIT,0
1770606742.1074753,BIT,0
1770606742.1074753,BIT,0
1770606742.1074753,BIT,0
1770606742.1074753,BIT,0
1770606742.1074753,BIT,1
1770606742.1074753,BIT,0
1770606742.1074753,BIT,0
1770606742.3079917,BIT,1
1770606742.3079917,BIT,0
1770606742.3079917,BIT,0
1770606742.3079917,BIT,1
1770606742.3079917,BIT,1
1770606742.3079917,BIT,1
1770606742.3079917,BIT,0
1770606742.3079917,BIT,1
1770606742.3079917,BIT,1
1770606742.3079917,BIT,1
1770606742.5039787,BIT,0
1770606742.5039787,BIT,0
1770606742.5039787,BIT,0
1770606742.5039787,BIT,0
1770606742.5039787,BIT,0
1770606742.5039787,BIT,1
1770606742.5039787,BIT,0
1770606742.5039787,BIT,1
1770606742.5039787,BIT,0
1770606742.5039787,BIT,1
1770606742.6726298,BIT,0
1770606742.6726298,BIT,0
1770606742.6726298,BIT,0
1770606742.6726298,BIT,0
1770606742.6726298,BIT,0
1770606742.6726298,BIT,1
1770606742.6726298,BIT,0
1770606742.6726298,BIT,0
1770606742.6726298,BIT,0
1770606742.6726298,BIT,0
1770606742.8541424,BIT,1
1770606742.8541424,BIT,1
1770606742.8541424,BIT,0
1770606742.8541424,BIT,1
1770606742.8541424,BIT,0
1770606742.8541424,BIT,1
1770606742.8541424,BIT,1
1770606742.8541424,BIT,0
1770606742.8541424,BIT,1
1770606742.8541424,BIT,0
1770606743.0519507,BIT,1
1770606743.0519507,BIT,1
1770606743.0519507,BIT,0
1770606743.0519507,BIT,0
1770606743.0519507,BIT,1
1770606743.0519507,BIT,1
1770606743.0519507,BIT,1
1770606743.0519507,BIT,0
1770606743.0519507,BIT,1
1770606743.0519507,BIT,1
1770606743.2613165,BIT,0
1770606743.2613165,BIT,0
1770606743.2613165,BIT,1
1770606743.2613165,BIT,1
1770606743.2613165,BIT,0
1770606743.2613165,BIT,1
1770606743.2613165,BIT,1
1770606743.2613165,BIT,1
1770606743.2613165,BIT,0
1770606743.2613165,BIT,0
1770606743.4391475,BIT,1
1770606743.4391475,BIT,0
1770606743.4391475,BIT,0
1770606743.4391475,BIT,0
1770606743.4391475,BIT,0
1770606743.4391475,BIT,0
1770606743.4391475,BIT,0
1770606743.4391475,BIT,1
1770606743.4391475,BIT,0
1770606743.4391475,BIT,0
1770606743.6207242,BIT,0
1770606743.6207242,BIT,0
1770606743.6207242,BIT,0
1770606743.6207242,BIT,1
1770606743.6207242,BIT,0
1770606743.6207242,BIT,1
1770606743.6207242,BIT,0
1770606743.6207242,BIT,0
1770606743.6207242,BIT,0
1770606743.6207242,BIT,0
1770606743.7948678,BIT,1
1770606743.7948678,BIT,0
1770606743.7948678,BIT,1
1770606743.7948678,BIT,1
1770606743.7948678,BIT,1
1770606743.7948678,BIT,0
1770606743.7948678,BIT,0
1770606743.7948678,BIT,0
1770606743.7948678,BIT,1
1770606743.7948678,BIT,1
1770606743.9880419,BIT,0
1770606743.9880419,BIT,1
1770606743.9880419,BIT,1
1770606743.9880419,BIT,0
1770606743.9880419,BIT,0
1770606743.9880419,BIT,0
1770606743.9880419,BIT,1
1770606743.9880419,BIT,1
1770606743.9880419,BIT,1
1770606743.9880419,BIT,0
1770606744.1652846,BIT,1
1770606744.1652846,BIT,0
1770606744.1652846,BIT,0
1770606744.1652846,BIT,1
1770606744.1652846,BIT,1
1770606744.1652846,BIT,1
1770606744.1652846,BIT,0
1770606744.1652846,BIT,1
1770606744.1652846,BIT,1
1770606744.1652846,BIT,1
1770606744.355975,BIT,1
1770606744.355975,BIT,1
1770606744.355975,BIT,0
1770606744.355975,BIT,0
1770606744.355975,BIT,0
1770606744.355975,BIT,1
1770606744.355975,BIT,0
1770606744.355975,BIT,1
1770606744.355975,BIT,0
1770606744.355975,BIT,1
1770606744.542003,BIT,0
1770606744.542003,BIT,0
1770606744.542003,BIT,0
1770606744.542003,BIT,0
1770606744.542003,BIT,1
1770606744.542003,BIT,1
1770606744.542003,BIT,0
1770606744.542003,BIT,0
1770606744.542003,BIT,1
1770606744.542003,BIT,1
1770606744.7885756,BIT,0
1770606744.7885756,BIT,1
1770606744.7885756,BIT,1
1770606744.7885756,BIT,1
1770606744.7885756,BIT,1
1770606744.7885756,BIT,0
1770606744.7885756,BIT,1
1770606744.7885756,BIT,0
1770606744.7885756,BIT,0
1770606744.7885756,BIT,0
1770606745.0157366,BIT,1
1770606745.0157366,BIT,1
1770606745.0157366,BIT,1
1770606745.0157366,BIT,0
1770606745.0157366,BIT,0
1770606745.0157366,BIT,1
1770606745.0157366,BIT,1
1770606745.0157366,BIT,0
1770606745.0157366,BIT,0
1770606745.0157366,BIT,1
1770606745.2447186,BIT,0
1770606745.2447186,BIT,1
1770606745.2447186,BIT,1
1770606745.2447186,BIT,0
1770606745.2447186,BIT,0
1770606745.2447186,BIT,1
1770606745.2447186,BIT,1
1770606745.2447186,BIT,1
1770606745.2447186,BIT,1
1770606745.2447186,BIT,0
1770606745.4970636,BIT,0
1770606745.4970636,BIT,0
1770606745.4970636,BIT,1
1770606745.4970636,BIT,0
1770606745.4970636,BIT,1
1770606745.4970636,BIT,1
1770606745.4970636,BIT,1
1770606745.4970636,BIT,0
1770606745.4970636,BIT,0
1770606745.4970636,BIT,1
1770606745.7085662,BIT,1
1770606745.7085662,BIT,1
1770606745.7085662,BIT,1
1770606745.7085662,BIT,1
1770606745.7085662,BIT,0
1770606745.7085662,BIT,0
1770606745.7085662,BIT,0
1770606745.7085662,BIT,0
1770606745.7085662,BIT,0
1770606745.7085662,BIT,0
1770606745.9517941,BIT,0
1770606745.9517941,BIT,0
1770606745.9517941,BIT,0
1770606745.9517941,BIT,1
1770606745.9517941,BIT,0
1770606745.9517941,BIT,0
1770606745.9517941,BIT,1
1770606745.9517941,BIT,0
1770606745.9517941,BIT,1
1770606745.9517941,BIT,1
1770606746.1775694,BIT,1
1770606746.1775694,BIT,1
1770606746.1775694,BIT,1
1770606746.1775694,BIT,1
1770606746.1775694,BIT,1
1770606746.1775694,BIT,1
1770606746.1775694,BIT,0
1770606746.1775694,BIT,1
1770606746.1775694,BIT,0
1770606746.1775694,BIT,0
1770606746.4162102,BIT,0
1770606746.4162102,BIT,0
1770606746.4162102,BIT,0
1770606746.4162102,BIT,0
1770606746.4162102,BIT,0
1770606746.4162102,BIT,1
1770606746.4162102,BIT,1
1770606746.4162102,BIT,1
1770606746.4162102,BIT,1
1770606746.4162102,BIT,1
1770606746.6638987,BIT,1
1770606746.6638987,BIT,0
1770606746.6638987,BIT,1
1770606746.6638987,BIT,1
1770606746.6638987,BIT,0
1770606746.6638987,BIT,1
1770606746.6638987,BIT,1
1770606746.6638987,BIT,0
1770606746.6638987,BIT,0
1770606746.6638987,BIT,0
1770606746.895597,BIT,1
1770606746.895597,BIT,1
1770606746.895597,BIT,1
1770606746.895597,BIT,0
1770606746.895597,BIT,1
1770606746.895597,BIT,1
1770606746.895597,BIT,0
1770606746.895597,BIT,1
1770606746.895597,BIT,0
1770606746.895597,BIT,0
1770606747.1352086,BIT,1
1770606747.1352086,BIT,1
1770606747.1352086,BIT,1
1770606747.1352086,BIT,1
1770606747.1352086,BIT,1
1770606747.1352086,BIT,0
1770606747.1352086,BIT,1
1770606747.1352086,BIT,0
1770606747.1352086,BIT,1
1770606747.1352086,BIT,0
1770606747.35061,BIT,1
1770606747.35061,BIT,0
1770606747.35061,BIT,1
1770606747.35061,BIT,0
1770606747.35061,BIT,1
1770606747.35061,BIT,1
1770606747.35061,BIT,0
1770606747.35061,BIT,1
1770606747.35061,BIT,1
1770606747.35061,BIT,0
1770606747.583603,BIT,1
1770606747.583603,BIT,0
1770606747.583603,BIT,1
1770606747.583603,BIT,0
1770606747.583603,BIT,0
1770606747.583603,BIT,1
1770606747.583603,BIT,0
1770606747.583603,BIT,0
1770606747.583603,BIT,1
1770606747.583603,BIT,1
1770606747.8132093,BIT,0
1770606747.8132093,BIT,0
1770606747.8132093,BIT,0
1770606747.8132093,BIT,0
1770606747.8132093,BIT,0
1770606747.8132093,BIT,1
1770606747.8132093,BIT,1
1770606747.8132093,BIT,0
1770606747.8132093,BIT,0
1770606747.8132093,BIT,0
1770606748.0585825,BIT,1
1770606748.0585825,BIT,0
1770606748.0585825,BIT,1
1770606748.0585825,BIT,0
1770606748.0585825,BIT,0
1770606748.0585825,BIT,0
1770606748.0585825,BIT,1
1770606748.0585825,BIT,0
1770606748.0585825,BIT,1
1770606748.0585825,BIT,0
1770606748.2982821,BIT,0
1770606748.2982821,BIT,0
1770606748.2982821,BIT,1
1770606748.2982821,BIT,1
1770606748.2982821,BIT,1
1770606748.2982821,BIT,0
1770606748.2982821,BIT,1
1770606748.2982821,BIT,0
1770606748.2982821,BIT,0
1770606748.2982821,BIT,1
1770606748.5800095,BIT,1
1770606748.5800095,BIT,1
1770606748.5800095,BIT,1
1770606748.5800095,BIT,0
1770606748.5800095,BIT,0
1770606748.5800095,BIT,0
1770606748.5800095,BIT,0
1770606748.5800095,BIT,1
1770606748.5800095,BIT,0
1770606748.5800095,BIT,1
1770606748.7938101,BIT,0
1770606748.7938101,BIT,0
1770606748.7938101,BIT,1
1770606748.7938101,BIT,1
1770606748.7938101,BIT,0
1770606748.7938101,BIT,0
1770606748.7938101,BIT,0
1770606748.7938101,BIT,0
1770606748.7938101,BIT,0
1770606748.7938101,BIT,1
1770606749.0418243,BIT,0
1770606749.0418243,BIT,1
1770606749.0418243,BIT,1
1770606749.0418243,BIT,1
1770606749.0418243,BIT,1
1770606749.0418243,BIT,1
1770606749.0418243,BIT,0
1770606749.0418243,BIT,0
1770606749.0418243,BIT,0
1770606749.0418243,BIT,1
1770606749.2899315,BIT,0
1770606749.2899315,BIT,1
1770606749.2899315,BIT,0
1770606749.2899315,BIT,1
1770606749.2899315,BIT,0
1770606749.2899315,BIT,1
1770606749.2899315,BIT,0
1770606749.2899315,BIT,1
1770606749.2899315,BIT,0
1770606749.2899315,BIT,0
1770606749.5116634,BIT,0
1770606749.5116634,BIT,0
1770606749.5116634,BIT,0
1770606749.5116634,BIT,0
1770606749.5116634,BIT,0
1770606749.5116634,BIT,0
1770606749.5116634,BIT,1
1770606749.5116634,BIT,1
1770606749.5116634,BIT,0
1770606749.5116634,BIT,0
1770606749.730001,BIT,0
1770606749.730001,BIT,0
1770606749.730001,BIT,1
1770606749.730001,BIT,0
1770606749.730001,BIT,0
1770606749.730001,BIT,1
1770606749.730001,BIT,1
1770606749.730001,BIT,1
1770606749.730001,BIT,0
1770606749.730001,BIT,0
1770606749.971502,BIT,0
1770606749.971502,BIT,0
1770606749.971502,BIT,1
1770606749.971502,BIT,1
1770606749.971502,BIT,1
1770606749.971502,BIT,0
1770606749.971502,BIT,0
1770606749.971502,BIT,1
1770606749.971502,BIT,0
1770606749.971502,BIT,0
1770606750.1692214,BIT,1
1770606750.1692214,BIT,0
1770606750.1692214,BIT,0
1770606750.1692214,BIT,1
1770606750.1692214,BIT,0
1770606750.1692214,BIT,0
1770606750.1692214,BIT,1
1770606750.1692214,BIT,1
1770606750.1692214,BIT,0
1770606750.1692214,BIT,1
1770606750.3857286,BIT,1
1770606750.3857286,BIT,1
1770606750.3857286,BIT,1
1770606750.3857286,BIT,1
1770606750.3857286,BIT,1
1770606750.3857286,BIT,1
1770606750.3857286,BIT,1
1770606750.3857286,BIT,0
1770606750.3857286,BIT,0
1770606750.3857286,BIT,0
1770606750.646682,BIT,0
1770606750.646682,BIT,1
1770606750.646682,BIT,0
1770606750.646682,BIT,0
1770606750.646682,BIT,1
1770606750.646682,BIT,1
1770606750.646682,BIT,1
1770606750.646682,BIT,0
1770606750.646682,BIT,1
1770606750.646682,BIT,0
1770606750.9346802,BIT,0
1770606750.9346802,BIT,1
1770606750.9346802,BIT,1
1770606750.9346802,BIT,0
1770606750.9346802,BIT,0
1770606750.9346802,BIT,0
1770606750.9346802,BIT,0
1770606750.9346802,BIT,1
1770606750.9346802,BIT,0
1770606750.9346802,BIT,1
1770606751.347011,BIT,1
1770606751.347011,BIT,0
1770606751.347011,BIT,1
1770606751.347011,BIT,0
1770606751.347011,BIT,1
1770606751.347011,BIT,0
1770606751.347011,BIT,0
1770606751.347011,BIT,0
1770606751.347011,BIT,0
1770606751.347011,BIT,0
1770606751.6176999,BIT,0
1770606751.6176999,BIT,0
1770606751.6176999,BIT,0
1770606751.6176999,BIT,0
1770606751.6176999,BIT,0
1770606751.6176999,BIT,1
1770606751.6176999,BIT,0
1770606751.6176999,BIT,1
1770606751.6176999,BIT,1
1770606751.6176999,BIT,0
1770606751.8612893,BIT,1
1770606751.8612893,BIT,0
1770606751.8612893,BIT,1
1770606751.8612893,BIT,1
1770606751.8612893,BIT,0
1770606751.8612893,BIT,0
1770606751.8612893,BIT,0
1770606751.8612893,BIT,1
1770606751.8612893,BIT,0
1770606751.8612893,BIT,1
1770606752.1079373,BIT,1
1770606752.1079373,BIT,1
1770606752.1079373,BIT,1
1770606752.1079373,BIT,1
1770606752.1079373,BIT,1
1770606752.1079373,BIT,1
1770606752.1079373,BIT,1
1770606752.1079373,BIT,1
1770606752.1079373,BIT,1
1770606752.1079373,BIT,0
1770606752.3662674,BIT,0
1770606752.3662674,BIT,0
1770606752.3662674,BIT,0
1770606752.3662674,BIT,0
1770606752.3662674,BIT,1
1770606752.3662674,BIT,0
1770606752.3662674,BIT,0
1770606752.3662674,BIT,1
1770606752.3662674,BIT,1
1770606752.3662674,BIT,1
1770606752.58911,BIT,0
1770606752.58911,BIT,1
1770606752.58911,BIT,1
1770606752.58911,BIT,1
1770606752.58911,BIT,1
1770606752.58911,BIT,1
1770606752.58911,BIT,1
1770606752.58911,BIT,0
1770606752.58911,BIT,1
1770606752.58911,BIT,1
1770606752.795785,BIT,1
1770606752.795785,BIT,0
1770606752.795785,BIT,1
1770606752.795785,BIT,0
1770606752.795785,BIT,0
1770606752.795785,BIT,1
1770606752.795785,BIT,0
1770606752.795785,BIT,1
1770606752.795785,BIT,0
1770606752.795785,BIT,1
1770606753.0342054,BIT,0
1770606753.0342054,BIT,1
1770606753.0342054,BIT,0
1770606753.0342054,BIT,1
1770606753.0342054,BIT,1
1770606753.0342054,BIT,0
1770606753.0342054,BIT,1
1770606753.0342054,BIT,1
1770606753.0342054,BIT,1
1770606753.0342054,BIT,1
1770606753.2712576,BIT,0
1770606753.2712576,BIT,1
1770606753.2712576,BIT,1
1770606753.2712576,BIT,0
1770606753.2712576,BIT,0
1770606753.2712576,BIT,1
1770606753.2712576,BIT,1
1770606753.2712576,BIT,1
1770606753.2712576,BIT,1
1770606753.2712576,BIT,0
1770606753.5027041,BIT,0
1770606753.5027041,BIT,0
1770606753.5027041,BIT,1
1770606753.5027041,BIT,0
1770606753.5027041,BIT,0
1770606753.5027041,BIT,1
1770606753.5027041,BIT,1
1770606753.5027041,BIT,1
1770606753.5027041,BIT,0
1770606753.5027041,BIT,0
1770606753.7097974,BIT,0
1770606753.7097974,BIT,1
1770606753.7097974,BIT,0
1770606753.7097974,BIT,0
1770606753.7097974,BIT,0
1770606753.7097974,BIT,1
1770606753.7097974,BIT,0
1770606753.7097974,BIT,1
1770606753.7097974,BIT,1
1770606753.7097974,BIT,0
1770606753.9362571,BIT,1
1770606753.9362571,BIT,0
1770606753.9362571,BIT,0
1770606753.9362571,BIT,1
1770606753.9362571,BIT,1
1770606753.9362571,BIT,1
1770606753.9362571,BIT,0
1770606753.9362571,BIT,0
1770606753.9362571,BIT,1
1770606753.9362571,BIT,1
1770606754.1517794,BIT,0
1770606754.1517794,BIT,0
1770606754.1517794,BIT,1
1770606754.1517794,BIT,0
1770606754.1517794,BIT,1
1770606754.1517794,BIT,1
1770606754.1517794,BIT,0
1770606754.1517794,BIT,1
1770606754.1517794,BIT,0
1770606754.1517794,BIT,0
1770606754.401584,BIT,0
1770606754.401584,BIT,0
1770606754.401584,BIT,0
1770606754.401584,BIT,0
1770606754.401584,BIT,0
1770606754.401584,BIT,1
1770606754.401584,BIT,1
1770606754.401584,BIT,0
1770606754.401584,BIT,1
1770606754.401584,BIT,0
1770606754.6637533,BIT,0
1770606754.6637533,BIT,1
1770606754.6637533,BIT,1
1770606754.6637533,BIT,1
1770606754.6637533,BIT,1
1770606754.6637533,BIT,0
1770606754.6637533,BIT,1
1770606754.6637533,BIT,1
1770606754.6637533,BIT,1
1770606754.6637533,BIT,0
1770606754.9115255,BIT,1
1770606754.9115255,BIT,1
1770606754.9115255,BIT,0
1770606754.9115255,BIT,1
1770606754.9115255,BIT,0
1770606754.9115255,BIT,1
1770606754.9115255,BIT,0
1770606754.9115255,BIT,0
1770606754.9115255,BIT,1
1770606754.9115255,BIT,1
1770606755.2628765,BIT,1
1770606755.2628765,BIT,0
1770606755.2628765,BIT,0
1770606755.2628765,BIT,1
1770606755.2628765,BIT,1
1770606755.2628765,BIT,1
1770606755.2628765,BIT,0
1770606755.2628765,BIT,0
1770606755.2628765,BIT,1
1770606755.2628765,BIT,1
1770606755.521971,BIT,0
1770606755.521971,BIT,1
1770606755.521971,BIT,0
1770606755.521971,BIT,1
1770606755.521971,BIT,1
1770606755.521971,BIT,1
1770606755.521971,BIT,0
1770606755.521971,BIT,1
1770606755.521971,BIT,1
1770606755.521971,BIT,0
1770606755.7391057,BIT,0
1770606755.7391057,BIT,1
1770606755.7391057,BIT,0
1770606755.7391057,BIT,0
1770606755.7391057,BIT,0
1770606755.7391057,BIT,0
1770606755.7391057,BIT,1
1770606755.7391057,BIT,1
1770606755.7391057,BIT,0
1770606755.7391057,BIT,1
1770606755.9874475,BIT,1
1770606755.9874475,BIT,0
1770606755.9874475,BIT,0
1770606755.9874475,BIT,1
1770606755.9874475,BIT,1
1770606755.9874475,BIT,0
1770606755.9874475,BIT,0
1770606755.9874475,BIT,1
1770606755.9874475,BIT,0
1770606755.9874475,BIT,0
1770606756.2056155,BIT,1
1770606756.2056155,BIT,1
1770606756.2056155,BIT,0
1770606756.2056155,BIT,1
1770606756.2056155,BIT,0
1770606756.2056155,BIT,1
1770606756.2056155,BIT,1
1770606756.2056155,BIT,1
1770606756.2056155,BIT,1
1770606756.2056155,BIT,1
1770606756.4304545,BIT,1
1770606756.4304545,BIT,1
1770606756.4304545,BIT,0
1770606756.4304545,BIT,0
1770606756.4304545,BIT,1
1770606756.4304545,BIT,0
1770606756.4304545,BIT,1
1770606756.4304545,BIT,0
1770606756.4304545,BIT,0
1770606756.4304545,BIT,1
1770606756.6573765,BIT,0
1770606756.6573765,BIT,1
1770606756.6573765,BIT,0
1770606756.6573765,BIT,1
1770606756.6573765,BIT,0
1770606756.6573765,BIT,0
1770606756.6573765,BIT,1
1770606756.6573765,BIT,0
1770606756.6573765,BIT,1
1770606756.6573765,BIT,0
1770606756.8805125,BIT,0
1770606756.8805125,BIT,1
1770606756.8805125,BIT,0
1770606756.8805125,BIT,0
1770606756.8805125,BIT,0
1770606756.8805125,BIT,1
1770606756.8805125,BIT,0
1770606756.8805125,BIT,1
1770606756.8805125,BIT,1
1770606756.8805125,BIT,1
1770606757.1748767,BIT,1
1770606757.1748767,BIT,1
1770606757.1748767,BIT,0
1770606757.1748767,BIT,0
1770606757.1748767,BIT,1
1770606757.1748767,BIT,1
1770606757.1748767,BIT,1
1770606757.1748767,BIT,0
1770606757.1748767,BIT,1
1770606757.1748767,BIT,0
1770606757.446346,BIT,0
1770606757.446346,BIT,0
1770606757.446346,BIT,1
1770606757.446346,BIT,1
1770606757.446346,BIT,0
1770606757.446346,BIT,0
1770606757.446346,BIT,0
1770606757.446346,BIT,0
1770606757.446346,BIT,1
1770606757.446346,BIT,0
1770606757.7174733,BIT,0
1770606757.7174733,BIT,0
1770606757.7174733,BIT,0
1770606757.7174733,BIT,1
1770606757.7174733,BIT,0
1770606757.7174733,BIT,0
1770606757.7174733,BIT,1
1770606757.7174733,BIT,0
1770606757.7174733,BIT,1
1770606757.7174733,BIT,1
1770606757.9461455,BIT,0
1770606757.9461455,BIT,1
1770606757.9461455,BIT,1
1770606757.9461455,BIT,1
1770606757.9461455,BIT,1
1770606757.9461455,BIT,0
1770606757.9461455,BIT,0
1770606757.9461455,BIT,1
1770606757.9461455,BIT,1
1770606757.9461455,BIT,1
1770606758.2424066,BIT,1
1770606758.2424066,BIT,0
1770606758.2424066,BIT,1
1770606758.2424066,BIT,1
1770606758.2424066,BIT,0
1770606758.2424066,BIT,0
1770606758.2424066,BIT,0
1770606758.2424066,BIT,0
1770606758.2424066,BIT,0
1770606758.2424066,BIT,0
1770606758.5082498,BIT,0
1770606758.5082498,BIT,1
1770606758.5082498,BIT,1
1770606758.5082498,BIT,0
1770606758.5082498,BIT,0
1770606758.5082498,BIT,0
1770606758.5082498,BIT,0
1770606758.5082498,BIT,0
1770606758.5082498,BIT,0
1770606758.5082498,BIT,0
1770606758.7798617,BIT,1
1770606758.7798617,BIT,1
1770606758.7798617,BIT,1
1770606758.7798617,BIT,0
1770606758.7798617,BIT,1
1770606758.7798617,BIT,1
1770606758.7798617,BIT,0
1770606758.7798617,BIT,1
1770606758.7798617,BIT,1
1770606758.7798617,BIT,1
1770606759.0323606,BIT,1
1770606759.0323606,BIT,1
1770606759.0323606,BIT,0
1770606759.0323606,BIT,0
1770606759.0323606,BIT,0
1770606759.0323606,BIT,0
1770606759.0323606,BIT,0
1770606759.0323606,BIT,1
1770606759.0323606,BIT,1
1770606759.0323606,BIT,1
1770606759.277095,BIT,0
1770606759.277095,BIT,1
1770606759.277095,BIT,1
1770606759.277095,BIT,0
1770606759.277095,BIT,0
1770606759.277095,BIT,0
1770606759.277095,BIT,0
1770606759.277095,BIT,1
1770606759.277095,BIT,1
1770606759.277095,BIT,1
1770606759.5192575,BIT,0
1770606759.5192575,BIT,0
1770606759.5192575,BIT,0
1770606759.5192575,BIT,1
1770606759.5192575,BIT,1
1770606759.5192575,BIT,0
1770606759.5192575,BIT,1
1770606759.5192575,BIT,0
1770606759.5192575,BIT,1
1770606759.5192575,BIT,1
1770606759.709543,BIT,1
1770606759.709543,BIT,0
1770606759.709543,BIT,0
1770606759.709543,BIT,1
1770606759.709543,BIT,0
1770606759.709543,BIT,1
1770606759.709543,BIT,1
1770606759.709543,BIT,1
1770606759.709543,BIT,0
1770606759.709543,BIT,0
1770606759.8976743,BIT,0
1770606759.8976743,BIT,0
1770606759.8976743,BIT,0
1770606759.8976743,BIT,1
1770606759.8976743,BIT,0
1770606759.8976743,BIT,1
1770606759.8976743,BIT,0
1770606759.8976743,BIT,1
1770606759.8976743,BIT,0
1770606759.8976743,BIT,1
1770606760.0788555,BIT,0
1770606760.0788555,BIT,1
1770606760.0788555,BIT,1
1770606760.0788555,BIT,1
1770606760.0788555,BIT,0
1770606760.0788555,BIT,0
1770606760.0788555,BIT,1
1770606760.0788555,BIT,1
1770606760.0788555,BIT,0
1770606760.0788555,BIT,0
1770606760.2681153,BIT,1
1770606760.2681153,BIT,0
1770606760.2681153,BIT,1
1770606760.2681153,BIT,0
1770606760.2681153,BIT,1
1770606760.2681153,BIT,0
1770606760.2681153,BIT,0
1770606760.2681153,BIT,0
1770606760.2681153,BIT,0
1770606760.2681153,BIT,0
1770606760.455152,BIT,1
1770606760.455152,BIT,0
1770606760.455152,BIT,0
1770606760.455152,BIT,1
1770606760.455152,BIT,1
1770606760.455152,BIT,1
1770606760.455152,BIT,1
1770606760.455152,BIT,1
1770606760.455152,BIT,1
1770606760.455152,BIT,0
1770606760.621838,BIT,0
1770606760.621838,BIT,1
1770606760.621838,BIT,0
1770606760.621838,BIT,1
1770606760.621838,BIT,1
1770606760.621838,BIT,0
1770606760.621838,BIT,1
1770606760.621838,BIT,0
1770606760.621838,BIT,0
1770606760.621838,BIT,1
1770606760.8107336,BIT,1
1770606760.8107336,BIT,1
1770606760.8107336,BIT,0
1770606760.8107336,BIT,1
1770606760.8107336,BIT,1
1770606760.8107336,BIT,0
1770606760.8107336,BIT,0
1770606760.8107336,BIT,1
1770606760.8107336,BIT,0
1770606760.8107336,BIT,1
1770606760.9881659,BIT,1
1770606760.9881659,BIT,0
1770606760.9881659,BIT,0
1770606760.9881659,BIT,0
1770606760.9881659,BIT,0
1770606760.9881659,BIT,0
1770606760.9881659,BIT,0
1770606760.9881659,BIT,1
1770606760.9881659,BIT,0
1770606760.9881659,BIT,0
1770606761.1668272,BIT,0
1770606761.1668272,BIT,0
1770606761.1668272,BIT,1
1770606761.1668272,BIT,0
1770606761.1668272,BIT,1
1770606761.1668272,BIT,0
1770606761.1668272,BIT,1
1770606761.1668272,BIT,1
1770606761.1668272,BIT,1
1770606761.1668272,BIT,1
1770606761.3433642,BIT,0
1770606761.3433642,BIT,1
1770606761.3433642,BIT,1
1770606761.3433642,BIT,0
1770606761.3433642,BIT,0
1770606761.3433642,BIT,0
1770606761.3433642,BIT,0
1770606761.3433642,BIT,0
1770606761.3433642,BIT,0
1770606761.3433642,BIT,1
1770606761.5337539,BIT,1
1770606761.5337539,BIT,1
1770606761.5337539,BIT,1
1770606761.5337539,BIT,0
1770606761.5337539,BIT,1
1770606761.5337539,BIT,1
1770606761.5337539,BIT,0
1770606761.5337539,BIT,0
1770606761.5337539,BIT,1
1770606761.5337539,BIT,0
1770606761.7116385,BIT,1
1770606761.7116385,BIT,0
1770606761.7116385,BIT,1
1770606761.7116385,BIT,0
1770606761.7116385,BIT,1
1770606761.7116385,BIT,0
1770606761.7116385,BIT,1
1770606761.7116385,BIT,1
1770606761.7116385,BIT,1
1770606761.7116385,BIT,0
1770606761.9092922,BIT,0
1770606761.9092922,BIT,1
1770606761.9092922,BIT,0
1770606761.9092922,BIT,0
1770606761.9092922,BIT,0
1770606761.9092922,BIT,0
1770606761.9092922,BIT,0
1770606761.9092922,BIT,0
1770606761.9092922,BIT,0
1770606761.9092922,BIT,0
1770606762.0822237,BIT,1
1770606762.0822237,BIT,1
1770606762.0822237,BIT,0
1770606762.0822237,BIT,0
1770606762.0822237,BIT,0
1770606762.0822237,BIT,0
1770606762.0822237,BIT,0
1770606762.0822237,BIT,1
1770606762.0822237,BIT,1
1770606762.0822237,BIT,0
1770606762.2601438,BIT,0
1770606762.2601438,BIT,0
1770606762.2601438,BIT,1
1770606762.2601438,BIT,0
1770606762.2601438,BIT,1
1770606762.2601438,BIT,0
1770606762.2601438,BIT,0
1770606762.2601438,BIT,0
1770606762.2601438,BIT,0
1770606762.2601438,BIT,0
1770606762.4439695,BIT,0
1770606762.4439695,BIT,1
1770606762.4439695,BIT,0
1770606762.4439695,BIT,1
1770606762.4439695,BIT,1
1770606762.4439695,BIT,0
1770606762.4439695,BIT,0
1770606762.4439695,BIT,0
1770606762.4439695,BIT,1
1770606762.4439695,BIT,0
1770606762.6126556,BIT,1
1770606762.6126556,BIT,1
1770606762.6126556,BIT,0
1770606762.6126556,BIT,1
1770606762.6126556,BIT,0
1770606762.6126556,BIT,0
1770606762.6126556,BIT,0
1770606762.6126556,BIT,0
1770606762.6126556,BIT,1
1770606762.6126556,BIT,0
1770606762.788886,BIT,1
1770606762.788886,BIT,1
1770606762.788886,BIT,1
1770606762.788886,BIT,0
1770606762.788886,BIT,0
1770606762.788886,BIT,1
1770606762.788886,BIT,0
1770606762.788886,BIT,1
1770606762.788886,BIT,0
1770606762.788886,BIT,0
1770606762.9972513,BIT,0
1770606762.9972513,BIT,1
1770606762.9972513,BIT,1
1770606762.9972513,BIT,0
1770606762.9972513,BIT,0
1770606762.9972513,BIT,1
1770606762.9972513,BIT,1
1770606762.9972513,BIT,1
1770606762.9972513,BIT,0
1770606762.9972513,BIT,0
1770606763.1742115,BIT,0
1770606763.1742115,BIT,0
1770606763.1742115,BIT,1
1770606763.1742115,BIT,1
1770606763.1742115,BIT,0
1770606763.1742115,BIT,0
1770606763.1742115,BIT,0
1770606763.1742115,BIT,0
1770606763.1742115,BIT,0
1770606763.1742115,BIT,0
1770606763.354496,BIT,1
1770606763.354496,BIT,1
1770606763.354496,BIT,0
1770606763.354496,BIT,0
1770606763.354496,BIT,1
1770606763.354496,BIT,0
1770606763.354496,BIT,1
1770606763.354496,BIT,1
1770606763.354496,BIT,0
1770606763.354496,BIT,1
1770606763.5475864,BIT,0
1770606763.5475864,BIT,0
1770606763.5475864,BIT,0
1770606763.5475864,BIT,0
1770606763.5475864,BIT,0
1770606763.5475864,BIT,1
1770606763.5475864,BIT,0
1770606763.5475864,BIT,1
1770606763.5475864,BIT,1
1770606763.5475864,BIT,1
1770606763.7129948,BIT,1
1770606763.7129948,BIT,0
1770606763.7129948,BIT,1
1770606763.7129948,BIT,1
1770606763.7129948,BIT,0
1770606763.7129948,BIT,1
1770606763.7129948,BIT,0
1770606763.7129948,BIT,1
1770606763.7129948,BIT,0
1770606763.7129948,BIT,1
1770606763.9035797,BIT,0
1770606763.9035797,BIT,1
1770606763.9035797,BIT,0
1770606763.9035797,BIT,0
1770606763.9035797,BIT,1
1770606763.9035797,BIT,1
1770606763.9035797,BIT,1
1770606763.9035797,BIT,0
1770606763.9035797,BIT,0
1770606763.9035797,BIT,0
1770606764.0851834,BIT,1
1770606764.0851834,BIT,1
1770606764.0851834,BIT,1
1770606764.0851834,BIT,0
1770606764.0851834,BIT,0
1770606764.0851834,BIT,1
1770606764.0851834,BIT,1
1770606764.0851834,BIT,0
1770606764.0851834,BIT,1
1770606764.0851834,BIT,1
1770606764.27584,BIT,1
1770606764.27584,BIT,1
1770606764.27584,BIT,0
1770606764.27584,BIT,1
1770606764.27584,BIT,0
1770606764.27584,BIT,0
1770606764.27584,BIT,1
1770606764.27584,BIT,1
1770606764.27584,BIT,0
1770606764.27584,BIT,0
1770606764.4455326,BIT,0
1770606764.4455326,BIT,0
1770606764.4455326,BIT,0
1770606764.4455326,BIT,1
1770606764.4455326,BIT,0
1770606764.4455326,BIT,0
1770606764.4455326,BIT,1
1770606764.4455326,BIT,0
1770606764.4455326,BIT,1
1770606764.4455326,BIT,1
1770606764.6160593,BIT,0
1770606764.6160593,BIT,1
1770606764.6160593,BIT,1
1770606764.6160593,BIT,1
1770606764.6160593,BIT,1
1770606764.6160593,BIT,0
1770606764.6160593,BIT,1
1770606764.6160593,BIT,1
1770606764.6160593,BIT,0
1770606764.6160593,BIT,1
1770606764.7930946,BIT,0
1770606764.7930946,BIT,1
1770606764.7930946,BIT,1
1770606764.7930946,BIT,0
1770606764.7930946,BIT,0
1770606764.7930946,BIT,1
1770606764.7930946,BIT,1
1770606764.7930946,BIT,1
1770606764.7930946,BIT,1
1770606764.7930946,BIT,0
1770606764.977594,BIT,1
1770606764.977594,BIT,1
1770606764.977594,BIT,0
1770606764.977594,BIT,1
1770606764.977594,BIT,0
1770606764.977594,BIT,0
1770606764.977594,BIT,1
1770606764.977594,BIT,1
1770606764.977594,BIT,1
1770606764.977594,BIT,0
1770606765.1408315,BIT,1
1770606765.1408315,BIT,1
1770606765.1408315,BIT,0
1770606765.1408315,BIT,0
1770606765.1408315,BIT,1
1770606765.1408315,BIT,1
1770606765.1408315,BIT,1
1770606765.1408315,BIT,0
1770606765.1408315,BIT,0
1770606765.1408315,BIT,0
1770606765.3156936,BIT,1
1770606765.3156936,BIT,1
1770606765.3156936,BIT,0
1770606765.3156936,BIT,1
1770606765.3156936,BIT,1
1770606765.3156936,BIT,0
1770606765.3156936,BIT,1
1770606765.3156936,BIT,1
1770606765.3156936,BIT,0
1770606765.3156936,BIT,1
1770606765.5198324,BIT,1
1770606765.5198324,BIT,1
1770606765.5198324,BIT,1
1770606765.5198324,BIT,1
1770606765.5198324,BIT,1
1770606765.5198324,BIT,1
1770606765.5198324,BIT,1
1770606765.5198324,BIT,1
1770606765.5198324,BIT,1
1770606765.5198324,BIT,1
1770606765.6971278,BIT,1
1770606765.6971278,BIT,1
1770606765.6971278,BIT,0
1770606765.6971278,BIT,1
1770606765.6971278,BIT,1
1770606765.6971278,BIT,0
1770606765.6971278,BIT,1
1770606765.6971278,BIT,1
1770606765.6971278,BIT,1
1770606765.6971278,BIT,0
1770606765.8658607,BIT,1
1770606765.8658607,BIT,1
1770606765.8658607,BIT,1
1770606765.8658607,BIT,0
1770606765.8658607,BIT,1
1770606765.8658607,BIT,0
1770606765.8658607,BIT,1
1770606765.8658607,BIT,0
1770606765.8658607,BIT,1
1770606765.8658607,BIT,1
1770606766.0520034,BIT,1
1770606766.0520034,BIT,0
1770606766.0520034,BIT,0
1770606766.0520034,BIT,1
1770606766.0520034,BIT,1
1770606766.0520034,BIT,0
1770606766.0520034,BIT,0
1770606766.0520034,BIT,1
1770606766.0520034,BIT,0
1770606766.0520034,BIT,0
1770606766.2262256,BIT,1
1770606766.2262256,BIT,0
1770606766.2262256,BIT,0
1770606766.2262256,BIT,0
1770606766.2262256,BIT,1
1770606766.2262256,BIT,0
1770606766.2262256,BIT,1
1770606766.2262256,BIT,0
1770606766.2262256,BIT,0
1770606766.2262256,BIT,0
1770606766.407962,BIT,0
1770606766.407962,BIT,0
1770606766.407962,BIT,0
1770606766.407962,BIT,0
1770606766.407962,BIT,0
1770606766.407962,BIT,1
1770606766.407962,BIT,0
1770606766.407962,BIT,0
1770606766.407962,BIT,0
1770606766.407962,BIT,0
1770606766.589906,BIT,1
1770606766.589906,BIT,0
1770606766.589906,BIT,0
1770606766.589906,BIT,0
1770606766.589906,BIT,0
1770606766.589906,BIT,0
1770606766.589906,BIT,1
1770606766.589906,BIT,1
1770606766.589906,BIT,1
1770606766.589906,BIT,1
1770606766.7670655,BIT,1
1770606766.7670655,BIT,0
1770606766.7670655,BIT,1
1770606766.7670655,BIT,0
1770606766.7670655,BIT,0
1770606766.7670655,BIT,0
1770606766.7670655,BIT,1
1770606766.7670655,BIT,1
1770606766.7670655,BIT,0
1770606766.7670655,BIT,1
1770606766.972923,BIT,1
1770606766.972923,BIT,1
1770606766.972923,BIT,0
1770606766.972923,BIT,1
1770606766.972923,BIT,1
1770606766.972923,BIT,0
1770606766.972923,BIT,0
1770606766.972923,BIT,0
1770606766.972923,BIT,1
1770606766.972923,BIT,1
1770606767.146763,BIT,0
1770606767.146763,BIT,0
1770606767.146763,BIT,0
1770606767.146763,BIT,0
1770606767.146763,BIT,1
1770606767.146763,BIT,1
1770606767.146763,BIT,0
1770606767.146763,BIT,1
1770606767.146763,BIT,1
1770606767.146763,BIT,0
1770606767.315701,BIT,1
1770606767.315701,BIT,0
1770606767.315701,BIT,0
1770606767.315701,BIT,0
1770606767.315701,BIT,0
1770606767.315701,BIT,1
1770606767.315701,BIT,1
1770606767.315701,BIT,1
1770606767.315701,BIT,0
1770606767.315701,BIT,1
1770606767.495293,BIT,0
1770606767.495293,BIT,0
1770606767.495293,BIT,1
1770606767.495293,BIT,1
1770606767.495293,BIT,1
1770606767.495293,BIT,1
1770606767.495293,BIT,1
1770606767.495293,BIT,1
1770606767.495293,BIT,0
1770606767.495293,BIT,0
1770606767.6678984,BIT,1
1770606767.6678984,BIT,0
1770606767.6678984,BIT,0
1770606767.6678984,BIT,1
1770606767.6678984,BIT,0
1770606767.6678984,BIT,1
1770606767.6678984,BIT,1
1770606767.6678984,BIT,0
1770606767.6678984,BIT,1
1770606767.6678984,BIT,1
1770606767.8601677,BIT,1
1770606767.8601677,BIT,0
1770606767.8601677,BIT,0
1770606767.8601677,BIT,1
1770606767.8601677,BIT,1
1770606767.8601677,BIT,1
1770606767.8601677,BIT,1
1770606767.8601677,BIT,0
1770606767.8601677,BIT,0
1770606767.8601677,BIT,1
1770606768.0721602,BIT,0
1770606768.0721602,BIT,1
1770606768.0721602,BIT,0
1770606768.0721602,BIT,0
1770606768.0721602,BIT,1
1770606768.0721602,BIT,0
1770606768.0721602,BIT,0
1770606768.0721602,BIT,0
1770606768.0721602,BIT,1
1770606768.0721602,BIT,0
1770606768.261903,BIT,1
1770606768.261903,BIT,1
1770606768.261903,BIT,0
1770606768.261903,BIT,0
1770606768.261903,BIT,1
1770606768.261903,BIT,0
1770606768.261903,BIT,0
1770606768.261903,BIT,0
1770606768.261903,BIT,0
1770606768.261903,BIT,1
1770606768.4504974,BIT,0
1770606768.4504974,BIT,0
1770606768.4504974,BIT,0
1770606768.4504974,BIT,1
1770606768.4504974,BIT,1
1770606768.4504974,BIT,1
1770606768.4504974,BIT,0
1770606768.4504974,BIT,1
1770606768.4504974,BIT,0
1770606768.4504974,BIT,0
1770606768.6254027,BIT,1
1770606768.6254027,BIT,1
1770606768.6254027,BIT,1
1770606768.6254027,BIT,0
1770606768.6254027,BIT,0
1770606768.6254027,BIT,1
1770606768.6254027,BIT,0
1770606768.6254027,BIT,1
1770606768.6254027,BIT,0
1770606768.6254027,BIT,1
1770606768.8039432,BIT,1
1770606768.8039432,BIT,0
1770606768.8039432,BIT,1
1770606768.8039432,BIT,1
1770606768.8039432,BIT,0
1770606768.8039432,BIT,0
1770606768.8039432,BIT,1
1770606768.8039432,BIT,1
1770606768.8039432,BIT,0
1770606768.8039432,BIT,0
1770606768.9895678,BIT,1
1770606768.9895678,BIT,0
1770606768.9895678,BIT,1
1770606768.9895678,BIT,0
1770606768.9895678,BIT,1
1770606768.9895678,BIT,1
1770606768.9895678,BIT,0
1770606768.9895678,BIT,1
1770606768.9895678,BIT,0
1770606768.9895678,BIT,0
1770606769.1615713,BIT,0
1770606769.1615713,BIT,1
1770606769.1615713,BIT,0
1770606769.1615713,BIT,0
1770606769.1615713,BIT,0
1770606769.1615713,BIT,1
1770606769.1615713,BIT,1
1770606769.1615713,BIT,1
1770606769.1615713,BIT,1
1770606769.1615713,BIT,0
1770606769.3397908,BIT,0
1770606769.3397908,BIT,1
1770606769.3397908,BIT,1
1770606769.3397908,BIT,1
1770606769.3397908,BIT,0
1770606769.3397908,BIT,1
1770606769.3397908,BIT,1
1770606769.3397908,BIT,0
1770606769.3397908,BIT,1
1770606769.3397908,BIT,0
1770606769.5202339,BIT,0
1770606769.5202339,BIT,1
1770606769.5202339,BIT,0
1770606769.5202339,BIT,1
1770606769.5202339,BIT,0
1770606769.5202339,BIT,0
1770606769.5202339,BIT,1
1770606769.5202339,BIT,1
1770606769.5202339,BIT,0
1770606769.5202339,BIT,0
1770606769.6904473,BIT,0
1770606769.6904473,BIT,1
1770606769.6904473,BIT,0
1770606769.6904473,BIT,1
1770606769.6904473,BIT,1
1770606769.6904473,BIT,1
1770606769.6904473,BIT,0
1770606769.6904473,BIT,1
1770606769.6904473,BIT,1
1770606769.6904473,BIT,1
1770606769.862425,BIT,1
1770606769.862425,BIT,1
1770606769.862425,BIT,1
1770606769.862425,BIT,1
1770606769.862425,BIT,1
1770606769.862425,BIT,1
1770606769.862425,BIT,1
1770606769.862425,BIT,1
1770606769.862425,BIT,1
1770606769.862425,BIT,1
1770606770.04904,BIT,1
1770606770.04904,BIT,1
1770606770.04904,BIT,0
1770606770.04904,BIT,1
1770606770.04904,BIT,0
1770606770.04904,BIT,1
1770606770.04904,BIT,0
1770606770.04904,BIT,1
1770606770.04904,BIT,0
1770606770.04904,BIT,0
1770606770.2288406,BIT,0
1770606770.2288406,BIT,1
1770606770.2288406,BIT,1
1770606770.2288406,BIT,1
1770606770.2288406,BIT,1
1770606770.2288406,BIT,0
1770606770.2288406,BIT,0
1770606770.2288406,BIT,1
1770606770.2288406,BIT,0
1770606770.2288406,BIT,1
1770606770.4125783,BIT,0
1770606770.4125783,BIT,0
1770606770.4125783,BIT,1
1770606770.4125783,BIT,1
1770606770.4125783,BIT,1
1770606770.4125783,BIT,0
1770606770.4125783,BIT,1
1770606770.4125783,BIT,0
1770606770.4125783,BIT,0
1770606770.4125783,BIT,1
1770606770.5954616,BIT,1
1770606770.5954616,BIT,0
1770606770.5954616,BIT,0
1770606770.5954616,BIT,0
1770606770.5954616,BIT,1
1770606770.5954616,BIT,1
1770606770.5954616,BIT,1
1770606770.5954616,BIT,0
1770606770.5954616,BIT,0
1770606770.5954616,BIT,1
1770606770.7749507,BIT,0
1770606770.7749507,BIT,0
1770606770.7749507,BIT,0
1770606770.7749507,BIT,1
1770606770.7749507,BIT,1
1770606770.7749507,BIT,1
1770606770.7749507,BIT,1
1770606770.7749507,BIT,1
1770606770.7749507,BIT,1
1770606770.7749507,BIT,0
1770606770.9553485,BIT,1
1770606770.9553485,BIT,0
1770606770.9553485,BIT,0
1770606770.9553485,BIT,1
1770606770.9553485,BIT,0
1770606770.9553485,BIT,0
1770606770.9553485,BIT,1
1770606770.9553485,BIT,1
1770606770.9553485,BIT,0
1770606770.9553485,BIT,1
1770606771.133663,BIT,0
1770606771.133663,BIT,1
1770606771.133663,BIT,1
1770606771.133663,BIT,1
1770606771.133663,BIT,1
1770606771.133663,BIT,0
1770606771.133663,BIT,1
1770606771.133663,BIT,1
1770606771.133663,BIT,1
1770606771.133663,BIT,0
1770606771.3100564,BIT,1
1770606771.3100564,BIT,0
1770606771.3100564,BIT,1
1770606771.3100564,BIT,1
1770606771.3100564,BIT,1
1770606771.3100564,BIT,0
1770606771.3100564,BIT,1
1770606771.3100564,BIT,1
1770606771.3100564,BIT,1
1770606771.3100564,BIT,0
1770606771.5472662,BIT,0
1770606771.5472662,BIT,0
1770606771.5472662,BIT,0
1770606771.5472662,BIT,0
1770606771.5472662,BIT,1
1770606771.5472662,BIT,1
1770606771.5472662,BIT,0
1770606771.5472662,BIT,1
1770606771.5472662,BIT,1
1770606771.5472662,BIT,1
1770606771.7768097,BIT,1
1770606771.7768097,BIT,1
1770606771.7768097,BIT,1
1770606771.7768097,BIT,1
1770606771.7768097,BIT,1
1770606771.7768097,BIT,0
1770606771.7768097,BIT,1
1770606771.7768097,BIT,1
1770606771.7768097,BIT,0
1770606771.7768097,BIT,0
1770606771.9720426,BIT,1
1770606771.9720426,BIT,0
1770606771.9720426,BIT,1
1770606771.9720426,BIT,0
1770606771.9720426,BIT,0
1770606771.9720426,BIT,0
1770606771.9720426,BIT,1
1770606771.9720426,BIT,0
1770606771.9720426,BIT,1
1770606771.9720426,BIT,1
1770606772.1636388,BIT,0
1770606772.1636388,BIT,0
1770606772.1636388,BIT,0
1770606772.1636388,BIT,1
1770606772.1636388,BIT,0
1770606772.1636388,BIT,0
1770606772.1636388,BIT,0
1770606772.1636388,BIT,0
1770606772.1636388,BIT,1
1770606772.1636388,BIT,1
1770606772.3952677,BIT,0
1770606772.3952677,BIT,0
1770606772.3952677,BIT,0
1770606772.3952677,BIT,1
1770606772.3952677,BIT,0
1770606772.3952677,BIT,0
1770606772.3952677,BIT,1
1770606772.3952677,BIT,0
1770606772.3952677,BIT,0
1770606772.3952677,BIT,1
1770606772.5775769,BIT,1
1770606772.5775769,BIT,0
1770606772.5775769,BIT,0
1770606772.5775769,BIT,0
1770606772.5775769,BIT,0
1770606772.5775769,BIT,1
1770606772.5775769,BIT,1
1770606772.5775769,BIT,1
1770606772.5775769,BIT,1
1770606772.5775769,BIT,0
1770606772.7578576,BIT,1
1770606772.7578576,BIT,0
1770606772.7578576,BIT,0
1770606772.7578576,BIT,1
1770606772.7578576,BIT,1
1770606772.7578576,BIT,1
1770606772.7578576,BIT,1
1770606772.7578576,BIT,0
1770606772.7578576,BIT,1
1770606772.7578576,BIT,1
1770606772.9575913,BIT,0
1770606772.9575913,BIT,1
1770606772.9575913,BIT,0
1770606772.9575913,BIT,0
1770606772.9575913,BIT,1
1770606772.9575913,BIT,0
1770606772.9575913,BIT,0
1770606772.9575913,BIT,0
1770606772.9575913,BIT,0
1770606772.9575913,BIT,1
1770606773.1567307,BIT,1
1770606773.1567307,BIT,0
1770606773.1567307,BIT,1
1770606773.1567307,BIT,0
1770606773.1567307,BIT,0
1770606773.1567307,BIT,1
1770606773.1567307,BIT,1
1770606773.1567307,BIT,1
1770606773.1567307,BIT,0
1770606773.1567307,BIT,0
1770606773.3481822,BIT,0
1770606773.3481822,BIT,0
1770606773.3481822,BIT,1
1770606773.3481822,BIT,0
1770606773.3481822,BIT,0
1770606773.3481822,BIT,1
1770606773.3481822,BIT,1
1770606773.3481822,BIT,1
1770606773.3481822,BIT,1
1770606773.3481822,BIT,1
1770606773.545699,BIT,1
1770606773.545699,BIT,1
1770606773.545699,BIT,1
1770606773.545699,BIT,1
1770606773.545699,BIT,0
1770606773.545699,BIT,0
1770606773.545699,BIT,0
1770606773.545699,BIT,0
1770606773.545699,BIT,1
1770606773.545699,BIT,1
1770606773.7119634,BIT,0
1770606773.7119634,BIT,1
1770606773.7119634,BIT,1
1770606773.7119634,BIT,1
1770606773.7119634,BIT,0
1770606773.7119634,BIT,1
1770606773.7119634,BIT,0
1770606773.7119634,BIT,1
1770606773.7119634,BIT,1
1770606773.7119634,BIT,1
1770606773.9086828,BIT,1
1770606773.9086828,BIT,0
1770606773.9086828,BIT,0
1770606773.9086828,BIT,0
1770606773.9086828,BIT,0
1770606773.9086828,BIT,0
1770606773.9086828,BIT,0
1770606773.9086828,BIT,0
1770606773.9086828,BIT,1
1770606773.9086828,BIT,1
1770606774.0950344,BIT,1
1770606774.0950344,BIT,1
1770606774.0950344,BIT,0
1770606774.0950344,BIT,0
1770606774.0950344,BIT,0
1770606774.0950344,BIT,0
1770606774.0950344,BIT,1
1770606774.0950344,BIT,1
1770606774.0950344,BIT,0
1770606774.0950344,BIT,1
1770606774.2734263,BIT,0
1770606774.2734263,BIT,0
1770606774.2734263,BIT,0
1770606774.2734263,BIT,1
1770606774.2734263,BIT,1
1770606774.2734263,BIT,1
1770606774.2734263,BIT,1
1770606774.2734263,BIT,1
1770606774.2734263,BIT,0
1770606774.2734263,BIT,1
1770606774.4658494,BIT,1
1770606774.4658494,BIT,0
1770606774.4658494,BIT,0
1770606774.4658494,BIT,0
1770606774.4658494,BIT,1
1770606774.4658494,BIT,0
1770606774.4658494,BIT,1
1770606774.4658494,BIT,0
1770606774.4658494,BIT,0
1770606774.4658494,BIT,0
1770606774.648289,BIT,0
1770606774.648289,BIT,1
1770606774.648289,BIT,1
1770606774.648289,BIT,0
1770606774.648289,BIT,0
1770606774.648289,BIT,1
1770606774.648289,BIT,0
1770606774.648289,BIT,0
1770606774.648289,BIT,1
1770606774.648289,BIT,0
1770606774.8284612,BIT,1
1770606774.8284612,BIT,0
1770606774.8284612,BIT,1
1770606774.8284612,BIT,1
1770606774.8284612,BIT,1
1770606774.8284612,BIT,0
1770606774.8284612,BIT,0
1770606774.8284612,BIT,0
1770606774.8284612,BIT,0
1770606774.8284612,BIT,1
1770606775.009212,BIT,1
1770606775.009212,BIT,0
1770606775.009212,BIT,0
1770606775.009212,BIT,0
1770606775.009212,BIT,1
1770606775.009212,BIT,0
1770606775.009212,BIT,1
1770606775.009212,BIT,0
1770606775.009212,BIT,1
1770606775.009212,BIT,0
1770606775.1776297,BIT,0
1770606775.1776297,BIT,1
1770606775.1776297,BIT,1
1770606775.1776297,BIT,1
1770606775.1776297,BIT,1
1770606775.1776297,BIT,0
1770606775.1776297,BIT,0
1770606775.1776297,BIT,1
1770606775.1776297,BIT,1
1770606775.1776297,BIT,0
1770606775.3634944,BIT,1
1770606775.3634944,BIT,0
1770606775.3634944,BIT,0
1770606775.3634944,BIT,0
1770606775.3634944,BIT,0
1770606775.3634944,BIT,1
1770606775.3634944,BIT,1
1770606775.3634944,BIT,0
1770606775.3634944,BIT,1
1770606775.3634944,BIT,1
1770606775.5359237,BIT,1
1770606775.5359237,BIT,0
1770606775.5359237,BIT,0
1770606775.5359237,BIT,1
1770606775.5359237,BIT,0
1770606775.5359237,BIT,0
1770606775.5359237,BIT,1
1770606775.5359237,BIT,1
1770606775.5359237,BIT,0
1770606775.5359237,BIT,0
1770606775.706538,BIT,1
1770606775.706538,BIT,1
1770606775.706538,BIT,0
1770606775.706538,BIT,0
1770606775.706538,BIT,1
1770606775.706538,BIT,1
1770606775.706538,BIT,1
1770606775.706538,BIT,0
1770606775.706538,BIT,1
1770606775.706538,BIT,0
1770606775.9010537,BIT,1
1770606775.9010537,BIT,1
1770606775.9010537,BIT,1
1770606775.9010537,BIT,1
1770606775.9010537,BIT,0
1770606775.9010537,BIT,1
1770606775.9010537,BIT,0
1770606775.9010537,BIT,0
1770606775.9010537,BIT,0
1770606775.9010537,BIT,0
1770606776.0856216,BIT,1
1770606776.0856216,BIT,0
1770606776.0856216,BIT,0
1770606776.0856216,BIT,0
1770606776.0856216,BIT,0
1770606776.0856216,BIT,1
1770606776.0856216,BIT,0
1770606776.0856216,BIT,0
1770606776.0856216,BIT,1
1770606776.0856216,BIT,1
1770606776.2643802,BIT,0
1770606776.2643802,BIT,1
1770606776.2643802,BIT,1
1770606776.2643802,BIT,0
1770606776.2643802,BIT,0
1770606776.2643802,BIT,0
1770606776.2643802,BIT,0
1770606776.2643802,BIT,0
1770606776.2643802,BIT,0
1770606776.2643802,BIT,1
1770606776.461596,BIT,0
1770606776.461596,BIT,0
1770606776.461596,BIT,0
1770606776.461596,BIT,0
1770606776.461596,BIT,1
1770606776.461596,BIT,1
1770606776.461596,BIT,1
1770606776.461596,BIT,1
1770606776.461596,BIT,0
1770606776.461596,BIT,1
1770606776.6512966,BIT,1
1770606776.6512966,BIT,0
1770606776.6512966,BIT,1
1770606776.6512966,BIT,1
1770606776.6512966,BIT,0
1770606776.6512966,BIT,1
1770606776.6512966,BIT,0
1770606776.6512966,BIT,0
1770606776.6512966,BIT,0
1770606776.6512966,BIT,0
1770606776.851386,BIT,0
1770606776.851386,BIT,1
1770606776.851386,BIT,0
1770606776.851386,BIT,1
1770606776.851386,BIT,1
1770606776.851386,BIT,1
1770606776.851386,BIT,0
1770606776.851386,BIT,1
1770606776.851386,BIT,1
1770606776.851386,BIT,0
1770606777.0511777,BIT,0
1770606777.0511777,BIT,0
1770606777.0511777,BIT,1
1770606777.0511777,BIT,0
1770606777.0511777,BIT,0
1770606777.0511777,BIT,1
1770606777.0511777,BIT,1
1770606777.0511777,BIT,0
1770606777.0511777,BIT,1
1770606777.0511777,BIT,0
1770606777.2395918,BIT,1
1770606777.2395918,BIT,1
1770606777.2395918,BIT,0
1770606777.2395918,BIT,0
1770606777.2395918,BIT,0
1770606777.2395918,BIT,0
1770606777.2395918,BIT,0
1770606777.2395918,BIT,1
1770606777.2395918,BIT,0
1770606777.2395918,BIT,0
1770606777.4528968,BIT,0
1770606777.4528968,BIT,1
1770606777.4528968,BIT,1
1770606777.4528968,BIT,1
1770606777.4528968,BIT,0
1770606777.4528968,BIT,1
1770606777.4528968,BIT,1
1770606777.4528968,BIT,1
1770606777.4528968,BIT,1
1770606777.4528968,BIT,0
1770606777.6301372,BIT,1
1770606777.6301372,BIT,0
1770606777.6301372,BIT,0
1770606777.6301372,BIT,0
1770606777.6301372,BIT,1
1770606777.6301372,BIT,0
1770606777.6301372,BIT,0
1770606777.6301372,BIT,0
1770606777.6301372,BIT,1
1770606777.6301372,BIT,0
1770606777.8107076,BIT,0
1770606777.8107076,BIT,0
1770606777.8107076,BIT,0
1770606777.8107076,BIT,1
1770606777.8107076,BIT,1
1770606777.8107076,BIT,0
1770606777.8107076,BIT,1
1770606777.8107076,BIT,0
1770606777.8107076,BIT,0
1770606777.8107076,BIT,1
1770606778.0063288,BIT,1
1770606778.0063288,BIT,1
1770606778.0063288,BIT,0
1770606778.0063288,BIT,1
1770606778.0063288,BIT,1
1770606778.0063288,BIT,1
1770606778.0063288,BIT,1
1770606778.0063288,BIT,1
1770606778.0063288,BIT,0
1770606778.0063288,BIT,0
1770606778.1741407,BIT,0
1770606778.1741407,BIT,1
1770606778.1741407,BIT,1
1770606778.1741407,BIT,0
1770606778.1741407,BIT,1
1770606778.1741407,BIT,0
1770606778.1741407,BIT,0
1770606778.1741407,BIT,1
1770606778.1741407,BIT,0
1770606778.1741407,BIT,1
1770606778.349217,BIT,1
1770606778.349217,BIT,0
1770606778.349217,BIT,0
1770606778.349217,BIT,0
1770606778.349217,BIT,0
1770606778.349217,BIT,1
1770606778.349217,BIT,1
1770606778.349217,BIT,0
1770606778.349217,BIT,0
1770606778.349217,BIT,1
1770606778.5434752,BIT,1
1770606778.5434752,BIT,0
1770606778.5434752,BIT,1
1770606778.5434752,BIT,1
1770606778.5434752,BIT,0
1770606778.5434752,BIT,1
1770606778.5434752,BIT,1
1770606778.5434752,BIT,0
1770606778.5434752,BIT,0
1770606778.5434752,BIT,1
1770606778.7242572,BIT,0
1770606778.7242572,BIT,0
1770606778.7242572,BIT,1
1770606778.7242572,BIT,1
1770606778.7242572,BIT,1
1770606778.7242572,BIT,0
1770606778.7242572,BIT,0
1770606778.7242572,BIT,1
1770606778.7242572,BIT,1
1770606778.7242572,BIT,1
1770606778.9198043,BIT,1
1770606778.9198043,BIT,0
1770606778.9198043,BIT,1
1770606778.9198043,BIT,1
1770606778.9198043,BIT,0
1770606778.9198043,BIT,1
1770606778.9198043,BIT,1
1770606778.9198043,BIT,1
1770606778.9198043,BIT,1
1770606778.9198043,BIT,1
1770606779.1008513,BIT,0
1770606779.1008513,BIT,0
1770606779.1008513,BIT,1
1770606779.1008513,BIT,0
1770606779.1008513,BIT,0
1770606779.1008513,BIT,1
1770606779.1008513,BIT,0
1770606779.1008513,BIT,1
1770606779.1008513,BIT,1
1770606779.1008513,BIT,1
1770606779.2793975,BIT,0
1770606779.2793975,BIT,0
1770606779.2793975,BIT,1
1770606779.2793975,BIT,1
1770606779.2793975,BIT,1
1770606779.2793975,BIT,1
1770606779.2793975,BIT,0
1770606779.2793975,BIT,0
1770606779.2793975,BIT,0
1770606779.2793975,BIT,1
1770606779.4726474,BIT,1
1770606779.4726474,BIT,0
1770606779.4726474,BIT,0
1770606779.4726474,BIT,1
1770606779.4726474,BIT,1
1770606779.4726474,BIT,1
1770606779.4726474,BIT,1
1770606779.4726474,BIT,0
1770606779.4726474,BIT,1
1770606779.4726474,BIT,1
1770606779.6596632,BIT,0
1770606779.6596632,BIT,0
1770606779.6596632,BIT,1
1770606779.6596632,BIT,0
1770606779.6596632,BIT,1
1770606779.6596632,BIT,1
1770606779.6596632,BIT,1
1770606779.6596632,BIT,0
1770606779.6596632,BIT,1
1770606779.6596632,BIT,0
1770606779.8549953,BIT,1
1770606779.8549953,BIT,0
1770606779.8549953,BIT,1
1770606779.8549953,BIT,1
1770606779.8549953,BIT,1
1770606779.8549953,BIT,1
1770606779.8549953,BIT,0
1770606779.8549953,BIT,1
1770606779.8549953,BIT,0
1770606779.8549953,BIT,0
1770606780.0364075,BIT,1
1770606780.0364075,BIT,1
1770606780.0364075,BIT,1
1770606780.0364075,BIT,0
1770606780.0364075,BIT,1
1770606780.0364075,BIT,0
1770606780.0364075,BIT,1
1770606780.0364075,BIT,1
1770606780.0364075,BIT,0
1770606780.0364075,BIT,0
1770606780.220494,BIT,0
1770606780.220494,BIT,1
1770606780.220494,BIT,1
1770606780.220494,BIT,1
1770606780.220494,BIT,0
1770606780.220494,BIT,0
1770606780.220494,BIT,1
1770606780.220494,BIT,1
1770606780.220494,BIT,1
1770606780.220494,BIT,0
1770606780.4146867,BIT,0
1770606780.4146867,BIT,1
1770606780.4146867,BIT,0
1770606780.4146867,BIT,1
1770606780.4146867,BIT,1
1770606780.4146867,BIT,1
1770606780.4146867,BIT,1
1770606780.4146867,BIT,0
1770606780.4146867,BIT,0
1770606780.4146867,BIT,1
1770606780.5854332,BIT,1
1770606780.5854332,BIT,0
1770606780.5854332,BIT,1
1770606780.5854332,BIT,1
1770606780.5854332,BIT,0
1770606780.5854332,BIT,1
1770606780.5854332,BIT,1
1770606780.5854332,BIT,1
1770606780.5854332,BIT,1
1770606780.5854332,BIT,0
1770606780.7791352,BIT,0
1770606780.7791352,BIT,1
1770606780.7791352,BIT,1
1770606780.7791352,BIT,0
1770606780.7791352,BIT,0
1770606780.7791352,BIT,1
1770606780.7791352,BIT,0
1770606780.7791352,BIT,0
1770606780.7791352,BIT,1
1770606780.7791352,BIT,1
1770606780.9602573,BIT,0
1770606780.9602573,BIT,0
1770606780.9602573,BIT,0
1770606780.9602573,BIT,0
1770606780.9602573,BIT,1
1770606780.9602573,BIT,0
1770606780.9602573,BIT,0
1770606780.9602573,BIT,1
1770606780.9602573,BIT,0
1770606780.9602573,BIT,1
1770606781.1318226,BIT,1
1770606781.1318226,BIT,1
1770606781.1318226,BIT,1
1770606781.1318226,BIT,1
1770606781.1318226,BIT,0
1770606781.1318226,BIT,1
1770606781.1318226,BIT,0
1770606781.1318226,BIT,0
1770606781.1318226,BIT,1
1770606781.1318226,BIT,0
1770606781.314379,BIT,1
1770606781.314379,BIT,0
1770606781.314379,BIT,0
1770606781.314379,BIT,0
1770606781.314379,BIT,0
1770606781.314379,BIT,0
1770606781.314379,BIT,1
1770606781.314379,BIT,1
1770606781.314379,BIT,0
1770606781.314379,BIT,0
1770606781.499632,BIT,0
1770606781.499632,BIT,0
1770606781.499632,BIT,1
1770606781.499632,BIT,1
1770606781.499632,BIT,1
1770606781.499632,BIT,1
1770606781.499632,BIT,0
1770606781.499632,BIT,0
1770606781.499632,BIT,0
1770606781.499632,BIT,1
1770606781.6694713,BIT,0
1770606781.6694713,BIT,0
1770606781.6694713,BIT,0
1770606781.6694713,BIT,1
1770606781.6694713,BIT,1
1770606781.6694713,BIT,0
1770606781.6694713,BIT,1
1770606781.6694713,BIT,0
1770606781.6694713,BIT,1
1770606781.6694713,BIT,0
1770606781.8504286,BIT,1
1770606781.8504286,BIT,1
1770606781.8504286,BIT,1
1770606781.8504286,BIT,0
1770606781.8504286,BIT,0
1770606781.8504286,BIT,1
1770606781.8504286,BIT,0
1770606781.8504286,BIT,0
1770606781.8504286,BIT,0
1770606781.8504286,BIT,1
1770606782.0334194,BIT,1
1770606782.0334194,BIT,1
1770606782.0334194,BIT,1
1770606782.0334194,BIT,0
1770606782.0334194,BIT,0
1770606782.0334194,BIT,1
1770606782.0334194,BIT,0
1770606782.0334194,BIT,0
1770606782.0334194,BIT,1
1770606782.0334194,BIT,1
1770606782.1991007,BIT,1
1770606782.1991007,BIT,1
1770606782.1991007,BIT,1
1770606782.1991007,BIT,0
1770606782.1991007,BIT,0
1770606782.1991007,BIT,0
1770606782.1991007,BIT,1
1770606782.1991007,BIT,1
1770606782.1991007,BIT,0
1770606782.1991007,BIT,1
1770606782.3747938,BIT,1
1770606782.3747938,BIT,1
1770606782.3747938,BIT,1
1770606782.3747938,BIT,1
1770606782.3747938,BIT,1
1770606782.3747938,BIT,0
1770606782.3747938,BIT,1
1770606782.3747938,BIT,0
1770606782.3747938,BIT,0
1770606782.3747938,BIT,1
1770606782.5489304,BIT,0
1770606782.5489304,BIT,1
1770606782.5489304,BIT,0
1770606782.5489304,BIT,0
1770606782.5489304,BIT,0
1770606782.5489304,BIT,0
1770606782.5489304,BIT,0
1770606782.5489304,BIT,0
1770606782.5489304,BIT,1
1770606782.5489304,BIT,0
1770606782.81502,BIT,1
1770606782.81502,BIT,1
1770606782.81502,BIT,1
1770606782.81502,BIT,1
1770606782.81502,BIT,0
1770606782.81502,BIT,0
1770606782.81502,BIT,0
1770606782.81502,BIT,0
1770606782.81502,BIT,0
1770606782.81502,BIT,1
1770606783.0167332,BIT,1
1770606783.0167332,BIT,0
1770606783.0167332,BIT,1
1770606783.0167332,BIT,0
1770606783.0167332,BIT,0
1770606783.0167332,BIT,1
1770606783.0167332,BIT,1
1770606783.0167332,BIT,1
1770606783.0167332,BIT,1
1770606783.0167332,BIT,0
1770606783.2036695,BIT,0
1770606783.2036695,BIT,1
1770606783.2036695,BIT,0
1770606783.2036695,BIT,1
1770606783.2036695,BIT,1
1770606783.2036695,BIT,0
1770606783.2036695,BIT,0
1770606783.2036695,BIT,1
1770606783.2036695,BIT,1
1770606783.2036695,BIT,1
1770606783.3966193,BIT,1
1770606783.3966193,BIT,1
1770606783.3966193,BIT,0
1770606783.3966193,BIT,0
1770606783.3966193,BIT,1
1770606783.3966193,BIT,1
1770606783.3966193,BIT,0
1770606783.3966193,BIT,1
1770606783.3966193,BIT,1
1770606783.3966193,BIT,1
1770606783.5733721,BIT,1
1770606783.5733721,BIT,1
1770606783.5733721,BIT,1
1770606783.5733721,BIT,1
1770606783.5733721,BIT,0
1770606783.5733721,BIT,1
1770606783.5733721,BIT,0
1770606783.5733721,BIT,0
1770606783.5733721,BIT,0
1770606783.5733721,BIT,0
1770606783.7496474,BIT,1
1770606783.7496474,BIT,1
1770606783.7496474,BIT,0
1770606783.7496474,BIT,0
1770606783.7496474,BIT,1
1770606783.7496474,BIT,0
1770606783.7496474,BIT,0
1770606783.7496474,BIT,1
1770606783.7496474,BIT,0
1770606783.7496474,BIT,1
1770606783.95089,BIT,0
1770606783.95089,BIT,0
1770606783.95089,BIT,1
1770606783.95089,BIT,1
1770606783.95089,BIT,0
1770606783.95089,BIT,1
1770606783.95089,BIT,1
1770606783.95089,BIT,0
1770606783.95089,BIT,1
1770606783.95089,BIT,1
1770606784.1359625,BIT,0
1770606784.1359625,BIT,1
1770606784.1359625,BIT,0
1770606784.1359625,BIT,1
1770606784.1359625,BIT,0
1770606784.1359625,BIT,0
1770606784.1359625,BIT,1
1770606784.1359625,BIT,0
1770606784.1359625,BIT,1
1770606784.1359625,BIT,0
1770606784.315615,BIT,0
1770606784.315615,BIT,1
1770606784.315615,BIT,0
1770606784.315615,BIT,0
1770606784.315615,BIT,0
1770606784.315615,BIT,0
1770606784.315615,BIT,0
1770606784.315615,BIT,1
1770606784.315615,BIT,1
1770606784.315615,BIT,1
1770606784.5149715,BIT,0
1770606784.5149715,BIT,1
1770606784.5149715,BIT,0
1770606784.5149715,BIT,0
1770606784.5149715,BIT,1
1770606784.5149715,BIT,1
1770606784.5149715,BIT,0
1770606784.5149715,BIT,0
1770606784.5149715,BIT,0
1770606784.5149715,BIT,0
1770606784.676853,BIT,1
1770606784.676853,BIT,0
1770606784.676853,BIT,0
1770606784.676853,BIT,1
1770606784.676853,BIT,1
1770606784.676853,BIT,0
1770606784.676853,BIT,1
1770606784.676853,BIT,1
1770606784.676853,BIT,0
1770606784.676853,BIT,0
1770606784.8562615,BIT,0
1770606784.8562615,BIT,0
1770606784.8562615,BIT,1
1770606784.8562615,BIT,0
1770606784.8562615,BIT,0
1770606784.8562615,BIT,0
1770606784.8562615,BIT,1
1770606784.8562615,BIT,0
1770606784.8562615,BIT,0
1770606784.8562615,BIT,1
1770606785.044536,BIT,0
1770606785.044536,BIT,1
1770606785.044536,BIT,1
1770606785.044536,BIT,1
1770606785.044536,BIT,0
1770606785.044536,BIT,0
1770606785.044536,BIT,1
1770606785.044536,BIT,1
1770606785.044536,BIT,0
1770606785.044536,BIT,0
1770606785.2268991,BIT,1
1770606785.2268991,BIT,0
1770606785.2268991,BIT,0
1770606785.2268991,BIT,0
1770606785.2268991,BIT,1
1770606785.2268991,BIT,1
1770606785.2268991,BIT,0
1770606785.2268991,BIT,0
1770606785.2268991,BIT,0
1770606785.2268991,BIT,0
1770606785.4171045,BIT,0
1770606785.4171045,BIT,0
1770606785.4171045,BIT,0
1770606785.4171045,BIT,0
1770606785.4171045,BIT,0
1770606785.4171045,BIT,0
1770606785.4171045,BIT,1
1770606785.4171045,BIT,1
1770606785.4171045,BIT,0
1770606785.4171045,BIT,0
1770606785.601135,BIT,1
1770606785.601135,BIT,1
1770606785.601135,BIT,1
1770606785.601135,BIT,1
1770606785.601135,BIT,0
1770606785.601135,BIT,0
1770606785.601135,BIT,0
1770606785.601135,BIT,0
1770606785.601135,BIT,1
1770606785.601135,BIT,0
1770606785.7831578,BIT,1
1770606785.7831578,BIT,1
1770606785.7831578,BIT,1
1770606785.7831578,BIT,0
1770606785.7831578,BIT,1
1770606785.7831578,BIT,1
1770606785.7831578,BIT,1
1770606785.7831578,BIT,1
1770606785.7831578,BIT,1
1770606785.7831578,BIT,0
1770606785.9807558,BIT,0
1770606785.9807558,BIT,0
1770606785.9807558,BIT,1
1770606785.9807558,BIT,1
1770606785.9807558,BIT,1
1770606785.9807558,BIT,1
1770606785.9807558,BIT,1
1770606785.9807558,BIT,1
1770606785.9807558,BIT,0
1770606785.9807558,BIT,1
1770606786.160601,BIT,0
1770606786.160601,BIT,0
1770606786.160601,BIT,1
1770606786.160601,BIT,1
1770606786.160601,BIT,0
1770606786.160601,BIT,0
1770606786.160601,BIT,0
1770606786.160601,BIT,0
1770606786.160601,BIT,1
1770606786.160601,BIT,0
1770606786.3336332,BIT,0
1770606786.3336332,BIT,1
1770606786.3336332,BIT,1
1770606786.3336332,BIT,1
1770606786.3336332,BIT,0
1770606786.3336332,BIT,1
1770606786.3336332,BIT,1
1770606786.3336332,BIT,0
1770606786.3336332,BIT,0
1770606786.3336332,BIT,0
1770606786.529912,BIT,0
1770606786.529912,BIT,1
1770606786.529912,BIT,0
1770606786.529912,BIT,0
1770606786.529912,BIT,0
1770606786.529912,BIT,1
1770606786.529912,BIT,0
1770606786.529912,BIT,1
1770606786.529912,BIT,1
1770606786.529912,BIT,1
1770606786.701297,BIT,0
1770606786.701297,BIT,0
1770606786.701297,BIT,1
1770606786.701297,BIT,0
1770606786.701297,BIT,0
1770606786.701297,BIT,0
1770606786.701297,BIT,1
1770606786.701297,BIT,1
1770606786.701297,BIT,0
1770606786.701297,BIT,1
1770606786.9194272,BIT,0
1770606786.9194272,BIT,0
1770606786.9194272,BIT,0
1770606786.9194272,BIT,0
1770606786.9194272,BIT,1
1770606786.9194272,BIT,1
1770606786.9194272,BIT,1
1770606786.9194272,BIT,0
1770606786.9194272,BIT,1
1770606786.9194272,BIT,1
1770606787.1047962,BIT,0
1770606787.1047962,BIT,0
1770606787.1047962,BIT,0
1770606787.1047962,BIT,1
1770606787.1047962,BIT,1
1770606787.1047962,BIT,1
1770606787.1047962,BIT,0
1770606787.1047962,BIT,0
1770606787.1047962,BIT,0
1770606787.1047962,BIT,1
1770606787.289264,BIT,1
1770606787.289264,BIT,0
1770606787.289264,BIT,0
1770606787.289264,BIT,1
1770606787.289264,BIT,1
1770606787.289264,BIT,1
1770606787.289264,BIT,1
1770606787.289264,BIT,1
1770606787.289264,BIT,1
1770606787.289264,BIT,0
1770606787.4782312,BIT,1
1770606787.4782312,BIT,0
1770606787.4782312,BIT,1
1770606787.4782312,BIT,1
1770606787.4782312,BIT,0
1770606787.4782312,BIT,0
1770606787.4782312,BIT,0
1770606787.4782312,BIT,0
1770606787.4782312,BIT,0
1770606787.4782312,BIT,0
1770606787.6540236,BIT,0
1770606787.6540236,BIT,1
1770606787.6540236,BIT,0
1770606787.6540236,BIT,0
1770606787.6540236,BIT,1
1770606787.6540236,BIT,0
1770606787.6540236,BIT,1
1770606787.6540236,BIT,0
1770606787.6540236,BIT,0
1770606787.6540236,BIT,1
1770606787.8323328,BIT,0
1770606787.8323328,BIT,0
1770606787.8323328,BIT,0
1770606787.8323328,BIT,0
1770606787.8323328,BIT,0
1770606787.8323328,BIT,0
1770606787.8323328,BIT,1
1770606787.8323328,BIT,1
1770606787.8323328,BIT,1
1770606787.8323328,BIT,0
1770606788.0232234,BIT,1
1770606788.0232234,BIT,0
1770606788.0232234,BIT,0
1770606788.0232234,BIT,0
1770606788.0232234,BIT,1
1770606788.0232234,BIT,0
1770606788.0232234,BIT,0
1770606788.0232234,BIT,0
1770606788.0232234,BIT,1
1770606788.0232234,BIT,1
1770606788.1997304,BIT,1
1770606788.1997304,BIT,0
1770606788.1997304,BIT,1
1770606788.1997304,BIT,0
1770606788.1997304,BIT,0
1770606788.1997304,BIT,0
1770606788.1997304,BIT,0
1770606788.1997304,BIT,0
1770606788.1997304,BIT,0
1770606788.1997304,BIT,0
1770606788.376303,BIT,0
1770606788.376303,BIT,1
1770606788.376303,BIT,0
1770606788.376303,BIT,0
1770606788.376303,BIT,0
1770606788.376303,BIT,0
1770606788.376303,BIT,1
1770606788.376303,BIT,1
1770606788.376303,BIT,0
1770606788.376303,BIT,0
1770606788.563159,BIT,1
1770606788.563159,BIT,1
1770606788.563159,BIT,1
1770606788.563159,BIT,0
1770606788.563159,BIT,1
1770606788.563159,BIT,0
1770606788.563159,BIT,1
1770606788.563159,BIT,0
1770606788.563159,BIT,1
1770606788.563159,BIT,0
1770606788.733092,BIT,0
1770606788.733092,BIT,0
1770606788.733092,BIT,1
1770606788.733092,BIT,0
1770606788.733092,BIT,0
1770606788.733092,BIT,0
1770606788.733092,BIT,0
1770606788.733092,BIT,1
1770606788.733092,BIT,1
1770606788.733092,BIT,1
1770606788.9145036,BIT,1
1770606788.9145036,BIT,1
1770606788.9145036,BIT,1
1770606788.9145036,BIT,0
1770606788.9145036,BIT,0
1770606788.9145036,BIT,0
1770606788.9145036,BIT,1
1770606788.9145036,BIT,0
1770606788.9145036,BIT,1
1770606788.9145036,BIT,1
1770606789.0971386,BIT,1
1770606789.0971386,BIT,1
1770606789.0971386,BIT,1
1770606789.0971386,BIT,0
1770606789.0971386,BIT,1
1770606789.0971386,BIT,0
1770606789.0971386,BIT,0
1770606789.0971386,BIT,0
1770606789.0971386,BIT,1
1770606789.0971386,BIT,1
1770606789.2794774,BIT,1
1770606789.2794774,BIT,1
1770606789.2794774,BIT,1
1770606789.2794774,BIT,1
1770606789.2794774,BIT,0
1770606789.2794774,BIT,1
1770606789.2794774,BIT,0
1770606789.2794774,BIT,0
1770606789.2794774,BIT,0
1770606789.2794774,BIT,0
1770606789.4549243,BIT,0
1770606789.4549243,BIT,0
1770606789.4549243,BIT,0
1770606789.4549243,BIT,1
1770606789.4549243,BIT,0
1770606789.4549243,BIT,0
1770606789.4549243,BIT,0
1770606789.4549243,BIT,0
1770606789.4549243,BIT,0
1770606789.4549243,BIT,1
1770606789.6272235,BIT,1
1770606789.6272235,BIT,0
1770606789.6272235,BIT,0
1770606789.6272235,BIT,0
1770606789.6272235,BIT,0
1770606789.6272235,BIT,1
1770606789.6272235,BIT,1
1770606789.6272235,BIT,1
1770606789.6272235,BIT,1
1770606789.6272235,BIT,1
1770606789.8180993,BIT,1
1770606789.8180993,BIT,1
1770606789.8180993,BIT,0
1770606789.8180993,BIT,1
1770606789.8180993,BIT,0
1770606789.8180993,BIT,0
1770606789.8180993,BIT,0
1770606789.8180993,BIT,0
1770606789.8180993,BIT,1
1770606789.8180993,BIT,0
1770606790.0142202,BIT,1
1770606790.0142202,BIT,1
1770606790.0142202,BIT,0
1770606790.0142202,BIT,0
1770606790.0142202,BIT,1
1770606790.0142202,BIT,0
1770606790.0142202,BIT,1
1770606790.0142202,BIT,0
1770606790.0142202,BIT,1
1770606790.0142202,BIT,1
1770606790.1854782,BIT,0
1770606790.1854782,BIT,0
1770606790.1854782,BIT,1
1770606790.1854782,BIT,1
1770606790.1854782,BIT,1
1770606790.1854782,BIT,0
1770606790.1854782,BIT,0
1770606790.1854782,BIT,1
1770606790.1854782,BIT,1
1770606790.1854782,BIT,1
1770606790.362911,BIT,1
1770606790.362911,BIT,1
1770606790.362911,BIT,1
1770606790.362911,BIT,0
1770606790.362911,BIT,1
1770606790.362911,BIT,1
1770606790.362911,BIT,1
1770606790.362911,BIT,0
1770606790.362911,BIT,1
1770606790.362911,BIT,0
1770606790.549712,BIT,0
1770606790.549712,BIT,1
1770606790.549712,BIT,0
1770606790.549712,BIT,1
1770606790.549712,BIT,0
1770606790.549712,BIT,0
1770606790.549712,BIT,0
1770606790.549712,BIT,1
1770606790.549712,BIT,0
1770606790.549712,BIT,0
1770606790.724617,BIT,1
1770606790.724617,BIT,0
1770606790.724617,BIT,0
1770606790.724617,BIT,1
1770606790.724617,BIT,1
1770606790.724617,BIT,1
1770606790.724617,BIT,0
1770606790.724617,BIT,1
1770606790.724617,BIT,1
1770606790.724617,BIT,0
1770606790.9445398,BIT,1
1770606790.9445398,BIT,0
1770606790.9445398,BIT,1
1770606790.9445398,BIT,1
1770606790.9445398,BIT,0
1770606790.9445398,BIT,0
1770606790.9445398,BIT,1
1770606790.9445398,BIT,1
1770606790.9445398,BIT,0
1770606790.9445398,BIT,1
1770606791.1223652,BIT,1
1770606791.1223652,BIT,1
1770606791.1223652,BIT,0
1770606791.1223652,BIT,1
1770606791.1223652,BIT,0
1770606791.1223652,BIT,1
1770606791.1223652,BIT,1
1770606791.1223652,BIT,1
1770606791.1223652,BIT,1
1770606791.1223652,BIT,1
1770606791.3010778,BIT,1
1770606791.3010778,BIT,0
1770606791.3010778,BIT,0
1770606791.3010778,BIT,0
1770606791.3010778,BIT,0
1770606791.3010778,BIT,0
1770606791.3010778,BIT,1
1770606791.3010778,BIT,0
1770606791.3010778,BIT,1
1770606791.3010778,BIT,0
1770606791.4895213,BIT,1
1770606791.4895213,BIT,1
1770606791.4895213,BIT,1
1770606791.4895213,BIT,0
1770606791.4895213,BIT,1
1770606791.4895213,BIT,1
1770606791.4895213,BIT,1
1770606791.4895213,BIT,1
1770606791.4895213,BIT,1
1770606791.4895213,BIT,1
1770606791.6642776,BIT,0
1770606791.6642776,BIT,0
1770606791.6642776,BIT,0
1770606791.6642776,BIT,1
1770606791.6642776,BIT,0
1770606791.6642776,BIT,0
1770606791.6642776,BIT,1
1770606791.6642776,BIT,0
1770606791.6642776,BIT,0
1770606791.6642776,BIT,0
1770606791.8636403,BIT,0
1770606791.8636403,BIT,0
1770606791.8636403,BIT,0
1770606791.8636403,BIT,1
1770606791.8636403,BIT,0
1770606791.8636403,BIT,1
1770606791.8636403,BIT,1
1770606791.8636403,BIT,1
1770606791.8636403,BIT,1
1770606791.8636403,BIT,1
1770606792.0494804,BIT,1
1770606792.0494804,BIT,0
1770606792.0494804,BIT,0
1770606792.0494804,BIT,0
1770606792.0494804,BIT,0
1770606792.0494804,BIT,1
1770606792.0494804,BIT,1
1770606792.0494804,BIT,1
1770606792.0494804,BIT,0
1770606792.0494804,BIT,1
1770606792.2183487,BIT,0
1770606792.2183487,BIT,0
1770606792.2183487,BIT,0
1770606792.2183487,BIT,0
1770606792.2183487,BIT,1
1770606792.2183487,BIT,1
1770606792.2183487,BIT,0
1770606792.2183487,BIT,0
1770606792.2183487,BIT,0
1770606792.2183487,BIT,1
1770606792.4143977,BIT,0
1770606792.4143977,BIT,0
1770606792.4143977,BIT,0
1770606792.4143977,BIT,1
1770606792.4143977,BIT,1
1770606792.4143977,BIT,0
1770606792.4143977,BIT,0
1770606792.4143977,BIT,0
1770606792.4143977,BIT,1
1770606792.4143977,BIT,1
1770606792.5862825,BIT,1
1770606792.5862825,BIT,0
1770606792.5862825,BIT,1
1770606792.5862825,BIT,0
1770606792.5862825,BIT,1
1770606792.5862825,BIT,1
1770606792.5862825,BIT,1
1770606792.5862825,BIT,1
1770606792.5862825,BIT,0
1770606792.5862825,BIT,0
1770606792.7585492,BIT,0
1770606792.7585492,BIT,0
1770606792.7585492,BIT,0
1770606792.7585492,BIT,0
1770606792.7585492,BIT,0
1770606792.7585492,BIT,0
1770606792.7585492,BIT,1
1770606792.7585492,BIT,1
1770606792.7585492,BIT,0
1770606792.7585492,BIT,0
1770606792.972536,BIT,1
1770606792.972536,BIT,0
1770606792.972536,BIT,1
1770606792.972536,BIT,0
1770606792.972536,BIT,0
1770606792.972536,BIT,0
1770606792.972536,BIT,0
1770606792.972536,BIT,1
1770606792.972536,BIT,1
1770606792.972536,BIT,1
1770606793.145792,BIT,1
1770606793.145792,BIT,0
1770606793.145792,BIT,1
1770606793.145792,BIT,1
1770606793.145792,BIT,1
1770606793.145792,BIT,1
1770606793.145792,BIT,1
1770606793.145792,BIT,0
1770606793.145792,BIT,0
1770606793.145792,BIT,1
1770606793.329162,BIT,0
1770606793.329162,BIT,1
1770606793.329162,BIT,0
1770606793.329162,BIT,1
1770606793.329162,BIT,1
1770606793.329162,BIT,0
1770606793.329162,BIT,1
1770606793.329162,BIT,1
1770606793.329162,BIT,0
1770606793.329162,BIT,1
1770606793.5093894,BIT,1
1770606793.5093894,BIT,1
1770606793.5093894,BIT,1
1770606793.5093894,BIT,0
1770606793.5093894,BIT,1
1770606793.5093894,BIT,1
1770606793.5093894,BIT,0
1770606793.5093894,BIT,0
1770606793.5093894,BIT,0
1770606793.5093894,BIT,0
1770606793.6754985,BIT,1
1770606793.6754985,BIT,1
1770606793.6754985,BIT,0
1770606793.6754985,BIT,0
1770606793.6754985,BIT,0
1770606793.6754985,BIT,0
1770606793.6754985,BIT,1
1770606793.6754985,BIT,1
1770606793.6754985,BIT,0
1770606793.6754985,BIT,1
1770606793.8670344,BIT,1
1770606793.8670344,BIT,1
1770606793.8670344,BIT,1
1770606793.8670344,BIT,0
1770606793.8670344,BIT,1
1770606793.8670344,BIT,0
1770606793.8670344,BIT,1
1770606793.8670344,BIT,1
1770606793.8670344,BIT,0
1770606793.8670344,BIT,0
1770606794.0656133,BIT,1
1770606794.0656133,BIT,1
1770606794.0656133,BIT,0
1770606794.0656133,BIT,1
1770606794.0656133,BIT,0
1770606794.0656133,BIT,1
1770606794.0656133,BIT,0
1770606794.0656133,BIT,0
1770606794.0656133,BIT,0
1770606794.0656133,BIT,0
1770606794.2297716,BIT,1
1770606794.2297716,BIT,0
1770606794.2297716,BIT,1
1770606794.2297716,BIT,1
1770606794.2297716,BIT,1
1770606794.2297716,BIT,1
1770606794.2297716,BIT,1
1770606794.2297716,BIT,0
1770606794.2297716,BIT,1
1770606794.2297716,BIT,0
1770606794.407514,BIT,0
1770606794.407514,BIT,0
1770606794.407514,BIT,1
1770606794.407514,BIT,1
1770606794.407514,BIT,1
1770606794.407514,BIT,0
1770606794.407514,BIT,1
1770606794.407514,BIT,1
1770606794.407514,BIT,1
1770606794.407514,BIT,1
1770606794.5909834,BIT,0
1770606794.5909834,BIT,1
1770606794.5909834,BIT,1
1770606794.5909834,BIT,1
1770606794.5909834,BIT,0
1770606794.5909834,BIT,0
1770606794.5909834,BIT,0
1770606794.5909834,BIT,0
1770606794.5909834,BIT,1
1770606794.5909834,BIT,0
1770606794.7953572,BIT,0
1770606794.7953572,BIT,1
1770606794.7953572,BIT,0
1770606794.7953572,BIT,1
1770606794.7953572,BIT,1
1770606794.7953572,BIT,0
1770606794.7953572,BIT,1
1770606794.7953572,BIT,1
1770606794.7953572,BIT,0
1770606794.7953572,BIT,1
1770606794.9995625,BIT,1
1770606794.9995625,BIT,0
1770606794.9995625,BIT,1
1770606794.9995625,BIT,1
1770606794.9995625,BIT,1
1770606794.9995625,BIT,1
1770606794.9995625,BIT,0
1770606794.9995625,BIT,1
1770606794.9995625,BIT,0
1770606794.9995625,BIT,0
1770606795.1823857,BIT,1
1770606795.1823857,BIT,1
1770606795.1823857,BIT,0
1770606795.1823857,BIT,1
1770606795.1823857,BIT,1
1770606795.1823857,BIT,1
1770606795.1823857,BIT,1
1770606795.1823857,BIT,0
1770606795.1823857,BIT,1
1770606795.1823857,BIT,1
1770606795.3621385,BIT,0
1770606795.3621385,BIT,1
1770606795.3621385,BIT,1
1770606795.3621385,BIT,1
1770606795.3621385,BIT,0
1770606795.3621385,BIT,0
1770606795.3621385,BIT,0
1770606795.3621385,BIT,0
1770606795.3621385,BIT,1
1770606795.3621385,BIT,0
1770606795.5505288,BIT,1
1770606795.5505288,BIT,0
1770606795.5505288,BIT,0
1770606795.5505288,BIT,0
1770606795.5505288,BIT,1
1770606795.5505288,BIT,0
1770606795.5505288,BIT,0
1770606795.5505288,BIT,1
1770606795.5505288,BIT,1
1770606795.5505288,BIT,1
1770606795.7327826,BIT,0
1770606795.7327826,BIT,1
1770606795.7327826,BIT,0
1770606795.7327826,BIT,1
1770606795.7327826,BIT,1
1770606795.7327826,BIT,0
1770606795.7327826,BIT,1
1770606795.7327826,BIT,0
1770606795.7327826,BIT,0
1770606795.7327826,BIT,1
1770606795.9505563,BIT,1
1770606795.9505563,BIT,0
1770606795.9505563,BIT,1
1770606795.9505563,BIT,0
1770606795.9505563,BIT,0
1770606795.9505563,BIT,1
1770606795.9505563,BIT,0
1770606795.9505563,BIT,0
1770606795.9505563,BIT,0
1770606795.9505563,BIT,0
1770606796.1383448,BIT,1
1770606796.1383448,BIT,0
1770606796.1383448,BIT,0
1770606796.1383448,BIT,1
1770606796.1383448,BIT,1
1770606796.1383448,BIT,1
1770606796.1383448,BIT,0
1770606796.1383448,BIT,0
1770606796.1383448,BIT,0
1770606796.1383448,BIT,0
1770606796.3126936,BIT,0
1770606796.3126936,BIT,0
1770606796.3126936,BIT,1
1770606796.3126936,BIT,0
1770606796.3126936,BIT,1
1770606796.3126936,BIT,1
1770606796.3126936,BIT,0
1770606796.3126936,BIT,0
1770606796.3126936,BIT,0
1770606796.3126936,BIT,0
1770606796.502926,BIT,1
1770606796.502926,BIT,1
1770606796.502926,BIT,0
1770606796.502926,BIT,0
1770606796.502926,BIT,1
1770606796.502926,BIT,1
1770606796.502926,BIT,0
1770606796.502926,BIT,1
1770606796.502926,BIT,1
1770606796.502926,BIT,0
1770606796.6723273,BIT,0
1770606796.6723273,BIT,1
1770606796.6723273,BIT,1
1770606796.6723273,BIT,1
1770606796.6723273,BIT,1
1770606796.6723273,BIT,1
1770606796.6723273,BIT,0
1770606796.6723273,BIT,1
1770606796.6723273,BIT,0
1770606796.6723273,BIT,1
1770606796.8532395,BIT,0
1770606796.8532395,BIT,1
1770606796.8532395,BIT,0
1770606796.8532395,BIT,1
1770606796.8532395,BIT,1
1770606796.8532395,BIT,0
1770606796.8532395,BIT,0
1770606796.8532395,BIT,1
1770606796.8532395,BIT,0
1770606796.8532395,BIT,0
1770606797.0591993,BIT,1
1770606797.0591993,BIT,0
1770606797.0591993,BIT,0
1770606797.0591993,BIT,0
1770606797.0591993,BIT,1
1770606797.0591993,BIT,0
1770606797.0591993,BIT,1
1770606797.0591993,BIT,0
1770606797.0591993,BIT,1
1770606797.0591993,BIT,0
1770606797.2377665,BIT,1
1770606797.2377665,BIT,0
1770606797.2377665,BIT,1
1770606797.2377665,BIT,0
1770606797.2377665,BIT,0
1770606797.2377665,BIT,0
1770606797.2377665,BIT,1
1770606797.2377665,BIT,0
1770606797.2377665,BIT,0
1770606797.2377665,BIT,0
1770606797.436491,BIT,1
1770606797.436491,BIT,0
1770606797.436491,BIT,0
1770606797.436491,BIT,1
1770606797.436491,BIT,0
1770606797.436491,BIT,1
1770606797.436491,BIT,1
1770606797.436491,BIT,0
1770606797.436491,BIT,0
1770606797.436491,BIT,1
1770606797.666789,BIT,0
1770606797.666789,BIT,1
1770606797.666789,BIT,0
1770606797.666789,BIT,1
1770606797.666789,BIT,0
1770606797.666789,BIT,1
1770606797.666789,BIT,1
1770606797.666789,BIT,1
1770606797.666789,BIT,0
1770606797.666789,BIT,1
1770606797.9051626,BIT,0
1770606797.9051626,BIT,0
1770606797.9051626,BIT,0
1770606797.9051626,BIT,0
1770606797.9051626,BIT,0
1770606797.9051626,BIT,1
1770606797.9051626,BIT,1
1770606797.9051626,BIT,0
1770606797.9051626,BIT,1
1770606797.9051626,BIT,0
1770606798.154738,BIT,0
1770606798.154738,BIT,1
1770606798.154738,BIT,1
1770606798.154738,BIT,0
1770606798.154738,BIT,1
1770606798.154738,BIT,1
1770606798.154738,BIT,1
1770606798.154738,BIT,0
1770606798.154738,BIT,1
1770606798.154738,BIT,0
1770606798.4912834,BIT,0
1770606798.4912834,BIT,1
1770606798.4912834,BIT,1
1770606798.4912834,BIT,0
1770606798.4912834,BIT,0
1770606798.4912834,BIT,1
1770606798.4912834,BIT,1
1770606798.4912834,BIT,1
1770606798.4912834,BIT,0
1770606798.4912834,BIT,0
1770606798.7929873,BIT,1
1770606798.7929873,BIT,0
1770606798.7929873,BIT,1
1770606798.7929873,BIT,1
1770606798.7929873,BIT,1
1770606798.7929873,BIT,1
1770606798.7929873,BIT,0
1770606798.7929873,BIT,1
1770606798.7929873,BIT,0
1770606798.7929873,BIT,1
1770606799.0324264,BIT,1
1770606799.0324264,BIT,0
1770606799.0324264,BIT,0
1770606799.0324264,BIT,0
1770606799.0324264,BIT,1
1770606799.0324264,BIT,0
1770606799.0324264,BIT,0
1770606799.0324264,BIT,0
1770606799.0324264,BIT,1
1770606799.0324264,BIT,0
1770606799.2258227,BIT,0
1770606799.2258227,BIT,0
1770606799.2258227,BIT,0
1770606799.2258227,BIT,1
1770606799.2258227,BIT,0
1770606799.2258227,BIT,1
1770606799.2258227,BIT,1
1770606799.2258227,BIT,1
1770606799.2258227,BIT,1
1770606799.2258227,BIT,0
1770606799.4303975,BIT,1
1770606799.4303975,BIT,0
1770606799.4303975,BIT,1
1770606799.4303975,BIT,0
1770606799.4303975,BIT,0
1770606799.4303975,BIT,1
1770606799.4303975,BIT,1
1770606799.4303975,BIT,0
1770606799.4303975,BIT,0
1770606799.4303975,BIT,1
1770606799.6181853,BIT,0
1770606799.6181853,BIT,1
1770606799.6181853,BIT,1
1770606799.6181853,BIT,0
1770606799.6181853,BIT,0
1770606799.6181853,BIT,1
1770606799.6181853,BIT,1
1770606799.6181853,BIT,0
1770606799.6181853,BIT,1
1770606799.6181853,BIT,1
1770606799.8211112,BIT,0
1770606799.8211112,BIT,1
1770606799.8211112,BIT,0
1770606799.8211112,BIT,0
1770606799.8211112,BIT,1
1770606799.8211112,BIT,1
1770606799.8211112,BIT,1
1770606799.8211112,BIT,1
1770606799.8211112,BIT,1
1770606799.8211112,BIT,0
1770606800.030011,BIT,0
1770606800.030011,BIT,0
1770606800.030011,BIT,1
1770606800.030011,BIT,0
1770606800.030011,BIT,1
1770606800.030011,BIT,1
1770606800.030011,BIT,0
1770606800.030011,BIT,1
1770606800.030011,BIT,1
1770606800.030011,BIT,1
1770606800.2083848,BIT,0
1770606800.2083848,BIT,0
1770606800.2083848,BIT,0
1770606800.2083848,BIT,0
1770606800.2083848,BIT,0
1770606800.2083848,BIT,0
1770606800.2083848,BIT,0
1770606800.2083848,BIT,0
1770606800.2083848,BIT,1
1770606800.2083848,BIT,0
1770606800.3976047,BIT,1
1770606800.3976047,BIT,1
1770606800.3976047,BIT,0
1770606800.3976047,BIT,0
1770606800.3976047,BIT,1
1770606800.3976047,BIT,1
1770606800.3976047,BIT,1
1770606800.3976047,BIT,1
1770606800.3976047,BIT,0
1770606800.3976047,BIT,1
1770606800.5728157,BIT,1
1770606800.5728157,BIT,0
1770606800.5728157,BIT,1
1770606800.5728157,BIT,1
1770606800.5728157,BIT,1
1770606800.5728157,BIT,1
1770606800.5728157,BIT,0
1770606800.5728157,BIT,1
1770606800.5728157,BIT,1
1770606800.5728157,BIT,1
1770606800.7482646,BIT,0
1770606800.7482646,BIT,1
1770606800.7482646,BIT,1
1770606800.7482646,BIT,0
1770606800.7482646,BIT,0
1770606800.7482646,BIT,0
1770606800.7482646,BIT,0
1770606800.7482646,BIT,0
1770606800.7482646,BIT,1
1770606800.7482646,BIT,0
1770606800.9454474,BIT,1
1770606800.9454474,BIT,1
1770606800.9454474,BIT,0
1770606800.9454474,BIT,1
1770606800.9454474,BIT,1
1770606800.9454474,BIT,0
1770606800.9454474,BIT,1
1770606800.9454474,BIT,0
1770606800.9454474,BIT,1
1770606800.9454474,BIT,1
1770606801.1473927,BIT,1
1770606801.1473927,BIT,0
1770606801.1473927,BIT,1
1770606801.1473927,BIT,1
1770606801.1473927,BIT,1
1770606801.1473927,BIT,1
1770606801.1473927,BIT,1
1770606801.1473927,BIT,0
1770606801.1473927,BIT,1
1770606801.1473927,BIT,1
1770606801.3322604,BIT,1
1770606801.3322604,BIT,1
1770606801.3322604,BIT,1
1770606801.3322604,BIT,0
1770606801.3322604,BIT,0
1770606801.3322604,BIT,0
1770606801.3322604,BIT,0
1770606801.3322604,BIT,1
1770606801.3322604,BIT,1
1770606801.3322604,BIT,1
1770606801.520912,BIT,0
1770606801.520912,BIT,0
1770606801.520912,BIT,1
1770606801.520912,BIT,0
1770606801.520912,BIT,0
1770606801.520912,BIT,1
1770606801.520912,BIT,0
1770606801.520912,BIT,0
1770606801.520912,BIT,0
1770606801.520912,BIT,1
1770606801.6881077,BIT,0
1770606801.6881077,BIT,1
1770606801.6881077,BIT,0
1770606801.6881077,BIT,1
1770606801.6881077,BIT,1
1770606801.6881077,BIT,0
1770606801.6881077,BIT,0
1770606801.6881077,BIT,1
1770606801.6881077,BIT,1
1770606801.6881077,BIT,0
1770606801.8638449,BIT,1
1770606801.8638449,BIT,1
1770606801.8638449,BIT,1
1770606801.8638449,BIT,1
1770606801.8638449,BIT,0
1770606801.8638449,BIT,0
1770606801.8638449,BIT,0
1770606801.8638449,BIT,1
1770606801.8638449,BIT,0
1770606801.8638449,BIT,0
1770606802.0705442,BIT,1
1770606802.0705442,BIT,1
1770606802.0705442,BIT,1
1770606802.0705442,BIT,1
1770606802.0705442,BIT,0
1770606802.0705442,BIT,0
1770606802.0705442,BIT,0
1770606802.0705442,BIT,1
1770606802.0705442,BIT,1
1770606802.0705442,BIT,0
1770606802.2509375,BIT,0
1770606802.2509375,BIT,1
1770606802.2509375,BIT,1
1770606802.2509375,BIT,1
1770606802.2509375,BIT,0
1770606802.2509375,BIT,0
1770606802.2509375,BIT,0
1770606802.2509375,BIT,1
1770606802.2509375,BIT,0
1770606802.2509375,BIT,1
1770606802.433764,BIT,0
1770606802.433764,BIT,1
1770606802.433764,BIT,1
1770606802.433764,BIT,1
1770606802.433764,BIT,0
1770606802.433764,BIT,0
1770606802.433764,BIT,0
1770606802.433764,BIT,0
1770606802.433764,BIT,0
1770606802.433764,BIT,1
1770606802.6128533,BIT,0
1770606802.6128533,BIT,0
1770606802.6128533,BIT,0
1770606802.6128533,BIT,0
1770606802.6128533,BIT,1
1770606802.6128533,BIT,0
1770606802.6128533,BIT,0
1770606802.6128533,BIT,1
1770606802.6128533,BIT,0
1770606802.6128533,BIT,1
1770606802.7828577,BIT,1
1770606802.7828577,BIT,1
1770606802.7828577,BIT,1
1770606802.7828577,BIT,1
1770606802.7828577,BIT,1
1770606802.7828577,BIT,0
1770606802.7828577,BIT,1
1770606802.7828577,BIT,1
1770606802.7828577,BIT,1
1770606802.7828577,BIT,0
1770606802.9801602,BIT,1
1770606802.9801602,BIT,0
1770606802.9801602,BIT,0
1770606802.9801602,BIT,0
1770606802.9801602,BIT,0
1770606802.9801602,BIT,1
1770606802.9801602,BIT,0
1770606802.9801602,BIT,1
1770606802.9801602,BIT,0
1770606802.9801602,BIT,1
1770606803.155479,BIT,1
1770606803.155479,BIT,0
1770606803.155479,BIT,0
1770606803.155479,BIT,1
1770606803.155479,BIT,0
1770606803.155479,BIT,1
1770606803.155479,BIT,0
1770606803.155479,BIT,0
1770606803.155479,BIT,0
1770606803.155479,BIT,0
1770606803.3618648,BIT,0
1770606803.3618648,BIT,1
1770606803.3618648,BIT,0
1770606803.3618648,BIT,1
1770606803.3618648,BIT,1
1770606803.3618648,BIT,0
1770606803.3618648,BIT,1
1770606803.3618648,BIT,0
1770606803.3618648,BIT,1
1770606803.3618648,BIT,0
1770606803.5604763,BIT,0
1770606803.5604763,BIT,0
1770606803.5604763,BIT,0
1770606803.5604763,BIT,0
1770606803.5604763,BIT,0
1770606803.5604763,BIT,1
1770606803.5604763,BIT,0
1770606803.5604763,BIT,0
1770606803.5604763,BIT,0
1770606803.5604763,BIT,0
1770606803.7446518,BIT,1
1770606803.7446518,BIT,1
1770606803.7446518,BIT,1
1770606803.7446518,BIT,1
1770606803.7446518,BIT,0
1770606803.7446518,BIT,0
1770606803.7446518,BIT,1
1770606803.7446518,BIT,1
1770606803.7446518,BIT,1
1770606803.7446518,BIT,0
1770606803.9566886,BIT,0
1770606803.9566886,BIT,0
1770606803.9566886,BIT,1
1770606803.9566886,BIT,1
1770606803.9566886,BIT,0
1770606803.9566886,BIT,1
1770606803.9566886,BIT,0
1770606803.9566886,BIT,1
1770606803.9566886,BIT,0
1770606803.9566886,BIT,1
1770606804.1331482,BIT,1
1770606804.1331482,BIT,0
1770606804.1331482,BIT,1
1770606804.1331482,BIT,1
1770606804.1331482,BIT,1
1770606804.1331482,BIT,1
1770606804.1331482,BIT,0
1770606804.1331482,BIT,1
1770606804.1331482,BIT,0
1770606804.1331482,BIT,1
1770606804.315483,BIT,1
1770606804.315483,BIT,1
1770606804.315483,BIT,1
1770606804.315483,BIT,1
1770606804.315483,BIT,0
1770606804.315483,BIT,1
1770606804.315483,BIT,1
1770606804.315483,BIT,0
1770606804.315483,BIT,1
1770606804.315483,BIT,1
1770606804.4991996,BIT,0
1770606804.4991996,BIT,0
1770606804.4991996,BIT,1
1770606804.4991996,BIT,0
1770606804.4991996,BIT,0
1770606804.4991996,BIT,0
1770606804.4991996,BIT,1
1770606804.4991996,BIT,0
1770606804.4991996,BIT,1
1770606804.4991996,BIT,1
1770606804.6751418,BIT,1
1770606804.6751418,BIT,1
1770606804.6751418,BIT,0
1770606804.6751418,BIT,1
1770606804.6751418,BIT,0
1770606804.6751418,BIT,1
1770606804.6751418,BIT,1
1770606804.6751418,BIT,1
1770606804.6751418,BIT,1
1770606804.6751418,BIT,1
1770606804.9211452,BIT,0
1770606804.9211452,BIT,0
1770606804.9211452,BIT,1
1770606804.9211452,BIT,1
1770606804.9211452,BIT,1
1770606804.9211452,BIT,0
1770606804.9211452,BIT,0
1770606804.9211452,BIT,1
1770606804.9211452,BIT,0
1770606804.9211452,BIT,1
1770606805.1732924,BIT,0
1770606805.1732924,BIT,1
1770606805.1732924,BIT,0
1770606805.1732924,BIT,1
1770606805.1732924,BIT,1
1770606805.1732924,BIT,1
1770606805.1732924,BIT,1
1770606805.1732924,BIT,1
1770606805.1732924,BIT,0
1770606805.1732924,BIT,0
1770606805.396293,BIT,0
1770606805.396293,BIT,1
1770606805.396293,BIT,0
1770606805.396293,BIT,0
1770606805.396293,BIT,1
1770606805.396293,BIT,1
1770606805.396293,BIT,0
1770606805.396293,BIT,0
1770606805.396293,BIT,1
1770606805.396293,BIT,0
1770606805.6858642,BIT,0
1770606805.6858642,BIT,1
1770606805.6858642,BIT,0
1770606805.6858642,BIT,0
1770606805.6858642,BIT,1
1770606805.6858642,BIT,0
1770606805.6858642,BIT,0
1770606805.6858642,BIT,1
1770606805.6858642,BIT,0
1770606805.6858642,BIT,0
1770606806.0122993,BIT,1
1770606806.0122993,BIT,0
1770606806.0122993,BIT,0
1770606806.0122993,BIT,0
1770606806.0122993,BIT,0
1770606806.0122993,BIT,1
1770606806.0122993,BIT,0
1770606806.0122993,BIT,1
1770606806.0122993,BIT,0
1770606806.0122993,BIT,0
1770606806.268409,BIT,0
1770606806.268409,BIT,1
1770606806.268409,BIT,0
1770606806.268409,BIT,1
1770606806.268409,BIT,1
1770606806.268409,BIT,0
1770606806.268409,BIT,0
1770606806.268409,BIT,0
1770606806.268409,BIT,0
1770606806.268409,BIT,0
1770606806.5249803,BIT,0
1770606806.5249803,BIT,1
1770606806.5249803,BIT,1
1770606806.5249803,BIT,0
1770606806.5249803,BIT,0
1770606806.5249803,BIT,0
1770606806.5249803,BIT,0
1770606806.5249803,BIT,0
1770606806.5249803,BIT,1
1770606806.5249803,BIT,0
1770606806.787728,BIT,0
1770606806.787728,BIT,1
1770606806.787728,BIT,0
1770606806.787728,BIT,1
1770606806.787728,BIT,0
1770606806.787728,BIT,1
1770606806.787728,BIT,0
1770606806.787728,BIT,0
1770606806.787728,BIT,1
1770606806.787728,BIT,0
1770606807.076183,BIT,1
1770606807.076183,BIT,1
1770606807.076183,BIT,1
1770606807.076183,BIT,1
1770606807.076183,BIT,0
1770606807.076183,BIT,1
1770606807.076183,BIT,1
1770606807.076183,BIT,0
1770606807.076183,BIT,0
1770606807.076183,BIT,1
1770606807.3063226,BIT,0
1770606807.3063226,BIT,0
1770606807.3063226,BIT,1
1770606807.3063226,BIT,0
1770606807.3063226,BIT,0
1770606807.3063226,BIT,0
1770606807.3063226,BIT,0
1770606807.3063226,BIT,0
1770606807.3063226,BIT,1
1770606807.3063226,BIT,0
1770606807.5592058,BIT,0
1770606807.5592058,BIT,1
1770606807.5592058,BIT,0
1770606807.5592058,BIT,0
1770606807.5592058,BIT,0
1770606807.5592058,BIT,0
1770606807.5592058,BIT,0
1770606807.5592058,BIT,0
1770606807.5592058,BIT,0
1770606807.5592058,BIT,0
1770606807.7835684,BIT,1
1770606807.7835684,BIT,1
1770606807.7835684,BIT,0
1770606807.7835684,BIT,0
1770606807.7835684,BIT,1
1770606807.7835684,BIT,0
1770606807.7835684,BIT,1
1770606807.7835684,BIT,1
1770606807.7835684,BIT,1
1770606807.7835684,BIT,1
1770606808.0395184,BIT,0
1770606808.0395184,BIT,1
1770606808.0395184,BIT,1
1770606808.0395184,BIT,1
1770606808.0395184,BIT,1
1770606808.0395184,BIT,1
1770606808.0395184,BIT,1
1770606808.0395184,BIT,1
1770606808.0395184,BIT,0
1770606808.0395184,BIT,0
1770606808.2825935,BIT,0
1770606808.2825935,BIT,1
1770606808.2825935,BIT,0
1770606808.2825935,BIT,1
1770606808.2825935,BIT,1
1770606808.2825935,BIT,1
1770606808.2825935,BIT,1
1770606808.2825935,BIT,1
1770606808.2825935,BIT,0
1770606808.2825935,BIT,0
1770606808.54229,BIT,0
1770606808.54229,BIT,1
1770606808.54229,BIT,1
1770606808.54229,BIT,0
1770606808.54229,BIT,1
1770606808.54229,BIT,0
1770606808.54229,BIT,1
1770606808.54229,BIT,0
1770606808.54229,BIT,1
1770606808.54229,BIT,0
1770606808.7737029,BIT,1
1770606808.7737029,BIT,1
1770606808.7737029,BIT,0
1770606808.7737029,BIT,1
1770606808.7737029,BIT,1
1770606808.7737029,BIT,0
1770606808.7737029,BIT,1
1770606808.7737029,BIT,0
1770606808.7737029,BIT,0
1770606808.7737029,BIT,0
1770606809.031867,BIT,1
1770606809.031867,BIT,0
1770606809.031867,BIT,0
1770606809.031867,BIT,1
1770606809.031867,BIT,1
1770606809.031867,BIT,0
1770606809.031867,BIT,1
1770606809.031867,BIT,1
1770606809.031867,BIT,1
1770606809.031867,BIT,1
1770606809.2590702,BIT,1
1770606809.2590702,BIT,0
1770606809.2590702,BIT,1
1770606809.2590702,BIT,1
1770606809.2590702,BIT,0
1770606809.2590702,BIT,1
1770606809.2590702,BIT,1
1770606809.2590702,BIT,0
1770606809.2590702,BIT,0
1770606809.2590702,BIT,1
1770606809.5247097,BIT,0
1770606809.5247097,BIT,0
1770606809.5247097,BIT,1
1770606809.5247097,BIT,0
1770606809.5247097,BIT,0
1770606809.5247097,BIT,0
1770606809.5247097,BIT,1
1770606809.5247097,BIT,0
1770606809.5247097,BIT,0
1770606809.5247097,BIT,0
1770606809.8493083,BIT,0
1770606809.8493083,BIT,0
1770606809.8493083,BIT,1
1770606809.8493083,BIT,0
1770606809.8493083,BIT,1
1770606809.8493083,BIT,1
1770606809.8493083,BIT,0
1770606809.8493083,BIT,1
1770606809.8493083,BIT,0
1770606809.8493083,BIT,1
1770606810.1315467,BIT,0
1770606810.1315467,BIT,0
1770606810.1315467,BIT,1
1770606810.1315467,BIT,1
1770606810.1315467,BIT,1
1770606810.1315467,BIT,1
1770606810.1315467,BIT,0
1770606810.1315467,BIT,1
1770606810.1315467,BIT,1
1770606810.1315467,BIT,0
1770606810.3929653,BIT,1
1770606810.3929653,BIT,0
1770606810.3929653,BIT,0
1770606810.3929653,BIT,0
1770606810.3929653,BIT,1
1770606810.3929653,BIT,1
1770606810.3929653,BIT,1
1770606810.3929653,BIT,1
1770606810.3929653,BIT,1
1770606810.3929653,BIT,0
1770606810.63552,BIT,0
1770606810.63552,BIT,0
1770606810.63552,BIT,0
1770606810.63552,BIT,0
1770606810.63552,BIT,1
1770606810.63552,BIT,1
1770606810.63552,BIT,1
1770606810.63552,BIT,1
1770606810.63552,BIT,1
1770606810.63552,BIT,0
1770606810.8693707,BIT,1
1770606810.8693707,BIT,0
1770606810.8693707,BIT,0
1770606810.8693707,BIT,1
1770606810.8693707,BIT,0
1770606810.8693707,BIT,1
1770606810.8693707,BIT,0
1770606810.8693707,BIT,0
1770606810.8693707,BIT,0
1770606810.8693707,BIT,0
1770606811.2139032,BIT,0
1770606811.2139032,BIT,0
1770606811.2139032,BIT,1
1770606811.2139032,BIT,1
1770606811.2139032,BIT,0
1770606811.2139032,BIT,1
1770606811.2139032,BIT,1
1770606811.2139032,BIT,1
1770606811.2139032,BIT,0
1770606811.2139032,BIT,0
1770606811.4669278,BIT,1
1770606811.4669278,BIT,0
1770606811.4669278,BIT,0
1770606811.4669278,BIT,0
1770606811.4669278,BIT,0
1770606811.4669278,BIT,0
1770606811.4669278,BIT,0
1770606811.4669278,BIT,0
1770606811.4669278,BIT,1
1770606811.4669278,BIT,0
1770606811.7107687,BIT,1
1770606811.7107687,BIT,0
1770606811.7107687,BIT,0
1770606811.7107687,BIT,0
1770606811.7107687,BIT,1
1770606811.7107687,BIT,1
1770606811.7107687,BIT,1
1770606811.7107687,BIT,1
1770606811.7107687,BIT,0
1770606811.7107687,BIT,1
1770606811.9647355,BIT,1
1770606811.9647355,BIT,0
1770606811.9647355,BIT,0
1770606811.9647355,BIT,0
1770606811.9647355,BIT,1
1770606811.9647355,BIT,1
1770606811.9647355,BIT,1
1770606811.9647355,BIT,0
1770606811.9647355,BIT,1
1770606811.9647355,BIT,0
1770606812.2196946,BIT,1
1770606812.2196946,BIT,1
1770606812.2196946,BIT,0
1770606812.2196946,BIT,1
1770606812.2196946,BIT,0
1770606812.2196946,BIT,1
1770606812.2196946,BIT,1
1770606812.2196946,BIT,0
1770606812.2196946,BIT,0
1770606812.2196946,BIT,1
1770606812.4770381,BIT,0
1770606812.4770381,BIT,0
1770606812.4770381,BIT,1
1770606812.4770381,BIT,1
1770606812.4770381,BIT,1
1770606812.4770381,BIT,1
1770606812.4770381,BIT,1
1770606812.4770381,BIT,1
1770606812.4770381,BIT,0
1770606812.4770381,BIT,1
1770606812.7329574,BIT,0
1770606812.7329574,BIT,0
1770606812.7329574,BIT,0
1770606812.7329574,BIT,0
1770606812.7329574,BIT,1
1770606812.7329574,BIT,1
1770606812.7329574,BIT,1
1770606812.7329574,BIT,0
1770606812.7329574,BIT,0
1770606812.7329574,BIT,0
1770606813.0071654,BIT,1
1770606813.0071654,BIT,1
1770606813.0071654,BIT,0
1770606813.0071654,BIT,0
1770606813.0071654,BIT,0
1770606813.0071654,BIT,0
1770606813.0071654,BIT,1
1770606813.0071654,BIT,0
1770606813.0071654,BIT,0
1770606813.0071654,BIT,1
1770606813.2783275,BIT,0
1770606813.2783275,BIT,0
1770606813.2783275,BIT,0
1770606813.2783275,BIT,1
1770606813.2783275,BIT,0
1770606813.2783275,BIT,0
1770606813.2783275,BIT,0
1770606813.2783275,BIT,0
1770606813.2783275,BIT,1
1770606813.2783275,BIT,0
1770606813.5494773,BIT,1
1770606813.5494773,BIT,0
1770606813.5494773,BIT,0
1770606813.5494773,BIT,0
1770606813.5494773,BIT,0
1770606813.5494773,BIT,1
1770606813.5494773,BIT,1
1770606813.5494773,BIT,1
1770606813.5494773,BIT,0
1770606813.5494773,BIT,0
1770606813.8116436,BIT,0
1770606813.8116436,BIT,0
1770606813.8116436,BIT,1
1770606813.8116436,BIT,0
1770606813.8116436,BIT,0
1770606813.8116436,BIT,1
1770606813.8116436,BIT,0
1770606813.8116436,BIT,1
1770606813.8116436,BIT,1
1770606813.8116436,BIT,1
1770606814.1292176,BIT,1
1770606814.1292176,BIT,0
1770606814.1292176,BIT,1
1770606814.1292176,BIT,1
1770606814.1292176,BIT,0
1770606814.1292176,BIT,1
1770606814.1292176,BIT,1
1770606814.1292176,BIT,1
1770606814.1292176,BIT,0
1770606814.1292176,BIT,1
1770606814.4818373,BIT,0
1770606814.4818373,BIT,1
1770606814.4818373,BIT,0
1770606814.4818373,BIT,0
1770606814.4818373,BIT,1
1770606814.4818373,BIT,1
1770606814.4818373,BIT,0
1770606814.4818373,BIT,1
1770606814.4818373,BIT,0
1770606814.4818373,BIT,0
1770606814.7988935,BIT,0
1770606814.7988935,BIT,0
1770606814.7988935,BIT,0
1770606814.7988935,BIT,1
1770606814.7988935,BIT,1
1770606814.7988935,BIT,0
1770606814.7988935,BIT,0
1770606814.7988935,BIT,1
1770606814.7988935,BIT,0
1770606814.7988935,BIT,1
1770606815.2024388,BIT,0
1770606815.2024388,BIT,1
1770606815.2024388,BIT,1
1770606815.2024388,BIT,1
1770606815.2024388,BIT,1
1770606815.2024388,BIT,0
1770606815.2024388,BIT,0
1770606815.2024388,BIT,1
1770606815.2024388,BIT,0
1770606815.2024388,BIT,0
1770606815.5445957,BIT,0
1770606815.5445957,BIT,0
1770606815.5445957,BIT,1
1770606815.5445957,BIT,1
1770606815.5445957,BIT,1
1770606815.5445957,BIT,1
1770606815.5445957,BIT,0
1770606815.5445957,BIT,0
1770606815.5445957,BIT,0
1770606815.5445957,BIT,0
1770606815.8765464,BIT,1
1770606815.8765464,BIT,0
1770606815.8765464,BIT,0
1770606815.8765464,BIT,0
1770606815.8765464,BIT,1
1770606815.8765464,BIT,1
1770606815.8765464,BIT,1
1770606815.8765464,BIT,1
1770606815.8765464,BIT,1
1770606815.8765464,BIT,0
1770606816.2215686,BIT,1
1770606816.2215686,BIT,0
1770606816.2215686,BIT,1
1770606816.2215686,BIT,1
1770606816.2215686,BIT,1
1770606816.2215686,BIT,1
1770606816.2215686,BIT,1
1770606816.2215686,BIT,1
1770606816.2215686,BIT,0
1770606816.2215686,BIT,0
1770606816.5966263,BIT,0
1770606816.5966263,BIT,0
1770606816.5966263,BIT,1
1770606816.5966263,BIT,1
1770606816.5966263,BIT,0
1770606816.5966263,BIT,1
1770606816.5966263,BIT,0
1770606816.5966263,BIT,1
1770606816.5966263,BIT,1
1770606816.5966263,BIT,1
1770606816.8594358,BIT,0
1770606816.8594358,BIT,0
1770606816.8594358,BIT,0
1770606816.8594358,BIT,0
1770606816.8594358,BIT,0
1770606816.8594358,BIT,1
1770606816.8594358,BIT,1
1770606816.8594358,BIT,0
1770606816.8594358,BIT,0
1770606816.8594358,BIT,1
1770606817.0943594,BIT,0
1770606817.0943594,BIT,1
1770606817.0943594,BIT,1
1770606817.0943594,BIT,1
1770606817.0943594,BIT,0
1770606817.0943594,BIT,1
1770606817.0943594,BIT,1
1770606817.0943594,BIT,1
1770606817.0943594,BIT,1
1770606817.0943594,BIT,1
1770606817.3671882,BIT,0
1770606817.3671882,BIT,0
1770606817.3671882,BIT,0
1770606817.3671882,BIT,1
1770606817.3671882,BIT,0
1770606817.3671882,BIT,1
1770606817.3671882,BIT,0
1770606817.3671882,BIT,1
1770606817.3671882,BIT,1
1770606817.3671882,BIT,0
1770606817.617502,BIT,0
1770606817.617502,BIT,0
1770606817.617502,BIT,1
1770606817.617502,BIT,0
1770606817.617502,BIT,1
1770606817.617502,BIT,0
1770606817.617502,BIT,1
1770606817.617502,BIT,1
1770606817.617502,BIT,1
1770606817.617502,BIT,1
1770606817.8655427,BIT,0
1770606817.8655427,BIT,0
1770606817.8655427,BIT,1
1770606817.8655427,BIT,1
1770606817.8655427,BIT,1
1770606817.8655427,BIT,1
1770606817.8655427,BIT,1
1770606817.8655427,BIT,1
1770606817.8655427,BIT,0
1770606817.8655427,BIT,0
1770606818.1092975,BIT,0
1770606818.1092975,BIT,0
1770606818.1092975,BIT,0
1770606818.1092975,BIT,0
1770606818.1092975,BIT,1
1770606818.1092975,BIT,1
1770606818.1092975,BIT,0
1770606818.1092975,BIT,0
1770606818.1092975,BIT,0
1770606818.1092975,BIT,0
1770606818.3524694,BIT,0
1770606818.3524694,BIT,1
1770606818.3524694,BIT,0
1770606818.3524694,BIT,1
1770606818.3524694,BIT,1
1770606818.3524694,BIT,0
1770606818.3524694,BIT,0
1770606818.3524694,BIT,0
1770606818.3524694,BIT,1
1770606818.3524694,BIT,0
1770606818.5866387,BIT,0
1770606818.5866387,BIT,0
1770606818.5866387,BIT,1
1770606818.5866387,BIT,0
1770606818.5866387,BIT,0
1770606818.5866387,BIT,1
1770606818.5866387,BIT,1
1770606818.5866387,BIT,1
1770606818.5866387,BIT,1
1770606818.5866387,BIT,1
1770606818.8148923,BIT,1
1770606818.8148923,BIT,1
1770606818.8148923,BIT,0
1770606818.8148923,BIT,1
1770606818.8148923,BIT,0
1770606818.8148923,BIT,1
1770606818.8148923,BIT,0
1770606818.8148923,BIT,0
1770606818.8148923,BIT,1
1770606818.8148923,BIT,0
1770606819.025993,BIT,1
1770606819.025993,BIT,0
1770606819.025993,BIT,1
1770606819.025993,BIT,0
1770606819.025993,BIT,0
1770606819.025993,BIT,1
1770606819.025993,BIT,0
1770606819.025993,BIT,1
1770606819.025993,BIT,1
1770606819.025993,BIT,0
1770606819.2671058,BIT,1
1770606819.2671058,BIT,1
1770606819.2671058,BIT,1
1770606819.2671058,BIT,0
1770606819.2671058,BIT,0
1770606819.2671058,BIT,0
1770606819.2671058,BIT,1
1770606819.2671058,BIT,0
1770606819.2671058,BIT,1
1770606819.2671058,BIT,0
1770606819.5503635,BIT,1
1770606819.5503635,BIT,0
1770606819.5503635,BIT,1
1770606819.5503635,BIT,0
1770606819.5503635,BIT,0
1770606819.5503635,BIT,0
1770606819.5503635,BIT,0
1770606819.5503635,BIT,0
1770606819.5503635,BIT,1
1770606819.5503635,BIT,0
1770606819.861482,BIT,1
1770606819.861482,BIT,0
1770606819.861482,BIT,0
1770606819.861482,BIT,0
1770606819.861482,BIT,0
1770606819.861482,BIT,0
1770606819.861482,BIT,0
1770606819.861482,BIT,1
1770606819.861482,BIT,0
1770606819.861482,BIT,1
1770606820.1987817,BIT,1
1770606820.1987817,BIT,0
1770606820.1987817,BIT,1
1770606820.1987817,BIT,1
1770606820.1987817,BIT,1
1770606820.1987817,BIT,0
1770606820.1987817,BIT,0
1770606820.1987817,BIT,0
1770606820.1987817,BIT,0
1770606820.1987817,BIT,1
1770606820.4796085,BIT,1
1770606820.4796085,BIT,1
1770606820.4796085,BIT,0
1770606820.4796085,BIT,1
1770606820.4796085,BIT,0
1770606820.4796085,BIT,1
1770606820.4796085,BIT,1
1770606820.4796085,BIT,0
1770606820.4796085,BIT,1
1770606820.4796085,BIT,1
1770606820.7588441,BIT,0
1770606820.7588441,BIT,0
1770606820.7588441,BIT,1
1770606820.7588441,BIT,1
1770606820.7588441,BIT,0
1770606820.7588441,BIT,1
1770606820.7588441,BIT,0
1770606820.7588441,BIT,1
1770606820.7588441,BIT,0
1770606820.7588441,BIT,1
1770606820.9776285,BIT,0
1770606820.9776285,BIT,0
1770606820.9776285,BIT,1
1770606820.9776285,BIT,1
1770606820.9776285,BIT,0
1770606820.9776285,BIT,0
1770606820.9776285,BIT,0
1770606820.9776285,BIT,0
1770606820.9776285,BIT,1
1770606820.9776285,BIT,0
1770606821.168028,BIT,1
1770606821.168028,BIT,0
1770606821.168028,BIT,1
1770606821.168028,BIT,1
1770606821.168028,BIT,0
1770606821.168028,BIT,0
1770606821.168028,BIT,1
1770606821.168028,BIT,0
1770606821.168028,BIT,0
1770606821.168028,BIT,0
1770606821.3604095,BIT,0
1770606821.3604095,BIT,1
1770606821.3604095,BIT,1
1770606821.3604095,BIT,0
1770606821.3604095,BIT,0
1770606821.3604095,BIT,0
1770606821.3604095,BIT,0
1770606821.3604095,BIT,0
1770606821.3604095,BIT,0
1770606821.3604095,BIT,0
1770606821.541692,BIT,0
1770606821.541692,BIT,1
1770606821.541692,BIT,1
1770606821.541692,BIT,0
1770606821.541692,BIT,1
1770606821.541692,BIT,0
1770606821.541692,BIT,0
1770606821.541692,BIT,1
1770606821.541692,BIT,1
1770606821.541692,BIT,1
1770606821.7132964,BIT,0
1770606821.7132964,BIT,1
1770606821.7132964,BIT,0
1770606821.7132964,BIT,1
1770606821.7132964,BIT,1
1770606821.7132964,BIT,1
1770606821.7132964,BIT,0
1770606821.7132964,BIT,0
1770606821.7132964,BIT,1
1770606821.7132964,BIT,1
1770606821.8965642,BIT,1
1770606821.8965642,BIT,0
1770606821.8965642,BIT,1
1770606821.8965642,BIT,0
1770606821.8965642,BIT,0
1770606821.8965642,BIT,1
1770606821.8965642,BIT,1
1770606821.8965642,BIT,1
1770606821.8965642,BIT,1
1770606821.8965642,BIT,0
1770606822.0750604,BIT,0
1770606822.0750604,BIT,0
1770606822.0750604,BIT,1
1770606822.0750604,BIT,1
1770606822.0750604,BIT,0
1770606822.0750604,BIT,0
1770606822.0750604,BIT,0
1770606822.0750604,BIT,1
1770606822.0750604,BIT,0
1770606822.0750604,BIT,0
1770606822.2666738,BIT,1
1770606822.2666738,BIT,1
1770606822.2666738,BIT,1
1770606822.2666738,BIT,1
1770606822.2666738,BIT,1
1770606822.2666738,BIT,0
1770606822.2666738,BIT,0
1770606822.2666738,BIT,1
1770606822.2666738,BIT,0
1770606822.2666738,BIT,1
1770606822.4609165,BIT,0
1770606822.4609165,BIT,1
1770606822.4609165,BIT,0
1770606822.4609165,BIT,1
1770606822.4609165,BIT,1
1770606822.4609165,BIT,0
1770606822.4609165,BIT,0
1770606822.4609165,BIT,1
1770606822.4609165,BIT,1
1770606822.4609165,BIT,0
1770606822.6347632,BIT,0
1770606822.6347632,BIT,0
1770606822.6347632,BIT,0
1770606822.6347632,BIT,0
1770606822.6347632,BIT,1
1770606822.6347632,BIT,1
1770606822.6347632,BIT,0
1770606822.6347632,BIT,0
1770606822.6347632,BIT,1
1770606822.6347632,BIT,0
1770606822.8239524,BIT,1
1770606822.8239524,BIT,1
1770606822.8239524,BIT,1
1770606822.8239524,BIT,0
1770606822.8239524,BIT,1
1770606822.8239524,BIT,1
1770606822.8239524,BIT,1
1770606822.8239524,BIT,0
1770606822.8239524,BIT,0
1770606822.8239524,BIT,0
1770606823.0213075,BIT,1
1770606823.0213075,BIT,1
1770606823.0213075,BIT,1
1770606823.0213075,BIT,1
1770606823.0213075,BIT,1
1770606823.0213075,BIT,0
1770606823.0213075,BIT,1
1770606823.0213075,BIT,0
1770606823.0213075,BIT,1
1770606823.0213075,BIT,1
1770606823.2065613,BIT,0
1770606823.2065613,BIT,0
1770606823.2065613,BIT,0
1770606823.2065613,BIT,1
1770606823.2065613,BIT,0
1770606823.2065613,BIT,0
1770606823.2065613,BIT,0
1770606823.2065613,BIT,0
1770606823.2065613,BIT,0
1770606823.2065613,BIT,1
1770606823.3952239,BIT,0
1770606823.3952239,BIT,0
1770606823.3952239,BIT,1
1770606823.3952239,BIT,0
1770606823.3952239,BIT,1
1770606823.3952239,BIT,1
1770606823.3952239,BIT,0
1770606823.3952239,BIT,0
1770606823.3952239,BIT,0
1770606823.3952239,BIT,1
1770606823.5753515,BIT,0
1770606823.5753515,BIT,1
1770606823.5753515,BIT,0
1770606823.5753515,BIT,0
1770606823.5753515,BIT,1
1770606823.5753515,BIT,1
1770606823.5753515,BIT,1
1770606823.5753515,BIT,1
1770606823.5753515,BIT,1
1770606823.5753515,BIT,1
1770606823.7571957,BIT,1
1770606823.7571957,BIT,1
1770606823.7571957,BIT,1
1770606823.7571957,BIT,0
1770606823.7571957,BIT,1
1770606823.7571957,BIT,1
1770606823.7571957,BIT,1
1770606823.7571957,BIT,1
1770606823.7571957,BIT,1
1770606823.7571957,BIT,1
1770606823.9549844,BIT,0
1770606823.9549844,BIT,1
1770606823.9549844,BIT,1
1770606823.9549844,BIT,1
1770606823.9549844,BIT,0
1770606823.9549844,BIT,0
1770606823.9549844,BIT,0
1770606823.9549844,BIT,0
1770606823.9549844,BIT,1
1770606823.9549844,BIT,0
1770606824.1528337,BIT,1
1770606824.1528337,BIT,0
1770606824.1528337,BIT,0
1770606824.1528337,BIT,1
1770606824.1528337,BIT,1
1770606824.1528337,BIT,0
1770606824.1528337,BIT,1
1770606824.1528337,BIT,1
1770606824.1528337,BIT,0
1770606824.1528337,BIT,1
1770606824.3334103,BIT,0
1770606824.3334103,BIT,0
1770606824.3334103,BIT,1
1770606824.3334103,BIT,1
1770606824.3334103,BIT,0
1770606824.3334103,BIT,1
1770606824.3334103,BIT,1
1770606824.3334103,BIT,0
1770606824.3334103,BIT,0
1770606824.3334103,BIT,1
1770606824.5154853,BIT,0
1770606824.5154853,BIT,0
1770606824.5154853,BIT,1
1770606824.5154853,BIT,1
1770606824.5154853,BIT,1
1770606824.5154853,BIT,1
1770606824.5154853,BIT,1
1770606824.5154853,BIT,0
1770606824.5154853,BIT,1
1770606824.5154853,BIT,0
1770606824.6868615,BIT,0
1770606824.6868615,BIT,1
1770606824.6868615,BIT,0
1770606824.6868615,BIT,0
1770606824.6868615,BIT,1
1770606824.6868615,BIT,1
1770606824.6868615,BIT,0
1770606824.6868615,BIT,0
1770606824.6868615,BIT,1
1770606824.6868615,BIT,0
1770606824.8768003,BIT,1
1770606824.8768003,BIT,0
1770606824.8768003,BIT,1
1770606824.8768003,BIT,0
1770606824.8768003,BIT,1
1770606824.8768003,BIT,0
1770606824.8768003,BIT,0
1770606824.8768003,BIT,1
1770606824.8768003,BIT,0
1770606824.8768003,BIT,0
1770606825.0624728,BIT,0
1770606825.0624728,BIT,1
1770606825.0624728,BIT,0
1770606825.0624728,BIT,1
1770606825.0624728,BIT,0
1770606825.0624728,BIT,0
1770606825.0624728,BIT,0
1770606825.0624728,BIT,1
1770606825.0624728,BIT,0
1770606825.0624728,BIT,0
1770606825.2590933,BIT,1
1770606825.2590933,BIT,0
1770606825.2590933,BIT,0
1770606825.2590933,BIT,0
1770606825.2590933,BIT,0
1770606825.2590933,BIT,1
1770606825.2590933,BIT,1
1770606825.2590933,BIT,0
1770606825.2590933,BIT,0
1770606825.2590933,BIT,1
1770606825.4511585,BIT,0
1770606825.4511585,BIT,0
1770606825.4511585,BIT,0
1770606825.4511585,BIT,0
1770606825.4511585,BIT,1
1770606825.4511585,BIT,0
1770606825.4511585,BIT,0
1770606825.4511585,BIT,0
1770606825.4511585,BIT,0
1770606825.4511585,BIT,0
1770606825.6224105,BIT,0
1770606825.6224105,BIT,1
1770606825.6224105,BIT,1
1770606825.6224105,BIT,0
1770606825.6224105,BIT,1
1770606825.6224105,BIT,1
1770606825.6224105,BIT,0
1770606825.6224105,BIT,1
1770606825.6224105,BIT,1
1770606825.6224105,BIT,1
1770606825.8025398,BIT,1
1770606825.8025398,BIT,1
1770606825.8025398,BIT,0
1770606825.8025398,BIT,1
1770606825.8025398,BIT,0
1770606825.8025398,BIT,1
1770606825.8025398,BIT,1
1770606825.8025398,BIT,0
1770606825.8025398,BIT,0
1770606825.8025398,BIT,0
1770606825.997947,BIT,0
1770606825.997947,BIT,1
1770606825.997947,BIT,1
1770606825.997947,BIT,1
1770606825.997947,BIT,1
1770606825.997947,BIT,1
1770606825.997947,BIT,1
1770606825.997947,BIT,0
1770606825.997947,BIT,1
1770606825.997947,BIT,0
1770606826.1676123,BIT,0
1770606826.1676123,BIT,1
1770606826.1676123,BIT,0
1770606826.1676123,BIT,0
1770606826.1676123,BIT,1
1770606826.1676123,BIT,1
1770606826.1676123,BIT,1
1770606826.1676123,BIT,1
1770606826.1676123,BIT,0
1770606826.1676123,BIT,1
1770606826.368305,BIT,1
1770606826.368305,BIT,1
1770606826.368305,BIT,1
1770606826.368305,BIT,0
1770606826.368305,BIT,0
1770606826.368305,BIT,0
1770606826.368305,BIT,0
1770606826.368305,BIT,0
1770606826.368305,BIT,1
1770606826.368305,BIT,0
1770606826.5623655,BIT,0
1770606826.5623655,BIT,1
1770606826.5623655,BIT,0
1770606826.5623655,BIT,0
1770606826.5623655,BIT,0
1770606826.5623655,BIT,0
1770606826.5623655,BIT,1
1770606826.5623655,BIT,0
1770606826.5623655,BIT,0
1770606826.5623655,BIT,1
1770606826.740511,BIT,1
1770606826.740511,BIT,0
1770606826.740511,BIT,0
1770606826.740511,BIT,1
1770606826.740511,BIT,0
1770606826.740511,BIT,0
1770606826.740511,BIT,1
1770606826.740511,BIT,0
1770606826.740511,BIT,1
1770606826.740511,BIT,0
1770606826.9675052,BIT,0
1770606826.9675052,BIT,0
1770606826.9675052,BIT,0
1770606826.9675052,BIT,1
1770606826.9675052,BIT,0
1770606826.9675052,BIT,0
1770606826.9675052,BIT,0
1770606826.9675052,BIT,1
1770606826.9675052,BIT,0
1770606826.9675052,BIT,0
1770606827.1628513,BIT,1
1770606827.1628513,BIT,1
1770606827.1628513,BIT,0
1770606827.1628513,BIT,1
1770606827.1628513,BIT,1
1770606827.1628513,BIT,1
1770606827.1628513,BIT,0
1770606827.1628513,BIT,0
1770606827.1628513,BIT,0
1770606827.1628513,BIT,0
1770606827.3808491,BIT,1
1770606827.3808491,BIT,0
1770606827.3808491,BIT,1
1770606827.3808491,BIT,1
1770606827.3808491,BIT,1
1770606827.3808491,BIT,0
1770606827.3808491,BIT,1
1770606827.3808491,BIT,0
1770606827.3808491,BIT,1
1770606827.3808491,BIT,0
1770606827.645143,BIT,0
1770606827.645143,BIT,0
1770606827.645143,BIT,1
1770606827.645143,BIT,1
1770606827.645143,BIT,0
1770606827.645143,BIT,1
1770606827.645143,BIT,0
1770606827.645143,BIT,0
1770606827.645143,BIT,0
1770606827.645143,BIT,1
1770606827.8714156,BIT,1
1770606827.8714156,BIT,0
1770606827.8714156,BIT,1
1770606827.8714156,BIT,1
1770606827.8714156,BIT,1
1770606827.8714156,BIT,1
1770606827.8714156,BIT,1
1770606827.8714156,BIT,1
1770606827.8714156,BIT,1
1770606827.8714156,BIT,1
1770606828.1266468,BIT,0
1770606828.1266468,BIT,1
1770606828.1266468,BIT,1
1770606828.1266468,BIT,0
1770606828.1266468,BIT,0
1770606828.1266468,BIT,1
1770606828.1266468,BIT,1
1770606828.1266468,BIT,1
1770606828.1266468,BIT,1
1770606828.1266468,BIT,0
1770606828.3692636,BIT,0
1770606828.3692636,BIT,1
1770606828.3692636,BIT,1
1770606828.3692636,BIT,0
1770606828.3692636,BIT,1
1770606828.3692636,BIT,0
1770606828.3692636,BIT,0
1770606828.3692636,BIT,1
1770606828.3692636,BIT,0
1770606828.3692636,BIT,0
1770606828.5701175,BIT,1
1770606828.5701175,BIT,1
1770606828.5701175,BIT,0
1770606828.5701175,BIT,0
1770606828.5701175,BIT,0
1770606828.5701175,BIT,0
1770606828.5701175,BIT,0
1770606828.5701175,BIT,0
1770606828.5701175,BIT,0
1770606828.5701175,BIT,0
1770606828.763595,BIT,1
1770606828.763595,BIT,0
1770606828.763595,BIT,1
1770606828.763595,BIT,1
1770606828.763595,BIT,0
1770606828.763595,BIT,1
1770606828.763595,BIT,0
1770606828.763595,BIT,1
1770606828.763595,BIT,1
1770606828.763595,BIT,1
1770606828.9678166,BIT,1
1770606828.9678166,BIT,1
1770606828.9678166,BIT,1
1770606828.9678166,BIT,1
1770606828.9678166,BIT,0
1770606828.9678166,BIT,1
1770606828.9678166,BIT,1
1770606828.9678166,BIT,0
1770606828.9678166,BIT,1
1770606828.9678166,BIT,0
1770606829.1414504,BIT,1
1770606829.1414504,BIT,0
1770606829.1414504,BIT,1
1770606829.1414504,BIT,1
1770606829.1414504,BIT,0
1770606829.1414504,BIT,1
1770606829.1414504,BIT,1
1770606829.1414504,BIT,1
1770606829.1414504,BIT,1
1770606829.1414504,BIT,1
1770606829.3338945,BIT,1
1770606829.3338945,BIT,1
1770606829.3338945,BIT,1
1770606829.3338945,BIT,0
1770606829.3338945,BIT,0
1770606829.3338945,BIT,0
1770606829.3338945,BIT,0
1770606829.3338945,BIT,1
1770606829.3338945,BIT,0
1770606829.3338945,BIT,0
1770606829.5338664,BIT,0
1770606829.5338664,BIT,1
1770606829.5338664,BIT,1
1770606829.5338664,BIT,0
1770606829.5338664,BIT,1
1770606829.5338664,BIT,1
1770606829.5338664,BIT,0
1770606829.5338664,BIT,0
1770606829.5338664,BIT,1
1770606829.5338664,BIT,0
1770606829.7083707,BIT,0
1770606829.7083707,BIT,0
1770606829.7083707,BIT,1
1770606829.7083707,BIT,0
1770606829.7083707,BIT,0
1770606829.7083707,BIT,1
1770606829.7083707,BIT,0
1770606829.7083707,BIT,1
1770606829.7083707,BIT,1
1770606829.7083707,BIT,1
1770606829.9138684,BIT,0
1770606829.9138684,BIT,0
1770606829.9138684,BIT,0
1770606829.9138684,BIT,0
1770606829.9138684,BIT,1
1770606829.9138684,BIT,0
1770606829.9138684,BIT,1
1770606829.9138684,BIT,0
1770606829.9138684,BIT,1
1770606829.9138684,BIT,1
1770606830.1024764,BIT,0
1770606830.1024764,BIT,1
1770606830.1024764,BIT,1
1770606830.1024764,BIT,1
1770606830.1024764,BIT,1
1770606830.1024764,BIT,1
1770606830.1024764,BIT,1
1770606830.1024764,BIT,0
1770606830.1024764,BIT,1
1770606830.1024764,BIT,1
1770606830.2819567,BIT,0
1770606830.2819567,BIT,0
1770606830.2819567,BIT,1
1770606830.2819567,BIT,1
1770606830.2819567,BIT,1
1770606830.2819567,BIT,1
1770606830.2819567,BIT,1
1770606830.2819567,BIT,0
1770606830.2819567,BIT,1
1770606830.2819567,BIT,0
1770606830.4922976,BIT,0
1770606830.4922976,BIT,1
1770606830.4922976,BIT,0
1770606830.4922976,BIT,1
1770606830.4922976,BIT,1
1770606830.4922976,BIT,1
1770606830.4922976,BIT,0
1770606830.4922976,BIT,1
1770606830.4922976,BIT,1
1770606830.4922976,BIT,0
1770606830.6706522,BIT,0
1770606830.6706522,BIT,0
1770606830.6706522,BIT,0
1770606830.6706522,BIT,1
1770606830.6706522,BIT,0
1770606830.6706522,BIT,1
1770606830.6706522,BIT,0
1770606830.6706522,BIT,1
1770606830.6706522,BIT,1
1770606830.6706522,BIT,0
1770606830.8758144,BIT,0
1770606830.8758144,BIT,1
1770606830.8758144,BIT,1
1770606830.8758144,BIT,0
1770606830.8758144,BIT,0
1770606830.8758144,BIT,0
1770606830.8758144,BIT,1
1770606830.8758144,BIT,1
1770606830.8758144,BIT,0
1770606830.8758144,BIT,1
1770606831.0875685,BIT,1
1770606831.0875685,BIT,0
1770606831.0875685,BIT,1
1770606831.0875685,BIT,0
1770606831.0875685,BIT,1
1770606831.0875685,BIT,1
1770606831.0875685,BIT,1
1770606831.0875685,BIT,1
1770606831.0875685,BIT,1
1770606831.0875685,BIT,1
1770606831.2935958,BIT,1
1770606831.2935958,BIT,0
1770606831.2935958,BIT,1
1770606831.2935958,BIT,0
1770606831.2935958,BIT,0
1770606831.2935958,BIT,0
1770606831.2935958,BIT,0
1770606831.2935958,BIT,1
1770606831.2935958,BIT,1
1770606831.2935958,BIT,0
1770606831.4916847,BIT,0
1770606831.4916847,BIT,0
1770606831.4916847,BIT,0
1770606831.4916847,BIT,1
1770606831.4916847,BIT,0
1770606831.4916847,BIT,1
1770606831.4916847,BIT,1
1770606831.4916847,BIT,0
1770606831.4916847,BIT,0
1770606831.4916847,BIT,1
1770606831.6791723,BIT,1
1770606831.6791723,BIT,1
1770606831.6791723,BIT,0
1770606831.6791723,BIT,1
1770606831.6791723,BIT,0
1770606831.6791723,BIT,1
1770606831.6791723,BIT,0
1770606831.6791723,BIT,1
1770606831.6791723,BIT,0
1770606831.6791723,BIT,1
1770606831.869525,BIT,0
1770606831.869525,BIT,0
1770606831.869525,BIT,0
1770606831.869525,BIT,1
1770606831.869525,BIT,1
1770606831.869525,BIT,1
1770606831.869525,BIT,0
1770606831.869525,BIT,1
1770606831.869525,BIT,0
1770606831.869525,BIT,1
1770606832.067492,BIT,1
1770606832.067492,BIT,0
1770606832.067492,BIT,0
1770606832.067492,BIT,1
1770606832.067492,BIT,0
1770606832.067492,BIT,1
1770606832.067492,BIT,0
1770606832.067492,BIT,0
1770606832.067492,BIT,0
1770606832.067492,BIT,1
1770606832.2543337,BIT,1
1770606832.2543337,BIT,0
1770606832.2543337,BIT,0
1770606832.2543337,BIT,0
1770606832.2543337,BIT,1
1770606832.2543337,BIT,1
1770606832.2543337,BIT,0
1770606832.2543337,BIT,0
1770606832.2543337,BIT,1
1770606832.2543337,BIT,0
1770606832.4545176,BIT,1
1770606832.4545176,BIT,0
1770606832.4545176,BIT,0
1770606832.4545176,BIT,0
1770606832.4545176,BIT,1
1770606832.4545176,BIT,1
1770606832.4545176,BIT,0
1770606832.4545176,BIT,1
1770606832.4545176,BIT,0
1770606832.4545176,BIT,1
1770606832.6456013,BIT,1
1770606832.6456013,BIT,1
1770606832.6456013,BIT,1
1770606832.6456013,BIT,1
1770606832.6456013,BIT,1
1770606832.6456013,BIT,1
1770606832.6456013,BIT,0
1770606832.6456013,BIT,1
1770606832.6456013,BIT,0
1770606832.6456013,BIT,1
1770606832.920804,BIT,1
1770606832.920804,BIT,0
1770606832.920804,BIT,1
1770606832.920804,BIT,0
1770606832.920804,BIT,0
1770606832.920804,BIT,1
1770606832.920804,BIT,1
1770606832.920804,BIT,0
1770606832.920804,BIT,1
1770606832.920804,BIT,0
1770606833.134248,BIT,0
1770606833.134248,BIT,0
1770606833.134248,BIT,1
1770606833.134248,BIT,0
1770606833.134248,BIT,1
1770606833.134248,BIT,0
1770606833.134248,BIT,1
1770606833.134248,BIT,1
1770606833.134248,BIT,1
1770606833.134248,BIT,1
1770606833.3159165,BIT,0
1770606833.3159165,BIT,1
1770606833.3159165,BIT,0
1770606833.3159165,BIT,0
1770606833.3159165,BIT,0
1770606833.3159165,BIT,0
1770606833.3159165,BIT,1
1770606833.3159165,BIT,1
1770606833.3159165,BIT,1
1770606833.3159165,BIT,1
1770606833.584328,BIT,0
1770606833.584328,BIT,0
1770606833.584328,BIT,0
1770606833.584328,BIT,0
1770606833.584328,BIT,0
1770606833.584328,BIT,1
1770606833.584328,BIT,1
1770606833.584328,BIT,0
1770606833.584328,BIT,0
1770606833.584328,BIT,0
1770606833.784294,BIT,0
1770606833.784294,BIT,1
1770606833.784294,BIT,0
1770606833.784294,BIT,0
1770606833.784294,BIT,1
1770606833.784294,BIT,0
1770606833.784294,BIT,0
1770606833.784294,BIT,1
1770606833.784294,BIT,1
1770606833.784294,BIT,1
1770606833.972114,BIT,1
1770606833.972114,BIT,1
1770606833.972114,BIT,0
1770606833.972114,BIT,1
1770606833.972114,BIT,0
1770606833.972114,BIT,1
1770606833.972114,BIT,0
1770606833.972114,BIT,0
1770606833.972114,BIT,0
1770606833.972114,BIT,1
1770606834.1544087,BIT,0
1770606834.1544087,BIT,1
1770606834.1544087,BIT,1
1770606834.1544087,BIT,1
1770606834.1544087,BIT,1
1770606834.1544087,BIT,0
1770606834.1544087,BIT,1
1770606834.1544087,BIT,1
1770606834.1544087,BIT,1
1770606834.1544087,BIT,0
1770606834.3339038,BIT,0
1770606834.3339038,BIT,1
1770606834.3339038,BIT,0
1770606834.3339038,BIT,0
1770606834.3339038,BIT,1
1770606834.3339038,BIT,1
1770606834.3339038,BIT,1
1770606834.3339038,BIT,1
1770606834.3339038,BIT,0
1770606834.3339038,BIT,0
1770606834.5277898,BIT,1
1770606834.5277898,BIT,1
1770606834.5277898,BIT,0
1770606834.5277898,BIT,0
1770606834.5277898,BIT,1
1770606834.5277898,BIT,0
1770606834.5277898,BIT,1
1770606834.5277898,BIT,0
1770606834.5277898,BIT,1
1770606834.5277898,BIT,1
1770606834.7232022,BIT,1
1770606834.7232022,BIT,0
1770606834.7232022,BIT,0
1770606834.7232022,BIT,1
1770606834.7232022,BIT,0
1770606834.7232022,BIT,0
1770606834.7232022,BIT,0
1770606834.7232022,BIT,1
1770606834.7232022,BIT,1
1770606834.7232022,BIT,1
1770606834.9411404,BIT,0
1770606834.9411404,BIT,1
1770606834.9411404,BIT,0
1770606834.9411404,BIT,1
1770606834.9411404,BIT,1
1770606834.9411404,BIT,0
1770606834.9411404,BIT,0
1770606834.9411404,BIT,1
1770606834.9411404,BIT,1
1770606834.9411404,BIT,0
1770606835.1168258,BIT,0
1770606835.1168258,BIT,0
1770606835.1168258,BIT,1
1770606835.1168258,BIT,0
1770606835.1168258,BIT,1
1770606835.1168258,BIT,0
1770606835.1168258,BIT,0
1770606835.1168258,BIT,1
1770606835.1168258,BIT,0
1770606835.1168258,BIT,1
1770606835.2910643,BIT,1
1770606835.2910643,BIT,1
1770606835.2910643,BIT,0
1770606835.2910643,BIT,1
1770606835.2910643,BIT,1
1770606835.2910643,BIT,1
1770606835.2910643,BIT,1
1770606835.2910643,BIT,1
1770606835.2910643,BIT,0
1770606835.2910643,BIT,0
1770606835.4837399,BIT,0
1770606835.4837399,BIT,1
1770606835.4837399,BIT,1
1770606835.4837399,BIT,0
1770606835.4837399,BIT,0
1770606835.4837399,BIT,0
1770606835.4837399,BIT,0
1770606835.4837399,BIT,0
1770606835.4837399,BIT,0
1770606835.4837399,BIT,0
1770606835.6564171,BIT,0
1770606835.6564171,BIT,0
1770606835.6564171,BIT,0
1770606835.6564171,BIT,1
1770606835.6564171,BIT,0
1770606835.6564171,BIT,1
1770606835.6564171,BIT,0
1770606835.6564171,BIT,0
1770606835.6564171,BIT,0
1770606835.6564171,BIT,1
1770606835.8509462,BIT,1
1770606835.8509462,BIT,0
1770606835.8509462,BIT,1
1770606835.8509462,BIT,1
1770606835.8509462,BIT,1
1770606835.8509462,BIT,1
1770606835.8509462,BIT,0
1770606835.8509462,BIT,1
1770606835.8509462,BIT,0
1770606835.8509462,BIT,1
1770606836.0449483,BIT,0
1770606836.0449483,BIT,1
1770606836.0449483,BIT,0
1770606836.0449483,BIT,1
1770606836.0449483,BIT,0
1770606836.0449483,BIT,0
1770606836.0449483,BIT,0
1770606836.0449483,BIT,1
1770606836.0449483,BIT,0
1770606836.0449483,BIT,1
1770606836.224189,BIT,1
1770606836.224189,BIT,0
1770606836.224189,BIT,0
1770606836.224189,BIT,0
1770606836.224189,BIT,0
1770606836.224189,BIT,1
1770606836.224189,BIT,0
1770606836.224189,BIT,1
1770606836.224189,BIT,1
1770606836.224189,BIT,1
1770606836.4205205,BIT,0
1770606836.4205205,BIT,1
1770606836.4205205,BIT,0
1770606836.4205205,BIT,0
1770606836.4205205,BIT,1
1770606836.4205205,BIT,1
1770606836.4205205,BIT,1
1770606836.4205205,BIT,0
1770606836.4205205,BIT,0
1770606836.4205205,BIT,1
1770606836.6011062,BIT,0
1770606836.6011062,BIT,0
1770606836.6011062,BIT,1
1770606836.6011062,BIT,1
1770606836.6011062,BIT,1
1770606836.6011062,BIT,0
1770606836.6011062,BIT,1
1770606836.6011062,BIT,1
1770606836.6011062,BIT,1
1770606836.6011062,BIT,0
1770606836.857545,BIT,1
1770606836.857545,BIT,0
1770606836.857545,BIT,0
1770606836.857545,BIT,1
1770606836.857545,BIT,1
1770606836.857545,BIT,0
1770606836.857545,BIT,0
1770606836.857545,BIT,1
1770606836.857545,BIT,1
1770606836.857545,BIT,1
1770606837.06911,BIT,1
1770606837.06911,BIT,1
1770606837.06911,BIT,1
1770606837.06911,BIT,1
1770606837.06911,BIT,1
1770606837.06911,BIT,1
1770606837.06911,BIT,0
1770606837.06911,BIT,0
1770606837.06911,BIT,0
1770606837.06911,BIT,1
1770606837.2712383,BIT,0
1770606837.2712383,BIT,0
1770606837.2712383,BIT,1
1770606837.2712383,BIT,0
1770606837.2712383,BIT,1
1770606837.2712383,BIT,1
1770606837.2712383,BIT,1
1770606837.2712383,BIT,1
1770606837.2712383,BIT,1
1770606837.2712383,BIT,1
1770606837.4891214,BIT,1
1770606837.4891214,BIT,1
1770606837.4891214,BIT,0
1770606837.4891214,BIT,1
1770606837.4891214,BIT,1
1770606837.4891214,BIT,0
1770606837.4891214,BIT,1
1770606837.4891214,BIT,1
1770606837.4891214,BIT,1
1770606837.4891214,BIT,0
1770606837.666633,BIT,0
1770606837.666633,BIT,0
1770606837.666633,BIT,1
1770606837.666633,BIT,0
1770606837.666633,BIT,0
1770606837.666633,BIT,0
1770606837.666633,BIT,1
1770606837.666633,BIT,0
1770606837.666633,BIT,0
1770606837.666633,BIT,1
1770606837.8507009,BIT,1
1770606837.8507009,BIT,0
1770606837.8507009,BIT,1
1770606837.8507009,BIT,0
1770606837.8507009,BIT,0
1770606837.8507009,BIT,1
1770606837.8507009,BIT,0
1770606837.8507009,BIT,1
1770606837.8507009,BIT,1
1770606837.8507009,BIT,0
1770606838.061834,BIT,1
1770606838.061834,BIT,0
1770606838.061834,BIT,1
1770606838.061834,BIT,0
1770606838.061834,BIT,0
1770606838.061834,BIT,1
1770606838.061834,BIT,0
1770606838.061834,BIT,1
1770606838.061834,BIT,0
1770606838.061834,BIT,1
1770606838.2399802,BIT,0
1770606838.2399802,BIT,1
1770606838.2399802,BIT,1
1770606838.2399802,BIT,1
1770606838.2399802,BIT,0
1770606838.2399802,BIT,0
1770606838.2399802,BIT,0
1770606838.2399802,BIT,0
1770606838.2399802,BIT,0
1770606838.2399802,BIT,0
1770606838.4423556,BIT,1
1770606838.4423556,BIT,0
1770606838.4423556,BIT,1
1770606838.4423556,BIT,1
1770606838.4423556,BIT,0
1770606838.4423556,BIT,1
1770606838.4423556,BIT,0
1770606838.4423556,BIT,1
1770606838.4423556,BIT,1
1770606838.4423556,BIT,1
1770606838.630396,BIT,1
1770606838.630396,BIT,1
1770606838.630396,BIT,1
1770606838.630396,BIT,0
1770606838.630396,BIT,1
1770606838.630396,BIT,1
1770606838.630396,BIT,0
1770606838.630396,BIT,1
1770606838.630396,BIT,0
1770606838.630396,BIT,1
1770606838.8055933,BIT,0
1770606838.8055933,BIT,1
1770606838.8055933,BIT,1
1770606838.8055933,BIT,1
1770606838.8055933,BIT,1
1770606838.8055933,BIT,0
1770606838.8055933,BIT,1
1770606838.8055933,BIT,0
1770606838.8055933,BIT,1
1770606838.8055933,BIT,0
1770606839.0058014,BIT,0
1770606839.0058014,BIT,1
1770606839.0058014,BIT,0
1770606839.0058014,BIT,0
1770606839.0058014,BIT,1
1770606839.0058014,BIT,1
1770606839.0058014,BIT,1
1770606839.0058014,BIT,1
1770606839.0058014,BIT,0
1770606839.0058014,BIT,1
1770606839.1991668,BIT,0
1770606839.1991668,BIT,0
1770606839.1991668,BIT,0
1770606839.1991668,BIT,1
1770606839.1991668,BIT,1
1770606839.1991668,BIT,0
1770606839.1991668,BIT,0
1770606839.1991668,BIT,1
1770606839.1991668,BIT,0
1770606839.1991668,BIT,1
1770606839.3863208,BIT,0
1770606839.3863208,BIT,0
1770606839.3863208,BIT,1
1770606839.3863208,BIT,0
1770606839.3863208,BIT,0
1770606839.3863208,BIT,0
1770606839.3863208,BIT,1
1770606839.3863208,BIT,1
1770606839.3863208,BIT,1
1770606839.3863208,BIT,1
1770606839.5733545,BIT,1
1770606839.5733545,BIT,1
1770606839.5733545,BIT,1
1770606839.5733545,BIT,1
1770606839.5733545,BIT,1
1770606839.5733545,BIT,1
1770606839.5733545,BIT,0
1770606839.5733545,BIT,0
1770606839.5733545,BIT,1
1770606839.5733545,BIT,1
1770606839.7676206,BIT,1
1770606839.7676206,BIT,1
1770606839.7676206,BIT,0
1770606839.7676206,BIT,0
1770606839.7676206,BIT,0
1770606839.7676206,BIT,0
1770606839.7676206,BIT,0
1770606839.7676206,BIT,0
1770606839.7676206,BIT,0
1770606839.7676206,BIT,1
1770606839.974587,BIT,1
1770606839.974587,BIT,1
1770606839.974587,BIT,1
1770606839.974587,BIT,0
1770606839.974587,BIT,1
1770606839.974587,BIT,0
1770606839.974587,BIT,1
1770606839.974587,BIT,0
1770606839.974587,BIT,0
1770606839.974587,BIT,0
1770606840.157286,BIT,1
1770606840.157286,BIT,0
1770606840.157286,BIT,0
1770606840.157286,BIT,1
1770606840.157286,BIT,1
1770606840.157286,BIT,0
1770606840.157286,BIT,1
1770606840.157286,BIT,0
1770606840.157286,BIT,0
1770606840.157286,BIT,1
1770606840.3493462,BIT,1
1770606840.3493462,BIT,1
1770606840.3493462,BIT,1
1770606840.3493462,BIT,0
1770606840.3493462,BIT,1
1770606840.3493462,BIT,0
1770606840.3493462,BIT,1
1770606840.3493462,BIT,0
1770606840.3493462,BIT,0
1770606840.3493462,BIT,1
1770606840.5399132,BIT,1
1770606840.5399132,BIT,1
1770606840.5399132,BIT,0
1770606840.5399132,BIT,1
1770606840.5399132,BIT,0
1770606840.5399132,BIT,0
1770606840.5399132,BIT,0
1770606840.5399132,BIT,1
1770606840.5399132,BIT,0
1770606840.5399132,BIT,0
1770606840.7155964,BIT,1
1770606840.7155964,BIT,1
1770606840.7155964,BIT,0
1770606840.7155964,BIT,1
1770606840.7155964,BIT,1
1770606840.7155964,BIT,1
1770606840.7155964,BIT,1
1770606840.7155964,BIT,0
1770606840.7155964,BIT,0
1770606840.7155964,BIT,0
1770606840.9247835,BIT,1
1770606840.9247835,BIT,1
1770606840.9247835,BIT,0
1770606840.9247835,BIT,0
1770606840.9247835,BIT,1
1770606840.9247835,BIT,0
1770606840.9247835,BIT,1
1770606840.9247835,BIT,0
1770606840.9247835,BIT,1
1770606840.9247835,BIT,1
1770606841.1201985,BIT,0
1770606841.1201985,BIT,1
1770606841.1201985,BIT,1
1770606841.1201985,BIT,0
1770606841.1201985,BIT,0
1770606841.1201985,BIT,1
1770606841.1201985,BIT,1
1770606841.1201985,BIT,1
1770606841.1201985,BIT,0
1770606841.1201985,BIT,0
1770606841.315411,BIT,1
1770606841.315411,BIT,0
1770606841.315411,BIT,1
1770606841.315411,BIT,0
1770606841.315411,BIT,0
1770606841.315411,BIT,1
1770606841.315411,BIT,1
1770606841.315411,BIT,0
1770606841.315411,BIT,1
1770606841.315411,BIT,0
1770606841.526345,BIT,1
1770606841.526345,BIT,1
1770606841.526345,BIT,1
1770606841.526345,BIT,0
1770606841.526345,BIT,1
1770606841.526345,BIT,1
1770606841.526345,BIT,1
1770606841.526345,BIT,0
1770606841.526345,BIT,0
1770606841.526345,BIT,0
1770606841.7143052,BIT,1
1770606841.7143052,BIT,1
1770606841.7143052,BIT,0
1770606841.7143052,BIT,1
1770606841.7143052,BIT,1
1770606841.7143052,BIT,1
1770606841.7143052,BIT,1
1770606841.7143052,BIT,0
1770606841.7143052,BIT,1
1770606841.7143052,BIT,0
1770606841.903134,BIT,1
1770606841.903134,BIT,0
1770606841.903134,BIT,1
1770606841.903134,BIT,0
1770606841.903134,BIT,1
1770606841.903134,BIT,1
1770606841.903134,BIT,1
1770606841.903134,BIT,1
1770606841.903134,BIT,0
1770606841.903134,BIT,1
1770606842.098118,BIT,0
1770606842.098118,BIT,0
1770606842.098118,BIT,1
1770606842.098118,BIT,0
1770606842.098118,BIT,0
1770606842.098118,BIT,0
1770606842.098118,BIT,0
1770606842.098118,BIT,0
1770606842.098118,BIT,0
1770606842.098118,BIT,0
1770606842.283008,BIT,1
1770606842.283008,BIT,0
1770606842.283008,BIT,1
1770606842.283008,BIT,0
1770606842.283008,BIT,0
1770606842.283008,BIT,1
1770606842.283008,BIT,1
1770606842.283008,BIT,1
1770606842.283008,BIT,1
1770606842.283008,BIT,0
1770606842.476832,BIT,0
1770606842.476832,BIT,0
1770606842.476832,BIT,0
1770606842.476832,BIT,0
1770606842.476832,BIT,1
1770606842.476832,BIT,1
1770606842.476832,BIT,1
1770606842.476832,BIT,0
1770606842.476832,BIT,1
1770606842.476832,BIT,1
1770606842.7153945,BIT,0
1770606842.7153945,BIT,0
1770606842.7153945,BIT,0
1770606842.7153945,BIT,1
1770606842.7153945,BIT,1
1770606842.7153945,BIT,0
1770606842.7153945,BIT,0
1770606842.7153945,BIT,1
1770606842.7153945,BIT,0
1770606842.7153945,BIT,0
1770606842.9193125,BIT,0
1770606842.9193125,BIT,0
1770606842.9193125,BIT,0
1770606842.9193125,BIT,0
1770606842.9193125,BIT,1
1770606842.9193125,BIT,0
1770606842.9193125,BIT,0
1770606842.9193125,BIT,0
1770606842.9193125,BIT,0
1770606842.9193125,BIT,0
1770606843.1199415,BIT,1
1770606843.1199415,BIT,1
1770606843.1199415,BIT,1
1770606843.1199415,BIT,0
1770606843.1199415,BIT,1
1770606843.1199415,BIT,0
1770606843.1199415,BIT,1
1770606843.1199415,BIT,1
1770606843.1199415,BIT,1
1770606843.1199415,BIT,0
1770606843.3080094,BIT,0
1770606843.3080094,BIT,1
1770606843.3080094,BIT,1
1770606843.3080094,BIT,0
1770606843.3080094,BIT,0
1770606843.3080094,BIT,0
1770606843.3080094,BIT,1
1770606843.3080094,BIT,1
1770606843.3080094,BIT,1
1770606843.3080094,BIT,0
1770606843.505319,BIT,1
1770606843.505319,BIT,0
1770606843.505319,BIT,0
1770606843.505319,BIT,0
1770606843.505319,BIT,0
1770606843.505319,BIT,0
1770606843.505319,BIT,0
1770606843.505319,BIT,0
1770606843.505319,BIT,0
1770606843.505319,BIT,1
1770606843.6923556,BIT,1
1770606843.6923556,BIT,1
1770606843.6923556,BIT,1
1770606843.6923556,BIT,1
1770606843.6923556,BIT,0
1770606843.6923556,BIT,0
1770606843.6923556,BIT,1
1770606843.6923556,BIT,0
1770606843.6923556,BIT,1
1770606843.6923556,BIT,1
1770606843.91235,BIT,1
1770606843.91235,BIT,1
1770606843.91235,BIT,0
1770606843.91235,BIT,1
1770606843.91235,BIT,1
1770606843.91235,BIT,1
1770606843.91235,BIT,0
1770606843.91235,BIT,1
1770606843.91235,BIT,0
1770606843.91235,BIT,1
1770606844.1146934,BIT,0
1770606844.1146934,BIT,0
1770606844.1146934,BIT,0
1770606844.1146934,BIT,1
1770606844.1146934,BIT,1
1770606844.1146934,BIT,0
1770606844.1146934,BIT,0
1770606844.1146934,BIT,0
1770606844.1146934,BIT,1
1770606844.1146934,BIT,0
1770606844.3026903,BIT,0
1770606844.3026903,BIT,0
1770606844.3026903,BIT,0
1770606844.3026903,BIT,1
1770606844.3026903,BIT,1
1770606844.3026903,BIT,1
1770606844.3026903,BIT,0
1770606844.3026903,BIT,0
1770606844.3026903,BIT,0
1770606844.3026903,BIT,0
1770606844.5061796,BIT,0
1770606844.5061796,BIT,1
1770606844.5061796,BIT,0
1770606844.5061796,BIT,1
1770606844.5061796,BIT,0
1770606844.5061796,BIT,0
1770606844.5061796,BIT,1
1770606844.5061796,BIT,0
1770606844.5061796,BIT,0
1770606844.5061796,BIT,0
1770606844.6896417,BIT,0
1770606844.6896417,BIT,0
1770606844.6896417,BIT,1
1770606844.6896417,BIT,1
1770606844.6896417,BIT,0
1770606844.6896417,BIT,0
1770606844.6896417,BIT,1
1770606844.6896417,BIT,1
1770606844.6896417,BIT,0
1770606844.6896417,BIT,1
1770606844.9400873,BIT,0
1770606844.9400873,BIT,0
1770606844.9400873,BIT,1
1770606844.9400873,BIT,0
1770606844.9400873,BIT,1
1770606844.9400873,BIT,0
1770606844.9400873,BIT,1
1770606844.9400873,BIT,1
1770606844.9400873,BIT,0
1770606844.9400873,BIT,1
1770606845.2765186,BIT,1
1770606845.2765186,BIT,0
1770606845.2765186,BIT,1
1770606845.2765186,BIT,1
1770606845.2765186,BIT,1
1770606845.2765186,BIT,1
1770606845.2765186,BIT,0
1770606845.2765186,BIT,1
1770606845.2765186,BIT,0
1770606845.2765186,BIT,0
1770606845.532583,BIT,1
1770606845.532583,BIT,0
1770606845.532583,BIT,0
1770606845.532583,BIT,0
1770606845.532583,BIT,1
1770606845.532583,BIT,0
1770606845.532583,BIT,0
1770606845.532583,BIT,0
1770606845.532583,BIT,1
1770606845.532583,BIT,1
1770606845.728309,BIT,1
1770606845.728309,BIT,1
1770606845.728309,BIT,1
1770606845.728309,BIT,1
1770606845.728309,BIT,0
1770606845.728309,BIT,0
1770606845.728309,BIT,0
1770606845.728309,BIT,1
1770606845.728309,BIT,0
1770606845.728309,BIT,1
1770606845.979622,BIT,1
1770606845.979622,BIT,0
1770606845.979622,BIT,0
1770606845.979622,BIT,1
1770606845.979622,BIT,1
1770606845.979622,BIT,1
1770606845.979622,BIT,1
1770606845.979622,BIT,0
1770606845.979622,BIT,1
1770606845.979622,BIT,0
1770606846.1725364,BIT,0
1770606846.1725364,BIT,0
1770606846.1725364,BIT,0
1770606846.1725364,BIT,1
1770606846.1725364,BIT,0
1770606846.1725364,BIT,0
1770606846.1725364,BIT,0
1770606846.1725364,BIT,0
1770606846.1725364,BIT,1
1770606846.1725364,BIT,1
1770606846.368382,BIT,0
1770606846.368382,BIT,0
1770606846.368382,BIT,0
1770606846.368382,BIT,1
1770606846.368382,BIT,0
1770606846.368382,BIT,0
1770606846.368382,BIT,0
1770606846.368382,BIT,1
1770606846.368382,BIT,0
1770606846.368382,BIT,0
1770606846.58203,BIT,1
1770606846.58203,BIT,0
1770606846.58203,BIT,1
1770606846.58203,BIT,0
1770606846.58203,BIT,0
1770606846.58203,BIT,0
1770606846.58203,BIT,1
1770606846.58203,BIT,1
1770606846.58203,BIT,1
1770606846.58203,BIT,1
1770606846.7749095,BIT,0
1770606846.7749095,BIT,1
1770606846.7749095,BIT,0
1770606846.7749095,BIT,0
1770606846.7749095,BIT,0
1770606846.7749095,BIT,1
1770606846.7749095,BIT,0
1770606846.7749095,BIT,1
1770606846.7749095,BIT,1
1770606846.7749095,BIT,1
1770606846.9799213,BIT,0
1770606846.9799213,BIT,0
1770606846.9799213,BIT,0
1770606846.9799213,BIT,1
1770606846.9799213,BIT,1
1770606846.9799213,BIT,1
1770606846.9799213,BIT,0
1770606846.9799213,BIT,0
1770606846.9799213,BIT,1
1770606846.9799213,BIT,0
1770606847.1555862,BIT,0
1770606847.1555862,BIT,1
1770606847.1555862,BIT,0
1770606847.1555862,BIT,1
1770606847.1555862,BIT,0
1770606847.1555862,BIT,0
1770606847.1555862,BIT,1
1770606847.1555862,BIT,0
1770606847.1555862,BIT,0
1770606847.1555862,BIT,0
1770606847.3382673,BIT,1
1770606847.3382673,BIT,1
1770606847.3382673,BIT,0
1770606847.3382673,BIT,0
1770606847.3382673,BIT,1
1770606847.3382673,BIT,1
1770606847.3382673,BIT,0
1770606847.3382673,BIT,0
1770606847.3382673,BIT,0
1770606847.3382673,BIT,0
1770606847.5285788,BIT,1
1770606847.5285788,BIT,0
1770606847.5285788,BIT,1
1770606847.5285788,BIT,0
1770606847.5285788,BIT,1
1770606847.5285788,BIT,0
1770606847.5285788,BIT,1
1770606847.5285788,BIT,1
1770606847.5285788,BIT,0
1770606847.5285788,BIT,1
1770606847.7073467,BIT,0
1770606847.7073467,BIT,1
1770606847.7073467,BIT,0
1770606847.7073467,BIT,0
1770606847.7073467,BIT,1
1770606847.7073467,BIT,0
1770606847.7073467,BIT,1
1770606847.7073467,BIT,1
1770606847.7073467,BIT,0
1770606847.7073467,BIT,1
1770606847.893134,BIT,1
1770606847.893134,BIT,0
1770606847.893134,BIT,0
1770606847.893134,BIT,1
1770606847.893134,BIT,0
1770606847.893134,BIT,0
1770606847.893134,BIT,1
1770606847.893134,BIT,1
1770606847.893134,BIT,0
1770606847.893134,BIT,1
1770606848.0815005,BIT,0
1770606848.0815005,BIT,1
1770606848.0815005,BIT,1
1770606848.0815005,BIT,0
1770606848.0815005,BIT,0
1770606848.0815005,BIT,1
1770606848.0815005,BIT,1
1770606848.0815005,BIT,0
1770606848.0815005,BIT,0
1770606848.0815005,BIT,1
1770606848.2478116,BIT,0
1770606848.2478116,BIT,1
1770606848.2478116,BIT,1
1770606848.2478116,BIT,0
1770606848.2478116,BIT,0
1770606848.2478116,BIT,1
1770606848.2478116,BIT,1
1770606848.2478116,BIT,1
1770606848.2478116,BIT,1
1770606848.2478116,BIT,0
1770606848.4360018,BIT,0
1770606848.4360018,BIT,0
1770606848.4360018,BIT,0
1770606848.4360018,BIT,1
1770606848.4360018,BIT,1
1770606848.4360018,BIT,0
1770606848.4360018,BIT,0
1770606848.4360018,BIT,0
1770606848.4360018,BIT,0
1770606848.4360018,BIT,0
1770606848.6183,BIT,0
1770606848.6183,BIT,1
1770606848.6183,BIT,0
1770606848.6183,BIT,1
1770606848.6183,BIT,1
1770606848.6183,BIT,1
1770606848.6183,BIT,1
1770606848.6183,BIT,0
1770606848.6183,BIT,0
1770606848.6183,BIT,0
1770606848.8093836,BIT,0
1770606848.8093836,BIT,1
1770606848.8093836,BIT,0
1770606848.8093836,BIT,0
1770606848.8093836,BIT,1
1770606848.8093836,BIT,1
1770606848.8093836,BIT,1
1770606848.8093836,BIT,0
1770606848.8093836,BIT,0
1770606848.8093836,BIT,1
1770606849.0280774,BIT,0
1770606849.0280774,BIT,1
1770606849.0280774,BIT,1
1770606849.0280774,BIT,1
1770606849.0280774,BIT,1
1770606849.0280774,BIT,0
1770606849.0280774,BIT,1
1770606849.0280774,BIT,0
1770606849.0280774,BIT,1
1770606849.0280774,BIT,1
1770606849.2143903,BIT,1
1770606849.2143903,BIT,0
1770606849.2143903,BIT,0
1770606849.2143903,BIT,0
1770606849.2143903,BIT,0
1770606849.2143903,BIT,1
1770606849.2143903,BIT,1
1770606849.2143903,BIT,1
1770606849.2143903,BIT,0
1770606849.2143903,BIT,0
1770606849.3925333,BIT,0
1770606849.3925333,BIT,1
1770606849.3925333,BIT,1
1770606849.3925333,BIT,1
1770606849.3925333,BIT,1
1770606849.3925333,BIT,1
1770606849.3925333,BIT,0
1770606849.3925333,BIT,1
1770606849.3925333,BIT,1
1770606849.3925333,BIT,1
1770606849.5851917,BIT,1
1770606849.5851917,BIT,1
1770606849.5851917,BIT,1
1770606849.5851917,BIT,1
1770606849.5851917,BIT,0
1770606849.5851917,BIT,0
1770606849.5851917,BIT,0
1770606849.5851917,BIT,1
1770606849.5851917,BIT,1
1770606849.5851917,BIT,0
1770606849.7607665,BIT,1
1770606849.7607665,BIT,0
1770606849.7607665,BIT,0
1770606849.7607665,BIT,1
1770606849.7607665,BIT,0
1770606849.7607665,BIT,1
1770606849.7607665,BIT,1
1770606849.7607665,BIT,0
1770606849.7607665,BIT,0
1770606849.7607665,BIT,0
1770606849.9484088,BIT,1
1770606849.9484088,BIT,1
1770606849.9484088,BIT,1
1770606849.9484088,BIT,1
1770606849.9484088,BIT,1
1770606849.9484088,BIT,1
1770606849.9484088,BIT,0
1770606849.9484088,BIT,0
1770606849.9484088,BIT,1
1770606849.9484088,BIT,1
1770606850.160875,BIT,1
1770606850.160875,BIT,1
1770606850.160875,BIT,1
1770606850.160875,BIT,1
1770606850.160875,BIT,1
1770606850.160875,BIT,0
1770606850.160875,BIT,0
1770606850.160875,BIT,0
1770606850.160875,BIT,0
1770606850.160875,BIT,1
1770606850.4066312,BIT,0
1770606850.4066312,BIT,1
1770606850.4066312,BIT,1
1770606850.4066312,BIT,1
1770606850.4066312,BIT,1
1770606850.4066312,BIT,1
1770606850.4066312,BIT,0
1770606850.4066312,BIT,1
1770606850.4066312,BIT,0
1770606850.4066312,BIT,0
1770606850.6673405,BIT,0
1770606850.6673405,BIT,0
1770606850.6673405,BIT,0
1770606850.6673405,BIT,1
1770606850.6673405,BIT,0
1770606850.6673405,BIT,1
1770606850.6673405,BIT,0
1770606850.6673405,BIT,1
1770606850.6673405,BIT,1
1770606850.6673405,BIT,1
1770606850.8943145,BIT,1
1770606850.8943145,BIT,1
1770606850.8943145,BIT,1
1770606850.8943145,BIT,1
1770606850.8943145,BIT,1
1770606850.8943145,BIT,0
1770606850.8943145,BIT,1
1770606850.8943145,BIT,0
1770606850.8943145,BIT,0
1770606850.8943145,BIT,1
1770606851.109209,BIT,0
1770606851.109209,BIT,1
1770606851.109209,BIT,0
1770606851.109209,BIT,0
1770606851.109209,BIT,0
1770606851.109209,BIT,0
1770606851.109209,BIT,1
1770606851.109209,BIT,1
1770606851.109209,BIT,1
1770606851.109209,BIT,0
1770606851.309629,BIT,1
1770606851.309629,BIT,1
1770606851.309629,BIT,1
1770606851.309629,BIT,0
1770606851.309629,BIT,0
1770606851.309629,BIT,1
1770606851.309629,BIT,0
1770606851.309629,BIT,1
1770606851.309629,BIT,0
1770606851.309629,BIT,1
1770606851.539137,BIT,1
1770606851.539137,BIT,0
1770606851.539137,BIT,1
1770606851.539137,BIT,1
1770606851.539137,BIT,0
1770606851.539137,BIT,0
1770606851.539137,BIT,1
1770606851.539137,BIT,1
1770606851.539137,BIT,1
1770606851.539137,BIT,0
1770606851.730127,BIT,0
1770606851.730127,BIT,0
1770606851.730127,BIT,0
1770606851.730127,BIT,1
1770606851.730127,BIT,0
1770606851.730127,BIT,1
1770606851.730127,BIT,0
1770606851.730127,BIT,1
1770606851.730127,BIT,0
1770606851.730127,BIT,0
1770606851.933216,BIT,0
1770606851.933216,BIT,0
1770606851.933216,BIT,1
1770606851.933216,BIT,1
1770606851.933216,BIT,0
1770606851.933216,BIT,1
1770606851.933216,BIT,0
1770606851.933216,BIT,1
1770606851.933216,BIT,0
1770606851.933216,BIT,1
1770606852.1471639,BIT,1
1770606852.1471639,BIT,1
1770606852.1471639,BIT,0
1770606852.1471639,BIT,0
1770606852.1471639,BIT,0
1770606852.1471639,BIT,1
1770606852.1471639,BIT,1
1770606852.1471639,BIT,0
1770606852.1471639,BIT,0
1770606852.1471639,BIT,0
1770606852.345677,BIT,1
1770606852.345677,BIT,1
1770606852.345677,BIT,0
1770606852.345677,BIT,1
1770606852.345677,BIT,0
1770606852.345677,BIT,0
1770606852.345677,BIT,0
1770606852.345677,BIT,1
1770606852.345677,BIT,0
1770606852.345677,BIT,1
1770606852.540653,BIT,1
1770606852.540653,BIT,0
1770606852.540653,BIT,1
1770606852.540653,BIT,1
1770606852.540653,BIT,0
1770606852.540653,BIT,1
1770606852.540653,BIT,0
1770606852.540653,BIT,1
1770606852.540653,BIT,0
1770606852.540653,BIT,0
1770606852.7304907,BIT,1
1770606852.7304907,BIT,0
1770606852.7304907,BIT,0
1770606852.7304907,BIT,1
1770606852.7304907,BIT,1
1770606852.7304907,BIT,1
1770606852.7304907,BIT,1
1770606852.7304907,BIT,1
1770606852.7304907,BIT,1
1770606852.7304907,BIT,1
1770606852.9222596,BIT,1
1770606852.9222596,BIT,1
1770606852.9222596,BIT,1
1770606852.9222596,BIT,1
1770606852.9222596,BIT,1
1770606852.9222596,BIT,1
1770606852.9222596,BIT,0
1770606852.9222596,BIT,1
1770606852.9222596,BIT,0
1770606852.9222596,BIT,0
1770606853.1279845,BIT,1
1770606853.1279845,BIT,1
1770606853.1279845,BIT,0
1770606853.1279845,BIT,0
1770606853.1279845,BIT,0
1770606853.1279845,BIT,1
1770606853.1279845,BIT,0
1770606853.1279845,BIT,0
1770606853.1279845,BIT,1
1770606853.1279845,BIT,1
1770606853.3100972,BIT,0
1770606853.3100972,BIT,1
1770606853.3100972,BIT,1
1770606853.3100972,BIT,1
1770606853.3100972,BIT,0
1770606853.3100972,BIT,0
1770606853.3100972,BIT,0
1770606853.3100972,BIT,0
1770606853.3100972,BIT,1
1770606853.3100972,BIT,0
1770606853.5053322,BIT,0
1770606853.5053322,BIT,0
1770606853.5053322,BIT,0
1770606853.5053322,BIT,0
1770606853.5053322,BIT,1
1770606853.5053322,BIT,1
1770606853.5053322,BIT,1
1770606853.5053322,BIT,1
1770606853.5053322,BIT,1
1770606853.5053322,BIT,1
1770606853.6986144,BIT,0
1770606853.6986144,BIT,0
1770606853.6986144,BIT,1
1770606853.6986144,BIT,1
1770606853.6986144,BIT,1
1770606853.6986144,BIT,1
1770606853.6986144,BIT,1
1770606853.6986144,BIT,0
1770606853.6986144,BIT,1
1770606853.6986144,BIT,0
1770606853.8964233,BIT,0
1770606853.8964233,BIT,1
1770606853.8964233,BIT,1
1770606853.8964233,BIT,0
1770606853.8964233,BIT,0
1770606853.8964233,BIT,0
1770606853.8964233,BIT,0
1770606853.8964233,BIT,1
1770606853.8964233,BIT,0
1770606853.8964233,BIT,0
1770606854.119274,BIT,0
1770606854.119274,BIT,1
1770606854.119274,BIT,0
1770606854.119274,BIT,0
1770606854.119274,BIT,1
1770606854.119274,BIT,1
1770606854.119274,BIT,0
1770606854.119274,BIT,0
1770606854.119274,BIT,1
1770606854.119274,BIT,0
1770606854.3129954,BIT,0
1770606854.3129954,BIT,0
1770606854.3129954,BIT,1
1770606854.3129954,BIT,0
1770606854.3129954,BIT,1
1770606854.3129954,BIT,0
1770606854.3129954,BIT,0
1770606854.3129954,BIT,1
1770606854.3129954,BIT,0
1770606854.3129954,BIT,0
1770606854.5369105,BIT,1
1770606854.5369105,BIT,1
1770606854.5369105,BIT,0
1770606854.5369105,BIT,0
1770606854.5369105,BIT,1
1770606854.5369105,BIT,1
1770606854.5369105,BIT,0
1770606854.5369105,BIT,1
1770606854.5369105,BIT,1
1770606854.5369105,BIT,1
1770606854.7153256,BIT,1
1770606854.7153256,BIT,1
1770606854.7153256,BIT,0
1770606854.7153256,BIT,0
1770606854.7153256,BIT,0
1770606854.7153256,BIT,1
1770606854.7153256,BIT,1
1770606854.7153256,BIT,0
1770606854.7153256,BIT,0
1770606854.7153256,BIT,0
1770606854.904585,BIT,1
1770606854.904585,BIT,1
1770606854.904585,BIT,0
1770606854.904585,BIT,0
1770606854.904585,BIT,1
1770606854.904585,BIT,0
1770606854.904585,BIT,0
1770606854.904585,BIT,1
1770606854.904585,BIT,0
1770606854.904585,BIT,0
1770606855.1348333,BIT,1
1770606855.1348333,BIT,1
1770606855.1348333,BIT,0
1770606855.1348333,BIT,1
1770606855.1348333,BIT,0
1770606855.1348333,BIT,0
1770606855.1348333,BIT,1
1770606855.1348333,BIT,1
1770606855.1348333,BIT,0
1770606855.1348333,BIT,1
1770606855.3202462,BIT,0
1770606855.3202462,BIT,0
1770606855.3202462,BIT,0
1770606855.3202462,BIT,1
1770606855.3202462,BIT,1
1770606855.3202462,BIT,1
1770606855.3202462,BIT,0
1770606855.3202462,BIT,0
1770606855.3202462,BIT,1
1770606855.3202462,BIT,0
1770606855.5165946,BIT,1
1770606855.5165946,BIT,1
1770606855.5165946,BIT,0
1770606855.5165946,BIT,0
1770606855.5165946,BIT,1
1770606855.5165946,BIT,1
1770606855.5165946,BIT,0
1770606855.5165946,BIT,0
1770606855.5165946,BIT,0
1770606855.5165946,BIT,1
1770606855.7035718,BIT,1
1770606855.7035718,BIT,0
1770606855.7035718,BIT,1
1770606855.7035718,BIT,0
1770606855.7035718,BIT,0
1770606855.7035718,BIT,1
1770606855.7035718,BIT,0
1770606855.7035718,BIT,1
1770606855.7035718,BIT,1
1770606855.7035718,BIT,0
1770606855.9227326,BIT,1
1770606855.9227326,BIT,1
1770606855.9227326,BIT,1
1770606855.9227326,BIT,0
1770606855.9227326,BIT,1
1770606855.9227326,BIT,0
1770606855.9227326,BIT,0
1770606855.9227326,BIT,0
1770606855.9227326,BIT,1
1770606855.9227326,BIT,0
1770606856.1498582,BIT,0
1770606856.1498582,BIT,1
1770606856.1498582,BIT,1
1770606856.1498582,BIT,1
1770606856.1498582,BIT,1
1770606856.1498582,BIT,1
1770606856.1498582,BIT,0
1770606856.1498582,BIT,1
1770606856.1498582,BIT,0
1770606856.1498582,BIT,0
1770606856.3418427,BIT,1
1770606856.3418427,BIT,0
1770606856.3418427,BIT,0
1770606856.3418427,BIT,0
1770606856.3418427,BIT,1
1770606856.3418427,BIT,1
1770606856.3418427,BIT,0
1770606856.3418427,BIT,0
1770606856.3418427,BIT,0
1770606856.3418427,BIT,1
1770606856.571743,BIT,0
1770606856.571743,BIT,1
1770606856.571743,BIT,0
1770606856.571743,BIT,0
1770606856.571743,BIT,1
1770606856.571743,BIT,0
1770606856.571743,BIT,0
1770606856.571743,BIT,0
1770606856.571743,BIT,1
1770606856.571743,BIT,1
1770606856.7627318,BIT,0
1770606856.7627318,BIT,1
1770606856.7627318,BIT,1
1770606856.7627318,BIT,1
1770606856.7627318,BIT,1
1770606856.7627318,BIT,1
1770606856.7627318,BIT,1
1770606856.7627318,BIT,1
1770606856.7627318,BIT,1
1770606856.7627318,BIT,0
1770606856.9713993,BIT,0
1770606856.9713993,BIT,0
1770606856.9713993,BIT,1
1770606856.9713993,BIT,0
1770606856.9713993,BIT,0
1770606856.9713993,BIT,0
1770606856.9713993,BIT,1
1770606856.9713993,BIT,0
1770606856.9713993,BIT,1
1770606856.9713993,BIT,0
1770606857.1482797,BIT,0
1770606857.1482797,BIT,0
1770606857.1482797,BIT,1
1770606857.1482797,BIT,0
1770606857.1482797,BIT,1
1770606857.1482797,BIT,0
1770606857.1482797,BIT,1
1770606857.1482797,BIT,1
1770606857.1482797,BIT,1
1770606857.1482797,BIT,1
1770606857.3300047,BIT,0
1770606857.3300047,BIT,1
1770606857.3300047,BIT,1
1770606857.3300047,BIT,1
1770606857.3300047,BIT,0
1770606857.3300047,BIT,0
1770606857.3300047,BIT,0
1770606857.3300047,BIT,0
1770606857.3300047,BIT,1
1770606857.3300047,BIT,1
1770606857.5280457,BIT,0
1770606857.5280457,BIT,1
1770606857.5280457,BIT,1
1770606857.5280457,BIT,0
1770606857.5280457,BIT,1
1770606857.5280457,BIT,0
1770606857.5280457,BIT,0
1770606857.5280457,BIT,1
1770606857.5280457,BIT,0
1770606857.5280457,BIT,1
1770606857.7352827,BIT,1
1770606857.7352827,BIT,0
1770606857.7352827,BIT,1
1770606857.7352827,BIT,1
1770606857.7352827,BIT,0
1770606857.7352827,BIT,0
1770606857.7352827,BIT,0
1770606857.7352827,BIT,1
1770606857.7352827,BIT,0
1770606857.7352827,BIT,0
1770606857.9439769,BIT,0
1770606857.9439769,BIT,0
1770606857.9439769,BIT,1
1770606857.9439769,BIT,0
1770606857.9439769,BIT,1
1770606857.9439769,BIT,0
1770606857.9439769,BIT,0
1770606857.9439769,BIT,0
1770606857.9439769,BIT,0
1770606857.9439769,BIT,0
1770606858.1274035,BIT,0
1770606858.1274035,BIT,1
1770606858.1274035,BIT,1
1770606858.1274035,BIT,0
1770606858.1274035,BIT,0
1770606858.1274035,BIT,1
1770606858.1274035,BIT,1
1770606858.1274035,BIT,0
1770606858.1274035,BIT,0
1770606858.1274035,BIT,0
1770606858.316797,BIT,1
1770606858.316797,BIT,1
1770606858.316797,BIT,1
1770606858.316797,BIT,0
1770606858.316797,BIT,1
1770606858.316797,BIT,0
1770606858.316797,BIT,0
1770606858.316797,BIT,1
1770606858.316797,BIT,0
1770606858.316797,BIT,0
1770606858.5089834,BIT,1
1770606858.5089834,BIT,0
1770606858.5089834,BIT,0
1770606858.5089834,BIT,0
1770606858.5089834,BIT,1
1770606858.5089834,BIT,1
1770606858.5089834,BIT,1
1770606858.5089834,BIT,0
1770606858.5089834,BIT,1
1770606858.5089834,BIT,1
1770606858.6901598,BIT,1
1770606858.6901598,BIT,1
1770606858.6901598,BIT,1
1770606858.6901598,BIT,0
1770606858.6901598,BIT,0
1770606858.6901598,BIT,1
1770606858.6901598,BIT,0
1770606858.6901598,BIT,1
1770606858.6901598,BIT,0
1770606858.6901598,BIT,0
1770606859.0331402,BIT,1
1770606859.0331402,BIT,1
1770606859.0331402,BIT,1
1770606859.0331402,BIT,1
1770606859.0331402,BIT,0
1770606859.0331402,BIT,1
1770606859.0331402,BIT,1
1770606859.0331402,BIT,1
1770606859.0331402,BIT,0
1770606859.0331402,BIT,0
1770606859.2627466,BIT,1
1770606859.2627466,BIT,0
1770606859.2627466,BIT,0
1770606859.2627466,BIT,1
1770606859.2627466,BIT,0
1770606859.2627466,BIT,1
1770606859.2627466,BIT,1
1770606859.2627466,BIT,1
1770606859.2627466,BIT,1
1770606859.2627466,BIT,1
1770606859.4932685,BIT,0
1770606859.4932685,BIT,0
1770606859.4932685,BIT,1
1770606859.4932685,BIT,0
1770606859.4932685,BIT,1
1770606859.4932685,BIT,0
1770606859.4932685,BIT,1
1770606859.4932685,BIT,0
1770606859.4932685,BIT,1
1770606859.4932685,BIT,0
1770606859.6855366,BIT,0
1770606859.6855366,BIT,1
1770606859.6855366,BIT,0
1770606859.6855366,BIT,1
1770606859.6855366,BIT,1
1770606859.6855366,BIT,1
1770606859.6855366,BIT,1
1770606859.6855366,BIT,0
1770606859.6855366,BIT,1
1770606859.6855366,BIT,0
1770606859.8918273,BIT,1
1770606859.8918273,BIT,1
1770606859.8918273,BIT,1
1770606859.8918273,BIT,0
1770606859.8918273,BIT,0
1770606859.8918273,BIT,0
1770606859.8918273,BIT,1
1770606859.8918273,BIT,0
1770606859.8918273,BIT,1
1770606859.8918273,BIT,0
1770606860.0992415,BIT,0
1770606860.0992415,BIT,0
1770606860.0992415,BIT,0
1770606860.0992415,BIT,0
1770606860.0992415,BIT,0
1770606860.0992415,BIT,0
1770606860.0992415,BIT,1
1770606860.0992415,BIT,1
1770606860.0992415,BIT,0
1770606860.0992415,BIT,0
1770606860.2888324,BIT,0
1770606860.2888324,BIT,0
1770606860.2888324,BIT,0
1770606860.2888324,BIT,1
1770606860.2888324,BIT,0
1770606860.2888324,BIT,0
1770606860.2888324,BIT,0
1770606860.2888324,BIT,0
1770606860.2888324,BIT,0
1770606860.2888324,BIT,1
1770606860.6152973,BIT,0
1770606860.6152973,BIT,0
1770606860.6152973,BIT,0
1770606860.6152973,BIT,0
1770606860.6152973,BIT,1
1770606860.6152973,BIT,0
1770606860.6152973,BIT,0
1770606860.6152973,BIT,0
1770606860.6152973,BIT,1
1770606860.6152973,BIT,1
1770606860.913355,BIT,0
1770606860.913355,BIT,1
1770606860.913355,BIT,0
1770606860.913355,BIT,1
1770606860.913355,BIT,0
1770606860.913355,BIT,1
1770606860.913355,BIT,1
1770606860.913355,BIT,1
1770606860.913355,BIT,1
1770606860.913355,BIT,1
1770606861.1664593,BIT,1
1770606861.1664593,BIT,1
1770606861.1664593,BIT,0
1770606861.1664593,BIT,1
1770606861.1664593,BIT,1
1770606861.1664593,BIT,0
1770606861.1664593,BIT,0
1770606861.1664593,BIT,0
1770606861.1664593,BIT,0
1770606861.1664593,BIT,0
1770606861.4156559,BIT,1
1770606861.4156559,BIT,1
1770606861.4156559,BIT,0
1770606861.4156559,BIT,0
1770606861.4156559,BIT,1
1770606861.4156559,BIT,1
1770606861.4156559,BIT,1
1770606861.4156559,BIT,0
1770606861.4156559,BIT,1
1770606861.4156559,BIT,1
1770606861.719976,BIT,0
1770606861.719976,BIT,1
1770606861.719976,BIT,0
1770606861.719976,BIT,1
1770606861.719976,BIT,0
1770606861.719976,BIT,1
1770606861.719976,BIT,1
1770606861.719976,BIT,0
1770606861.719976,BIT,0
1770606861.719976,BIT,1
1770606862.0815158,BIT,0
1770606862.0815158,BIT,0
1770606862.0815158,BIT,0
1770606862.0815158,BIT,0
1770606862.0815158,BIT,1
1770606862.0815158,BIT,1
1770606862.0815158,BIT,0
1770606862.0815158,BIT,0
1770606862.0815158,BIT,0
1770606862.0815158,BIT,1
1770606862.3757927,BIT,0
1770606862.3757927,BIT,1
1770606862.3757927,BIT,0
1770606862.3757927,BIT,0
1770606862.3757927,BIT,1
1770606862.3757927,BIT,1
1770606862.3757927,BIT,0
1770606862.3757927,BIT,1
1770606862.3757927,BIT,0
1770606862.3757927,BIT,1
1770606862.6592224,BIT,1
1770606862.6592224,BIT,0
1770606862.6592224,BIT,1
1770606862.6592224,BIT,1
1770606862.6592224,BIT,1
1770606862.6592224,BIT,1
1770606862.6592224,BIT,1
1770606862.6592224,BIT,1
1770606862.6592224,BIT,0
1770606862.6592224,BIT,1
1770606863.2265642,BIT,0
1770606863.2265642,BIT,1
1770606863.2265642,BIT,0
1770606863.2265642,BIT,1
1770606863.2265642,BIT,0
1770606863.2265642,BIT,1
1770606863.2265642,BIT,0
1770606863.2265642,BIT,0
1770606863.2265642,BIT,0
1770606863.2265642,BIT,0
1770606864.0089014,BIT,0
1770606864.0089014,BIT,1
1770606864.0089014,BIT,1
1770606864.0089014,BIT,1
1770606864.0089014,BIT,0
1770606864.0089014,BIT,1
1770606864.0089014,BIT,0
1770606864.0089014,BIT,1
1770606864.0089014,BIT,1
1770606864.0089014,BIT,0
1770606864.6899316,BIT,1
1770606864.6899316,BIT,0
1770606864.6899316,BIT,0
1770606864.6899316,BIT,0
1770606864.6899316,BIT,1
1770606864.6899316,BIT,1
1770606864.6899316,BIT,1
1770606864.6899316,BIT,0
1770606864.6899316,BIT,0
1770606864.6899316,BIT,1
1770606865.4581654,BIT,0
1770606865.4581654,BIT,1
1770606865.4581654,BIT,1
1770606865.4581654,BIT,0
1770606865.4581654,BIT,1
1770606865.4581654,BIT,1
1770606865.4581654,BIT,1
1770606865.4581654,BIT,0
1770606865.4581654,BIT,1
1770606865.4581654,BIT,1
1770606866.3253725,BIT,0
1770606866.3253725,BIT,0
1770606866.3253725,BIT,0
1770606866.3253725,BIT,0
1770606866.3253725,BIT,1
1770606866.3253725,BIT,0
1770606866.3253725,BIT,1
1770606866.3253725,BIT,1
1770606866.3253725,BIT,0
1770606866.3253725,BIT,0
1770606866.7925806,BIT,0
1770606866.7925806,BIT,1
1770606866.7925806,BIT,0
1770606866.7925806,BIT,0
1770606866.7925806,BIT,0
1770606866.7925806,BIT,0
1770606866.7925806,BIT,1
1770606866.7925806,BIT,0
1770606866.7925806,BIT,0
1770606866.7925806,BIT,0
1770606867.2866719,BIT,1
1770606867.2866719,BIT,1
1770606867.2866719,BIT,1
1770606867.2866719,BIT,0
1770606867.2866719,BIT,0
1770606867.2866719,BIT,1
1770606867.2866719,BIT,1
1770606867.2866719,BIT,1
1770606867.2866719,BIT,0
1770606867.2866719,BIT,0
1770606867.8906689,BIT,0
1770606867.8906689,BIT,0
1770606867.8906689,BIT,1
1770606867.8906689,BIT,1
1770606867.8906689,BIT,0
1770606867.8906689,BIT,1
1770606867.8906689,BIT,0
1770606867.8906689,BIT,0
1770606867.8906689,BIT,0
1770606867.8906689,BIT,0
1770606868.264027,BIT,1
1770606868.264027,BIT,0
1770606868.264027,BIT,1
1770606868.264027,BIT,0
1770606868.264027,BIT,1
1770606868.264027,BIT,0
1770606868.264027,BIT,0
1770606868.264027,BIT,1
1770606868.264027,BIT,0
1770606868.264027,BIT,1
1770606868.7018688,BIT,0
1770606868.7018688,BIT,1
1770606868.7018688,BIT,1
1770606868.7018688,BIT,0
1770606868.7018688,BIT,1
1770606868.7018688,BIT,1
1770606868.7018688,BIT,0
1770606868.7018688,BIT,0
1770606868.7018688,BIT,1
1770606868.7018688,BIT,0
1770606869.117619,BIT,1
1770606869.117619,BIT,1
1770606869.117619,BIT,1
1770606869.117619,BIT,1
1770606869.117619,BIT,0
1770606869.117619,BIT,1
1770606869.117619,BIT,1
1770606869.117619,BIT,1
1770606869.117619,BIT,1
1770606869.117619,BIT,1
1770606869.4654577,BIT,0
1770606869.4654577,BIT,0
1770606869.4654577,BIT,1
1770606869.4654577,BIT,1
1770606869.4654577,BIT,0
1770606869.4654577,BIT,0
1770606869.4654577,BIT,0
1770606869.4654577,BIT,1
1770606869.4654577,BIT,1
1770606869.4654577,BIT,1
1770606869.8232374,BIT,1
1770606869.8232374,BIT,0
1770606869.8232374,BIT,0
1770606869.8232374,BIT,0
1770606869.8232374,BIT,0
1770606869.8232374,BIT,1
1770606869.8232374,BIT,0
1770606869.8232374,BIT,1
1770606869.8232374,BIT,0
1770606869.8232374,BIT,0
1770606870.1817665,BIT,1
1770606870.1817665,BIT,1
1770606870.1817665,BIT,1
1770606870.1817665,BIT,0
1770606870.1817665,BIT,0
1770606870.1817665,BIT,1
1770606870.1817665,BIT,0
1770606870.1817665,BIT,1
1770606870.1817665,BIT,0
1770606870.1817665,BIT,0
1770606870.4918392,BIT,0
1770606870.4918392,BIT,0
1770606870.4918392,BIT,0
1770606870.4918392,BIT,0
1770606870.4918392,BIT,0
1770606870.4918392,BIT,1
1770606870.4918392,BIT,1
1770606870.4918392,BIT,1
1770606870.4918392,BIT,0
1770606870.4918392,BIT,1
1770606870.8982525,BIT,0
1770606870.8982525,BIT,1
1770606870.8982525,BIT,1
1770606870.8982525,BIT,0
1770606870.8982525,BIT,0
1770606870.8982525,BIT,0
1770606870.8982525,BIT,0
1770606870.8982525,BIT,1
1770606870.8982525,BIT,0
1770606870.8982525,BIT,1
1770606871.198289,BIT,0
1770606871.198289,BIT,0
1770606871.198289,BIT,0
1770606871.198289,BIT,0
1770606871.198289,BIT,0
1770606871.198289,BIT,0
1770606871.198289,BIT,0
1770606871.198289,BIT,0
1770606871.198289,BIT,0
1770606871.198289,BIT,0
1770606871.446948,BIT,0
1770606871.446948,BIT,0
1770606871.446948,BIT,1
1770606871.446948,BIT,0
1770606871.446948,BIT,0
1770606871.446948,BIT,0
1770606871.446948,BIT,1
1770606871.446948,BIT,1
1770606871.446948,BIT,0
1770606871.446948,BIT,0
1770606871.695508,BIT,1
1770606871.695508,BIT,0
1770606871.695508,BIT,1
1770606871.695508,BIT,1
1770606871.695508,BIT,0
1770606871.695508,BIT,0
1770606871.695508,BIT,1
1770606871.695508,BIT,1
1770606871.695508,BIT,1
1770606871.695508,BIT,1
1770606871.9471836,BIT,0
1770606871.9471836,BIT,1
1770606871.9471836,BIT,1
1770606871.9471836,BIT,0
1770606871.9471836,BIT,0
1770606871.9471836,BIT,1
1770606871.9471836,BIT,1
1770606871.9471836,BIT,1
1770606871.9471836,BIT,0
1770606871.9471836,BIT,0
1770606872.212359,BIT,0
1770606872.212359,BIT,1
1770606872.212359,BIT,1
1770606872.212359,BIT,1
1770606872.212359,BIT,1
1770606872.212359,BIT,0
1770606872.212359,BIT,1
1770606872.212359,BIT,1
1770606872.212359,BIT,0
1770606872.212359,BIT,0
1770606872.4368849,BIT,1
1770606872.4368849,BIT,1
1770606872.4368849,BIT,0
1770606872.4368849,BIT,1
1770606872.4368849,BIT,0
1770606872.4368849,BIT,0
1770606872.4368849,BIT,0
1770606872.4368849,BIT,1
1770606872.4368849,BIT,0
1770606872.4368849,BIT,0
1770606872.6963317,BIT,1
1770606872.6963317,BIT,1
1770606872.6963317,BIT,1
1770606872.6963317,BIT,0
1770606872.6963317,BIT,1
1770606872.6963317,BIT,1
1770606872.6963317,BIT,0
1770606872.6963317,BIT,1
1770606872.6963317,BIT,1
1770606872.6963317,BIT,1
1770606872.9802055,BIT,0
1770606872.9802055,BIT,0
1770606872.9802055,BIT,1
1770606872.9802055,BIT,1
1770606872.9802055,BIT,1
1770606872.9802055,BIT,1
1770606872.9802055,BIT,0
1770606872.9802055,BIT,1
1770606872.9802055,BIT,0
1770606872.9802055,BIT,0
1770606873.241905,BIT,0
1770606873.241905,BIT,0
1770606873.241905,BIT,1
1770606873.241905,BIT,0
1770606873.241905,BIT,0
1770606873.241905,BIT,0
1770606873.241905,BIT,1
1770606873.241905,BIT,0
1770606873.241905,BIT,1
1770606873.241905,BIT,1
1770606873.4796982,BIT,1
1770606873.4796982,BIT,0
1770606873.4796982,BIT,1
1770606873.4796982,BIT,1
1770606873.4796982,BIT,0
1770606873.4796982,BIT,1
1770606873.4796982,BIT,0
1770606873.4796982,BIT,1
1770606873.4796982,BIT,0
1770606873.4796982,BIT,0
1770606873.6914666,BIT,1
1770606873.6914666,BIT,1
1770606873.6914666,BIT,0
1770606873.6914666,BIT,0
1770606873.6914666,BIT,0
1770606873.6914666,BIT,1
1770606873.6914666,BIT,0
1770606873.6914666,BIT,0
1770606873.6914666,BIT,0
1770606873.6914666,BIT,0
1770606873.985965,BIT,0
1770606873.985965,BIT,1
1770606873.985965,BIT,0
1770606873.985965,BIT,1
1770606873.985965,BIT,0
1770606873.985965,BIT,1
1770606873.985965,BIT,1
1770606873.985965,BIT,0
1770606873.985965,BIT,0
1770606873.985965,BIT,0
1770606874.3291373,BIT,1
1770606874.3291373,BIT,1
1770606874.3291373,BIT,0
1770606874.3291373,BIT,1
1770606874.3291373,BIT,0
1770606874.3291373,BIT,1
1770606874.3291373,BIT,1
1770606874.3291373,BIT,1
1770606874.3291373,BIT,0
1770606874.3291373,BIT,0
1770606874.6954317,BIT,0
1770606874.6954317,BIT,1
1770606874.6954317,BIT,1
1770606874.6954317,BIT,0
1770606874.6954317,BIT,1
1770606874.6954317,BIT,0
1770606874.6954317,BIT,1
1770606874.6954317,BIT,1
1770606874.6954317,BIT,0
1770606874.6954317,BIT,1
1770606874.9908571,BIT,0
1770606874.9908571,BIT,0
1770606874.9908571,BIT,1
1770606874.9908571,BIT,1
1770606874.9908571,BIT,0
1770606874.9908571,BIT,0
1770606874.9908571,BIT,0
1770606874.9908571,BIT,1
1770606874.9908571,BIT,0
1770606874.9908571,BIT,1
1770606875.2942655,BIT,0
1770606875.2942655,BIT,1
1770606875.2942655,BIT,0
1770606875.2942655,BIT,1
1770606875.2942655,BIT,0
1770606875.2942655,BIT,0
1770606875.2942655,BIT,1
1770606875.2942655,BIT,1
1770606875.2942655,BIT,0
1770606875.2942655,BIT,1
1770606875.5738242,BIT,1
1770606875.5738242,BIT,1
1770606875.5738242,BIT,0
1770606875.5738242,BIT,1
1770606875.5738242,BIT,1
1770606875.5738242,BIT,1
1770606875.5738242,BIT,1
1770606875.5738242,BIT,1
1770606875.5738242,BIT,0
1770606875.5738242,BIT,0
1770606875.862634,BIT,1
1770606875.862634,BIT,0
1770606875.862634,BIT,0
1770606875.862634,BIT,0
1770606875.862634,BIT,0
1770606875.862634,BIT,0
1770606875.862634,BIT,1
1770606875.862634,BIT,1
1770606875.862634,BIT,0
1770606875.862634,BIT,0
1770606876.2560167,BIT,0
1770606876.2560167,BIT,1
1770606876.2560167,BIT,1
1770606876.2560167,BIT,1
1770606876.2560167,BIT,0
1770606876.2560167,BIT,0
1770606876.2560167,BIT,0
1770606876.2560167,BIT,0
1770606876.2560167,BIT,1
1770606876.2560167,BIT,0
1770606876.5370722,BIT,1
1770606876.5370722,BIT,0
1770606876.5370722,BIT,1
1770606876.5370722,BIT,1
1770606876.5370722,BIT,1
1770606876.5370722,BIT,1
1770606876.5370722,BIT,1
1770606876.5370722,BIT,1
1770606876.5370722,BIT,0
1770606876.5370722,BIT,0
1770606876.7897832,BIT,0
1770606876.7897832,BIT,1
1770606876.7897832,BIT,0
1770606876.7897832,BIT,1
1770606876.7897832,BIT,1
1770606876.7897832,BIT,0
1770606876.7897832,BIT,1
1770606876.7897832,BIT,0
1770606876.7897832,BIT,0
1770606876.7897832,BIT,1
1770606877.1320193,BIT,0
1770606877.1320193,BIT,0
1770606877.1320193,BIT,1
1770606877.1320193,BIT,1
1770606877.1320193,BIT,0
1770606877.1320193,BIT,0
1770606877.1320193,BIT,0
1770606877.1320193,BIT,0
1770606877.1320193,BIT,1
1770606877.1320193,BIT,0
1770606877.4955573,BIT,0
1770606877.4955573,BIT,1
1770606877.4955573,BIT,1
1770606877.4955573,BIT,0
1770606877.4955573,BIT,1
1770606877.4955573,BIT,0
1770606877.4955573,BIT,0
1770606877.4955573,BIT,0
1770606877.4955573,BIT,0
1770606877.4955573,BIT,1
1770606877.8189824,BIT,0
1770606877.8189824,BIT,0
1770606877.8189824,BIT,1
1770606877.8189824,BIT,1
1770606877.8189824,BIT,1
1770606877.8189824,BIT,0
1770606877.8189824,BIT,0
1770606877.8189824,BIT,1
1770606877.8189824,BIT,0
1770606877.8189824,BIT,1
1770606878.2377021,BIT,0
1770606878.2377021,BIT,1
1770606878.2377021,BIT,0
1770606878.2377021,BIT,0
1770606878.2377021,BIT,1
1770606878.2377021,BIT,1
1770606878.2377021,BIT,0
1770606878.2377021,BIT,0
1770606878.2377021,BIT,1
1770606878.2377021,BIT,1
1770606878.493466,BIT,0
1770606878.493466,BIT,0
1770606878.493466,BIT,0
1770606878.493466,BIT,0
1770606878.493466,BIT,0
1770606878.493466,BIT,0
1770606878.493466,BIT,1
1770606878.493466,BIT,1
1770606878.493466,BIT,1
1770606878.493466,BIT,0
1770606878.727714,BIT,0
1770606878.727714,BIT,1
1770606878.727714,BIT,0
1770606878.727714,BIT,1
1770606878.727714,BIT,1
1770606878.727714,BIT,1
1770606878.727714,BIT,0
1770606878.727714,BIT,1
1770606878.727714,BIT,0
1770606878.727714,BIT,1
1770606878.9857628,BIT,0
1770606878.9857628,BIT,1
1770606878.9857628,BIT,1
1770606878.9857628,BIT,1
1770606878.9857628,BIT,0
1770606878.9857628,BIT,1
1770606878.9857628,BIT,0
1770606878.9857628,BIT,0
1770606878.9857628,BIT,1
1770606878.9857628,BIT,0
1770606879.2865899,BIT,0
1770606879.2865899,BIT,1
1770606879.2865899,BIT,1
1770606879.2865899,BIT,0
1770606879.2865899,BIT,1
1770606879.2865899,BIT,0
1770606879.2865899,BIT,1
1770606879.2865899,BIT,1
1770606879.2865899,BIT,1
1770606879.2865899,BIT,0
1770606879.6342661,BIT,0
1770606879.6342661,BIT,0
1770606879.6342661,BIT,0
1770606879.6342661,BIT,0
1770606879.6342661,BIT,1
1770606879.6342661,BIT,0
1770606879.6342661,BIT,0
1770606879.6342661,BIT,1
1770606879.6342661,BIT,0
1770606879.6342661,BIT,0
1770606880.026967,BIT,0
1770606880.026967,BIT,0
1770606880.026967,BIT,1
1770606880.026967,BIT,0
1770606880.026967,BIT,1
1770606880.026967,BIT,0
1770606880.026967,BIT,0
1770606880.026967,BIT,1
1770606880.026967,BIT,0
1770606880.026967,BIT,0
1770606880.5084984,BIT,0
1770606880.5084984,BIT,1
1770606880.5084984,BIT,0
1770606880.5084984,BIT,1
1770606880.5084984,BIT,1
1770606880.5084984,BIT,1
1770606880.5084984,BIT,1
1770606880.5084984,BIT,1
1770606880.5084984,BIT,0
1770606880.5084984,BIT,0
1770606880.9123101,BIT,0
1770606880.9123101,BIT,1
1770606880.9123101,BIT,0
1770606880.9123101,BIT,1
1770606880.9123101,BIT,1
1770606880.9123101,BIT,0
1770606880.9123101,BIT,0
1770606880.9123101,BIT,0
1770606880.9123101,BIT,0
1770606880.9123101,BIT,0
1770606881.3195012,BIT,1
1770606881.3195012,BIT,0
1770606881.3195012,BIT,1
1770606881.3195012,BIT,0
1770606881.3195012,BIT,0
1770606881.3195012,BIT,0
1770606881.3195012,BIT,1
1770606881.3195012,BIT,0
1770606881.3195012,BIT,0
1770606881.3195012,BIT,1
1770606881.678717,BIT,0
1770606881.678717,BIT,0
1770606881.678717,BIT,0
1770606881.678717,BIT,0
1770606881.678717,BIT,0
1770606881.678717,BIT,0
1770606881.678717,BIT,0
1770606881.678717,BIT,1
1770606881.678717,BIT,1
1770606881.678717,BIT,1
1770606882.0832741,BIT,0
1770606882.0832741,BIT,1
1770606882.0832741,BIT,1
1770606882.0832741,BIT,1
1770606882.0832741,BIT,1
1770606882.0832741,BIT,0
1770606882.0832741,BIT,0
1770606882.0832741,BIT,1
1770606882.0832741,BIT,1
1770606882.0832741,BIT,1
1770606882.5131986,BIT,1
1770606882.5131986,BIT,0
1770606882.5131986,BIT,0
1770606882.5131986,BIT,1
1770606882.5131986,BIT,0
1770606882.5131986,BIT,0
1770606882.5131986,BIT,0
1770606882.5131986,BIT,1
1770606882.5131986,BIT,1
1770606882.5131986,BIT,1
1770606882.9240954,BIT,0
1770606882.9240954,BIT,1
1770606882.9240954,BIT,1
1770606882.9240954,BIT,0
1770606882.9240954,BIT,1
1770606882.9240954,BIT,1
1770606882.9240954,BIT,1
1770606882.9240954,BIT,1
1770606882.9240954,BIT,0
1770606882.9240954,BIT,0
1770606883.304396,BIT,0
1770606883.304396,BIT,1
1770606883.304396,BIT,0
1770606883.304396,BIT,0
1770606883.304396,BIT,0
1770606883.304396,BIT,0
1770606883.304396,BIT,0
1770606883.304396,BIT,1
1770606883.304396,BIT,0
1770606883.304396,BIT,0
1770606883.7862463,BIT,1
1770606883.7862463,BIT,0
1770606883.7862463,BIT,0
1770606883.7862463,BIT,0
1770606883.7862463,BIT,0
1770606883.7862463,BIT,1
1770606883.7862463,BIT,1
1770606883.7862463,BIT,1
1770606883.7862463,BIT,1
1770606883.7862463,BIT,0
1770606884.232345,BIT,1
1770606884.232345,BIT,1
1770606884.232345,BIT,0
1770606884.232345,BIT,0
1770606884.232345,BIT,1
1770606884.232345,BIT,1
1770606884.232345,BIT,0
1770606884.232345,BIT,1
1770606884.232345,BIT,0
1770606884.232345,BIT,0
1770606884.494552,BIT,0
1770606884.494552,BIT,0
1770606884.494552,BIT,1
1770606884.494552,BIT,1
1770606884.494552,BIT,0
1770606884.494552,BIT,1
1770606884.494552,BIT,0
1770606884.494552,BIT,0
1770606884.494552,BIT,0
1770606884.494552,BIT,1
1770606884.7389662,BIT,0
1770606884.7389662,BIT,0
1770606884.7389662,BIT,0
1770606884.7389662,BIT,0
1770606884.7389662,BIT,0
1770606884.7389662,BIT,0
1770606884.7389662,BIT,0
1770606884.7389662,BIT,1
1770606884.7389662,BIT,0
1770606884.7389662,BIT,1
1770606884.9368262,BIT,1
1770606884.9368262,BIT,0
1770606884.9368262,BIT,1
1770606884.9368262,BIT,1
1770606884.9368262,BIT,1
1770606884.9368262,BIT,0
1770606884.9368262,BIT,0
1770606884.9368262,BIT,1
1770606884.9368262,BIT,1
1770606884.9368262,BIT,0
1770606885.199647,BIT,0
1770606885.199647,BIT,0
1770606885.199647,BIT,0
1770606885.199647,BIT,0
1770606885.199647,BIT,1
1770606885.199647,BIT,0
1770606885.199647,BIT,1
1770606885.199647,BIT,0
1770606885.199647,BIT,1
1770606885.199647,BIT,1
1770606885.5072556,BIT,1
1770606885.5072556,BIT,0
1770606885.5072556,BIT,1
1770606885.5072556,BIT,1
1770606885.5072556,BIT,0
1770606885.5072556,BIT,0
1770606885.5072556,BIT,0
1770606885.5072556,BIT,0
1770606885.5072556,BIT,1
1770606885.5072556,BIT,0
1770606885.7984202,BIT,1
1770606885.7984202,BIT,0
1770606885.7984202,BIT,0
1770606885.7984202,BIT,0
1770606885.7984202,BIT,0
1770606885.7984202,BIT,1
1770606885.7984202,BIT,1
1770606885.7984202,BIT,1
1770606885.7984202,BIT,1
1770606885.7984202,BIT,0
1770606886.266467,BIT,0
1770606886.266467,BIT,1
1770606886.266467,BIT,1
1770606886.266467,BIT,0
1770606886.266467,BIT,0
1770606886.266467,BIT,0
1770606886.266467,BIT,0
1770606886.266467,BIT,0
1770606886.266467,BIT,1
1770606886.266467,BIT,0
1770606886.5605826,BIT,0
1770606886.5605826,BIT,1
1770606886.5605826,BIT,1
1770606886.5605826,BIT,1
1770606886.5605826,BIT,1
1770606886.5605826,BIT,0
1770606886.5605826,BIT,0
1770606886.5605826,BIT,0
1770606886.5605826,BIT,1
1770606886.5605826,BIT,1
1770606886.8031178,BIT,0
1770606886.8031178,BIT,1
1770606886.8031178,BIT,0
1770606886.8031178,BIT,0
1770606886.8031178,BIT,1
1770606886.8031178,BIT,0
1770606886.8031178,BIT,0
1770606886.8031178,BIT,1
1770606886.8031178,BIT,1
1770606886.8031178,BIT,1
1770606887.0658858,BIT,0
1770606887.0658858,BIT,0
1770606887.0658858,BIT,1
1770606887.0658858,BIT,1
1770606887.0658858,BIT,1
1770606887.0658858,BIT,0
1770606887.0658858,BIT,0
1770606887.0658858,BIT,0
1770606887.0658858,BIT,1
1770606887.0658858,BIT,1
1770606887.3884294,BIT,0
1770606887.3884294,BIT,1
1770606887.3884294,BIT,1
1770606887.3884294,BIT,1
1770606887.3884294,BIT,1
1770606887.3884294,BIT,1
1770606887.3884294,BIT,0
1770606887.3884294,BIT,0
1770606887.3884294,BIT,1
1770606887.3884294,BIT,1
1770606887.7273412,BIT,1
1770606887.7273412,BIT,1
1770606887.7273412,BIT,1
1770606887.7273412,BIT,0
1770606887.7273412,BIT,0
1770606887.7273412,BIT,1
1770606887.7273412,BIT,0
1770606887.7273412,BIT,0
1770606887.7273412,BIT,0
1770606887.7273412,BIT,0
1770606888.016255,BIT,1
1770606888.016255,BIT,1
1770606888.016255,BIT,1
1770606888.016255,BIT,0
1770606888.016255,BIT,0
1770606888.016255,BIT,1
1770606888.016255,BIT,0
1770606888.016255,BIT,0
1770606888.016255,BIT,1
1770606888.016255,BIT,0
1770606888.2350252,BIT,1
1770606888.2350252,BIT,0
1770606888.2350252,BIT,1
1770606888.2350252,BIT,0
1770606888.2350252,BIT,1
1770606888.2350252,BIT,1
1770606888.2350252,BIT,0
1770606888.2350252,BIT,1
1770606888.2350252,BIT,1
1770606888.2350252,BIT,0
1770606888.4811354,BIT,1
1770606888.4811354,BIT,1
1770606888.4811354,BIT,1
1770606888.4811354,BIT,0
1770606888.4811354,BIT,0
1770606888.4811354,BIT,1
1770606888.4811354,BIT,1
1770606888.4811354,BIT,1
1770606888.4811354,BIT,1
1770606888.4811354,BIT,0
1770606888.6758657,BIT,0
1770606888.6758657,BIT,0
1770606888.6758657,BIT,1
1770606888.6758657,BIT,0
1770606888.6758657,BIT,0
1770606888.6758657,BIT,1
1770606888.6758657,BIT,1
1770606888.6758657,BIT,1
1770606888.6758657,BIT,1
1770606888.6758657,BIT,1
1770606888.872264,BIT,0
1770606888.872264,BIT,0
1770606888.872264,BIT,1
1770606888.872264,BIT,1
1770606888.872264,BIT,0
1770606888.872264,BIT,0
1770606888.872264,BIT,1
1770606888.872264,BIT,1
1770606888.872264,BIT,0
1770606888.872264,BIT,1
1770606889.0766752,BIT,0
1770606889.0766752,BIT,0
1770606889.0766752,BIT,0
1770606889.0766752,BIT,1
1770606889.0766752,BIT,0
1770606889.0766752,BIT,0
1770606889.0766752,BIT,0
1770606889.0766752,BIT,1
1770606889.0766752,BIT,1
1770606889.0766752,BIT,1
1770606889.378489,BIT,0
1770606889.378489,BIT,0
1770606889.378489,BIT,0
1770606889.378489,BIT,1
1770606889.378489,BIT,1
1770606889.378489,BIT,0
1770606889.378489,BIT,0
1770606889.378489,BIT,1
1770606889.378489,BIT,0
1770606889.378489,BIT,1
1770606889.6706612,BIT,1
1770606889.6706612,BIT,1
1770606889.6706612,BIT,0
1770606889.6706612,BIT,0
1770606889.6706612,BIT,1
1770606889.6706612,BIT,0
1770606889.6706612,BIT,1
1770606889.6706612,BIT,0
1770606889.6706612,BIT,0
1770606889.6706612,BIT,0
1770606889.9238524,BIT,0
1770606889.9238524,BIT,1
1770606889.9238524,BIT,0
1770606889.9238524,BIT,1
1770606889.9238524,BIT,1
1770606889.9238524,BIT,0
1770606889.9238524,BIT,0
1770606889.9238524,BIT,0
1770606889.9238524,BIT,0
1770606889.9238524,BIT,0
1770606890.1604981,BIT,1
1770606890.1604981,BIT,0
1770606890.1604981,BIT,0
1770606890.1604981,BIT,0
1770606890.1604981,BIT,1
1770606890.1604981,BIT,1
1770606890.1604981,BIT,0
1770606890.1604981,BIT,1
1770606890.1604981,BIT,1
1770606890.1604981,BIT,0
1770606890.3728404,BIT,0
1770606890.3728404,BIT,0
1770606890.3728404,BIT,0
1770606890.3728404,BIT,0
1770606890.3728404,BIT,1
1770606890.3728404,BIT,1
1770606890.3728404,BIT,0
1770606890.3728404,BIT,0
1770606890.3728404,BIT,0
1770606890.3728404,BIT,1
1770606890.5992799,BIT,1
1770606890.5992799,BIT,1
1770606890.5992799,BIT,0
1770606890.5992799,BIT,0
1770606890.5992799,BIT,0
1770606890.5992799,BIT,1
1770606890.5992799,BIT,0
1770606890.5992799,BIT,0
1770606890.5992799,BIT,0
1770606890.5992799,BIT,1
1770606890.7948172,BIT,0
1770606890.7948172,BIT,1
1770606890.7948172,BIT,1
1770606890.7948172,BIT,0
1770606890.7948172,BIT,1
1770606890.7948172,BIT,0
1770606890.7948172,BIT,1
1770606890.7948172,BIT,1
1770606890.7948172,BIT,1
1770606890.7948172,BIT,0
1770606891.0090213,BIT,1
1770606891.0090213,BIT,0
1770606891.0090213,BIT,1
1770606891.0090213,BIT,0
1770606891.0090213,BIT,0
1770606891.0090213,BIT,1
1770606891.0090213,BIT,0
1770606891.0090213,BIT,0
1770606891.0090213,BIT,1
1770606891.0090213,BIT,1
1770606891.1994598,BIT,1
1770606891.1994598,BIT,1
1770606891.1994598,BIT,1
1770606891.1994598,BIT,0
1770606891.1994598,BIT,1
1770606891.1994598,BIT,1
1770606891.1994598,BIT,1
1770606891.1994598,BIT,0
1770606891.1994598,BIT,1
1770606891.1994598,BIT,1
1770606891.4038725,BIT,0
1770606891.4038725,BIT,1
1770606891.4038725,BIT,0
1770606891.4038725,BIT,1
1770606891.4038725,BIT,0
1770606891.4038725,BIT,0
1770606891.4038725,BIT,1
1770606891.4038725,BIT,1
1770606891.4038725,BIT,0
1770606891.4038725,BIT,1
1770606891.600221,BIT,0
1770606891.600221,BIT,0
1770606891.600221,BIT,1
1770606891.600221,BIT,1
1770606891.600221,BIT,0
1770606891.600221,BIT,0
1770606891.600221,BIT,1
1770606891.600221,BIT,0
1770606891.600221,BIT,1
1770606891.600221,BIT,1
1770606891.7857637,BIT,0
1770606891.7857637,BIT,1
1770606891.7857637,BIT,1
1770606891.7857637,BIT,0
1770606891.7857637,BIT,1
1770606891.7857637,BIT,1
1770606891.7857637,BIT,1
1770606891.7857637,BIT,1
1770606891.7857637,BIT,0
1770606891.7857637,BIT,0
1770606891.9951384,BIT,1
1770606891.9951384,BIT,0
1770606891.9951384,BIT,1
1770606891.9951384,BIT,0
1770606891.9951384,BIT,1
1770606891.9951384,BIT,0
1770606891.9951384,BIT,0
1770606891.9951384,BIT,0
1770606891.9951384,BIT,0
1770606891.9951384,BIT,1
1770606892.1816874,BIT,1
1770606892.1816874,BIT,1
1770606892.1816874,BIT,0
1770606892.1816874,BIT,0
1770606892.1816874,BIT,0
1770606892.1816874,BIT,0
1770606892.1816874,BIT,0
1770606892.1816874,BIT,1
1770606892.1816874,BIT,0
1770606892.1816874,BIT,1
1770606892.3648403,BIT,0
1770606892.3648403,BIT,1
1770606892.3648403,BIT,0
1770606892.3648403,BIT,0
1770606892.3648403,BIT,0
1770606892.3648403,BIT,1
1770606892.3648403,BIT,1
1770606892.3648403,BIT,1
1770606892.3648403,BIT,1
1770606892.3648403,BIT,1
1770606892.5652764,BIT,0
1770606892.5652764,BIT,0
1770606892.5652764,BIT,1
1770606892.5652764,BIT,0
1770606892.5652764,BIT,0
1770606892.5652764,BIT,1
1770606892.5652764,BIT,1
1770606892.5652764,BIT,0
1770606892.5652764,BIT,1
1770606892.5652764,BIT,1
1770606892.7440329,BIT,0
1770606892.7440329,BIT,1
1770606892.7440329,BIT,0
1770606892.7440329,BIT,0
1770606892.7440329,BIT,0
1770606892.7440329,BIT,1
1770606892.7440329,BIT,1
1770606892.7440329,BIT,0
1770606892.7440329,BIT,0
1770606892.7440329,BIT,1
1770606892.950141,BIT,1
1770606892.950141,BIT,1
1770606892.950141,BIT,0
1770606892.950141,BIT,0
1770606892.950141,BIT,1
1770606892.950141,BIT,0
1770606892.950141,BIT,0
1770606892.950141,BIT,0
1770606892.950141,BIT,0
1770606892.950141,BIT,0
1770606893.1606874,BIT,0
1770606893.1606874,BIT,0
1770606893.1606874,BIT,0
1770606893.1606874,BIT,1
1770606893.1606874,BIT,1
1770606893.1606874,BIT,0
1770606893.1606874,BIT,0
1770606893.1606874,BIT,1
1770606893.1606874,BIT,0
1770606893.1606874,BIT,1
1770606893.3589265,BIT,1
1770606893.3589265,BIT,1
1770606893.3589265,BIT,0
1770606893.3589265,BIT,1
1770606893.3589265,BIT,1
1770606893.3589265,BIT,0
1770606893.3589265,BIT,0
1770606893.3589265,BIT,1
1770606893.3589265,BIT,1
1770606893.3589265,BIT,1
1770606893.562248,BIT,0
1770606893.562248,BIT,1
1770606893.562248,BIT,1
1770606893.562248,BIT,1
1770606893.562248,BIT,0
1770606893.562248,BIT,0
1770606893.562248,BIT,0
1770606893.562248,BIT,1
1770606893.562248,BIT,0
1770606893.562248,BIT,1
1770606893.7527723,BIT,0
1770606893.7527723,BIT,1
1770606893.7527723,BIT,0
1770606893.7527723,BIT,0
1770606893.7527723,BIT,1
1770606893.7527723,BIT,0
1770606893.7527723,BIT,1
1770606893.7527723,BIT,1
1770606893.7527723,BIT,1
1770606893.7527723,BIT,0
1770606893.9617457,BIT,0
1770606893.9617457,BIT,0
1770606893.9617457,BIT,0
1770606893.9617457,BIT,0
1770606893.9617457,BIT,0
1770606893.9617457,BIT,0
1770606893.9617457,BIT,0
1770606893.9617457,BIT,1
1770606893.9617457,BIT,1
1770606893.9617457,BIT,0
1770606894.1389797,BIT,0
1770606894.1389797,BIT,0
1770606894.1389797,BIT,0
1770606894.1389797,BIT,1
1770606894.1389797,BIT,1
1770606894.1389797,BIT,0
1770606894.1389797,BIT,0
1770606894.1389797,BIT,1
1770606894.1389797,BIT,1
1770606894.1389797,BIT,1
1770606894.405512,BIT,0
1770606894.405512,BIT,0
1770606894.405512,BIT,0
1770606894.405512,BIT,1
1770606894.405512,BIT,0
1770606894.405512,BIT,0
1770606894.405512,BIT,1
1770606894.405512,BIT,1
1770606894.405512,BIT,0
1770606894.405512,BIT,0
1770606894.6448157,BIT,1
1770606894.6448157,BIT,1
1770606894.6448157,BIT,1
1770606894.6448157,BIT,0
1770606894.6448157,BIT,0
1770606894.6448157,BIT,1
1770606894.6448157,BIT,0
1770606894.6448157,BIT,0
1770606894.6448157,BIT,1
1770606894.6448157,BIT,0
1770606894.8586926,BIT,1
1770606894.8586926,BIT,1
1770606894.8586926,BIT,0
1770606894.8586926,BIT,0
1770606894.8586926,BIT,0
1770606894.8586926,BIT,0
1770606894.8586926,BIT,0
1770606894.8586926,BIT,1
1770606894.8586926,BIT,1
1770606894.8586926,BIT,0
1770606895.1204214,BIT,1
1770606895.1204214,BIT,0
1770606895.1204214,BIT,0
1770606895.1204214,BIT,0
1770606895.1204214,BIT,1
1770606895.1204214,BIT,1
1770606895.1204214,BIT,1
1770606895.1204214,BIT,1
1770606895.1204214,BIT,1
1770606895.1204214,BIT,0
1770606895.335836,BIT,0
1770606895.335836,BIT,1
1770606895.335836,BIT,1
1770606895.335836,BIT,0
1770606895.335836,BIT,1
1770606895.335836,BIT,0
1770606895.335836,BIT,1
1770606895.335836,BIT,1
1770606895.335836,BIT,0
1770606895.335836,BIT,0
1770606895.5487645,BIT,0
1770606895.5487645,BIT,1
1770606895.5487645,BIT,1
1770606895.5487645,BIT,0
1770606895.5487645,BIT,1
1770606895.5487645,BIT,0
1770606895.5487645,BIT,1
1770606895.5487645,BIT,0
1770606895.5487645,BIT,0
1770606895.5487645,BIT,1
1770606895.7311637,BIT,0
1770606895.7311637,BIT,0
1770606895.7311637,BIT,1
